id,date,tip,period,n_words,n_hedging,n_certitudine,n_personal,hedge_per_1000w,cert_per_1000w,personal_per_1000w,hedge_cert_ratio
2025-02-21_discutiile-internationale-despre-reconfigurarea-securitatii,2025-02-21,facebook-post,2024Q4-2025Q1 candidatură-precampanie,85,1,4,0,11.764705882352942,47.05882352941177,0.0,0.2
2025-02-21_ultimul-dintre-studiile-de-fundamentare-necesare-pentru-actu,2025-02-21,facebook-post,2024Q4-2025Q1 candidatură-precampanie,242,0,1,0,0.0,4.132231404958677,0.0,0.0
2025-02-21_vrei-sa-fii-parte-din-schimbare-alatura-te-echipei-de-volunt,2025-02-21,facebook-post,2024Q4-2025Q1 candidatură-precampanie,59,0,0,0,0.0,0.0,0.0,0.0
2025-02-22_bucurestiul-este-finalist-la-premiile-saptamanii-europene-a,2025-02-22,facebook-post,2024Q4-2025Q1 candidatură-precampanie,67,0,0,0,0.0,0.0,0.0,0.0
2025-02-23_am-discutat-in-acest-week-end-cu-oameni-din-ploiesti-brasov,2025-02-23,facebook-post,2024Q4-2025Q1 candidatură-precampanie,160,1,1,0,6.25,6.25,0.0,0.5
2025-02-23_felicit-blocul-de-centru-dreapta-pro-european-cdu-csu-pentru,2025-02-23,facebook-post,2024Q4-2025Q1 candidatură-precampanie,122,0,0,1,0.0,0.0,8.19672131147541,0.0
2025-02-23_grup-de-suport-pentru-femeile-afectate-de-violenta-domestica,2025-02-23,facebook-post,2024Q4-2025Q1 candidatură-precampanie,84,0,1,0,0.0,11.904761904761905,0.0,0.0
2025-02-24_proiectul-politic-care-va-avea-cei-mai-multi-cei-mai-entuzia,2025-02-24,facebook-post,2024Q4-2025Q1 candidatură-precampanie,58,0,0,0,0.0,0.0,0.0,0.0
2025-02-25_cifrele-vorbesc-clar-suntem-pe-drumul-cel-bun-si-romania-one,2025-02-25,facebook-post,2024Q4-2025Q1 candidatură-precampanie,75,0,2,0,0.0,26.666666666666668,0.0,0.0
2025-02-26_daca-voi-avea-increderea-romanilor-voi-fi-un-presedinte-acti,2025-02-26,facebook-post,2024Q4-2025Q1 candidatură-precampanie,37,0,0,0,0.0,0.0,0.0,0.0
2025-02-26_suntem-aproape-de-100-000-de-semnaturi-pentru-depunerea-cand,2025-02-26,facebook-post,2024Q4-2025Q1 candidatură-precampanie,80,0,0,0,0.0,0.0,0.0,0.0
2025-02-27_500-de-copii-vor-fi-ajutati-sa-ramana-alaturi-de-familiile-l,2025-02-27,facebook-post,2024Q4-2025Q1 candidatură-precampanie,187,0,0,0,0.0,0.0,0.0,0.0
2025-02-27_in-sibiu-am-descoperit-aceleasi-probleme-ca-la-bucuresti-cup,2025-02-27,facebook-post,2024Q4-2025Q1 candidatură-precampanie,59,1,0,0,16.949152542372882,0.0,0.0,1.0
2025-02-27_toata-viata-mea-am-luptat-pentru-dreptate-pentru-protectia-c,2025-02-27,facebook-post,2024Q4-2025Q1 candidatură-precampanie,105,1,1,1,9.523809523809524,9.523809523809524,9.523809523809524,0.5
2025-02-28_este-profund-ingrijorator-ca-romania-a-fost-retrogradata-in,2025-02-28,facebook-post,2024Q4-2025Q1 candidatură-precampanie,166,0,0,0,0.0,0.0,0.0,0.0
2025-02-28_sust-in-ferm-ucraina-i-n-lupta-sa-pentru-o-pace-justa-s-i-su,2025-02-28,facebook-post,2024Q4-2025Q1 candidatură-precampanie,66,0,3,1,0.0,45.45454545454545,15.151515151515152,0.0
2025-03-01_haideti-sa-stam-de-vorba-va-astept-mesajele-pe-whatsapp-la-0,2025-03-01,facebook-post,2025Q2 campanie + investitură,37,0,0,0,0.0,0.0,0.0,0.0
2025-03-01_traim-poate-cele-mai-provocatoare-vremuri-din-ultimele-decen,2025-03-01,facebook-post,2025Q2 campanie + investitură,30,1,0,0,33.333333333333336,0.0,0.0,1.0
2025-03-02_91-de-statii-stb-vor-primi-denumiri-noi-mai-precise-care-ref,2025-03-02,facebook-post,2025Q2 campanie + investitură,119,0,0,0,0.0,0.0,0.0,0.0
2025-03-02_cea-mai-entuziasta-echipa-de-voluntari-la-nivel-national-ei,2025-03-02,facebook-post,2025Q2 campanie + investitură,43,0,0,0,0.0,0.0,0.0,0.0
2025-03-02_marim-capacitatea-de-cazare-a-adapostului-de-caini-aspa-miha,2025-03-02,facebook-post,2025Q2 campanie + investitură,83,0,0,0,0.0,0.0,0.0,0.0
2025-03-03_am-avut-onoarea-sa-primesc-astazi-la-sediul-primariei-capita,2025-03-03,facebook-post,2025Q2 campanie + investitură,153,0,0,0,0.0,0.0,0.0,0.0
2025-03-04_astazi-se-implinesc-48-de-ani-de-la-cutremurul-devastator-ca,2025-03-04,facebook-post,2025Q2 campanie + investitură,208,0,0,0,0.0,0.0,0.0,0.0
2025-03-04_azi-serviciul-de-informatii-externe-al-rusiei-a-dat-un-comun,2025-03-04,facebook-post,2025Q2 campanie + investitură,121,0,0,1,0.0,0.0,8.264462809917354,0.0
2025-03-04_in-2019-am-facut-o-promisiune-simpla-dar-esentiala-primaria,2025-03-04,facebook-post,2025Q2 campanie + investitură,39,0,1,0,0.0,25.641025641025642,0.0,0.0
2025-03-05_astazi-am-avut-o-intalnire-extrem-de-interesanta-cu-reprezen,2025-03-05,facebook-post,2025Q2 campanie + investitură,256,2,0,0,7.8125,0.0,0.0,2.0
2025-03-05_interventia-presedintelui-trump-de-azi-noapte-din-congres-es,2025-03-05,facebook-post,2025Q2 campanie + investitură,134,0,0,0,0.0,0.0,0.0,0.0
2025-03-05_organizam-cursuri-de-initiere-in-lumea-digitala-pentru-senio,2025-03-05,facebook-post,2025Q2 campanie + investitură,209,0,0,0,0.0,0.0,0.0,0.0
2025-03-06_copiii-familia-iubirea-care-ne-tine-ancorati-in-aceasta-lume,2025-03-06,facebook-post,2025Q2 campanie + investitură,34,0,0,1,0.0,0.0,29.41176470588235,0.0
2025-03-06_ne-vedem-la-cluj-sambata-vom-fi-la-cluj-dar-pana-atunci-trim,2025-03-06,facebook-post,2025Q2 campanie + investitură,41,0,0,0,0.0,0.0,0.0,0.0
2025-03-06_o-afacere-de-familie-infiintata-in-1995-in-bacau-a-crescut-s,2025-03-06,facebook-post,2025Q2 campanie + investitură,87,0,0,0,0.0,0.0,0.0,0.0
2025-03-07_acum-trei-luni-romanii-au-spus-clar-nu-se-mai-poate-au-cerut,2025-03-07,facebook-post,2025Q2 campanie + investitură,90,1,2,0,11.11111111111111,22.22222222222222,0.0,0.3333333333333333
2025-03-07_candidez-pentru-toti-romanii-onesti-din-tara-si-din-diaspora,2025-03-07,facebook-post,2025Q2 campanie + investitură,170,0,0,0,0.0,0.0,0.0,0.0
2025-03-07_vrei-sa-fii-parte-din-schimbare-alatura-te-echipei-de-volunt,2025-03-07,facebook-post,2025Q2 campanie + investitură,59,0,0,0,0.0,0.0,0.0,0.0
2025-03-08_am-avut-ieri-placerea-de-a-oferi-flori-doamnelor-care-lucrea,2025-03-08,facebook-post,2025Q2 campanie + investitură,113,0,0,0,0.0,0.0,0.0,0.0
2025-03-08_de-8-martie-femeile-sunt-sarbatorite-cu-flori-si-complimente,2025-03-08,facebook-post,2025Q2 campanie + investitură,141,0,1,0,0.0,7.092198581560283,0.0,0.0
2025-03-08_peste-15-000-de-puieti-si-arbori-forestieri-sunt-plantati-in,2025-03-08,facebook-post,2025Q2 campanie + investitură,91,0,0,0,0.0,0.0,0.0,0.0
2025-03-09_fiecare-conversatie-cu-tinerii-este-o-lectie-despre-dorinta,2025-03-09,facebook-post,2025Q2 campanie + investitură,31,0,0,0,0.0,0.0,0.0,0.0
2025-03-09_interventii-pentru-repararea-strazilor-administratia-strazil,2025-03-09,facebook-post,2025Q2 campanie + investitură,162,0,1,0,0.0,6.172839506172839,0.0,0.0
2025-03-09_sa-nu-uitam-niciodata-am-depus-astazi-o-coroana-de-flori-la,2025-03-09,facebook-post,2025Q2 campanie + investitură,54,0,0,0,0.0,0.0,0.0,0.0
2025-03-11_facem-curatenia-de-primavara-in-parcurile-pe-care-le-adminis,2025-03-11,facebook-post,2025Q2 campanie + investitură,131,0,0,0,0.0,0.0,0.0,0.0
2025-03-11_partidele-politice-corupte-care-au-promovat-incompetenti-in,2025-03-11,facebook-post,2025Q2 campanie + investitură,99,1,2,0,10.1010101010101,20.2020202020202,0.0,0.3333333333333333
2025-03-12_am-semnat-un-acord-cadru-pe-patru-ani-prin-administratia-str,2025-03-12,facebook-post,2025Q2 campanie + investitură,150,0,0,0,0.0,0.0,0.0,0.0
2025-03-12_domnul-cristian-tudor-popescu-mi-a-solicitat-la-finalul-inte,2025-03-12,facebook-post,2025Q2 campanie + investitură,52,0,0,1,0.0,0.0,19.23076923076923,0.0
2025-03-12_m-am-revazut-la-alba-iulia-cu-un-prieten-vechi-alaturi-de-ca,2025-03-12,facebook-post,2025Q2 campanie + investitură,44,0,0,0,0.0,0.0,0.0,0.0
2025-03-13_34-4-milioane-de-euro-pentru-modernizarea-sistemului-de-term,2025-03-13,facebook-post,2025Q2 campanie + investitură,186,0,0,0,0.0,0.0,0.0,0.0
2025-03-13_lupta-de-10-ani-cu-institutiile-strambe-ale-statului-si-cu-m,2025-03-13,facebook-post,2025Q2 campanie + investitură,37,0,0,1,0.0,0.0,27.027027027027028,0.0
2025-03-13_niciodata-nu-am-suportat-nedreptatea-am-luptat-peste-10-ani,2025-03-13,facebook-post,2025Q2 campanie + investitură,55,0,0,0,0.0,0.0,0.0,0.0
2025-03-13_tomograful-sonic-picus-detecteaza-in-mod-non-invaziv-eventua,2025-03-13,facebook-post,2025Q2 campanie + investitură,149,0,1,0,0.0,6.7114093959731544,0.0,0.0
2025-03-14_am-avut-o-intalnire-importanta-la-sediul-primariei-capitalei,2025-03-14,facebook-post,2025Q2 campanie + investitură,187,0,0,0,0.0,0.0,0.0,0.0
2025-03-14_arcul-de-triumf-va-fi-deschis-permanent-pentru-vizitare-ince,2025-03-14,facebook-post,2025Q2 campanie + investitură,149,0,0,0,0.0,0.0,0.0,0.0
2025-03-14_te-astept-sambata-15-martie-in-orasele-tulcea-si-constanta-s,2025-03-14,facebook-post,2025Q2 campanie + investitură,60,0,0,0,0.0,0.0,0.0,0.0
2025-03-14_tinerii-au-nevoie-de-motive-sa-ramana-in-romania-si-sa-conti,2025-03-14,facebook-post,2025Q2 campanie + investitură,35,0,0,0,0.0,0.0,0.0,0.0
2025-03-15_anul-acesta-se-implinesc-35-de-ani-de-la-citirea-proclamatie,2025-03-15,facebook-post,2025Q2 campanie + investitură,116,0,0,0,0.0,0.0,0.0,0.0
2025-03-15_de-ziua-internationala-a-raurilor-angajatii-alpab-impreuna-c,2025-03-15,facebook-post,2025Q2 campanie + investitură,203,0,0,0,0.0,0.0,0.0,0.0
2025-03-15_felicit-comunitatea-maghiara-din-romania-cu-ocazia-zilei-mag,2025-03-15,facebook-post,2025Q2 campanie + investitură,39,0,0,0,0.0,0.0,0.0,0.0
2025-03-15_la-constanta-am-simtit-ca-oamenii-vor-cu-adevarat-o-schimbar,2025-03-15,facebook-post,2025Q2 campanie + investitură,80,0,0,0,0.0,0.0,0.0,0.0
2025-03-15_romania-trebuie-sa-se-dezvolte-mult-mai-echilibrat-si-sa-imp,2025-03-15,facebook-post,2025Q2 campanie + investitură,147,2,3,0,13.605442176870747,20.408163265306122,0.0,0.5
2025-03-16_in-zgomotul-electoral-a-fost-tratata-prea-discret-stirea-ca,2025-03-16,facebook-post,2025Q2 campanie + investitură,199,0,1,1,0.0,5.025125628140704,5.025125628140704,0.0
2025-03-16_o-noua-actiune-de-informare-si-control-pentru-verificarea-ca,2025-03-16,facebook-post,2025Q2 campanie + investitură,132,0,0,0,0.0,0.0,0.0,0.0
2025-03-17_un-bloc-de-locuinte-situat-pe-calea-victoriei-nr-101-va-fi-c,2025-03-17,facebook-post,2025Q2 campanie + investitură,109,0,0,0,0.0,0.0,0.0,0.0
2025-03-17_unii-ma-considera-incapatanat-altii-ma-vad-perseverent-acest,2025-03-17,facebook-post,2025Q2 campanie + investitură,52,0,0,1,0.0,0.0,19.23076923076923,0.0
2025-03-18_am-acordat-un-interviu-pentru-cotidianul-le-monde-in-care-am,2025-03-18,facebook-post,2025Q2 campanie + investitură,53,1,0,0,18.867924528301888,0.0,0.0,1.0
2025-03-18_am-semnat-autorizatia-de-construire-pentru-restaurarea-palat,2025-03-18,facebook-post,2025Q2 campanie + investitură,78,0,0,0,0.0,0.0,0.0,0.0
2025-03-18_transparenta-cheltuirii-banilor-cetatenilor-trebuie-sa-devin,2025-03-18,facebook-post,2025Q2 campanie + investitură,94,0,2,0,0.0,21.27659574468085,0.0,0.0
2025-03-19_deschidem-inca-doua-noi-santiere-pentru-modernizarea-a-21-5,2025-03-19,facebook-post,2025Q2 campanie + investitură,186,0,0,0,0.0,0.0,0.0,0.0
2025-03-20_am-o-mare-admiratie-pentru-romanii-care-au-plecat-din-tara-a,2025-03-20,facebook-post,2025Q2 campanie + investitură,98,0,0,1,0.0,0.0,10.204081632653061,0.0
2025-03-20_daca-voi-fi-ales-presedinte-voi-pune-in-practica-toata-exper,2025-03-20,facebook-post,2025Q2 campanie + investitură,69,0,0,0,0.0,0.0,0.0,0.0
2025-03-21_am-atribuit-contractul-pentru-realizarea-unui-nou-plan-integ,2025-03-21,facebook-post,2025Q2 campanie + investitură,166,0,0,0,0.0,0.0,0.0,0.0
2025-03-21_combaterea-ferma-a-evaziunii-fiscale-si-recuperarea-justa-a,2025-03-21,facebook-post,2025Q2 campanie + investitură,110,0,1,0,0.0,9.090909090909092,0.0,0.0
2025-03-21_increderea-cetatenilor-se-castiga-greu-si-se-pierde-usor-ale,2025-03-21,facebook-post,2025Q2 campanie + investitură,60,0,0,0,0.0,0.0,0.0,0.0
2025-03-22_luna-sanatatii-orale-campanie-educationala-pentru-copii-in-s,2025-03-22,facebook-post,2025Q2 campanie + investitură,130,0,0,0,0.0,0.0,0.0,0.0
2025-03-23_anul-acesta-continuam-investitiile-in-modernizarea-transport,2025-03-23,facebook-post,2025Q2 campanie + investitură,44,0,0,0,0.0,0.0,0.0,0.0
2025-03-23_romania-se-confrunta-cu-o-criza-de-datorie-si-cheltuieli-far,2025-03-23,facebook-post,2025Q2 campanie + investitură,140,0,1,0,0.0,7.142857142857143,0.0,0.0
2025-03-23_suntem-multi-si-energici-impreuna-suntem-romania-onesta-volu,2025-03-23,facebook-post,2025Q2 campanie + investitură,33,0,0,0,0.0,0.0,0.0,0.0
2025-03-24_tramvaiele-imperio-de-la-astra-arad-sunt-exemplul-perfect-ca,2025-03-24,facebook-post,2025Q2 campanie + investitură,108,0,0,0,0.0,0.0,0.0,0.0
2025-03-24_una-dintre-cele-mai-importante-lupte-in-activitatea-mea-publ,2025-03-24,facebook-post,2025Q2 campanie + investitură,124,1,0,1,8.064516129032258,0.0,8.064516129032258,1.0
2025-03-26_am-gestionat-o-situatie-financiara-complicata-la-primaria-ca,2025-03-26,facebook-post,2025Q2 campanie + investitură,34,0,0,0,0.0,0.0,0.0,0.0
2025-03-26_incepem-modernizarea-liniei-de-tramvai-pe-bulevardul-expozit,2025-03-26,facebook-post,2025Q2 campanie + investitură,163,0,1,0,0.0,6.134969325153374,0.0,0.0
2025-03-27_4-ani-si-jumatate-de-munca-pentru-un-bucuresti-mai-functiona,2025-03-27,facebook-post,2025Q2 campanie + investitură,57,0,0,0,0.0,0.0,0.0,0.0
2025-03-27_am-fost-invitat-de-mihai-morar-la-podcastul-fain-simplu-unde,2025-03-27,facebook-post,2025Q2 campanie + investitură,49,0,0,0,0.0,0.0,0.0,0.0
2025-03-27_astazi-27-martie-marcam-107-ani-de-la-un-moment-esential-in,2025-03-27,facebook-post,2025Q2 campanie + investitură,148,0,1,0,0.0,6.756756756756757,0.0,0.0
2025-03-27_astazi-este-ziua-internationala-a-teatrului-un-bun-prilej-sa,2025-03-27,facebook-post,2025Q2 campanie + investitură,49,0,0,0,0.0,0.0,0.0,0.0
2025-03-28_am-acordat-un-interviu-publicatiei-politico-si-am-raspuns-in,2025-03-28,facebook-post,2025Q2 campanie + investitură,45,1,0,0,22.22222222222222,0.0,0.0,1.0
2025-03-28_vom-relua-lucrarile-pentru-finalizarea-proiectului-prelungir,2025-03-28,facebook-post,2025Q2 campanie + investitură,145,0,0,0,0.0,0.0,0.0,0.0
2025-03-29_aderarea-republicii-moldova-la-uniunea-europeana-este-o-prio,2025-03-29,facebook-post,2025Q2 campanie + investitură,64,0,0,0,0.0,0.0,0.0,0.0
2025-03-29_am-deschis-astazi-oficial-sediul-de-campanie-pentru-candidat,2025-03-29,facebook-post,2025Q2 campanie + investitură,176,1,0,1,5.681818181818182,0.0,5.681818181818182,1.0
2025-03-29_primul-transplant-hepatic-din-2025-a-fost-realizat-cu-succes,2025-03-29,facebook-post,2025Q2 campanie + investitură,167,0,0,0,0.0,0.0,0.0,0.0
2025-03-30_am-fost-invitatul-lui-radu-andrei-tudor-la-the-news-man-podc,2025-03-30,facebook-post,2025Q2 campanie + investitură,39,0,0,1,0.0,0.0,25.641025641025642,0.0
2025-03-30_astazi-am-discutat-cu-sustinatorii-din-chisinau-despre-impor,2025-03-30,facebook-post,2025Q2 campanie + investitură,193,0,1,1,0.0,5.181347150259067,5.181347150259067,0.0
2025-03-31_am-vizitat-ieri-la-chisinau-cramele-cricova-un-adevarat-simb,2025-03-31,facebook-post,2025Q2 campanie + investitură,71,0,1,1,0.0,14.084507042253522,14.084507042253522,0.0
2025-03-31_voluntarii-campaniei-au-fost-si-in-acest-week-end-prezenti-i,2025-03-31,facebook-post,2025Q2 campanie + investitură,40,0,0,0,0.0,0.0,0.0,0.0
2025-04-01_psd-care-a-cheltuit-peste-50-de-milioane-de-euro-din-bani-pu,2025-04-01,facebook-post,2025Q2 campanie + investitură,130,0,0,3,0.0,0.0,23.076923076923077,0.0
2025-04-01_situatia-financiara-actuala-a-romaniei-este-similara-cu-cea,2025-04-01,facebook-post,2025Q2 campanie + investitură,64,0,0,0,0.0,0.0,0.0,0.0
2025-04-02_teatrul-ion-creanga-a-fost-abandonat-desi-are-multa-istorie,2025-04-02,facebook-post,2025Q2 campanie + investitură,34,0,0,0,0.0,0.0,0.0,0.0
2025-04-03_am-avut-astazi-o-intalnire-cu-directori-ai-teatrelor-aflate,2025-04-03,facebook-post,2025Q2 campanie + investitură,155,0,1,0,0.0,6.451612903225806,0.0,0.0
2025-04-03_am-semnat-astazi-un-protocol-de-colaborare-cu-untold-univers,2025-04-03,facebook-post,2025Q2 campanie + investitură,189,0,0,0,0.0,0.0,0.0,0.0
2025-04-03_in-cateva-ore-incepe-oficial-campania-electorala-voluntarii,2025-04-03,facebook-post,2025Q2 campanie + investitură,88,0,1,0,0.0,11.363636363636363,0.0,0.0
2025-04-03_madrid-londra-roma-paris-berlin-bruxelles-new-york-acolo-und,2025-04-03,facebook-post,2025Q2 campanie + investitură,86,0,0,0,0.0,0.0,0.0,0.0
2025-04-03_tarifele-impuse-de-statele-unite-vor-afecta-intreaga-lume-ia,2025-04-03,facebook-post,2025Q2 campanie + investitură,226,0,3,0,0.0,13.274336283185841,0.0,0.0
2025-04-03_un-proiect-inceput-acum-48-de-ani-finalizat-de-noi-statia-de,2025-04-03,facebook-post,2025Q2 campanie + investitură,35,0,0,0,0.0,0.0,0.0,0.0
2025-04-04_aniversam-azi-intr-un-context-geopolitic-foarte-complicat-76,2025-04-04,facebook-post,2025Q2 campanie + investitură,270,0,0,0,0.0,0.0,0.0,0.0
2025-04-04_voluntarii-nostri-au-inceput-campania-electorala-cu-multa-en,2025-04-04,facebook-post,2025Q2 campanie + investitură,53,0,0,0,0.0,0.0,0.0,0.0
2025-04-05_dupa-o-zi-lunga-la-madrid-am-ajuns-in-camera-de-hotel-si-am,2025-04-05,facebook-post,2025Q2 campanie + investitură,115,0,1,0,0.0,8.695652173913043,0.0,0.0
2025-04-05_forta-antreprenorilor-romani-din-regiunea-madrid-am-avut-o-d,2025-04-05,facebook-post,2025Q2 campanie + investitură,167,0,2,0,0.0,11.976047904191617,0.0,0.0
2025-04-05_intalnire-romaneasca-la-arganda-del-rey-regiunea-madrid-am-f,2025-04-05,facebook-post,2025Q2 campanie + investitură,196,0,1,0,0.0,5.1020408163265305,0.0,0.0
2025-04-05_interviu-la-radio-romanul-alaturi-de-romanii-din-diaspora-am,2025-04-05,facebook-post,2025Q2 campanie + investitură,189,2,2,0,10.582010582010582,10.582010582010582,0.0,0.6666666666666666
2025-04-05_prima-pajiste-urbana-cu-flori-de-camp-salbatice-din-bucurest,2025-04-05,facebook-post,2025Q2 campanie + investitură,199,0,0,0,0.0,0.0,0.0,0.0
2025-04-05_sunt-incantat-sa-anunt-bucurestenii-ca-incepand-cu-12-aprili,2025-04-05,facebook-post,2025Q2 campanie + investitură,166,0,0,0,0.0,0.0,0.0,0.0
2025-04-05_vizita-in-diaspora-romaneasca-din-spania-cubas-de-la-sagra-l,2025-04-05,facebook-post,2025Q2 campanie + investitură,220,0,1,1,0.0,4.545454545454546,4.545454545454546,0.0
2025-04-06_daca-se-repara-romania-ma-intorc-cu-acest-mesaj-am-plecat-di,2025-04-06,facebook-post,2025Q2 campanie + investitură,32,0,0,0,0.0,0.0,0.0,0.0
2025-04-06_impreuna-vindecam-romania-avem-medici-profesionisti-si-asist,2025-04-06,facebook-post,2025Q2 campanie + investitură,55,1,0,0,18.181818181818183,0.0,0.0,1.0
2025-04-06_romania-onesta-este-prezenta-peste-tot-voluntarii-nostri-au,2025-04-06,facebook-post,2025Q2 campanie + investitură,45,0,0,0,0.0,0.0,0.0,0.0
2025-04-06_romanii-din-spania-poarta-in-suflet-o-dorinta-arzatoare-de-s,2025-04-06,facebook-post,2025Q2 campanie + investitură,46,0,1,0,0.0,21.73913043478261,0.0,0.0
2025-04-06_traditii-si-flori-de-sarbatori-revine-in-bucuresti-primaria,2025-04-06,facebook-post,2025Q2 campanie + investitură,189,0,0,0,0.0,0.0,0.0,0.0
2025-04-06_zi-reusita-la-targul-de-adoptii-aspa-din-parcul-carol-de-ier,2025-04-06,facebook-post,2025Q2 campanie + investitură,89,0,0,0,0.0,0.0,0.0,0.0
2025-04-07_adevarul-acest-clip-demonteaza-o-minciuna-nu-am-afirmat-nici,2025-04-07,facebook-post,2025Q2 campanie + investitură,35,0,1,0,0.0,28.571428571428573,0.0,0.0
2025-04-07_asa-arata-stabilitatea-psd-pnl-riscam-sa-pierdem-miliarde-de,2025-04-07,facebook-post,2025Q2 campanie + investitură,166,0,0,0,0.0,0.0,0.0,0.0
2025-04-07_ieri-m-am-intalnit-cu-una-dintre-cele-mai-puternice-comunita,2025-04-07,facebook-post,2025Q2 campanie + investitură,166,0,2,1,0.0,12.048192771084338,6.024096385542169,0.0
2025-04-07_marcel-ciolacu-prim-ministru-al-guvernului-romaniei-conduce,2025-04-07,facebook-post,2025Q2 campanie + investitură,126,0,2,0,0.0,15.873015873015873,0.0,0.0
2025-04-08_astazi-de-ziua-internationala-a-romilor-gandurile-mele-se-in,2025-04-08,facebook-post,2025Q2 campanie + investitură,153,0,0,1,0.0,0.0,6.5359477124183005,0.0
2025-04-08_consider-ca-propunerea-presedintelui-interimar-domnul-ilie-b,2025-04-08,facebook-post,2025Q2 campanie + investitură,132,1,0,0,7.575757575757576,0.0,0.0,1.0
2025-04-08_multi-se-declara-luptatori-anti-sistem-putini-au-fapte-concr,2025-04-08,facebook-post,2025Q2 campanie + investitură,31,0,0,1,0.0,0.0,32.25806451612903,0.0
2025-04-10_later-edit-steven-seagal-este-emisar-special-al-ministerului,2025-04-10,facebook-post,2025Q2 campanie + investitură,207,0,0,0,0.0,0.0,0.0,0.0
2025-04-11_indemnizatiile-persoanelor-cu-dizabilitati-din-bucuresti-au,2025-04-11,facebook-post,2025Q2 campanie + investitură,114,1,0,1,8.771929824561404,0.0,8.771929824561404,1.0
2025-04-11_la-finalul-anului-trecut-coalitia-stabilitatii-psd-pnl-infii,2025-04-11,facebook-post,2025Q2 campanie + investitură,209,0,1,0,0.0,4.784688995215311,0.0,0.0
2025-04-12_am-fost-onorat-sa-particip-astazi-alaturi-de-e-s-katae-takas,2025-04-12,facebook-post,2025Q2 campanie + investitură,193,1,2,1,5.181347150259067,10.362694300518134,5.181347150259067,0.3333333333333333
2025-04-12_domnul-ciolacu-se-teme-ca-va-fi-obligat-sa-poarte-fusta-daca,2025-04-12,facebook-post,2025Q2 campanie + investitură,59,0,0,1,0.0,0.0,16.949152542372882,0.0
2025-04-12_sesizare-catre-autoritatea-electorala-permanenta-solicitam-r,2025-04-12,facebook-post,2025Q2 campanie + investitură,49,1,0,0,20.408163265306122,0.0,0.0,1.0
2025-04-13_avand-in-vedere-lipsa-de-reactie-a-institutiilor-responsabil,2025-04-13,facebook-post,2025Q2 campanie + investitură,47,0,0,0,0.0,0.0,0.0,0.0
2025-04-13_condamn-cu-fermitate-atacul-criminal-de-azi-al-rusiei-care-a,2025-04-13,facebook-post,2025Q2 campanie + investitură,91,0,1,0,0.0,10.989010989010989,0.0,0.0
2025-04-13_coruptia-e-motivul-principal-pentru-care-oamenii-o-duc-greu,2025-04-13,facebook-post,2025Q2 campanie + investitură,50,0,0,0,0.0,0.0,0.0,0.0
2025-04-13_primul-week-end-strazi-deschise-bucuresti-promenada-urbana-c,2025-04-13,facebook-post,2025Q2 campanie + investitură,131,0,0,0,0.0,0.0,0.0,0.0
2025-04-13_targul-de-paste-traditii-si-flori-de-sarbatori-s-a-deschis-i,2025-04-13,facebook-post,2025Q2 campanie + investitură,100,0,0,0,0.0,0.0,0.0,0.0
2025-04-14_de-la-ce-functie-in-sus-considera-biroul-electoral-central-c,2025-04-14,facebook-post,2025Q2 campanie + investitură,240,0,0,1,0.0,0.0,4.166666666666667,0.0
2025-04-14_presedintele-absent-iohannis-si-tandemul-psd-pnl-au-tolerat,2025-04-14,facebook-post,2025Q2 campanie + investitură,59,0,0,0,0.0,0.0,0.0,0.0
2025-04-15_activitatea-suspecta-asupra-conturilor-mele-de-social-media,2025-04-15,facebook-post,2025Q2 campanie + investitură,54,0,0,1,0.0,0.0,18.51851851851852,0.0
2025-04-15_avem-o-scadere-a-productiei-industriale-cu-3-9-in-primele-lu,2025-04-15,facebook-post,2025Q2 campanie + investitură,156,0,0,0,0.0,0.0,0.0,0.0
2025-04-15_pe-conturile-mele-de-instagram-nicusor-dan-pg-si-tiktok-nicu,2025-04-15,facebook-post,2025Q2 campanie + investitură,201,1,1,1,4.975124378109452,4.975124378109452,4.975124378109452,0.5
2025-04-16_astazi-a-mai-venit-o-veste-ingrozitoare-moartea-unui-tanar-d,2025-04-16,facebook-post,2025Q2 campanie + investitură,220,2,0,0,9.090909090909092,0.0,0.0,2.0
2025-04-16_trei-pasaje-importante-din-bucuresti-vor-fi-reabilitate-prim,2025-04-16,facebook-post,2025Q2 campanie + investitură,144,0,0,0,0.0,0.0,0.0,0.0
2025-04-17_am-lansat-oficial-planul-de-actiune-pentru-oras-verde-paov-u,2025-04-17,facebook-post,2025Q2 campanie + investitură,182,0,0,0,0.0,0.0,0.0,0.0
2025-04-17_o-veste-buna-astazi-primaria-capitalei-a-atras-555-de-milioa,2025-04-17,facebook-post,2025Q2 campanie + investitură,117,0,0,0,0.0,0.0,0.0,0.0
2025-04-18_am-vizitat-o-fabrica-de-panificatie-unde-in-prag-de-paste-mi,2025-04-18,facebook-post,2025Q2 campanie + investitură,136,1,0,0,7.352941176470588,0.0,0.0,1.0
2025-04-19_in-noaptea-invierii-lumina-e-speranta-speranta-ca-binele-e-m,2025-04-19,facebook-post,2025Q2 campanie + investitură,37,0,0,0,0.0,0.0,0.0,0.0
2025-04-20_pastele-ne-aduce-impreuna-si-ne-reaminteste-cat-de-important,2025-04-20,facebook-post,2025Q2 campanie + investitură,34,0,0,0,0.0,0.0,0.0,0.0
2025-04-21_cu-profunda-tristete-am-aflat-vestea-trecerii-la-cele-vesnic,2025-04-21,facebook-post,2025Q2 campanie + investitură,66,0,0,0,0.0,0.0,0.0,0.0
2025-04-22_preturile-mari-nu-apar-din-senin-exista-o-legatura-clara-int,2025-04-22,facebook-post,2025Q2 campanie + investitură,36,0,0,0,0.0,0.0,0.0,0.0
2025-04-23_fara-profesori-bine-platiti-fara-investitii-in-institutiile,2025-04-23,facebook-post,2025Q2 campanie + investitură,35,0,1,0,0.0,28.571428571428573,0.0,0.0
2025-04-23_sanatatea-e-un-drept-fundamental-in-romania-onesta-pe-care-o,2025-04-23,facebook-post,2025Q2 campanie + investitură,91,0,1,0,0.0,10.989010989010989,0.0,0.0
2025-04-24_am-semnat-astazi-declaratia-universitatii-din-bucuresti-un-a,2025-04-24,facebook-post,2025Q2 campanie + investitură,193,1,3,3,5.181347150259067,15.544041450777202,15.544041450777202,0.25
2025-04-24_educatia-este-temelia-unei-romanii-puternice-fiecare-copil-d,2025-04-24,facebook-post,2025Q2 campanie + investitură,82,0,0,0,0.0,0.0,0.0,0.0
2025-04-24_in-loc-sa-cheltuim-pe-lucruri-care-dau-bine-in-bucuresti-am,2025-04-24,facebook-post,2025Q2 campanie + investitură,65,1,0,0,15.384615384615385,0.0,0.0,1.0
2025-04-24_justitia-are-nevoie-de-o-reforma-reala-coruptia-sistemica-ti,2025-04-24,facebook-post,2025Q2 campanie + investitură,31,0,2,0,0.0,64.51612903225806,0.0,0.0
2025-04-24_o-societate-dreapta-are-nevoie-de-o-justitie-libera-curajoas,2025-04-24,facebook-post,2025Q2 campanie + investitură,34,0,1,0,0.0,29.41176470588235,0.0,0.0
2025-04-25_bucurestiul-a-facut-un-pas-important-spre-un-urbanism-respon,2025-04-25,facebook-post,2025Q2 campanie + investitură,285,0,0,0,0.0,0.0,0.0,0.0
2025-04-25_la-bebe-bucuresti-familiile-gasesc-haine-si-jucarii-donate-c,2025-04-25,facebook-post,2025Q2 campanie + investitură,60,1,0,0,16.666666666666668,0.0,0.0,1.0
2025-04-26_m-au-intrebat-multi-tineri-ce-pot-face-pentru-campania-roman,2025-04-26,facebook-post,2025Q2 campanie + investitură,34,0,0,0,0.0,0.0,0.0,0.0
2025-04-26_o-veste-foarte-buna-toti-cateii-27-care-au-participat-astazi,2025-04-26,facebook-post,2025Q2 campanie + investitură,115,0,0,0,0.0,0.0,0.0,0.0
2025-04-27_in-prea-multe-locuri-din-romania-oamenii-nu-au-acces-la-medi,2025-04-27,facebook-post,2025Q2 campanie + investitură,31,0,0,0,0.0,0.0,0.0,0.0
2025-04-27_sa-ne-amintim-cine-e-crin-antonescu-candidatul-lui-marcel-ci,2025-04-27,facebook-post,2025Q2 campanie + investitură,35,0,0,0,0.0,0.0,0.0,0.0
2025-04-27_se-intreaba-mamele-de-la-sate-si-din-orasele-mici-ce-viitor,2025-04-27,facebook-post,2025Q2 campanie + investitură,30,0,0,0,0.0,0.0,0.0,0.0
2025-04-28_dezbaterea-s-a-incheiat-voi-cum-ati-perceput-aceasta-dezbate,2025-04-28,facebook-post,2025Q2 campanie + investitură,109,0,0,0,0.0,0.0,0.0,0.0
2025-04-28_mai-e-putin-incepe-in-curand-prima-confruntare-intre-candida,2025-04-28,facebook-post,2025Q2 campanie + investitură,34,0,0,0,0.0,0.0,0.0,0.0
2025-04-28_voi-participa-la-toate-cele-trei-dezbateri-cu-candidatii-la,2025-04-28,facebook-post,2025Q2 campanie + investitură,71,0,0,0,0.0,0.0,0.0,0.0
2025-04-29_de-ziua-veteranilor-de-razboi-cinstim-curajul-celor-care-au,2025-04-29,facebook-post,2025Q2 campanie + investitură,54,0,0,0,0.0,0.0,0.0,0.0
2025-04-29_domnul-crin-antonescu-cere-documentele-pe-care-de-altfel-i-l,2025-04-29,facebook-post,2025Q2 campanie + investitură,136,0,1,0,0.0,7.352941176470588,0.0,0.0
2025-05-01_disperarea-atinge-cote-maxime-marcel-ciolacu-a-ajuns-sa-trim,2025-05-01,facebook-post,2025Q2 campanie + investitură,35,0,0,0,0.0,0.0,0.0,0.0
2025-05-01_este-incalificabil-sa-folosesti-romanii-bolnavi-de-cancer-ca,2025-05-01,facebook-post,2025Q2 campanie + investitură,152,0,0,0,0.0,0.0,0.0,0.0
2025-05-01_pozele-pe-care-le-a-postat-elena-lasconi-sunt-un-fals-grosol,2025-05-01,facebook-post,2025Q2 campanie + investitură,47,0,0,0,0.0,0.0,0.0,0.0
2025-05-02_astazi-celebram-energia-curajul-si-visurile-unei-generatii-c,2025-05-02,facebook-post,2025Q2 campanie + investitură,49,1,0,0,20.408163265306122,0.0,0.0,1.0
2025-05-02_multumesc-din-suflet-tuturor-voluntarilor-si-sustinatorilor,2025-05-02,facebook-post,2025Q2 campanie + investitură,34,0,0,1,0.0,0.0,29.41176470588235,0.0
2025-05-02_multumim-bec-pentru-consecventa-fotografiile-false-vor-circu,2025-05-02,facebook-post,2025Q2 campanie + investitură,41,0,0,0,0.0,0.0,0.0,0.0
2025-05-03_romania-are-nevoie-de-o-presa-onesta-de-ziua-internationala,2025-05-03,facebook-post,2025Q2 campanie + investitură,68,0,0,1,0.0,0.0,14.705882352941176,0.0
2025-05-04_mai-sunt-3-ore-pana-la-inchiderea-urnelor-si-drumurile-de-la,2025-05-04,facebook-post,2025Q2 campanie + investitură,31,0,0,0,0.0,0.0,0.0,0.0
2025-05-04_mai-sunt-5-ore-pana-la-inchiderea-sectiilor-de-votare-daca-s,2025-05-04,facebook-post,2025Q2 campanie + investitură,40,0,0,0,0.0,0.0,0.0,0.0
2025-05-04_multumesc-tare-mult-pentru-sprijin-multumesc-celor-care-m-au,2025-05-04,facebook-post,2025Q2 campanie + investitură,36,0,0,0,0.0,0.0,0.0,0.0
2025-05-04_o-prezenta-mare-la-urne-le-strica-planurile-alegerea-ta-poat,2025-05-04,facebook-post,2025Q2 campanie + investitură,88,1,0,0,11.363636363636363,0.0,0.0,1.0
2025-05-05_prin-votul-romanilor-de-ieri-s-a-incheiat-o-epoca-politica-s,2025-05-05,facebook-post,2025Q2 campanie + investitură,68,0,0,0,0.0,0.0,0.0,0.0
2025-05-05_romania-are-o-sansa-le-multumesc-tuturor-celor-care-au-votat,2025-05-05,facebook-post,2025Q2 campanie + investitură,153,0,0,0,0.0,0.0,0.0,0.0
2025-05-06_6-mai-1990-podul-de-flori-ziua-in-care-prutul-a-unit-nu-a-de,2025-05-06,facebook-post,2025Q2 campanie + investitură,133,0,0,0,0.0,0.0,0.0,0.0
2025-05-06_curajul-si-puterea-femeilor-care-aleg-sa-plece-din-relatii-t,2025-05-06,facebook-post,2025Q2 campanie + investitură,101,0,0,0,0.0,0.0,0.0,0.0
2025-05-07_am-vorbit-azi-in-cadrul-unui-eveniment-organizat-de-romanian,2025-05-07,facebook-post,2025Q2 campanie + investitură,124,2,2,1,16.129032258064516,16.129032258064516,8.064516129032258,0.6666666666666666
2025-05-07_ce-ma-deosebeste-de-contracandidatul-meu-este-aventura-in-ca,2025-05-07,facebook-post,2025Q2 campanie + investitură,33,1,0,1,30.303030303030305,0.0,30.303030303030305,1.0
2025-05-07_eu-sunt-aici-pentru-dezbateri-asa-cum-am-fost-si-in-primul-t,2025-05-07,facebook-post,2025Q2 campanie + investitură,42,0,0,1,0.0,0.0,23.80952380952381,0.0
2025-05-08_ipocrizia-lui-george-simion-este-clara-nu-si-asuma-opiniile,2025-05-08,facebook-post,2025Q2 campanie + investitură,47,0,0,0,0.0,0.0,0.0,0.0
2025-05-08_salut-alegerea-noului-papa-leon-al-xiv-lea-si-sunt-alaturi-d,2025-05-08,facebook-post,2025Q2 campanie + investitură,57,0,0,0,0.0,0.0,0.0,0.0
2025-05-09_la-multi-ani-europa-astazi-de-ziua-europei-celebram-nu-doar,2025-05-09,facebook-post,2025Q2 campanie + investitură,229,0,1,0,0.0,4.366812227074236,0.0,0.0
2025-05-10_astazi-10-mai-celebram-ziua-independentei-de-stat-a-romaniei,2025-05-10,facebook-post,2025Q2 campanie + investitură,150,0,1,1,0.0,6.666666666666667,6.666666666666667,0.0
2025-05-10_george-simion-si-a-dezvaluit-adevarata-fata-un-suveranist-de,2025-05-10,facebook-post,2025Q2 campanie + investitură,69,0,0,0,0.0,0.0,0.0,0.0
2025-05-10_o-tara-care-isi-doreste-sa-fie-sigura-si-in-care-legea-este,2025-05-10,facebook-post,2025Q2 campanie + investitură,110,0,1,1,0.0,9.090909090909092,9.090909090909092,0.0
2025-05-10_romania-nu-si-permite-sa-faca-un-experiment-sa-vada-cum-ar-f,2025-05-10,facebook-post,2025Q2 campanie + investitură,57,0,0,0,0.0,0.0,0.0,0.0
2025-05-11_atacurile-botilor-continua-si-nu-intamplator-sunt-vizate-pos,2025-05-11,facebook-post,2025Q2 campanie + investitură,55,0,0,0,0.0,0.0,0.0,0.0
2025-05-11_multumesc-geluduminica-ca-ai-urcat-pe-scena-romaniainlumina,2025-05-11,facebook-post,2025Q2 campanie + investitură,31,0,0,0,0.0,0.0,0.0,0.0
2025-05-11_nu-putem-trece-cu-vederea-faptul-ca-george-simion-a-dat-sper,2025-05-11,facebook-post,2025Q2 campanie + investitură,47,1,0,0,21.27659574468085,0.0,0.0,1.0
2025-05-11_romania-are-nevoie-de-noi-toti-traim-vremuri-care-ne-pun-la,2025-05-11,facebook-post,2025Q2 campanie + investitură,89,0,0,0,0.0,0.0,0.0,0.0
2025-05-12_aceasta-este-diploma-mea-de-bacalaureat-in-original-varianta,2025-05-12,facebook-post,2025Q2 campanie + investitură,31,0,0,1,0.0,0.0,32.25806451612903,0.0
2025-05-12_echilibru-si-o-schimbare-in-bine-sau-haos-social-si-dezastru,2025-05-12,facebook-post,2025Q2 campanie + investitură,32,0,0,0,0.0,0.0,0.0,0.0
2025-05-12_impreuna-putem-construi-o-romanie-in-care-copiii-nostri-sa-r,2025-05-12,facebook-post,2025Q2 campanie + investitură,43,0,0,0,0.0,0.0,0.0,0.0
2025-05-12_intotdeauna-inainte-de-primar-sau-presedinte-voi-fi-un-om-pr,2025-05-12,facebook-post,2025Q2 campanie + investitură,43,0,0,0,0.0,0.0,0.0,0.0
2025-05-13_iti-multumesc-delia-grigore-pentru-ca-esti-vocea-romilor-din,2025-05-13,facebook-post,2025Q2 campanie + investitură,33,0,0,0,0.0,0.0,0.0,0.0
2025-05-13_oana-gheorghiu-este-omul-care-a-strans-milioane-de-romani-in,2025-05-13,facebook-post,2025Q2 campanie + investitură,33,0,0,0,0.0,0.0,0.0,0.0
2025-05-13_vin-dintr-o-familie-simpla-dintr-un-oras-mic-al-romaniei-am,2025-05-13,facebook-post,2025Q2 campanie + investitură,33,0,0,1,0.0,0.0,30.303030303030305,0.0
2025-05-14_am-primit-cu-multa-emotie-si-recunostinta-mesajul-presedinte,2025-05-14,facebook-post,2025Q2 campanie + investitură,113,1,0,0,8.849557522123893,0.0,0.0,1.0
2025-05-14_banii-folositi-de-stat-pentru-retetele-compensate-nu-sunt-si,2025-05-14,facebook-post,2025Q2 campanie + investitură,39,0,0,0,0.0,0.0,0.0,0.0
2025-05-14_ii-multumesc-prim-ministrului-poloniei-donald-tusk-pentru-ac,2025-05-14,facebook-post,2025Q2 campanie + investitură,67,0,0,1,0.0,0.0,14.925373134328359,0.0
2025-05-14_insusi-omul-pe-care-isi-cladeste-campania-george-simion-spun,2025-05-14,facebook-post,2025Q2 campanie + investitură,31,0,0,0,0.0,0.0,0.0,0.0
2025-05-15_cine-pe-cine-ia-de-mana-imparte-sau-nu-george-simion-pareril,2025-05-15,facebook-post,2025Q2 campanie + investitură,32,1,0,0,31.25,0.0,0.0,1.0
2025-05-15_contracandidatul-meu-minte-ca-o-gazeta-ruseasca-nu-exista-ni,2025-05-15,facebook-post,2025Q2 campanie + investitură,114,0,0,1,0.0,0.0,8.771929824561404,0.0
2025-05-15_este-intolerabil-sa-jignesti-sute-de-mii-de-copii-si-adulti,2025-05-15,facebook-post,2025Q2 campanie + investitură,133,0,1,0,0.0,7.518796992481203,0.0,0.0
2025-05-15_ii-multumesc-starului-imsebastianstan-care-a-castigat-globul,2025-05-15,facebook-post,2025Q2 campanie + investitură,39,0,0,0,0.0,0.0,0.0,0.0
2025-05-15_romania-are-speranta-drumul-spre-stabilitate-cere-seriozitat,2025-05-15,facebook-post,2025Q2 campanie + investitură,39,0,0,2,0.0,0.0,51.282051282051285,0.0
2025-05-15_simion-si-interlopii-spune-mi-cu-cine-umbli-ca-sa-iti-spun-c,2025-05-15,facebook-post,2025Q2 campanie + investitură,40,1,0,0,25.0,0.0,0.0,1.0
2025-05-15_simion-si-partidul-lui-despre-femei-felul-in-care-un-barbat,2025-05-15,facebook-post,2025Q2 campanie + investitură,62,1,2,0,16.129032258064516,32.25806451612903,0.0,0.3333333333333333
2025-05-15_suntem-o-familie-cu-doi-copii-minunati-cladita-pe-iubire-si,2025-05-15,facebook-post,2025Q2 campanie + investitură,32,0,0,0,0.0,0.0,0.0,0.0
2025-05-15_va-multumesc-pentru-sutele-de-mesaje-in-care-imi-spuneti-ca,2025-05-15,facebook-post,2025Q2 campanie + investitură,37,0,1,1,0.0,27.027027027027028,27.027027027027028,0.0
2025-05-16_am-insotit-un-grup-de-lucratori-dintr-un-depozit-la-iesirea,2025-05-16,facebook-post,2025Q2 campanie + investitură,32,0,0,0,0.0,0.0,0.0,0.0
2025-05-16_eu-si-credinta-s-au-spus-multe-minciuni-despre-mine-in-aceas,2025-05-16,facebook-post,2025Q2 campanie + investitură,42,0,0,1,0.0,0.0,23.80952380952381,0.0
2025-05-16_final-de-campanie-o-campanie-onesta-pentru-o-romanie-onesta,2025-05-16,facebook-post,2025Q2 campanie + investitură,34,0,0,0,0.0,0.0,0.0,0.0
2025-05-16_in-timp-ce-contracandidatul-meu-jignea-poporul-francez-chiar,2025-05-16,facebook-post,2025Q2 campanie + investitură,79,0,1,2,0.0,12.658227848101266,25.31645569620253,0.0
2025-05-16_romania-care-munceste-merita-respect-si-sustinere-am-fost-la,2025-05-16,facebook-post,2025Q2 campanie + investitură,58,0,0,0,0.0,0.0,0.0,0.0
2025-05-16_tractorul-porneste-si-pana-pe-camp-arzi-motorina-de-200-de-l,2025-05-16,facebook-post,2025Q2 campanie + investitură,38,0,1,1,0.0,26.31578947368421,26.31578947368421,0.0
2025-05-17_dragi-romani-din-diaspora-dreptul-vostru-alegerea-voastra-do,2025-05-17,facebook-post,2025Q2 campanie + investitură,32,0,0,0,0.0,0.0,0.0,0.0
2025-05-17_romania-poate-fi-din-nou-locul-in-care-femeile-aleg-sa-raman,2025-05-17,facebook-post,2025Q2 campanie + investitură,30,1,1,0,33.333333333333336,33.333333333333336,0.0,0.5
2025-05-18_a-fost-o-mobilizare-fara-precedent-si-de-aceea-victoria-este,2025-05-18,facebook-post,2025Q2 campanie + investitură,73,0,0,0,0.0,0.0,0.0,0.0
2025-05-18_am-plecat-spre-fagaras-cu-mic-cu-mare-votul-este-despre-noi,2025-05-18,facebook-post,2025Q2 campanie + investitură,35,0,0,0,0.0,0.0,0.0,0.0
2025-05-18_am-votat-astazi-la-fagaras-in-orasul-meu-natal-in-scoala-in,2025-05-18,facebook-post,2025Q2 campanie + investitură,187,0,2,1,0.0,10.695187165775401,5.347593582887701,0.0
2025-05-18_un-gand-special-de-recunostinta-si-multumiri-cetatenilor-rom,2025-05-18,facebook-post,2025Q2 campanie + investitură,38,0,0,0,0.0,0.0,0.0,0.0
2025-05-21_prioritatea-principala-in-aceasta-perioada-este-corectarea-d,2025-05-21,facebook-post,2025Q2 campanie + investitură,70,1,0,0,14.285714285714286,0.0,0.0,1.0
2025-05-22_am-fost-bucuros-sa-particip-la-gala-repatriot-un-eveniment-d,2025-05-22,facebook-post,2025Q2 campanie + investitură,66,1,1,0,15.151515151515152,15.151515151515152,0.0,0.5
2025-05-22_astazi-am-primit-validarea-mandatului-de-presedinte-al-roman,2025-05-22,facebook-post,2025Q2 campanie + investitură,82,0,0,0,0.0,0.0,0.0,0.0
2025-05-23_dragi-bucuresteni-orasul-apartine-oamenilor-nu-functiilor-ia,2025-05-23,facebook-post,2025Q2 campanie + investitură,184,0,2,0,0.0,10.869565217391305,0.0,0.0
2025-05-24_investitia-in-educatia-tinerilor-ii-va-ajuta-pe-ei-sa-creasc,2025-05-24,facebook-post,2025Q2 campanie + investitură,161,0,3,1,0.0,18.633540372670808,6.211180124223603,0.0
2025-05-24_romania-continuam-pe-drumul-democratic-pro-european-si-trans,2025-05-24,facebook-post,2025Q2 campanie + investitură,271,1,0,0,3.690036900369004,0.0,0.0,1.0
2025-05-25_am-avut-astazi-o-discutie-utila-si-foarte-placuta-cu-o-parte,2025-05-25,facebook-post,2025Q2 campanie + investitură,85,0,0,0,0.0,0.0,0.0,0.0
2025-05-25_am-participat-astazi-cu-emotie-si-speranta-la-marsul-milionu,2025-05-25,facebook-post,2025Q2 campanie + investitură,102,0,0,0,0.0,0.0,0.0,0.0
2025-05-25_cu-ocazia-zilei-romanilor-de-pretutindeni-gandurile-mele-se,2025-05-25,facebook-post,2025Q2 campanie + investitură,89,0,0,3,0.0,0.0,33.70786516853933,0.0
2025-05-26_astazi-am-depus-juramantul-in-fata-parlamentului-romaniei-ca,2025-05-26,facebook-post,2025Q2 campanie + investitură,109,0,0,0,0.0,0.0,0.0,0.0
2025-05-28_am-fost-onorat-sa-port-o-discutie-cu-presedintele-donald-tru,2025-05-28,facebook-post,2025Q2 campanie + investitură,74,0,0,1,0.0,0.0,13.513513513513514,0.0
2025-05-29_decizia-surprinzatoare-a-curtii-constitutionale-anuntata-ast,2025-05-29,facebook-post,2025Q2 campanie + investitură,72,0,1,0,0.0,13.88888888888889,0.0,0.0
2025-05-29_gandurile-mele-se-indreapta-catre-familiile-lovite-de-inunda,2025-05-29,facebook-post,2025Q2 campanie + investitură,115,0,1,1,0.0,8.695652173913043,8.695652173913043,0.0
2025-05-31_am-fost-astazi-in-comuna-bacel-grav-afectata-de-inundatii-am,2025-05-31,facebook-post,2025Q2 campanie + investitură,79,0,2,0,0.0,25.31645569620253,0.0,0.0
2025-05-31_astazi-am-fost-la-praid-alaturi-de-o-comunitate-profund-afec,2025-05-31,facebook-post,2025Q2 campanie + investitură,126,0,1,0,0.0,7.936507936507937,0.0,0.0
2025-06-01_astazi-de-1-iunie-celebram-inocenta-bucuria-si-speranta-pe-c,2025-06-01,facebook-post,2025Q3 deficit + reforma economică,145,0,2,0,0.0,13.793103448275861,0.0,0.0
2025-06-02_am-incheiat-astazi-un-summit-b9-important-la-vilnius-alaturi,2025-06-02,facebook-post,2025Q3 deficit + reforma economică,127,0,1,0,0.0,7.874015748031496,0.0,0.0
2025-06-04_astazi-am-prezentat-principalele-teme-care-se-afla-pe-agenda,2025-06-04,facebook-post,2025Q3 deficit + reforma economică,218,0,1,0,0.0,4.587155963302752,0.0,0.0
2025-06-08_astazi-romania-a-celebrat-o-pe-una-dintre-cele-mai-mari-spor,2025-06-08,facebook-post,2025Q3 deficit + reforma economică,51,0,0,0,0.0,0.0,0.0,0.0
2025-06-10_i-am-urat-un-calduros-bun-venit-in-romania-majestatii-sale-f,2025-06-10,facebook-post,2025Q3 deficit + reforma economică,145,0,3,0,0.0,20.689655172413794,0.0,0.0
2025-06-10_ma-bucur-sa-ma-aflu-astazi-la-chisinau-in-prima-mea-vizita-o,2025-06-10,facebook-post,2025Q3 deficit + reforma economică,68,0,0,2,0.0,0.0,29.41176470588235,0.0
2025-06-11_astazi-la-odesa-am-avut-o-discutie-foarte-buna-cu-reprezenta,2025-06-11,facebook-post,2025Q3 deficit + reforma economică,76,1,1,0,13.157894736842104,13.157894736842104,0.0,0.5
2025-06-11_astazi-la-odesa-in-marja-summitului-ucraina-europa-de-sud-es,2025-06-11,facebook-post,2025Q3 deficit + reforma economică,112,0,1,0,0.0,8.928571428571429,0.0,0.0
2025-06-13_mineriada-din-13-15-iunie-1990-ramane-unul-dintre-cele-mai-d,2025-06-13,facebook-post,2025Q3 deficit + reforma economică,104,0,1,0,0.0,9.615384615384615,0.0,0.0
2025-06-16_i-am-invitat-astazi-la-palatul-cotroceni-pe-reprezentantii-s,2025-06-16,facebook-post,2025Q3 deficit + reforma economică,101,0,0,0,0.0,0.0,0.0,0.0
2025-06-18_romania-se-confrunta-cu-un-nivel-ingrijorator-de-violenta-im,2025-06-18,facebook-post,2025Q3 deficit + reforma economică,230,2,1,1,8.695652173913043,4.3478260869565215,4.3478260869565215,1.0
2025-06-20_l-am-desemnat-astazi-pe-domnul-ilie-bolojan-in-functia-de-pr,2025-06-20,facebook-post,2025Q3 deficit + reforma economică,155,1,0,0,6.451612903225806,0.0,0.0,1.0
2025-06-25_a-fost-o-reala-onoare-sa-ma-intalnesc-cu-prim-ministrul-rega,2025-06-25,facebook-post,2025Q3 deficit + reforma economică,76,0,0,0,0.0,0.0,0.0,0.0
2025-06-25_am-avut-o-intalnire-productiva-si-consistenta-cu-presedintel,2025-06-25,facebook-post,2025Q3 deficit + reforma economică,93,0,0,0,0.0,0.0,0.0,0.0
2025-06-25_am-avut-o-intrevedere-foarte-buna-cu-presedintele-petr-pavel,2025-06-25,facebook-post,2025Q3 deficit + reforma economică,66,0,0,0,0.0,0.0,0.0,0.0
2025-06-26_am-avut-o-prima-intalnire-cu-membrii-romani-ai-parlamentului,2025-06-26,facebook-post,2025Q3 deficit + reforma economică,70,0,0,1,0.0,0.0,14.285714285714286,0.0
2025-06-26_am-avut-un-dialog-foarte-bun-cu-presedintele-consiliului-eur,2025-06-26,facebook-post,2025Q3 deficit + reforma economică,50,0,1,0,0.0,20.0,0.0,0.0
2025-07-02_am-aflat-cu-profunda-tristete-vestea-disparitiei-lui-mihai-l,2025-07-02,facebook-post,2025Q3 deficit + reforma economică,85,0,0,0,0.0,0.0,0.0,0.0
2025-07-08_l-am-numit-astazi-pe-dacian-cosmin-dragos-in-functia-de-jude,2025-07-08,facebook-post,2025Q3 deficit + reforma economică,184,1,3,1,5.434782608695652,16.304347826086957,5.434782608695652,0.25
2025-07-14_asa-cum-am-promis-am-publicat-astazi-pe-site-ul-administrati,2025-07-14,facebook-post,2025Q3 deficit + reforma economică,45,1,0,1,22.22222222222222,0.0,22.22222222222222,1.0
2025-07-14_masurile-fiscale-adoptate-acum-reprezinta-o-situatie-provizo,2025-07-14,facebook-post,2025Q3 deficit + reforma economică,225,1,1,0,4.444444444444445,4.444444444444445,0.0,0.5
2025-07-18_am-avut-o-intalnire-foarte-buna-cu-cancelarul-federal-al-ger,2025-07-18,facebook-post,2025Q3 deficit + reforma economică,115,0,0,0,0.0,0.0,0.0,0.0
2025-07-21_ii-indemn-pe-cei-care-inca-se-indoiesc-de-interferentele-rus,2025-07-21,facebook-post,2025Q3 deficit + reforma economică,158,0,2,3,0.0,12.658227848101266,18.9873417721519,0.0
2025-07-22_ma-ingrijoreaza-profund-rezultatele-studiului-prezentat-asta,2025-07-22,facebook-post,2025Q3 deficit + reforma economică,223,2,3,1,8.968609865470851,13.452914798206278,4.484304932735426,0.5
2025-07-24_ieri-am-avut-o-intalnire-cu-ministrul-mediului-diana-buzoian,2025-07-24,facebook-post,2025Q3 deficit + reforma economică,143,0,0,0,0.0,0.0,0.0,0.0
2025-07-25_am-avut-o-intalnire-constructiva-cu-reprezentanti-ai-mediulu,2025-07-25,facebook-post,2025Q3 deficit + reforma economică,76,0,0,0,0.0,0.0,0.0,0.0
2025-07-25_austria-si-romania-intra-intr-un-nou-capitol-al-relatiei-bil,2025-07-25,facebook-post,2025Q3 deficit + reforma economică,46,0,0,0,0.0,0.0,0.0,0.0
2025-07-26_in-cadrul-intalnirii-de-astazi-cu-cancelarul-federal-al-aust,2025-07-26,facebook-post,2025Q3 deficit + reforma economică,90,0,0,0,0.0,0.0,0.0,0.0
2025-07-27_alaturi-de-austria-al-treilea-mare-investitor-din-romania-in,2025-07-27,facebook-post,2025Q3 deficit + reforma economică,35,0,0,0,0.0,0.0,0.0,0.0
2025-07-28_astazi-am-avut-placerea-de-a-l-primi-la-palatul-cotroceni-pe,2025-07-28,facebook-post,2025Q3 deficit + reforma economică,93,0,0,0,0.0,0.0,0.0,0.0
2025-07-29_sunt-profund-afectat-de-pierderile-de-vieti-omenesti-si-de-d,2025-07-29,facebook-post,2025Q3 deficit + reforma economică,148,0,1,1,0.0,6.756756756756757,6.756756756756757,0.0
2025-07-30_astazi-comemorand-ziua-internationala-pentru-lupta-impotriva,2025-07-30,facebook-post,2025Q3 deficit + reforma economică,152,0,0,0,0.0,0.0,0.0,0.0
2025-07-30_este-total-aberant-ca-pensia-pe-care-o-ia-un-magistrat-sa-fi,2025-07-30,facebook-post,2025Q3 deficit + reforma economică,231,3,0,1,12.987012987012987,0.0,4.329004329004329,3.0
2025-07-31_astazi-in-ziua-europeana-de-comemorare-a-holocaustului-impot,2025-07-31,facebook-post,2025Q3 deficit + reforma economică,122,0,2,0,0.0,16.39344262295082,0.0,0.0
2025-08-12_aceste-zile-petrecute-dincolo-de-prut-ne-au-reamintit-cat-de,2025-08-12,facebook-post,2025Q3 deficit + reforma economică,37,0,0,0,0.0,0.0,0.0,0.0
2025-08-12_salut-eforturile-presedintelui-donald-trump-de-a-contribui-l,2025-08-12,facebook-post,2025Q3 deficit + reforma economică,97,1,2,0,10.309278350515465,20.61855670103093,0.0,0.3333333333333333
2025-08-13_am-participat-astazi-la-videoconferinta-coalitiei-de-vointa,2025-08-13,facebook-post,2025Q3 deficit + reforma economică,128,0,1,0,0.0,7.8125,0.0,0.0
2025-08-17_astazi-in-cadrul-unei-noi-videoconferinte-a-coalitiei-de-voi,2025-08-17,facebook-post,2025Q3 deficit + reforma economică,210,1,2,0,4.761904761904762,9.523809523809524,0.0,0.3333333333333333
2025-08-18_o-veste-buna-agentia-de-rating-fitch-a-confirmat-vineri-rati,2025-08-18,facebook-post,2025Q3 deficit + reforma economică,74,0,0,0,0.0,0.0,0.0,0.0
2025-08-18_rusia-nu-isi-doreste-pacea-in-cadrul-coalitiei-pentru-vointa,2025-08-18,facebook-post,2025Q3 deficit + reforma economică,40,0,0,0,0.0,0.0,0.0,0.0
2025-08-19_astazi-la-videoconferintele-coalitiei-de-vointa-si-ale-consi,2025-08-19,facebook-post,2025Q3 deficit + reforma economică,45,0,1,0,0.0,22.22222222222222,0.0,0.0
2025-08-19_videoconferintele-coalitiei-de-vointa-si-ale-consiliului-eur,2025-08-19,facebook-post,2025Q3 deficit + reforma economică,164,0,4,0,0.0,24.390243902439025,0.0,0.0
2025-08-20_mult-respect-si-recunostinta-pentru-militarii-din-comandamen,2025-08-20,facebook-post,2025Q3 deficit + reforma economică,37,0,0,0,0.0,0.0,0.0,0.0
2025-08-21_am-avut-parte-de-o-primire-calduroasa-la-rosia-montana-trebu,2025-08-21,facebook-post,2025Q3 deficit + reforma economică,31,1,1,0,32.25806451612903,32.25806451612903,0.0,0.5
2025-08-26_m-am-intalnit-astazi-la-palatul-cotroceni-cu-diplomatii-roma,2025-08-26,facebook-post,2025Q3 deficit + reforma economică,255,0,5,0,0.0,19.607843137254903,0.0,0.0
2025-08-28_condamn-cu-fermitate-agresiunea-asupra-unui-tanar-venit-la-m,2025-08-28,facebook-post,2025Q3 deficit + reforma economică,181,0,0,1,0.0,0.0,5.524861878453039,0.0
2025-08-31_astazi-am-avut-onoarea-de-a-fi-prezent-la-marea-dictare-nati,2025-08-31,facebook-post,2025Q3 deficit + reforma economică,91,0,0,0,0.0,0.0,0.0,0.0
2025-09-01_astazi-i-am-urat-bun-venit-pe-tarmul-marii-negre-doamnei-pre,2025-09-01,facebook-post,2025Q4 stabilizare + diplomație,130,0,0,0,0.0,0.0,0.0,0.0
2025-09-01_ii-multumesc-lui-manfred-weber-pentru-vizita-de-astazi-de-la,2025-09-01,facebook-post,2025Q4 stabilizare + diplomație,60,0,0,1,0.0,0.0,16.666666666666668,0.0
2025-09-02_ieri-la-malul-marii-negre-am-intampinat-o-pe-ursula-von-der,2025-09-02,facebook-post,2025Q4 stabilizare + diplomație,55,0,0,0,0.0,0.0,0.0,0.0
2025-09-03_am-semnat-astazi-cu-respect-si-consideratie-decretul-de-deco,2025-09-03,facebook-post,2025Q4 stabilizare + diplomație,85,0,0,0,0.0,0.0,0.0,0.0
2025-09-03_astazi-am-marcat-un-moment-important-pentru-securitatea-ener,2025-09-03,facebook-post,2025Q4 stabilizare + diplomație,254,0,1,0,0.0,3.937007874015748,0.0,0.0
2025-09-03_m-am-bucurat-sa-il-primesc-astazi-la-palatul-cotroceni-pe-pr,2025-09-03,facebook-post,2025Q4 stabilizare + diplomație,103,0,1,0,0.0,9.70873786407767,0.0,0.0
2025-09-10_am-avut-astazi-o-intalnire-importanta-cu-reprezentantii-inve,2025-09-10,facebook-post,2025Q4 stabilizare + diplomație,83,0,0,0,0.0,0.0,0.0,0.0
2025-09-15_am-avut-astazi-o-discutie-excelenta-cu-secretarul-general-al,2025-09-15,facebook-post,2025Q4 stabilizare + diplomație,143,0,0,0,0.0,0.0,0.0,0.0
2025-09-16_cercetarea-prezentata-azi-de-procurorul-general-reprezinta-o,2025-09-16,facebook-post,2025Q4 stabilizare + diplomație,114,0,0,0,0.0,0.0,0.0,0.0
2025-09-17_curtea-constitutionala-a-admis-astazi-sesizarea-pe-care-am-f,2025-09-17,facebook-post,2025Q4 stabilizare + diplomație,165,0,1,1,0.0,6.0606060606060606,6.0606060606060606,0.0
2025-09-23_am-avut-astazi-o-intalnire-cu-liderii-coalitiei-de-guvernare,2025-09-23,facebook-post,2025Q4 stabilizare + diplomație,138,1,1,0,7.246376811594203,7.246376811594203,0.0,0.5
2025-09-24_astazi-am-avut-o-intalnire-foarte-buna-la-palatul-cotroceni,2025-09-24,facebook-post,2025Q4 stabilizare + diplomație,87,0,1,0,0.0,11.494252873563218,0.0,0.0
2025-09-24_legatura-dintre-romania-si-republica-moldova-nu-este-doar-un,2025-09-24,facebook-post,2025Q4 stabilizare + diplomație,86,0,0,0,0.0,0.0,0.0,0.0
2025-09-26_sunt-profund-indurerat-de-tragedia-petrecuta-la-spitalul-de,2025-09-26,facebook-post,2025Q4 stabilizare + diplomație,188,1,2,1,5.319148936170213,10.638297872340425,5.319148936170213,0.3333333333333333
2025-09-28_dragi-basarabeni-din-romania-astazi-este-o-zi-importanta-pen,2025-09-28,facebook-post,2025Q4 stabilizare + diplomație,37,1,0,0,27.027027027027028,0.0,0.0,1.0
2025-09-29_cu-ocazia-implinirii-a-30-de-ani-de-la-infiintarea-aliantei,2025-09-29,facebook-post,2025Q4 stabilizare + diplomație,158,0,0,1,0.0,0.0,6.329113924050633,0.0
2025-09-29_felicit-cetatenii-republicii-moldova-pentru-mobilizare-si-pe,2025-09-29,facebook-post,2025Q4 stabilizare + diplomație,78,0,2,0,0.0,25.641025641025642,0.0,0.0
2025-09-30_am-vizitat-azi-la-timisoara-doua-companii-care-folosesc-inte,2025-09-30,facebook-post,2025Q4 stabilizare + diplomație,102,0,1,1,0.0,9.803921568627452,9.803921568627452,0.0
2025-09-30_in-luna-iulie-am-spus-ca-administratia-prezidentiala-va-cont,2025-09-30,facebook-post,2025Q4 stabilizare + diplomație,139,1,2,0,7.194244604316546,14.388489208633093,0.0,0.3333333333333333
2025-09-30_marile-orase-europene-sunt-motoarele-dezvoltarii-insa-de-pre,2025-09-30,facebook-post,2025Q4 stabilizare + diplomație,136,0,0,1,0.0,0.0,7.352941176470588,0.0
2025-10-01_am-trimis-inapoi-parlamentului-o-lege-care-ar-fi-anulat-una,2025-10-01,facebook-post,2025Q4 stabilizare + diplomație,183,0,0,0,0.0,0.0,0.0,0.0
2025-10-01_astazi-si-maine-sunt-la-copenhaga-pentru-a-participa-la-reun,2025-10-01,facebook-post,2025Q4 stabilizare + diplomație,51,0,0,0,0.0,0.0,0.0,0.0
2025-10-02_a-doua-zi-a-vizitei-mele-la-copenhaga-este-dedicata-particip,2025-10-02,facebook-post,2025Q4 stabilizare + diplomație,52,0,1,1,0.0,19.23076923076923,19.23076923076923,0.0
2025-10-02_am-avut-discutie-foarte-productiva-cu-premierul-suediei-ulf,2025-10-02,facebook-post,2025Q4 stabilizare + diplomație,74,0,0,0,0.0,0.0,0.0,0.0
2025-10-02_le-am-prezentat-colegilor-europeni-principalele-concluzii-di,2025-10-02,facebook-post,2025Q4 stabilizare + diplomație,124,0,0,0,0.0,0.0,0.0,0.0
2025-10-02_romania-s-a-alaturat-initiativei-lansate-de-presedintele-emm,2025-10-02,facebook-post,2025Q4 stabilizare + diplomație,60,0,0,0,0.0,0.0,0.0,0.0
2025-10-02_sprijinul-nostru-pentru-republica-moldova-nu-se-opreste-am-d,2025-10-02,facebook-post,2025Q4 stabilizare + diplomație,44,0,0,0,0.0,0.0,0.0,0.0
2025-10-03_am-promulgat-astazi-legea-privind-activitatea-anre-asf-si-an,2025-10-03,facebook-post,2025Q4 stabilizare + diplomație,173,1,2,1,5.780346820809249,11.560693641618498,5.780346820809249,0.3333333333333333
2025-10-06_am-anuntat-astazi-numirea-urmatorilor-consilieri-prezidentia,2025-10-06,facebook-post,2025Q4 stabilizare + diplomație,316,0,0,1,0.0,0.0,3.1645569620253164,0.0
2025-10-09_am-participat-astazi-la-ceremonia-dedicata-comemorarii-victi,2025-10-09,facebook-post,2025Q4 stabilizare + diplomație,159,0,1,0,0.0,6.289308176100629,0.0,0.0
2025-10-12_la-usa-inimii-cuiva-trebuie-sa-ne-rugam-sa-navalim-sau-sa-ci,2025-10-12,facebook-post,2025Q4 stabilizare + diplomație,190,0,2,0,0.0,10.526315789473685,0.0,0.0
2025-10-13_am-primit-astazi-la-palatul-cotroceni-o-delegatie-condusa-de,2025-10-13,facebook-post,2025Q4 stabilizare + diplomație,131,0,0,0,0.0,0.0,0.0,0.0
2025-10-13_am-promulgat-astazi-legea-de-aprobare-a-ordonantei-de-urgent,2025-10-13,facebook-post,2025Q4 stabilizare + diplomație,149,0,0,0,0.0,0.0,0.0,0.0
2025-10-14_fenomenul-coruptiei-trebuie-atacat-frontal-acest-flagel-care,2025-10-14,facebook-post,2025Q4 stabilizare + diplomație,56,0,2,0,0.0,35.714285714285715,0.0,0.0
2025-10-16_am-promulgat-astazi-legea-care-sanctioneaza-coruperea-functi,2025-10-16,facebook-post,2025Q4 stabilizare + diplomație,145,0,1,0,0.0,6.896551724137931,0.0,0.0
2025-10-17_explozia-produsa-astazi-intr-un-bloc-de-pe-calea-rahovei-din,2025-10-17,facebook-post,2025Q4 stabilizare + diplomație,196,0,1,1,0.0,5.1020408163265305,5.1020408163265305,0.0
2025-10-20_am-avut-astazi-la-palatul-cotroceni-un-dialog-constructiv-cu,2025-10-20,facebook-post,2025Q4 stabilizare + diplomație,170,0,0,0,0.0,0.0,0.0,0.0
2025-10-20_reforma-pensiilor-magistratilor-ramane-o-prioritate-nu-este,2025-10-20,facebook-post,2025Q4 stabilizare + diplomație,75,0,0,0,0.0,0.0,0.0,0.0
2025-10-21_am-semnat-astazi-decretul-pentru-trecerea-in-rezerva-a-doamn,2025-10-21,facebook-post,2025Q4 stabilizare + diplomație,113,0,2,0,0.0,17.699115044247787,0.0,0.0
2025-10-22_am-promulgat-o-lege-care-aduce-noi-reglementari-in-domeniul,2025-10-22,facebook-post,2025Q4 stabilizare + diplomație,145,0,0,0,0.0,0.0,0.0,0.0
2025-10-23_am-promulgat-saptamana-aceasta-legea-care-ne-va-permite-sa-f,2025-10-23,facebook-post,2025Q4 stabilizare + diplomație,174,0,0,0,0.0,0.0,0.0,0.0
2025-10-23_zi-extrem-de-incarcata-la-reuniunea-liderilor-ue-de-la-bruxe,2025-10-23,facebook-post,2025Q4 stabilizare + diplomație,115,0,0,0,0.0,0.0,0.0,0.0
2025-10-24_165-de-ani-de-traditie-si-excelenta-universitara-la-iasi-ast,2025-10-24,facebook-post,2025Q4 stabilizare + diplomație,204,0,2,0,0.0,9.803921568627452,0.0,0.0
2025-10-24_antibiotice-iasi-un-simbol-al-industriei-farmaceutice-romane,2025-10-24,facebook-post,2025Q4 stabilizare + diplomație,83,0,0,0,0.0,0.0,0.0,0.0
2025-10-25_astazi-am-onorat-la-brigada-15-mecanizata-podu-inalt-din-ias,2025-10-25,facebook-post,2025Q4 stabilizare + diplomație,93,0,1,0,0.0,10.75268817204301,0.0,0.0
2025-10-25_cea-mai-mica-inima-artificiala-complet-implantabila-cu-aplic,2025-10-25,facebook-post,2025Q4 stabilizare + diplomație,164,0,0,1,0.0,0.0,6.097560975609756,0.0
2025-10-26_am-participat-alaturi-de-familie-la-sfintirea-picturii-cated,2025-10-26,facebook-post,2025Q4 stabilizare + diplomație,34,0,0,0,0.0,0.0,0.0,0.0
2025-10-28_am-avut-o-discutie-constructiva-astazi-cu-valdis-dombrovskis,2025-10-28,facebook-post,2025Q4 stabilizare + diplomație,171,0,2,2,0.0,11.695906432748538,11.695906432748538,0.0
2025-10-28_cu-profund-respect-si-in-semn-de-recunoastere-pentru-devotam,2025-10-28,facebook-post,2025Q4 stabilizare + diplomație,112,0,0,0,0.0,0.0,0.0,0.0
2025-10-29_prin-redimensionarea-fortei-rotationale-care-opera-si-in-rom,2025-10-29,facebook-post,2025Q4 stabilizare + diplomație,108,0,0,0,0.0,0.0,0.0,0.0
2025-10-30_se-implinesc-astazi-10-ani-de-la-tragedia-care-a-schimbat-ro,2025-10-30,facebook-post,2025Q4 stabilizare + diplomație,325,0,0,1,0.0,0.0,3.076923076923077,0.0
2025-11-04_am-aflat-cu-profunda-tristete-vestea-ca-romanul-prins-sub-da,2025-11-04,facebook-post,2025Q4 stabilizare + diplomație,73,0,0,1,0.0,0.0,13.698630136986301,0.0
2025-11-05_i-am-urat-astazi-bun-venit-in-romania-domnului-mark-rutte-in,2025-11-05,facebook-post,2025Q4 stabilizare + diplomație,253,0,1,0,0.0,3.952569169960474,0.0,0.0
2025-11-05_multumim-emeric-ienei-pentru-toata-bucuria-pe-care-ne-ai-adu,2025-11-05,facebook-post,2025Q4 stabilizare + diplomație,172,0,0,0,0.0,0.0,0.0,0.0
2025-11-06_romania-este-mai-aparata-ca-oricand-si-pregatita-sa-si-asume,2025-11-06,facebook-post,2025Q4 stabilizare + diplomație,285,0,2,0,0.0,7.017543859649122,0.0,0.0
2025-11-07_competitivitate-si-crestere-economica-acestea-sunt-doua-cuvi,2025-11-07,facebook-post,2025Q4 stabilizare + diplomație,233,0,2,1,0.0,8.583690987124463,4.291845493562231,0.0
2025-11-07_in-semn-de-profund-respect-si-consideratie-pentru-memoria-ul,2025-11-07,facebook-post,2025Q4 stabilizare + diplomație,173,0,0,0,0.0,0.0,0.0,0.0
2025-11-09_astazi-odata-cu-repatrierea-ramasitelor-pamantesti-ale-ultim,2025-11-09,facebook-post,2025Q4 stabilizare + diplomație,292,2,2,0,6.8493150684931505,6.8493150684931505,0.0,0.6666666666666666
2025-11-10_am-semnat-sesizarea-catre-curtea-constitutionala-in-legatura,2025-11-10,facebook-post,2025Q4 stabilizare + diplomație,203,0,2,0,0.0,9.852216748768473,0.0,0.0
2025-11-10_romania-are-toate-datele-pentru-a-deveni-un-hub-de-inovatie,2025-11-10,facebook-post,2025Q4 stabilizare + diplomație,169,0,0,0,0.0,0.0,0.0,0.0
2025-11-11_in-urma-cu-trei-decenii-trecea-la-cele-vesnice-marele-om-pol,2025-11-11,facebook-post,2025Q4 stabilizare + diplomație,201,1,0,1,4.975124378109452,0.0,4.975124378109452,1.0
2025-11-12_am-pus-astazi-in-dezbatere-strategia-nationala-de-aparare-ce,2025-11-12,facebook-post,2025Q4 stabilizare + diplomație,372,1,1,0,2.6881720430107525,2.6881720430107525,0.0,0.5
2025-11-13_astazi-s-a-incheiat-la-baza-militara-de-la-cincu-exercitiulu,2025-11-13,facebook-post,2025Q4 stabilizare + diplomație,305,1,0,0,3.278688524590164,0.0,0.0,1.0
2025-11-13_l-am-primit-astazi-la-palatul-cotroceni-in-prima-sa-vizita-e,2025-11-13,facebook-post,2025Q4 stabilizare + diplomație,71,0,1,0,0.0,14.084507042253522,0.0,0.0
2025-11-17_l-am-primit-astazi-la-palatul-cotroceni-pe-enrico-letta-fost,2025-11-17,facebook-post,2025Q4 stabilizare + diplomație,173,0,0,0,0.0,0.0,0.0,0.0
2025-11-18_am-avut-astazi-o-discutie-cu-fatih-birol-presedintele-agenti,2025-11-18,facebook-post,2025Q4 stabilizare + diplomație,203,1,0,2,4.926108374384237,0.0,9.852216748768473,1.0
2025-11-18_ne-a-parasit-dumitru-lupescu-era-presedinte-de-asociatie-de,2025-11-18,facebook-post,2025Q4 stabilizare + diplomație,50,0,0,0,0.0,0.0,0.0,0.0
2025-11-18_ne-luam-astazi-ramas-bun-de-la-un-patriot-care-a-crezut-si-a,2025-11-18,facebook-post,2025Q4 stabilizare + diplomație,126,0,0,0,0.0,0.0,0.0,0.0
2025-11-19_am-sesizat-curtea-constitutionala-in-legatura-cu-legea-de-ap,2025-11-19,facebook-post,2025Q4 stabilizare + diplomație,188,1,2,1,5.319148936170213,10.638297872340425,5.319148936170213,0.3333333333333333
2025-11-20_operatiunea-de-readucere-in-tara-sub-escorta-a-lui-horatiu-p,2025-11-20,facebook-post,2025Q4 stabilizare + diplomație,56,0,1,0,0.0,17.857142857142858,0.0,0.0
2025-11-20_romania-a-facut-inca-un-pas-decisiv-spre-aderarea-la-ocde-am,2025-11-20,facebook-post,2025Q4 stabilizare + diplomație,260,1,1,0,3.8461538461538463,3.8461538461538463,0.0,0.5
2025-11-21_am-avut-astazi-la-palatul-cotroceni-o-discutie-importanta-cu,2025-11-21,facebook-post,2025Q4 stabilizare + diplomație,313,0,2,0,0.0,6.389776357827476,0.0,0.0
2025-11-21_romania-are-in-acest-moment-maturitatea-si-expertiza-pentru,2025-11-21,facebook-post,2025Q4 stabilizare + diplomație,170,0,3,0,0.0,17.647058823529413,0.0,0.0
2025-11-23_am-promulgat-saptamana-aceasta-legea-care-introduce-amendare,2025-11-23,facebook-post,2025Q4 stabilizare + diplomație,61,0,0,0,0.0,0.0,0.0,0.0
2025-11-25_a-fost-o-onoare-sa-gazduiesc-astazi-la-palatul-cotroceni-sum,2025-11-25,facebook-post,2025Q4 stabilizare + diplomație,238,2,1,2,8.403361344537815,4.201680672268908,8.403361344537815,1.0
2025-11-26_parlamentul-romaniei-a-votat-astazi-strategia-nationala-de-a,2025-11-26,facebook-post,2025Q4 stabilizare + diplomație,183,1,1,0,5.46448087431694,5.46448087431694,0.0,0.5
2025-12-01_cu-prilejul-zilei-nationale-a-romaniei-l-am-decorat-pe-veter,2025-12-01,facebook-post,2025Q4-2026Q1 reformă judiciară,205,0,0,0,0.0,0.0,0.0,0.0
2025-12-01_ziua-nationala-este-inainte-de-toate-o-sarbatoare-a-oamenilo,2025-12-01,facebook-post,2025Q4-2026Q1 reformă judiciară,184,0,1,1,0.0,5.434782608695652,5.434782608695652,0.0
2025-12-02_am-promulgat-recent-legea-pentru-modificarea-statutului-depu,2025-12-02,facebook-post,2025Q4-2026Q1 reformă judiciară,198,0,0,0,0.0,0.0,0.0,0.0
2025-12-03_astazi-am-avut-o-discutie-substantiala-cu-ambasadorii-statel,2025-12-03,facebook-post,2025Q4-2026Q1 reformă judiciară,151,0,1,0,0.0,6.622516556291391,0.0,0.0
2025-12-03_situatia-dezastruoasa-de-la-barajul-paltinu-care-a-generat-o,2025-12-03,facebook-post,2025Q4-2026Q1 reformă judiciară,169,1,5,0,5.9171597633136095,29.585798816568047,0.0,0.16666666666666666
2025-12-04_am-avut-astazi-onoarea-sa-l-felicit-pe-domnul-victor-rebengi,2025-12-04,facebook-post,2025Q4-2026Q1 reformă judiciară,202,0,3,1,0.0,14.851485148514852,4.9504950495049505,0.0
2025-12-04_am-transmis-parlamentului-cererea-de-reexaminare-a-legii-car,2025-12-04,facebook-post,2025Q4-2026Q1 reformă judiciară,144,2,1,0,13.88888888888889,6.944444444444445,0.0,1.0
2025-12-05_am-semnat-astazi-decretul-de-promulgare-a-legii-care-introdu,2025-12-05,facebook-post,2025Q4-2026Q1 reformă judiciară,169,0,0,0,0.0,0.0,0.0,0.0
2025-12-07_dragi-bucuresteni-va-invit-sa-mergeti-la-vot-indiferent-de-o,2025-12-07,facebook-post,2025Q4-2026Q1 reformă judiciară,81,0,1,0,0.0,12.345679012345679,0.0,0.0
2025-12-08_felicitari-si-succes-alesilor-locali-confirmati-prin-votul-d,2025-12-08,facebook-post,2025Q4-2026Q1 reformă judiciară,138,0,2,0,0.0,14.492753623188406,0.0,0.0
2025-12-09_a-fost-o-reala-placere-sa-il-intalnesc-pe-presedintele-repub,2025-12-09,facebook-post,2025Q4-2026Q1 reformă judiciară,135,0,0,0,0.0,0.0,0.0,0.0
2025-12-09_am-avut-in-franta-o-intalnire-cu-reprezentantii-companiilor,2025-12-09,facebook-post,2025Q4-2026Q1 reformă judiciară,185,0,0,0,0.0,0.0,0.0,0.0
2025-12-09_am-avut-o-excelenta-intrevedere-cu-primarul-parisului-anne-h,2025-12-09,facebook-post,2025Q4-2026Q1 reformă judiciară,210,0,0,1,0.0,0.0,4.761904761904762,0.0
2025-12-10_am-vazut-cap-coada-documentarul-recorder-despre-justitie-cel,2025-12-10,facebook-post,2025Q4-2026Q1 reformă judiciară,336,1,7,4,2.9761904761904763,20.833333333333332,11.904761904761905,0.125
2025-12-11_cand-200-de-magistrati-spun-ca-este-o-problema-de-integritat,2025-12-11,facebook-post,2025Q4-2026Q1 reformă judiciară,109,0,0,1,0.0,0.0,9.174311926605505,0.0
2025-12-15_plec-la-summitul-de-la-helsinki-dar-iau-cu-mine-ingrijoraril,2025-12-15,facebook-post,2025Q4-2026Q1 reformă judiciară,91,0,1,1,0.0,10.989010989010989,10.989010989010989,0.0
2025-12-16_actiunile-rusiei-reprezinta-o-amenintare-majora-pentru-regiu,2025-12-16,facebook-post,2025Q4-2026Q1 reformă judiciară,111,0,0,0,0.0,0.0,0.0,0.0
2025-12-16_am-trimis-curtii-constitutionale-o-sesizare-de-neconstitutio,2025-12-16,facebook-post,2025Q4-2026Q1 reformă judiciară,180,1,2,0,5.555555555555555,11.11111111111111,0.0,0.3333333333333333
2025-12-16_foarte-utile-si-aplicate-discutiile-pe-care-le-am-purtat-cu,2025-12-16,facebook-post,2025Q4-2026Q1 reformă judiciară,204,0,0,0,0.0,0.0,0.0,0.0
2025-12-17_la-londra-intr-unul-dintre-cele-mai-competitive-ecosisteme-e,2025-12-17,facebook-post,2025Q4-2026Q1 reformă judiciară,156,0,1,0,0.0,6.410256410256411,0.0,0.0
2025-12-17_o-intalnire-extraordinar-de-buna-si-calda-cu-comunitatea-de,2025-12-17,facebook-post,2025Q4-2026Q1 reformă judiciară,39,1,0,0,25.641025641025642,0.0,0.0,1.0
2025-12-18_a-inceput-ultima-reuniune-a-consiliului-european-din-acest-a,2025-12-18,facebook-post,2025Q4-2026Q1 reformă judiciară,113,0,0,0,0.0,0.0,0.0,0.0
2025-12-18_dialog-cu-antreprenorii-romani-si-britanici-intalniri-cu-oam,2025-12-18,facebook-post,2025Q4-2026Q1 reformă judiciară,54,0,0,1,0.0,0.0,18.51851851851852,0.0
2025-12-19_am-incheiat-turneul-european-cu-ultimul-consiliu-din-acest-a,2025-12-19,facebook-post,2025Q4-2026Q1 reformă judiciară,34,0,0,0,0.0,0.0,0.0,0.0
2025-12-20_am-primit-de-la-magistrati-sute-de-pagini-de-materiale-relev,2025-12-20,facebook-post,2025Q4-2026Q1 reformă judiciară,129,0,0,1,0.0,0.0,7.751937984496124,0.0
2025-12-20_curtea-constitutionala-a-decis-recent-o-schimbare-esentiala,2025-12-20,facebook-post,2025Q4-2026Q1 reformă judiciară,86,0,0,1,0.0,0.0,11.627906976744185,0.0
2025-12-21_libertate-acesta-a-fost-strigatul-limpede-al-natiunii-romane,2025-12-21,facebook-post,2025Q4-2026Q1 reformă judiciară,457,1,2,0,2.1881838074398248,4.3763676148796495,0.0,0.3333333333333333
2025-12-21_voi-initia-in-ianuarie-imediat-dupa-sarbatori-un-referendum,2025-12-21,facebook-post,2025Q4-2026Q1 reformă judiciară,264,1,1,1,3.787878787878788,3.787878787878788,3.787878787878788,0.5
2025-12-25_nasterea-lui-hristos-este-pentru-noi-crestinii-sarbatoarea-s,2025-12-25,facebook-post,2025Q4-2026Q1 reformă judiciară,126,0,0,0,0.0,0.0,0.0,0.0
2025-12-26_in-cadrul-vizitelor-externe-din-ultimele-saptamani-am-avut-b,2025-12-26,facebook-post,2025Q4-2026Q1 reformă judiciară,125,0,0,1,0.0,0.0,8.0,0.0
2025-12-26_o-intalnire-speciala-la-paris-cu-un-regizor-si-scenarist-de,2025-12-26,facebook-post,2025Q4-2026Q1 reformă judiciară,68,0,0,0,0.0,0.0,0.0,0.0
2025-12-27_l-am-revazut-cu-mare-emotie-la-paris-pe-profesorul-emerit-la,2025-12-27,facebook-post,2025Q4-2026Q1 reformă judiciară,96,0,0,1,0.0,0.0,10.416666666666666,0.0
2025-12-27_pe-fiul-marelui-ion-ratiu-nicolae-ratiu-l-am-revazut-la-lond,2025-12-27,facebook-post,2025Q4-2026Q1 reformă judiciară,58,0,0,0,0.0,0.0,0.0,0.0
2025-12-28_a-fost-o-veritabila-placere-sa-il-revad-la-londra-pe-sir-geo,2025-12-28,facebook-post,2025Q4-2026Q1 reformă judiciară,74,1,0,0,13.513513513513514,0.0,0.0,1.0
2025-12-28_redactia-romana-a-bbc-a-ramas-pana-astazi-un-reper-de-jurnal,2025-12-28,facebook-post,2025Q4-2026Q1 reformă judiciară,65,0,0,0,0.0,0.0,0.0,0.0
2026-01-01_2025-a-fost-un-an-al-provocarilor-dar-si-al-curajului-de-a-n,2026-01-01,facebook-post,2025Q4-2026Q1 reformă judiciară,168,0,0,0,0.0,0.0,0.0,0.0
2026-01-04_am-sperat-pana-in-ultima-clipa-intr-un-deznodamant-diferit-i,2026-01-04,facebook-post,2025Q4-2026Q1 reformă judiciară,46,0,0,0,0.0,0.0,0.0,0.0
2026-01-07_am-ajuns-la-bucuresti-pe-parcursul-zborului-deasupra-spatiul,2026-01-07,facebook-post,2025Q4-2026Q1 reformă judiciară,36,0,0,0,0.0,0.0,0.0,0.0
2026-01-08_puteti-asculta-inregistrarea-convorbirii-dintre-pilotul-roma,2026-01-08,facebook-post,2025Q4-2026Q1 reformă judiciară,109,0,0,0,0.0,0.0,0.0,0.0
2026-01-09_romania-a-votat-in-favoarea-acordului-comercial-dintre-uniun,2026-01-09,facebook-post,2025Q4-2026Q1 reformă judiciară,483,1,1,0,2.070393374741201,2.070393374741201,0.0,0.5
2026-01-13_parteneriatul-strategic-dintre-romania-si-statele-unite-ale,2026-01-13,facebook-post,2025Q4-2026Q1 reformă judiciară,279,0,0,0,0.0,0.0,0.0,0.0
2026-01-15_reuniunea-anuala-cu-sefii-misiunilor-diplomatice-acreditati,2026-01-15,facebook-post,2025Q4-2026Q1 reformă judiciară,462,3,0,1,6.4935064935064934,0.0,2.1645021645021645,3.0
2026-01-15_ziua-culturii-nationale-ne-reaminteste-ca-identitatea-romani,2026-01-15,facebook-post,2025Q4-2026Q1 reformă judiciară,272,0,1,0,0.0,3.676470588235294,0.0,0.0
2026-01-16_decizia-comisiei-europene-de-a-aproba-aplicatia-romaniei-pen,2026-01-16,facebook-post,2025Q4-2026Q1 reformă judiciară,209,0,1,0,0.0,4.784688995215311,0.0,0.0
2026-01-17_am-promulgat-legea-care-permite-politistilor-locali-sa-utili,2026-01-17,facebook-post,2025Q4-2026Q1 reformă judiciară,147,0,1,0,0.0,6.802721088435374,0.0,0.0
2026-01-17_am-promulgat-legea-de-adoptare-a-unei-ordonante-a-guvernului,2026-01-17,facebook-post,2025Q4-2026Q1 reformă judiciară,137,1,1,0,7.299270072992701,7.299270072992701,0.0,0.5
2026-01-19_l-am-primit-astazi-la-palatul-cotroceni-pe-generalul-alexus,2026-01-19,facebook-post,2025Q4-2026Q1 reformă judiciară,239,0,0,0,0.0,0.0,0.0,0.0
2026-01-23_relatia-transatlantica-are-o-istorie-care-a-adus-stabilitate,2026-01-23,facebook-post,2025Q4-2026Q1 reformă judiciară,251,0,0,0,0.0,0.0,0.0,0.0
2026-01-24_am-ales-sa-fiu-astazi-atat-la-iasi-cat-si-la-focsani-pentru,2026-01-24,facebook-post,2025Q4-2026Q1 reformă judiciară,323,0,6,0,0.0,18.575851393188856,0.0,0.0
2026-01-24_la-implinirea-a-160-de-ani-de-la-infiintare-am-acordat-coleg,2026-01-24,facebook-post,2025Q4-2026Q1 reformă judiciară,237,0,3,2,0.0,12.658227848101266,8.438818565400844,0.0
2026-01-24_traim-momente-complicate-dar-intr-o-zi-de-sarbatoare-cred-ca,2026-01-24,facebook-post,2025Q4-2026Q1 reformă judiciară,257,1,2,0,3.8910505836575875,7.782101167315175,0.0,0.3333333333333333
2026-01-26_ziua-internationala-de-comemorare-a-victimelor-holocaustului,2026-01-26,facebook-post,2025Q4-2026Q1 reformă judiciară,187,0,0,0,0.0,0.0,0.0,0.0
2026-02-04_am-avut-astazi-o-convorbire-consistenta-cu-antonio-costa-pre,2026-02-04,facebook-post,2025Q4-2026Q1 reformă judiciară,236,0,0,0,0.0,0.0,0.0,0.0
2026-02-04_romania-nu-este-subiectul-raportului-preliminar-al-comitetul,2026-02-04,facebook-post,2025Q4-2026Q1 reformă judiciară,332,1,2,0,3.0120481927710845,6.024096385542169,0.0,0.3333333333333333
2026-02-05_exercitiile-militare-desfasurate-in-ultimele-zile-la-smardan,2026-02-05,facebook-post,2025Q4-2026Q1 reformă judiciară,100,0,0,0,0.0,0.0,0.0,0.0
2026-02-08_am-primit-invitatia-de-a-participa-la-prima-reuniune-a-consi,2026-02-08,facebook-post,2025Q4-2026Q1 reformă judiciară,140,0,0,0,0.0,0.0,0.0,0.0
2026-02-11_am-avut-ieri-o-discutie-cu-liderii-marilor-companii-american,2026-02-11,facebook-post,2025Q4-2026Q1 reformă judiciară,133,1,0,0,7.518796992481203,0.0,0.0,1.0
2026-02-12_o-importanta-dezbatere-la-care-particip-astazi-in-belgia-ala,2026-02-12,facebook-post,2025Q4-2026Q1 reformă judiciară,244,0,0,0,0.0,0.0,0.0,0.0
2026-02-13_va-invit-sa-privim-cu-echilibru-datele-publicate-azi-de-ins,2026-02-13,facebook-post,2025Q4-2026Q1 reformă judiciară,215,0,1,1,0.0,4.651162790697675,4.651162790697675,0.0
2026-02-15_voi-participa-s-pt-mana-viitoare-la-prima-reuniune-a-consili,2026-02-15,facebook-post,2025Q4-2026Q1 reformă judiciară,115,0,1,0,0.0,8.695652173913043,0.0,0.0
2026-02-18_salut-decizia-curtii-constitutionale-privind-reforma-pensiil,2026-02-18,facebook-post,2025Q4-2026Q1 reformă judiciară,42,0,0,0,0.0,0.0,0.0,0.0
2026-02-19_am-avut-o-interventie-astazi-la-washington-in-cadrul-reuniun,2026-02-19,facebook-post,2025Q4-2026Q1 reformă judiciară,299,2,1,0,6.688963210702341,3.3444816053511706,0.0,1.0
2026-02-20_pacea-si-securitatea-sunt-temelia-unei-tari-prospere-pentru,2026-02-20,facebook-post,2025Q4-2026Q1 reformă judiciară,95,0,1,1,0.0,10.526315789473685,10.526315789473685,0.0
2026-02-24_am-avut-o-discutie-aplicat-cu-premierul-ilie-bolojan-inainte,2026-02-24,facebook-post,2025Q4-2026Q1 reformă judiciară,124,0,0,0,0.0,0.0,0.0,0.0
2026-02-24_in-urma-cu-patru-ani-unul-dintre-cele-mai-teribile-scenarii,2026-02-24,facebook-post,2025Q4-2026Q1 reformă judiciară,169,0,2,0,0.0,11.834319526627219,0.0,0.0
2026-02-27_am-promulgat-in-aceasta-dimineata-legea-privind-pensiile-mag,2026-02-27,facebook-post,2025Q4-2026Q1 reformă judiciară,86,0,0,0,0.0,0.0,0.0,0.0
2026-02-27_referitor-la-informatia-privind-plangerea-penala-a-aep-in-le,2026-02-27,facebook-post,2025Q4-2026Q1 reformă judiciară,217,0,0,3,0.0,0.0,13.824884792626728,0.0
2026-03-01_romania-este-in-deplina-siguranta-si-nu-se-afla-sub-niciun-f,2026-03-01,facebook-post,2026Q2 cotitură UE + criză guvern,161,0,0,0,0.0,0.0,0.0,0.0
2026-03-03_m-am-bucurat-sa-l-primesc-astazi-la-palatul-cotroceni-pe-dar,2026-03-03,facebook-post,2026Q2 cotitură UE + criză guvern,98,0,2,0,0.0,20.408163265306122,0.0,0.0
2026-03-05_am-avut-astazi-un-dialog-substantial-cu-premierul-polonez-do,2026-03-05,facebook-post,2026Q2 cotitură UE + criză guvern,161,0,0,0,0.0,0.0,0.0,0.0
2026-03-05_am-raspuns-cu-placere-invitatiei-presedintelui-karol-nawrock,2026-03-05,facebook-post,2026Q2 cotitură UE + criză guvern,233,0,0,1,0.0,0.0,4.291845493562231,0.0
2026-03-06_pe-5-martie-cu-ocazia-zilei-solidaritatii-romano-polone-sarb,2026-03-06,facebook-post,2026Q2 cotitură UE + criză guvern,67,0,0,0,0.0,0.0,0.0,0.0
2026-03-08_la-multi-ani-tuturor-doamnelor-si-domnisoarelor-de-ziua-inte,2026-03-08,facebook-post,2026Q2 cotitură UE + criză guvern,121,0,0,1,0.0,0.0,8.264462809917354,0.0
2026-03-09_am-avut-astazi-o-convorbire-cu-antonio-costa-presedintele-co,2026-03-09,facebook-post,2026Q2 cotitură UE + criză guvern,240,0,2,0,0.0,8.333333333333334,0.0,0.0
2026-03-09_ziua-detinutilor-politici-anticomunisti-marcata-in-fiecare-a,2026-03-09,facebook-post,2026Q2 cotitură UE + criză guvern,249,3,0,0,12.048192771084338,0.0,0.0,3.0
2026-03-10_am-avut-in-aceasta-seara-un-dialog-aplicat-cu-liderii-europe,2026-03-10,facebook-post,2026Q2 cotitură UE + criză guvern,181,0,3,0,0.0,16.574585635359117,0.0,0.0
2026-03-11_am-convocat-astazi-sedinta-csat-pentru-analiza-evolutiei-sit,2026-03-11,facebook-post,2026Q2 cotitură UE + criză guvern,243,1,0,0,4.11522633744856,0.0,0.0,1.0
2026-03-12_am-semnat-astazi-cu-presedintele-zelenski-doua-documente-ofi,2026-03-12,facebook-post,2026Q2 cotitură UE + criză guvern,135,1,0,0,7.407407407407407,0.0,0.0,1.0
2026-03-12_i-am-urat-bun-venit-la-bucuresti-presedintelui-volodimir-zel,2026-03-12,facebook-post,2026Q2 cotitură UE + criză guvern,280,0,3,0,0.0,10.714285714285714,0.0,0.0
2026-03-16_aderarea-romaniei-in-2026-la-organizatia-pentru-cooperare-si,2026-03-16,facebook-post,2026Q2 cotitură UE + criză guvern,178,1,0,0,5.617977528089888,0.0,0.0,1.0
2026-03-16_astazi-am-discutat-cu-alfred-stern-presedintele-consiliului,2026-03-16,facebook-post,2026Q2 cotitură UE + criză guvern,241,0,0,1,0.0,0.0,4.149377593360996,0.0
2026-03-17_donarea-de-sange-salveaza-vieti-impreuna-prin-gesturi-simple,2026-03-17,facebook-post,2026Q2 cotitură UE + criză guvern,167,2,0,0,11.976047904191617,0.0,0.0,2.0
2026-03-19_romania-este-aparata-este-parte-din-nato-are-un-parteneriat,2026-03-19,facebook-post,2026Q2 cotitură UE + criză guvern,219,0,1,0,0.0,4.566210045662101,0.0,0.0
2026-03-20_am-decis-sa-ne-alaturam-declaratiei-regatului-unit-frantei-g,2026-03-20,facebook-post,2026Q2 cotitură UE + criză guvern,119,0,0,0,0.0,0.0,0.0,0.0
2026-03-20_o-onoare-si-o-bucurie-sa-ma-intalnesc-astazi-la-bruxelles-cu,2026-03-20,facebook-post,2026Q2 cotitură UE + criză guvern,61,0,0,0,0.0,0.0,0.0,0.0
2026-03-21_cea-mai-mare-expozitie-din-europa-dedicata-lui-constantin-br,2026-03-21,facebook-post,2026Q2 cotitură UE + criză guvern,305,2,0,0,6.557377049180328,0.0,0.0,2.0
2026-03-22_am-avut-zilele-trecute-la-bruxelles-o-discutie-cu-oana-gheor,2026-03-22,facebook-post,2026Q2 cotitură UE + criză guvern,112,1,1,0,8.928571428571429,8.928571428571429,0.0,0.5
2026-03-23_francofonia-si-valorile-pe-care-le-promoveaza-fac-parte-din,2026-03-23,facebook-post,2026Q2 cotitură UE + criză guvern,207,0,1,0,0.0,4.830917874396135,0.0,0.0
2026-03-26_razboiul-informational-afecteaza-si-profesia-medicala-este-u,2026-03-26,facebook-post,2026Q2 cotitură UE + criză guvern,220,0,2,0,0.0,9.090909090909092,0.0,0.0
2026-03-27_l-am-primit-astazi-la-palatul-cotroceni-pe-prim-ministrul-sl,2026-03-27,facebook-post,2026Q2 cotitură UE + criză guvern,117,0,0,0,0.0,0.0,0.0,0.0
2026-03-27_m-am-intalnit-astazi-la-palatul-cotroceni-cu-numan-kurtulmus,2026-03-27,facebook-post,2026Q2 cotitură UE + criză guvern,176,0,0,0,0.0,0.0,0.0,0.0
2026-03-30_proiectul-european-trebuie-sa-se-concentreze-inainte-de-toat,2026-03-30,facebook-post,2026Q2 cotitură UE + criză guvern,161,0,1,0,0.0,6.211180124223603,0.0,0.0
2026-03-31_aderarea-romaniei-la-uniunea-europeana-a-fost-o-poveste-de-m,2026-03-31,facebook-post,2026Q2 cotitură UE + criză guvern,309,0,3,1,0.0,9.70873786407767,3.236245954692557,0.0
2026-03-31_discutia-aplicata-pe-care-am-avut-o-astazi-cu-prim-ministrul,2026-03-31,facebook-post,2026Q2 cotitură UE + criză guvern,149,1,1,0,6.7114093959731544,6.7114093959731544,0.0,0.5
2026-03-31_transportul-si-asigurarea-unor-rute-sigure-pentru-marfuri-ca,2026-03-31,facebook-post,2026Q2 cotitură UE + criză guvern,232,1,1,0,4.310344827586207,4.310344827586207,0.0,0.5
2026-04-02_ma-bucur-ca-bratarile-dacice-si-coiful-de-la-cotofenesti-au,2026-04-02,facebook-post,2026Q2 cotitură UE + criză guvern,117,0,0,0,0.0,0.0,0.0,0.0
2026-04-05_tuturor-credinciosilor-care-celebreaza-invierea-le-doresc-ca,2026-04-05,facebook-post,2026Q2 cotitură UE + criză guvern,128,0,0,0,0.0,0.0,0.0,0.0
2026-04-07_de-ziua-mondiala-a-sanatatii-transmit-un-gand-de-recunostint,2026-04-07,facebook-post,2026Q2 cotitură UE + criză guvern,228,1,1,0,4.385964912280702,4.385964912280702,0.0,0.5
2026-04-08_fbi-impreuna-cu-mai-multi-parteneri-printre-care-sri-a-anunt,2026-04-08,facebook-post,2026Q2 cotitură UE + criză guvern,82,0,1,0,0.0,12.195121951219512,0.0,0.0
2026-04-12_hristos-a-inviat-este-certitudinea-care-ne-reaminteste-in-fi,2026-04-12,facebook-post,2026Q2 cotitură UE + criză guvern,134,0,0,0,0.0,0.0,0.0,0.0
2026-04-20_am-trecut-astazi-in-revista-impreuna-cu-ministrul-dragos-pas,2026-04-20,facebook-post,2026Q2 cotitură UE + criză guvern,146,1,1,0,6.8493150684931505,6.8493150684931505,0.0,0.5
2026-04-22_am-avut-azi-consultari-cu-partidele-pro-occidentale-din-actu,2026-04-22,facebook-post,2026Q2 cotitură UE + criză guvern,179,0,1,0,0.0,5.58659217877095,0.0,0.0
2026-04-23_am-promulgat-astazi-legea-pentru-prevenirea-si-combaterea-fe,2026-04-23,facebook-post,2026Q2 cotitură UE + criză guvern,179,0,0,0,0.0,0.0,0.0,0.0
2026-04-23_particip-in-aceste-zile-in-cipru-la-reuniunea-informala-a-co,2026-04-23,facebook-post,2026Q2 cotitură UE + criză guvern,263,1,4,0,3.802281368821293,15.209125475285171,0.0,0.2
2026-04-24_subiectul-cel-mai-important-pentru-romania-pe-care-l-am-abor,2026-04-24,facebook-post,2026Q2 cotitură UE + criză guvern,200,0,2,0,0.0,10.0,0.0,0.0
2026-04-25_am-semnat-asear-demisiile-ministrilor-social-democrati-si-pr,2026-04-25,facebook-post,2026Q2 cotitură UE + criză guvern,61,0,0,1,0.0,0.0,16.39344262295082,0.0
2026-04-28_astazi-la-dubrovnik-in-marja-summitului-initiativei-celor-tr,2026-04-28,facebook-post,2026Q2 cotitură UE + criză guvern,156,0,0,0,0.0,0.0,0.0,0.0
2026-04-28_in-marja-summitului-initiativei-celor-trei-mari-de-la-dubrov,2026-04-28,facebook-post,2026Q2 cotitură UE + criză guvern,86,0,0,0,0.0,0.0,0.0,0.0
2026-04-28_romania-a-participat-activ-si-cu-succes-la-efortul-transatla,2026-04-28,facebook-post,2026Q2 cotitură UE + criză guvern,130,0,0,0,0.0,0.0,0.0,0.0
2026-04-29_am-participat-astazi-la-sesiunea-speciala-a-forumului-de-afa,2026-04-29,facebook-post,2026Q2 cotitură UE + criză guvern,95,0,0,0,0.0,0.0,0.0,0.0
2026-05-03_felicitari-elevilor-romani-din-lotul-national-de-robotica-ca,2026-05-03,facebook-post,2026Q2 cotitură UE + criză guvern,136,0,0,0,0.0,0.0,0.0,0.0
2026-05-03_in-drum-spre-armenia-unde-voi-participa-alaturi-de-doamna-pr,2026-05-03,facebook-post,2026Q2 cotitură UE + criză guvern,92,0,0,0,0.0,0.0,0.0,0.0
2026-05-04_am-avut-placerea-de-a-ma-intalni-cu-principele-albert-al-ii,2026-05-04,facebook-post,2026Q2 cotitură UE + criză guvern,63,0,1,0,0.0,15.873015873015873,0.0,0.0
2026-05-04_am-organizat-astazi-in-marja-reuniunii-comunitatii-politice,2026-05-04,facebook-post,2026Q2 cotitură UE + criză guvern,100,0,1,0,0.0,10.0,0.0,0.0
2026-05-04_multumesc-prietenilor-europeni-pentru-participarea-la-discut,2026-05-04,facebook-post,2026Q2 cotitură UE + criză guvern,72,0,1,0,0.0,13.88888888888889,0.0,0.0
2026-05-12_abordarea-strategica-a-romaniei-in-ceea-ce-priveste-politica,2026-05-12,facebook-post,2026Q2 cotitură UE + criză guvern,183,0,1,1,0.0,5.46448087431694,5.46448087431694,0.0
2026-05-12_am-avut-o-discutie-substantiala-cu-presedintele-poloniei-kar,2026-05-12,facebook-post,2026Q2 cotitură UE + criză guvern,143,0,0,0,0.0,0.0,0.0,0.0
2026-05-12_intalnire-de-lucru-alaturi-de-secretarul-general-al-nato-mar,2026-05-12,facebook-post,2026Q2 cotitură UE + criză guvern,121,0,0,0,0.0,0.0,0.0,0.0
2026-05-13_am-avut-astazi-o-intrevedere-excelenta-cu-presedintele-curti,2026-05-13,facebook-post,2026Q2 cotitură UE + criză guvern,67,0,1,0,0.0,14.925373134328359,0.0,0.0
2026-05-13_le-am-urat-bun-venit-la-bucuresti-liderilor-statelor-membre,2026-05-13,facebook-post,2026Q2 cotitură UE + criză guvern,211,0,1,0,0.0,4.739336492890995,0.0,0.0
2026-05-13_live-declaratii-de-presa-comune-ale-presedintelui-romaniei-n,2026-05-13,facebook-post,2026Q2 cotitură UE + criză guvern,35,0,0,0,0.0,0.0,0.0,0.0
2026-05-13_o-participare-ampla-astazi-la-bucuresti-a-statelor-din-forma,2026-05-13,facebook-post,2026Q2 cotitură UE + criză guvern,250,1,0,0,4.0,0.0,0.0,1.0
2026-05-13_presedintele-volodimir-zelenski-a-fost-invitatul-special-al,2026-05-13,facebook-post,2026Q2 cotitură UE + criză guvern,132,0,1,0,0.0,7.575757575757576,0.0,0.0
2026-05-13_zi-foarte-importanta-astazi-la-palatul-cotroceni-unde-are-lo,2026-05-13,facebook-post,2026Q2 cotitură UE + criză guvern,70,0,0,0,0.0,0.0,0.0,0.0
2026-05-14_la-summitul-b9-am-reconfirmat-un-lucru-esential-securitatea,2026-05-14,facebook-post,2026Q2 cotitură UE + criză guvern,42,0,0,0,0.0,0.0,0.0,0.0
2026-05-15_investitiile-in-tot-ce-tine-de-apararea-cetatenilor-nostri-a,2026-05-15,facebook-post,2026Q2 cotitură UE + criză guvern,189,0,0,0,0.0,0.0,0.0,0.0
2026-05-21_t,2026-05-21,facebook-post,2026Q2 cotitură UE + criză guvern,131,0,0,0,0.0,0.0,0.0,0.0
2025-05-08_dezbatere-euronews-simion,2025-05-08,dezbatere-electorala,2025Q2 campanie + investitură,62,1,4,0,16.129032258064516,64.51612903225806,0.0,0.2
2024-12-16_anunt-candidatura,2024-12-16,anunt-candidatura,2024Q4-2025Q1 candidatură-precampanie,122,0,0,0,0.0,0.0,0.0,0.0
2025-02-03_lansare-campanie-romania-onesta,2025-02-03,lansare-campanie,2024Q4-2025Q1 candidatură-precampanie,191,1,0,1,5.2356020942408374,0.0,5.2356020942408374,1.0
2025-05-19_discurs-victorie,2025-05-19,discurs-victorie,2025Q2 campanie + investitură,268,1,0,0,3.7313432835820897,0.0,0.0,1.0
2025-05-26_discurs-investitura,2025-05-26,discurs-investitura,2025Q2 campanie + investitură,1030,3,3,1,2.912621359223301,2.912621359223301,0.970873786407767,0.75
2025-06-04_conferinta-presa-cotroceni,2025-06-04,conferinta-presa,2025Q3 deficit + reforma economică,111,2,0,2,18.01801801801802,0.0,18.01801801801802,2.0
2025-09-04_autoevaluare-100-zile,2025-09-04,interviu-autoevaluare,2025Q4 stabilizare + diplomație,168,3,1,2,17.857142857142858,5.9523809523809526,11.904761904761905,1.5
2025-12-31_mesaj-anul-nou,2025-12-31,mesaj-anul-nou,2025Q4-2026Q1 reformă judiciară,293,0,3,0,0.0,10.238907849829351,0.0,0.0
2024-12-04_political-studio-nicusor-dan-the-signal-is-good-even-if-it-i,2024-12-04,video-transcript,2024Q4-2025Q1 candidatură-precampanie,2478,27,18,13,10.895883777239709,7.263922518159807,5.246166263115415,1.4210526315789473
2024-12-16_nicusor-dan-despre-calin-georgescu-in-ceea-ce-priveste-conte,2024-12-16,video-transcript,2024Q4-2025Q1 candidatură-precampanie,70,1,1,1,14.285714285714286,14.285714285714286,14.285714285714286,0.5
2024-12-16_nicusor-dan-intentionez-sa-candidez-ca-independent-la-aleger,2024-12-16,video-transcript,2024Q4-2025Q1 candidatură-precampanie,716,4,4,1,5.58659217877095,5.58659217877095,1.3966480446927374,0.8
2024-12-16_nicusor-dan-si-a-anuntat-candidatura-la-alegerile-prezidenti,2024-12-16,video-transcript,2024Q4-2025Q1 candidatură-precampanie,2551,33,19,36,12.93610348882791,7.448059584476676,14.112112896903175,1.65
2024-12-18_nicusor-dan-iesirea-unui-partid-din-coalitie-ne-ar-lasa-cu-u,2024-12-18,video-transcript,2024Q4-2025Q1 candidatură-precampanie,4318,40,45,48,9.263547938860583,10.421491431218156,11.116257526632701,0.8695652173913043
2024-12-19_nicusor-dan-dupa-retragerea-psd-de-la-negocieri-sunt-surprin,2024-12-19,video-transcript,2024Q4-2025Q1 candidatură-precampanie,527,11,4,5,20.872865275142313,7.590132827324478,9.487666034155598,2.2
2024-12-23_nicusor-dan-despre-candidatura-lui-crin-antonescu-partidele,2024-12-23,video-transcript,2024Q4-2025Q1 candidatură-precampanie,569,3,5,5,5.272407732864675,8.787346221441124,8.787346221441124,0.5
2024-12-25_mesajul-lui-nicusor-dan-pentru-romani-stiri-b1tv-25-dec-2024,2024-12-25,video-transcript,2024Q4-2025Q1 candidatură-precampanie,206,0,2,1,0.0,9.70873786407767,4.854368932038835,0.0
2024-12-30_nicusor-dan-candidez-indiferent-de-ce-va-fi-stiri-b1tv-30-de,2024-12-30,video-transcript,2024Q4-2025Q1 candidatură-precampanie,223,3,0,2,13.452914798206278,0.0,8.968609865470851,3.0
2024-12-30_nicusor-dan-despre-calin-georgescu-stiri-b1tv-30-dec-2024,2024-12-30,video-transcript,2024Q4-2025Q1 candidatură-precampanie,643,3,5,3,4.665629860031104,7.776049766718507,4.665629860031104,0.5
2025-01-09_nicusor-dan-critica-decizia-coalitiei-privind-data-alegerilo,2025-01-09,video-transcript,2024Q4-2025Q1 candidatură-precampanie,534,2,2,0,3.745318352059925,3.745318352059925,0.0,0.6666666666666666
2025-01-13_nicusor-dan-explicatiile-privind-anularea-prezidentialelor-s,2025-01-13,video-transcript,2024Q4-2025Q1 candidatură-precampanie,132,0,2,1,0.0,15.151515151515152,7.575757575757576,0.0
2025-01-18_nicusor-dan-cere-explicatii-pentru-anulare-stiri-b1tv-18-ian,2025-01-18,video-transcript,2024Q4-2025Q1 candidatură-precampanie,219,4,1,3,18.264840182648403,4.566210045662101,13.698630136986301,2.0
2025-01-30_nicusor-dan-despre-alegerile-prezidentiale-daca-va-castiga-g,2025-01-30,video-transcript,2024Q4-2025Q1 candidatură-precampanie,170,2,0,5,11.764705882352942,0.0,29.41176470588235,2.0
2025-02-04_nicusor-dan-declara-iar-ca-nu-se-retrage-din-cursa-in-turul,2025-02-04,video-transcript,2024Q4-2025Q1 candidatură-precampanie,92,0,0,2,0.0,0.0,21.73913043478261,0.0
2025-02-05_nicusor-dan-cand-statul-se-imprumuta-ca-sa-plateasca-deficit,2025-02-05,video-transcript,2024Q4-2025Q1 candidatură-precampanie,383,0,0,0,0.0,0.0,0.0,0.0
2025-02-05_nicusor-dan-despre-scandalul-nordis-mult-din-ce-se-construie,2025-02-05,video-transcript,2024Q4-2025Q1 candidatură-precampanie,5459,32,29,41,5.861879465103499,5.312328265250046,7.510533064663858,1.0666666666666667
2025-02-08_nicusor-dan-reactie-in-scandalul-cu-lasconi-stiri-b1tv-8-feb,2025-02-08,video-transcript,2024Q4-2025Q1 candidatură-precampanie,113,2,1,4,17.699115044247787,8.849557522123893,35.39823008849557,1.0
2025-02-16_nicusor-dan-vrem-sa-cumparam-inca-250-de-tramvaie-si-sa-mode,2025-02-16,video-transcript,2024Q4-2025Q1 candidatură-precampanie,318,3,0,0,9.433962264150944,0.0,0.0,3.0
2025-02-24_nicusor-dan-despre-demisia-lui-ciolacu-stiri-b1tv-24-febr-20,2025-02-24,video-transcript,2024Q4-2025Q1 candidatură-precampanie,173,1,2,0,5.780346820809249,11.560693641618498,0.0,0.3333333333333333
2025-02-26_nicusor-dan-despre-dovezile-pe-care-vrea-sa-le-vada-in-legat,2025-02-26,video-transcript,2024Q4-2025Q1 candidatură-precampanie,214,1,3,1,4.672897196261682,14.018691588785046,4.672897196261682,0.25
2025-02-27_nicusor-dan-despre-inculparea-lui-calin-georgescu-trebuie-sa,2025-02-27,video-transcript,2024Q4-2025Q1 candidatură-precampanie,558,8,7,5,14.336917562724015,12.544802867383513,8.960573476702509,1.0
2025-02-27_sume-uriase-si-tehnologie-avansata-nicusor-dan-despre-campan,2025-02-27,video-transcript,2024Q4-2025Q1 candidatură-precampanie,139,3,2,3,21.58273381294964,14.388489208633093,21.58273381294964,1.0
2025-03-07_nicusor-dan-candidatura-mea-este-candidatura-celor-240-de-mi,2025-03-07,video-transcript,2025Q2 campanie + investitură,132,1,1,4,7.575757575757576,7.575757575757576,30.303030303030305,0.5
2025-03-07_nicusor-dan-fata-de-aceasta-decizie-a-ccr-ne-invartim-in-cee,2025-03-07,video-transcript,2025Q2 campanie + investitură,158,1,2,3,6.329113924050633,12.658227848101266,18.9873417721519,0.3333333333333333
2025-03-07_nicusor-dan-primul-candidat-care-s-a-inscris-oficial-la-prez,2025-03-07,video-transcript,2025Q2 campanie + investitură,90,1,0,4,11.11111111111111,0.0,44.44444444444444,1.0
2025-03-14_buna-romania-nicusor-dan-romania-e-un-stat-bolnav-bec-trebui,2025-03-14,video-transcript,2025Q2 campanie + investitură,3085,25,20,27,8.103727714748784,6.482982171799027,8.752025931928687,1.1904761904761905
2025-03-14_nicusor-dan-despre-premierul-ciolacu-este-evident-ca-toata-l,2025-03-14,video-transcript,2025Q2 campanie + investitură,435,1,6,2,2.2988505747126435,13.793103448275861,4.597701149425287,0.14285714285714285
2025-03-19_nicusor-dan-am-discutat-cu-bolojan-la-cotroceni-despre-alege,2025-03-19,video-transcript,2025Q2 campanie + investitură,1363,14,4,23,10.271460014673515,2.93470286133529,16.874541452677917,2.8
2025-04-01_nicusor-dan-criticat-dur-dupa-declaratia-despre-introducerea,2025-04-01,video-transcript,2025Q2 campanie + investitură,1184,10,3,3,8.445945945945946,2.5337837837837838,2.5337837837837838,2.5
2025-04-02_nicusor-dan-ar-putea-fi-un-presedinte-care-sa-aduca-prestigi,2025-04-02,video-transcript,2025Q2 campanie + investitură,71,1,0,0,14.084507042253522,0.0,0.0,1.0
2025-04-08_crin-antonescu-il-troleaza-pe-nicusor-dan-nu-mananc-medenele,2025-04-08,video-transcript,2025Q2 campanie + investitură,57,0,1,0,0.0,17.54385964912281,0.0,0.0
2025-04-11_lasconi-arata-mesajul-de-la-nicusor-dan-cand-ii-cere-sa-se-v,2025-04-11,video-transcript,2025Q2 campanie + investitură,142,4,1,1,28.169014084507044,7.042253521126761,7.042253521126761,2.0
2025-05-02_nicusor-dan-mesaj-pentru-romani-sa-aleaga-pe-cei-care-au-dov,2025-05-02,video-transcript,2025Q2 campanie + investitură,205,0,0,2,0.0,0.0,9.75609756097561,0.0
2025-05-04_nicusor-dan-am-votat-pentru-speranta-si-pentru-un-nou-incepu,2025-05-04,video-transcript,2025Q2 campanie + investitură,146,0,0,0,0.0,0.0,0.0,0.0
2025-05-04_nicusor-dan-o-sa-fie-o-disputa-intre-un-candidat-pro-occiden,2025-05-04,video-transcript,2025Q2 campanie + investitură,679,4,8,5,5.891016200294551,11.782032400589102,7.363770250368188,0.4444444444444444
2025-05-04_nicusor-dan-sa-ne-raportam-cu-pruden-a-la-rezultatele-exit-p,2025-05-04,video-transcript,2025Q2 campanie + investitură,242,2,0,3,8.264462809917354,0.0,12.396694214876034,2.0
2025-05-05_exclusiv-nicusor-dan-dupa-turul-i-al-prezidentialelor-urmeaz,2025-05-05,video-transcript,2025Q2 campanie + investitură,171,2,2,3,11.695906432748538,11.695906432748538,17.54385964912281,0.6666666666666666
2025-05-05_nicusor-dan-despre-turul-doi-ii-chem-pe-toti-romanii-sa-fie,2025-05-05,video-transcript,2025Q2 campanie + investitură,249,0,0,0,0.0,0.0,0.0,0.0
2025-05-06_apelul-lui-nicusor-dan-dupa-evolutiile-pietei-financiare-din,2025-05-06,video-transcript,2025Q2 campanie + investitură,213,1,0,0,4.694835680751174,0.0,0.0,1.0
2025-05-07_editie-speciala-nicusor-dan-anunta-ca-accepta-invitatia-lui,2025-05-07,video-transcript,2025Q2 campanie + investitură,3786,36,22,15,9.508716323296355,5.8108821975699945,3.9619651347068148,1.565217391304348
2025-05-07_interviu-nicusor-dan-despre-criza-economica-in-care-poate-in,2025-05-07,video-transcript,2025Q2 campanie + investitură,1991,14,16,13,7.031642390758413,8.03616273229533,6.529382219989955,0.8235294117647058
2025-05-07_nicusor-dan-despre-planul-lui-simion-de-concediere-a-bugetar,2025-05-07,video-transcript,2025Q2 campanie + investitură,72,4,1,2,55.55555555555556,13.88888888888889,27.77777777777778,2.0
2025-05-07_nicusor-dan-interviu-exclusiv-pentru-euronews-romania,2025-05-07,video-transcript,2025Q2 campanie + investitură,140,0,2,2,0.0,14.285714285714286,14.285714285714286,0.0
2025-05-07_nicusor-dan-romania-are-nevoie-de-schimbare-dar-nu-una-care,2025-05-07,video-transcript,2025Q2 campanie + investitură,100,1,1,0,10.0,10.0,0.0,0.5
2025-05-07_nicusor-dan-romania-are-nevoie-de-schimbare-dar-nu-una-care_yMbfqR,2025-05-07,video-transcript,2025Q2 campanie + investitură,99,1,1,0,10.1010101010101,10.1010101010101,0.0,0.5
2025-05-10_nicusor-dan-nu-poti-sa-dai-afara-500-000-de-oameni-e-imposib,2025-05-10,video-transcript,2025Q2 campanie + investitură,212,1,1,1,4.716981132075472,4.716981132075472,4.716981132075472,0.5
2025-05-14_nicusor-dan-dau-in-scris-ca-tva-nu-va-creste,2025-05-14,video-transcript,2025Q2 campanie + investitură,98,0,2,0,0.0,20.408163265306122,0.0,0.0
2025-05-15_educatia-e-o-problema-de-securitate-nationala-nicusor-dan-ce,2025-05-15,video-transcript,2025Q2 campanie + investitură,274,2,6,1,7.299270072992701,21.8978102189781,3.6496350364963503,0.2857142857142857
2025-05-15_nicusor-dan-nu-sunt-izolationist-sunt-suveranist-ce-a-spus-c,2025-05-15,video-transcript,2025Q2 campanie + investitură,94,1,0,1,10.638297872340425,0.0,10.638297872340425,1.0
2025-05-15_nicusor-dan-prima-reactie-dupa-jignirea-lui-simion-n-dan-con,2025-05-15,video-transcript,2025Q2 campanie + investitură,80,0,0,0,0.0,0.0,0.0,0.0
2025-05-15_nicusor-dan-vs-george-simion-cele-mai-importante-momente-din,2025-05-15,video-transcript,2025Q2 campanie + investitură,534,3,2,3,5.617977528089888,3.745318352059925,5.617977528089888,1.0
2025-05-16_fiul-lui-ratiu-mesaj-pentru-nicusor-dan-b1tv-16-mai-2025,2025-05-16,video-transcript,2025Q2 campanie + investitură,59,1,0,1,16.949152542372882,0.0,16.949152542372882,1.0
2025-05-18_alegeri-prezidentiale-2025-mesajul-lui-nicusor-dan-dupa-apar,2025-05-18,video-transcript,2025Q2 campanie + investitură,364,0,0,0,0.0,0.0,0.0,0.0
2025-05-18_nicusor-dan-am-votat-pentru-o-directie-europeana-nu-pentru-i,2025-05-18,video-transcript,2025Q2 campanie + investitură,52,0,1,0,0.0,19.23076923076923,0.0,0.0
2025-05-18_nicusor-dan-dupa-ce-a-castigat-alegerile-prezidentiale-e-vic,2025-05-18,video-transcript,2025Q2 campanie + investitură,234,1,0,1,4.273504273504273,0.0,4.273504273504273,1.0
2025-05-18_nicusor-dan-incepem-o-noua-etapa-de-maine-la-munca-sustinato,2025-05-18,video-transcript,2025Q2 campanie + investitură,330,1,0,0,3.0303030303030303,0.0,0.0,1.0
2025-05-18_romania-alege-cu-l-chiriac-discursul-presedintelui-nicusor-d,2025-05-18,video-transcript,2025Q2 campanie + investitură,445,3,0,6,6.741573033707865,0.0,13.48314606741573,3.0
2025-05-19_nicusor-dan-despre-scenariul-unei-victorii-a-lui-george-simi,2025-05-19,video-transcript,2025Q2 campanie + investitură,290,4,0,0,13.793103448275861,0.0,0.0,4.0
2025-05-19_nicusor-dan-despre-viitorul-premier-bolojan-ramane-optiunea,2025-05-19,video-transcript,2025Q2 campanie + investitură,221,1,2,1,4.524886877828054,9.049773755656108,4.524886877828054,0.3333333333333333
2025-05-20_nicusor-dan-despre-planurile-pentru-romania-stiri-b1tv-20-ma,2025-05-20,video-transcript,2025Q2 campanie + investitură,205,0,1,2,0.0,4.878048780487805,9.75609756097561,0.0
2025-05-22_ce-spune-nicusor-dan-despre-relatiile-romaniei-cu-sua-si-ue,2025-05-22,video-transcript,2025Q2 campanie + investitură,1769,11,20,15,6.218202374222725,11.305822498586773,8.479366873940078,0.5238095238095238
2025-05-22_nicusor-dan-daca-sunt-amenintari-institutiile-isi-vor-face-d,2025-05-22,video-transcript,2025Q2 campanie + investitură,64,1,0,0,15.625,0.0,0.0,1.0
2025-05-22_nicusor-dan-despre-cum-va-evita-romania-atacurile-hibride-tr,2025-05-22,video-transcript,2025Q2 campanie + investitură,75,1,1,1,13.333333333333334,13.333333333333334,13.333333333333334,0.5
2025-05-22_nicusor-dan-despre-subventiile-pentru-partide-b1tv-22-mai-20,2025-05-22,video-transcript,2025Q2 campanie + investitură,434,1,3,5,2.304147465437788,6.912442396313364,11.52073732718894,0.25
2025-05-22_nicusor-dan-o-tinta-realista-de-deficit-este-7-5-din-pib,2025-05-22,video-transcript,2025Q2 campanie + investitură,133,2,0,0,15.037593984962406,0.0,0.0,2.0
2025-05-22_nicusor-dan-statul-roman-trebuie-sa-rezolve-obstacolele-pe-c,2025-05-22,video-transcript,2025Q2 campanie + investitură,291,1,2,3,3.4364261168384878,6.8728522336769755,10.309278350515465,0.3333333333333333
2025-05-22_nicusor-dan-trebuie-sa-lamurim-anularea-alegerilor-de-anul-t,2025-05-22,video-transcript,2025Q2 campanie + investitură,84,0,4,0,0.0,47.61904761904762,0.0,0.0
2025-05-22_nicusor-dan-urmeaza-un-nou-capitol-in-istoria-recenta-si-con,2025-05-22,video-transcript,2025Q2 campanie + investitură,92,0,2,0,0.0,21.73913043478261,0.0,0.0
2025-05-23_nicusor-dan-propune-o-tinta-de-deficit-bugetar-de-7-5-din-pi,2025-05-23,video-transcript,2025Q2 campanie + investitură,152,1,1,0,6.578947368421052,6.578947368421052,0.0,0.5
2025-05-24_nicusor-dan-e-un-deficit-de-implicare-in-politica-statul-est,2025-05-24,video-transcript,2025Q2 campanie + investitură,230,1,1,1,4.3478260869565215,4.3478260869565215,4.3478260869565215,0.5
2025-05-26_live-investirea-lui-nicusor-dan-juramantul-de-la-parlament-s,2025-05-26,video-transcript,2025Q2 campanie + investitură,2601,14,15,12,5.3825451749327184,5.767012687427912,4.61361014994233,0.875
2025-05-26_nicusor-dan-oficial-presedintele-romaniei-ceremonia-de-inves,2025-05-26,video-transcript,2025Q2 campanie + investitură,2411,14,12,10,5.806719203649938,4.977187888842804,4.14765657403567,1.0769230769230769
2025-05-26_nicusor-dan-reformele-fiscale-sunt-inevitabile-e-obligatoriu,2025-05-26,video-transcript,2025Q2 campanie + investitură,935,9,7,7,9.62566844919786,7.4866310160427805,7.4866310160427805,1.125
2025-05-26_stirile-kanal-d-exclusiv-nicusor-dan-primul-discurs-ca-prese,2025-05-26,video-transcript,2025Q2 campanie + investitură,794,2,2,0,2.5188916876574305,2.5188916876574305,0.0,0.6666666666666666
2025-05-27_nicusor-dan-despre-fetita-sa-mi-a-zis-ca-m-am-plictisit-la-d,2025-05-27,video-transcript,2025Q2 campanie + investitură,91,0,0,0,0.0,0.0,0.0,0.0
2025-05-28_mesajul-lui-nicusor-dan-inainte-de-consultarile-de-la-cotroc,2025-05-28,video-transcript,2025Q2 campanie + investitură,51,0,0,2,0.0,0.0,39.21568627450981,0.0
2025-05-29_nicusor-dan-explica-de-ce-nu-vrea-un-premier-tehnocrat-in-vi,2025-05-29,video-transcript,2025Q2 campanie + investitură,387,2,3,3,5.167958656330749,7.751937984496124,7.751937984496124,0.5
2025-05-30_nicusor-dan-dupa-decizia-ccr-privind-declaratiile-de-avere-d,2025-05-30,video-transcript,2025Q2 campanie + investitură,73,2,1,1,27.397260273972602,13.698630136986301,13.698630136986301,1.0
2025-05-30_nicusor-dan-primele-discutii-cu-partidele-privind-formarea-g,2025-05-30,video-transcript,2025Q2 campanie + investitură,81,1,2,1,12.345679012345679,24.691358024691358,12.345679012345679,0.3333333333333333
2025-05-30_presedintele-nicusor-dan-l-am-invitat-pe-donald-trump-in-rom,2025-05-30,video-transcript,2025Q2 campanie + investitură,50,3,1,0,60.0,20.0,0.0,1.5
2025-06-02_briefing-nicusor-dan-avem-un-stat-disfunctional-si-trebuie-s,2025-06-02,video-transcript,2025Q3 deficit + reforma economică,1238,8,7,7,6.462035541195476,5.654281098546042,5.654281098546042,1.0
2025-06-02_conferinta-presa-nicusor-dan-concluzii-summit-si-situatia-di,2025-06-02,video-transcript,2025Q3 deficit + reforma economică,1579,6,13,5,3.799873337555415,8.233058898036733,3.1665611146295123,0.42857142857142855
2025-06-03_nicusor-dan-anunturi-de-ultima-ora-despre-situatia-economica,2025-06-03,video-transcript,2025Q3 deficit + reforma economică,154,0,0,1,0.0,0.0,6.4935064935064934,0.0
2025-06-03_nicusor-dan-cere-implicarea-serviciilor-secrete-pentru-a-com,2025-06-03,video-transcript,2025Q3 deficit + reforma economică,155,0,1,0,0.0,6.451612903225806,0.0,0.0
2025-06-03_romania-lui-vitalie-nicusor-dan-cere-implicarea-serviciilor,2025-06-03,video-transcript,2025Q3 deficit + reforma economică,3526,15,37,28,4.254112308564946,10.493477027793533,7.941009642654566,0.39473684210526316
2025-06-04_conferinta-de-presa-sustinuta-de-presedintele-romaniei-nicus_74PzSE,2025-06-04,video-transcript,2025Q3 deficit + reforma economică,4650,36,56,39,7.741935483870968,12.043010752688172,8.387096774193548,0.631578947368421
2025-06-04_nicusor-dan-amenintarea-ruseasca-vizeaza-toata-europa-relati,2025-06-04,video-transcript,2025Q3 deficit + reforma economică,182,3,1,3,16.483516483516482,5.4945054945054945,16.483516483516482,1.5
2025-06-04_nicusor-dan-despre-cheltuielile-statului-platim-o-pizza-medi,2025-06-04,video-transcript,2025Q3 deficit + reforma economică,64,2,0,0,31.25,0.0,0.0,2.0
2025-06-04_nicusor-dan-despre-situatia-bugetului,2025-06-04,video-transcript,2025Q3 deficit + reforma economică,116,1,1,0,8.620689655172415,8.620689655172415,0.0,0.5
2025-06-04_nicusor-dan-luni-vom-avea-o-prima-schita-a-programului-de-gu,2025-06-04,video-transcript,2025Q3 deficit + reforma economică,56,0,0,1,0.0,0.0,17.857142857142858,0.0
2025-06-04_zamfir-si-buzaianu-au-comentat-conferinta-de-presa-a-lui-nic,2025-06-04,video-transcript,2025Q3 deficit + reforma economică,109,0,1,0,0.0,9.174311926605505,0.0,0.0
2025-06-05_alocutiunea-presedintelui-romaniei-nicusor-dan-la-forumul-na,2025-06-05,video-transcript,2025Q3 deficit + reforma economică,412,3,6,1,7.281553398058253,14.563106796116505,2.4271844660194173,0.42857142857142855
2025-06-09_nicusor-dan-taxele-pe-tranzactii-bancare-doar-scenarii-guver,2025-06-09,video-transcript,2025Q3 deficit + reforma economică,112,0,0,1,0.0,0.0,8.928571428571429,0.0
2025-06-10_conferinta-sustinuta-de-presedinta-moldovei-maia-sandu-si-pr,2025-06-10,video-transcript,2025Q3 deficit + reforma economică,900,2,8,6,2.2222222222222223,8.88888888888889,6.666666666666667,0.2222222222222222
2025-06-10_nicusor-dan-a-confirmat-continuarea-sprijinului-romaniei-pen,2025-06-10,video-transcript,2025Q3 deficit + reforma economică,136,1,3,1,7.352941176470588,22.058823529411764,7.352941176470588,0.25
2025-06-10_studio-politic-nicusor-dan-romania-sprijina-aderarea-republi,2025-06-10,video-transcript,2025Q3 deficit + reforma economică,556,1,3,1,1.7985611510791366,5.39568345323741,1.7985611510791366,0.25
2025-06-11_editie-speciala-nicusor-dan-prezinta-prioritatile-partidelor,2025-06-11,video-transcript,2025Q3 deficit + reforma economică,237,1,2,1,4.219409282700422,8.438818565400844,4.219409282700422,0.3333333333333333
2025-06-11_taxele-ultima-optiune-nicusor-dan-prioritatea-taierea-unor-c,2025-06-11,video-transcript,2025Q3 deficit + reforma economică,124,1,1,1,8.064516129032258,8.064516129032258,8.064516129032258,0.5
2025-06-20_declaratie-de-presa-sustinuta-de-presedintele-romaniei-nicus,2025-06-20,video-transcript,2025Q3 deficit + reforma economică,291,0,3,0,0.0,10.309278350515465,0.0,0.0
2025-06-25_nicusor-dan-crestem-cheltuielile-de-aparare-pentru-ca-orice,2025-06-25,video-transcript,2025Q3 deficit + reforma economică,64,0,1,1,0.0,15.625,15.625,0.0
2025-06-26_declaratia-presedintelui-romaniei-nicusor-dan-dupa-participa,2025-06-26,video-transcript,2025Q3 deficit + reforma economică,542,12,8,2,22.14022140221402,14.760147601476016,3.690036900369004,1.3333333333333333
2025-06-26_nicusor-dan-declaratie-de-la-summitul-nato-digi24v-stiriledi,2025-06-26,video-transcript,2025Q3 deficit + reforma economică,67,0,0,0,0.0,0.0,0.0,0.0
2025-07-14_conferinta-de-presa-sustinuta-de-presedintele-romaniei-nicus_cp-szg,2025-07-14,video-transcript,2025Q3 deficit + reforma economică,6807,46,52,46,6.757749375642721,7.639194946378728,6.757749375642721,0.8679245283018868
2025-07-14_nicusor-dan-despre-cresterea-tva-digi24-stiriledigi24,2025-07-14,video-transcript,2025Q3 deficit + reforma economică,90,0,1,0,0.0,11.11111111111111,0.0,0.0
2025-07-14_nicusor-dan-despre-introducerea-femicidului-in-legislatia-ro,2025-07-14,video-transcript,2025Q3 deficit + reforma economică,131,0,0,0,0.0,0.0,0.0,0.0
2025-07-14_nicusor-dan-despre-primele-de-pensionare-de-la-ccr-si-pensii,2025-07-14,video-transcript,2025Q3 deficit + reforma economică,189,2,3,1,10.582010582010582,15.873015873015873,5.291005291005291,0.5
2025-07-14_nicusor-dan-nu-ne-dorim-sa-avem-rusia-ca-vecin-vom-ajuta-ucr,2025-07-14,video-transcript,2025Q3 deficit + reforma economică,84,1,0,0,11.904761904761905,0.0,0.0,1.0
2025-07-15_nicusor-dan-masura-cresterii-tva-putea-sa-nu-fie-luata,2025-07-15,video-transcript,2025Q3 deficit + reforma economică,105,0,1,0,0.0,9.523809523809524,0.0,0.0
2025-07-16_nicusor-dan-despre-femicid-digi24-stiriledigi24,2025-07-16,video-transcript,2025Q3 deficit + reforma economică,88,1,2,0,11.363636363636363,22.727272727272727,0.0,0.3333333333333333
2025-07-16_nicusor-dan-despre-femicid-trebuie-sa-ajungem-sa-transmitem,2025-07-16,video-transcript,2025Q3 deficit + reforma economică,347,3,9,1,8.645533141210375,25.936599423631122,2.881844380403458,0.3
2025-07-18_declaratia-presedintelui-romaniei-nicusor-dan-si-cancelarul,2025-07-18,video-transcript,2025Q3 deficit + reforma economică,888,6,6,0,6.756756756756757,6.756756756756757,0.0,0.8571428571428571
2025-07-18_nicusor-dan-despre-interferentele-rusesti-in-alegerile-prezi,2025-07-18,video-transcript,2025Q3 deficit + reforma economică,1510,6,13,14,3.9735099337748343,8.609271523178808,9.271523178807946,0.42857142857142855
2025-07-21_nicusor-dan-despre-influenta-rusiei-in-alegeri-anuntul-impor,2025-07-21,video-transcript,2025Q3 deficit + reforma economică,150,0,2,0,0.0,13.333333333333334,0.0,0.0
2025-07-30_nicusor-dan-propune-reguli-noi-privind-cererile-de-pensionar,2025-07-30,video-transcript,2025Q3 deficit + reforma economică,3638,28,29,24,7.696536558548653,7.971412864211105,6.597031335898846,0.9333333333333333
2025-07-30_ora-14-presedintele-nicusor-dan-sustine-o-conferinta-de-pres,2025-07-30,video-transcript,2025Q3 deficit + reforma economică,7533,58,61,55,7.699455728129563,8.09770343820523,7.301208018053896,0.9354838709677419
2025-07-31_conferinta-de-presa-sustinuta-de-presedintele-romaniei-nicus_nGAQ5B,2025-07-31,video-transcript,2025Q3 deficit + reforma economică,7537,58,61,55,7.695369510415285,8.093405864402282,7.297333156428287,0.9354838709677419
2025-07-31_nicusor-dan-despre-valul-de-pensionari-din-justitie-ce-este,2025-07-31,video-transcript,2025Q3 deficit + reforma economică,99,0,0,1,0.0,0.0,10.1010101010101,0.0
2025-08-24_nicusor-dan-mesaj-pentru-ucraina-ucraina-celebreaza-ziua-ind,2025-08-24,video-transcript,2025Q3 deficit + reforma economică,99,0,0,0,0.0,0.0,0.0,0.0
2025-08-26_discursul-presedintelui-romaniei-nicusor-dan-cu-ocazia-reuni,2025-08-26,video-transcript,2025Q3 deficit + reforma economică,879,4,25,4,4.550625711035267,28.441410693970422,4.550625711035267,0.15384615384615385
2025-08-29_editie-speciala-nicusor-dan-reactioneaza-in-cazul-livratorul,2025-08-29,video-transcript,2025Q3 deficit + reforma economică,518,14,9,4,27.027027027027028,17.374517374517374,7.722007722007722,1.4
2025-08-31_nicusor-dan-sunteti-mai-europeni-decat-europenii-si-locul-du,2025-08-31,video-transcript,2025Q3 deficit + reforma economică,53,1,0,1,18.867924528301888,0.0,18.867924528301888,1.0
2025-09-01_nicusor-dan-2025-si-2026-vor-fi-ani-dificili-pentru-romani,2025-09-01,video-transcript,2025Q4 stabilizare + diplomație,175,0,3,1,0.0,17.142857142857142,5.714285714285714,0.0
2025-09-02_conferinta-presedintele-romaniei-nicusor-dan-si-presedinta-c,2025-09-02,video-transcript,2025Q4 stabilizare + diplomație,383,2,2,0,5.221932114882507,5.221932114882507,0.0,0.6666666666666666
2025-09-03_nicusor-dan-coalitia-de-guvernare-functioneaza-si-va-merge-i,2025-09-03,video-transcript,2025Q4 stabilizare + diplomație,45,1,0,2,22.22222222222222,0.0,44.44444444444444,1.0
2025-09-03_nicusor-dan-energia-nucleara-reprezinta-20-din-necesarul-de,2025-09-03,video-transcript,2025Q4 stabilizare + diplomație,316,2,0,0,6.329113924050633,0.0,0.0,2.0
2025-09-05_nicusor-dan-despre-pensiile-specialilor-au-fost-suprasolicit,2025-09-05,video-transcript,2025Q4 stabilizare + diplomație,185,4,0,2,21.62162162162162,0.0,10.81081081081081,4.0
2025-09-05_nicusor-dan-romania-nu-va-trimite-trupe-de-mentinere-a-pacii,2025-09-05,video-transcript,2025Q4 stabilizare + diplomație,103,1,1,0,9.70873786407767,9.70873786407767,0.0,0.5
2025-09-10_alocutiunea-presedintelui-romaniei-nicusor-dan-sustinuta-in,2025-09-10,video-transcript,2025Q4 stabilizare + diplomație,475,3,1,5,6.315789473684211,2.1052631578947367,10.526315789473685,1.5
2025-09-10_nicusor-dan-daca-se-va-intampla-si-la-noi-vom-reactiona-la-f,2025-09-10,video-transcript,2025Q4 stabilizare + diplomație,69,0,1,0,0.0,14.492753623188406,0.0,0.0
2025-09-11_ce-spune-nicusor-dan-despre-vizita-in-sua-sper-sa-fie-o-vizi,2025-09-11,video-transcript,2025Q4 stabilizare + diplomație,124,2,0,3,16.129032258064516,0.0,24.193548387096776,2.0
2025-09-11_nicusor-dan-daca-ucraina-cedeaza-romania-ar-fi-vecina-direct,2025-09-11,video-transcript,2025Q4 stabilizare + diplomație,522,4,6,0,7.662835249042145,11.494252873563218,0.0,0.5714285714285714
2025-09-11_nicusor-dan-de-zece-ani-romania-e-in-razboiul-hibrid-al-fede,2025-09-11,video-transcript,2025Q4 stabilizare + diplomație,873,15,6,7,17.18213058419244,6.8728522336769755,8.018327605956472,2.142857142857143
2025-09-11_nicusor-dan-despre-cresterea-aur-in-sondaje-arata-ca-cei-40,2025-09-11,video-transcript,2025Q4 stabilizare + diplomație,470,7,5,11,14.893617021276595,10.638297872340425,23.404255319148938,1.1666666666666667
2025-09-12_nicusor-dan-romania-de-10-ani-sub-atacul-hibrid-al-rusiei-ab,2025-09-12,video-transcript,2025Q4 stabilizare + diplomație,76,0,0,1,0.0,0.0,13.157894736842104,0.0
2025-09-16_nicusor-dan-reactie-dupa-incidentul-din-spatiul-aerian-roman,2025-09-16,video-transcript,2025Q4 stabilizare + diplomație,155,0,3,1,0.0,19.35483870967742,6.451612903225806,0.0
2025-09-16_nicusor-dan-we-don-t-know-if-the-russian-drone-was-armed,2025-09-16,video-transcript,2025Q4 stabilizare + diplomație,101,0,0,1,0.0,0.0,9.900990099009901,0.0
2025-09-25_nicusor-dan-au-fost-80-000-de-atacuri-cibernetice-in-perioad,2025-09-25,video-transcript,2025Q4 stabilizare + diplomație,138,0,1,0,0.0,7.246376811594203,0.0,0.0
2025-09-25_nicusor-dan-georgescu-nu-a-fost-un-calaret-singuratic-in-jur,2025-09-25,video-transcript,2025Q4 stabilizare + diplomație,94,0,1,0,0.0,10.638297872340425,0.0,0.0
2025-09-25_nicusor-dan-nu-vad-rusia-capabila-sa-atace-nato-dar-provocar,2025-09-25,video-transcript,2025Q4 stabilizare + diplomație,126,1,3,1,7.936507936507937,23.80952380952381,7.936507936507937,0.25
2025-09-25_nicusor-dan-primul-interviu-dupa-sedinta-csat-la-digi24,2025-09-25,video-transcript,2025Q4 stabilizare + diplomație,2174,9,18,3,4.139834406623735,8.27966881324747,1.3799448022079117,0.47368421052631576
2025-09-25_nicusor-dan-primul-interviu-dupa-sedinta-csat-rusia-ramane-i,2025-09-25,video-transcript,2025Q4 stabilizare + diplomație,7052,35,52,30,4.963131026659104,7.37379466817924,4.254112308564946,0.660377358490566
2025-09-26_nicusor-dan-despre-influenta-sri-in-romania-stiri-b1tv-26-se,2025-09-26,video-transcript,2025Q4 stabilizare + diplomație,136,0,1,0,0.0,7.352941176470588,0.0,0.0
2025-09-26_nicusor-dan-sri-a-intervenit-in-viata-politica-si-economica,2025-09-26,video-transcript,2025Q4 stabilizare + diplomație,158,0,1,0,0.0,6.329113924050633,0.0,0.0
2025-09-30_nicusor-dan-a-anuntat-cand-va-desecretiza-sedinta-csat-si-ac,2025-09-30,video-transcript,2025Q4 stabilizare + diplomație,179,2,0,0,11.1731843575419,0.0,0.0,2.0
2025-09-30_nicusor-dan-avem-dovada-cu-peschir-banuim-ca-au-fost-20-de-m,2025-09-30,video-transcript,2025Q4 stabilizare + diplomație,230,0,0,1,0.0,0.0,4.3478260869565215,0.0
2025-09-30_nicusor-dan-despre-aderarea-moldovei-la-ue-poate-fi-facuta-c,2025-09-30,video-transcript,2025Q4 stabilizare + diplomație,141,4,0,1,28.368794326241133,0.0,7.092198581560283,4.0
2025-09-30_nicusor-dan-despre-anularea-alegerilor-avem-dovada-ca-au-fos,2025-09-30,video-transcript,2025Q4 stabilizare + diplomație,367,3,1,0,8.174386920980927,2.7247956403269753,0.0,1.5
2025-09-30_nicusor-dan-despre-stagiul-militar-voluntar-romania-sa-aiba,2025-09-30,video-transcript,2025Q4 stabilizare + diplomație,195,2,1,0,10.256410256410257,5.128205128205129,0.0,1.0
2025-10-02_nicusor-dan-amenin-area-nu-mai-este-o-chestiune-de-vecinatat,2025-10-02,video-transcript,2025Q4 stabilizare + diplomație,84,0,0,0,0.0,0.0,0.0,0.0
2025-10-14_studio-politic-nicusor-dan-vrea-sa-implice-sri-in-lupta-anti,2025-10-14,video-transcript,2025Q4 stabilizare + diplomație,129,0,1,0,0.0,7.751937984496124,0.0,0.0
2025-10-21_nicusor-dan-in-principiu-imi-doresc-un-al-doilea-mandat-la-c,2025-10-21,video-transcript,2025Q4 stabilizare + diplomație,83,1,0,1,12.048192771084338,0.0,12.048192771084338,1.0
2025-10-23_nicusor-dan-avem-un-razboi-hibrid-de-cel-putin-10-ani,2025-10-23,video-transcript,2025Q4 stabilizare + diplomație,591,3,3,2,5.0761421319796955,5.0761421319796955,3.3840947546531304,0.75
2025-10-23_nicusor-dan-trebuie-sa-ne-echipam-ca-sa-descurajam-rusia-de,2025-10-23,video-transcript,2025Q4 stabilizare + diplomație,81,0,2,2,0.0,24.691358024691358,24.691358024691358,0.0
2025-10-24_nicusor-dan-a-society-is-defined-by-the-institutions-it-has,2025-10-24,video-transcript,2025Q4 stabilizare + diplomație,313,5,5,2,15.97444089456869,15.97444089456869,6.389776357827476,0.8333333333333334
2025-10-27_nicusor-dan-catedrala-nationala-simbol-de-speranta-intr-o-pe,2025-10-27,video-transcript,2025Q4 stabilizare + diplomație,221,0,0,0,0.0,0.0,0.0,0.0
2025-11-02_nicusor-dan-reactie-despre-reducerea-numarului-de-militari-a,2025-11-02,video-transcript,2025Q4 stabilizare + diplomație,631,4,5,8,6.3391442155309035,7.9239302694136295,12.678288431061807,0.6666666666666666
2025-11-06_rutte-nato-isi-va-juca-rolul-sau-nicusor-dan-reinarmarea-nu,2025-11-06,video-transcript,2025Q4 stabilizare + diplomație,773,1,6,0,1.2936610608020698,7.7619663648124195,0.0,0.14285714285714285
2025-11-07_nicusor-dan-despre-intalnirea-lui-bolojan-nu-cred-ca-premier,2025-11-07,video-transcript,2025Q4 stabilizare + diplomație,98,0,3,2,0.0,30.612244897959183,20.408163265306122,0.0
2025-11-07_nicusor-dan-despre-salariul-minim-sa-inghete,2025-11-07,video-transcript,2025Q4 stabilizare + diplomație,89,3,1,0,33.70786516853933,11.235955056179776,0.0,1.5
2025-11-11_nicusor-dan-declaratia-oanei-gheorghiu-e-nefericita-reactia,2025-11-11,video-transcript,2025Q4 stabilizare + diplomație,57,2,0,1,35.08771929824562,0.0,17.54385964912281,2.0
2025-11-11_presedintele-romaniei-nicusor-dan-despre-pensii-si-justitie,2025-11-11,video-transcript,2025Q4 stabilizare + diplomație,111,0,3,0,0.0,27.027027027027028,0.0,0.0
2025-11-12_ce-l-a-socat-pe-nicusor-dan-dupa-ce-a-ajuns-presedinte,2025-11-12,video-transcript,2025Q4 stabilizare + diplomație,145,1,0,1,6.896551724137931,0.0,6.896551724137931,1.0
2025-11-12_conferinta-de-presa-sustinuta-de-presedintele-romaniei-nicus_6l2Eup,2025-11-12,video-transcript,2025Q4 stabilizare + diplomație,6453,45,36,44,6.97350069735007,5.578800557880056,6.818534015186735,1.2162162162162162
2025-11-12_nicusor-dan-conferinta-de-presa-presedintele-prezinta-strate,2025-11-12,video-transcript,2025Q4 stabilizare + diplomație,5484,47,32,46,8.570386579139315,5.835156819839534,8.38803792851933,1.4242424242424243
2025-11-12_nicusor-dan-e-mai-bine-sa-fii-vecin-cu-ucraina-decat-cu-rusi,2025-11-12,video-transcript,2025Q4 stabilizare + diplomație,196,1,1,0,5.1020408163265305,5.1020408163265305,0.0,0.5
2025-11-12_nicusor-dan-nu-ne-dorim-sa-fim-vecini-cu-rusia,2025-11-12,video-transcript,2025Q4 stabilizare + diplomație,332,1,1,1,3.0120481927710845,3.0120481927710845,3.0120481927710845,0.5
2025-11-12_nicusor-dan-nu-vrem-sa-aparam-statul-vrem-sa-aparam-cetateni,2025-11-12,video-transcript,2025Q4 stabilizare + diplomație,1839,2,13,1,1.0875475802066341,7.0690592713431215,0.5437737901033171,0.14285714285714285
2025-11-12_nicusor-dan-serviciile-de-informatii-vor-fi-implicate-in-lup,2025-11-12,video-transcript,2025Q4 stabilizare + diplomație,97,0,1,0,0.0,10.309278350515465,0.0,0.0
2025-11-21_nicusor-dan-despre-aducerea-in-tara-a-mercenarului-horatiu-p,2025-11-21,video-transcript,2025Q4 stabilizare + diplomație,87,1,2,1,11.494252873563218,22.988505747126435,11.494252873563218,0.3333333333333333
2025-11-21_nicusor-dan-orice-plan-de-pace-trebuie-aprobat-de-ucraina,2025-11-21,video-transcript,2025Q4 stabilizare + diplomație,406,3,6,5,7.389162561576355,14.77832512315271,12.31527093596059,0.42857142857142855
2025-11-21_prima-reactie-a-lui-nicusor-dan-dupa-informatiile-aparute-cu,2025-11-21,video-transcript,2025Q4 stabilizare + diplomație,166,0,5,0,0.0,30.120481927710845,0.0,0.0
2025-11-26_nicusor-dan-declaratii-din-parlament-despre-problemele-inter,2025-11-26,video-transcript,2025Q4 stabilizare + diplomație,1054,5,6,0,4.743833017077799,5.692599620493358,0.0,0.7142857142857143
2025-11-26_nicusor-dan-declaratii-dupa-sustinerea-discursului-in-parlam,2025-11-26,video-transcript,2025Q4 stabilizare + diplomație,273,1,2,1,3.663003663003663,7.326007326007326,3.663003663003663,0.3333333333333333
2025-11-26_nicusor-dan-drone-care-din-cand-in-cand-intra-pe-teritoriul,2025-11-26,video-transcript,2025Q4 stabilizare + diplomație,130,1,0,0,7.6923076923076925,0.0,0.0,1.0
2025-11-26_nicusor-dan-vom-sustine-in-continuare-ucraina-si-republica-m,2025-11-26,video-transcript,2025Q4 stabilizare + diplomație,49,0,0,0,0.0,0.0,0.0,0.0
2025-12-01_nicusor-dan-mesaj-de-ziua-nationala-e-o-zi-de-sarbatoare-sa,2025-12-01,video-transcript,2025Q4-2026Q1 reformă judiciară,71,0,0,0,0.0,0.0,0.0,0.0
2025-12-01_nicusor-dan-suntem-membri-ai-ue-dar-de-multe-ori-vocea-roman,2025-12-01,video-transcript,2025Q4-2026Q1 reformă judiciară,77,0,1,0,0.0,12.987012987012987,0.0,0.0
2025-12-02_nicusor-dan-mesaj-de-1-decembrie-digi24-stiriledigi24,2025-12-02,video-transcript,2025Q4-2026Q1 reformă judiciară,165,1,1,0,6.0606060606060606,6.0606060606060606,0.0,0.5
2025-12-02_nicusor-dan-mesaj-de-1-decembrie-totusi-suntem-mai-putin-cor,2025-12-02,video-transcript,2025Q4-2026Q1 reformă judiciară,1205,2,4,0,1.6597510373443984,3.319502074688797,0.0,0.4
2025-12-03_nicusor-dan-despre-criza-apei-potabile-din-prahova-vinova-ia,2025-12-03,video-transcript,2025Q4-2026Q1 reformă judiciară,798,5,5,8,6.265664160401003,6.265664160401003,10.025062656641603,0.8333333333333334
2025-12-03_nicusor-dan-despre-criza-apei-potabile-din-prahova-vinova-ia_cxJ5Wc,2025-12-03,video-transcript,2025Q4-2026Q1 reformă judiciară,86,3,2,3,34.883720930232556,23.25581395348837,34.883720930232556,1.0
2025-12-03_nicusor-dan-dupa-amenintarile-lui-putin-sunt-declaratii-pent,2025-12-03,video-transcript,2025Q4-2026Q1 reformă judiciară,80,0,0,0,0.0,0.0,0.0,0.0
2025-12-03_nicusor-dan-vinovatia-este-la-apele-romane,2025-12-03,video-transcript,2025Q4-2026Q1 reformă judiciară,291,3,3,5,10.309278350515465,10.309278350515465,17.18213058419244,0.75
2025-12-04_nicusor-dan-despre-alegerile-anulate-au-aparut-suficiente-in,2025-12-04,video-transcript,2025Q4-2026Q1 reformă judiciară,149,5,1,3,33.557046979865774,6.7114093959731544,20.13422818791946,2.5
2025-12-04_nicusor-dan-despre-demisia-lui-mosteanu-intensitatea-critici,2025-12-04,video-transcript,2025Q4-2026Q1 reformă judiciară,139,0,0,0,0.0,0.0,0.0,0.0
2025-12-04_nicusor-dan-vinovatia-este-la-apele-romane-newsroom-din-3-de,2025-12-04,video-transcript,2025Q4-2026Q1 reformă judiciară,660,4,4,6,6.0606060606060606,6.0606060606060606,9.090909090909092,0.8
2025-12-07_presedintele-nicusor-dan-de-mult-nu-am-mai-votat-pentru-altc,2025-12-07,video-transcript,2025Q4-2026Q1 reformă judiciară,112,1,0,3,8.928571428571429,0.0,26.785714285714285,1.0
2025-12-09_nicusor-dan-nu-vad-vreun-motiv-pentru-care-un-ministru-trebu,2025-12-09,video-transcript,2025Q4-2026Q1 reformă judiciară,109,1,1,2,9.174311926605505,9.174311926605505,18.34862385321101,0.5
2025-12-10_nicusor-dan-nu-toti-votantii-aur-sunt-extremisti-stiri-b1tv,2025-12-10,video-transcript,2025Q4-2026Q1 reformă judiciară,163,0,3,1,0.0,18.404907975460123,6.134969325153374,0.0
2025-12-10_romania-lui-vitalie-nicusor-dan-despre-strategia-de-securita,2025-12-10,video-transcript,2025Q4-2026Q1 reformă judiciară,2880,23,14,10,7.986111111111111,4.861111111111111,3.4722222222222223,1.5333333333333334
2025-12-11_nicusor-dan-judecatorii-sa-se-implice-in-rezolvarea-probleme,2025-12-11,video-transcript,2025Q4-2026Q1 reformă judiciară,40,1,0,1,25.0,0.0,25.0,1.0
2025-12-15_nicusor-dan-anunturi-majore-in-scandalurile-momentului,2025-12-15,video-transcript,2025Q4-2026Q1 reformă judiciară,331,5,0,2,15.105740181268882,0.0,6.042296072507553,5.0
2025-12-16_nicusor-dan-declara-ca-rusia-va-continua-sa-fie-o-amenintare,2025-12-16,video-transcript,2025Q4-2026Q1 reformă judiciară,880,2,6,3,2.272727272727273,6.818181818181818,3.409090909090909,0.2857142857142857
2025-12-16_nicusor-dan-sunt-destul-de-pesimist-cu-privire-la-intentia-r,2025-12-16,video-transcript,2025Q4-2026Q1 reformă judiciară,85,1,0,2,11.764705882352942,0.0,23.529411764705884,1.0
2025-12-16_nicusor-dan-trebuie-sa-fim-calmi-dar-sa-investim-in-aparare,2025-12-16,video-transcript,2025Q4-2026Q1 reformă judiciară,60,0,2,0,0.0,33.333333333333336,0.0,0.0
2025-12-17_declaratia-presedintelui-romaniei-nicusor-dan-in-regatul-mar,2025-12-17,video-transcript,2025Q4-2026Q1 reformă judiciară,890,11,3,9,12.359550561797754,3.3707865168539324,10.112359550561798,2.75
2025-12-17_nicusor-dan-despre-cresterea-impozitelor-nu-e-nici-fericire,2025-12-17,video-transcript,2025Q4-2026Q1 reformă judiciară,88,1,1,1,11.363636363636363,11.363636363636363,11.363636363636363,0.5
2025-12-17_nicusor-dan-sunt-probleme-la-modul-in-care-se-fac-promovaril,2025-12-17,video-transcript,2025Q4-2026Q1 reformă judiciară,660,5,9,7,7.575757575757576,13.636363636363637,10.606060606060606,0.5
2025-12-18_nicusor-dan-avem-atacuri-cibernetice-campanie-de-dezinformar,2025-12-18,video-transcript,2025Q4-2026Q1 reformă judiciară,263,2,2,0,7.604562737642586,7.604562737642586,0.0,0.6666666666666666
2025-12-18_nicusor-dan-problema-fundamentala-este-de-ce-nu-reusim-in-15,2025-12-18,video-transcript,2025Q4-2026Q1 reformă judiciară,53,1,0,1,18.867924528301888,0.0,18.867924528301888,1.0
2025-12-18_nicusor-dan-problema-fundamentala-este-de-ce-nu-reusim-in-15_wynkjt,2025-12-18,video-transcript,2025Q4-2026Q1 reformă judiciară,200,2,0,2,10.0,0.0,10.0,2.0
2025-12-18_nicusor-dan-sustinem-oricare-dintre-variantele-de-ajutor-fin,2025-12-18,video-transcript,2025Q4-2026Q1 reformă judiciară,370,2,3,2,5.405405405405405,8.108108108108109,5.405405405405405,0.5
2025-12-19_nicusor-dan-anunt-inainte-de-intalnirea-cu-magistratii,2025-12-19,video-transcript,2025Q4-2026Q1 reformă judiciară,93,0,1,0,0.0,10.75268817204301,0.0,0.0
2025-12-21_declaratia-presedintelui-romaniei-nicusor-dan-pe-tema-proble,2025-12-21,video-transcript,2025Q4-2026Q1 reformă judiciară,1403,8,8,9,5.702066999287242,5.702066999287242,6.414825374198147,0.8888888888888888
2025-12-21_nicusor-dan-exista-magistrati-care-actioneaza-in-interesul-u_i-HYCW,2025-12-21,video-transcript,2025Q4-2026Q1 reformă judiciară,114,0,0,0,0.0,0.0,0.0,0.0
2025-12-21_nicusor-dan-magistratii-intimidati-inainte-de-discutiile-de,2025-12-21,video-transcript,2025Q4-2026Q1 reformă judiciară,299,0,0,1,0.0,0.0,3.3444816053511706,0.0
2025-12-21_nicusor-dan-magistratii-intimidati-inainte-de-discutiile-de__MoX2e,2025-12-21,video-transcript,2025Q4-2026Q1 reformă judiciară,135,0,0,2,0.0,0.0,14.814814814814815,0.0
2025-12-21_nicusor-dan-voi-face-un-referendum-daca-csm-nu-actioneaza-in,2025-12-21,video-transcript,2025Q4-2026Q1 reformă judiciară,124,0,0,0,0.0,0.0,0.0,0.0
2025-12-21_nicusor-dan-voi-initia-in-ianuarie-un-referendum-in-cadrul-c,2025-12-21,video-transcript,2025Q4-2026Q1 reformă judiciară,184,1,0,0,5.434782608695652,0.0,0.0,1.0
2025-12-22_discutii-publice-la-cotroceni-intre-presedintele-romaniei-ni_7lGgIp,2025-12-22,video-transcript,2025Q4-2026Q1 reformă judiciară,12220,105,78,83,8.592471358428805,6.382978723404255,6.7921440261865795,1.3291139240506329
2025-12-22_nicusor-dan-anunta-un-referendum-printre-magistrati-digi24,2025-12-22,video-transcript,2025Q4-2026Q1 reformă judiciară,151,0,0,0,0.0,0.0,0.0,0.0
2025-12-22_nicusor-dan-multe-dintre-cele-semnalate-necesita-verificari,2025-12-22,video-transcript,2025Q4-2026Q1 reformă judiciară,54,0,0,0,0.0,0.0,0.0,0.0
2026-01-01_nicusor-dan-mesaj-de-condoleante-dupa-incediul-din-elvetia,2026-01-01,video-transcript,2025Q4-2026Q1 reformă judiciară,75,0,0,0,0.0,0.0,0.0,0.0
2026-01-06_declaratia-presedintelui-romaniei-nicusor-dan-dupa-participa_iZQQF2,2026-01-06,video-transcript,2025Q4-2026Q1 reformă judiciară,2632,22,8,17,8.358662613981762,3.0395136778115504,6.458966565349544,2.4444444444444446
2026-01-06_nicusor-dan-declaratii-la-bordul-avionului-spartan-cu-care-a,2026-01-06,video-transcript,2025Q4-2026Q1 reformă judiciară,50,0,0,0,0.0,0.0,0.0,0.0
2026-01-06_nicusor-dan-suntem-intr-un-context-international-dificil,2026-01-06,video-transcript,2025Q4-2026Q1 reformă judiciară,96,0,1,0,0.0,10.416666666666666,0.0,0.0
2026-01-07_garantii-de-securitate-pentru-ucraina-si-mize-interne-nicuso,2026-01-07,video-transcript,2025Q4-2026Q1 reformă judiciară,2510,22,8,17,8.764940239043824,3.187250996015936,6.772908366533865,2.4444444444444446
2026-01-07_nicusor-dan-e-nevoie-de-un-avion-prezidential,2026-01-07,video-transcript,2025Q4-2026Q1 reformă judiciară,204,0,2,2,0.0,9.803921568627452,9.803921568627452,0.0
2026-01-07_nicusor-dan-mi-ar-fi-placut-mai-degraba-ca-taxele-sa-scada,2026-01-07,video-transcript,2025Q4-2026Q1 reformă judiciară,134,0,0,2,0.0,0.0,14.925373134328359,0.0
2026-01-15_nicusor-dan-ne-asteapta-o-perioada-complicata-si-dificil-de,2026-01-15,video-transcript,2025Q4-2026Q1 reformă judiciară,84,0,0,0,0.0,0.0,0.0,0.0
2026-01-15_nicusor-dan-romania-sustine-pacea-in-ucraina-si-integrarea-r,2026-01-15,video-transcript,2025Q4-2026Q1 reformă judiciară,2099,9,4,1,4.287756074321106,1.9056693663649358,0.47641734159123394,1.8
2026-01-20_nicusor-dan-anunta-azi-daca-merge-la-davos-pentru-consiliul,2026-01-20,video-transcript,2025Q4-2026Q1 reformă judiciară,45,0,1,0,0.0,22.22222222222222,0.0,0.0
2026-01-22_nicusor-dan-despre-pozitia-romaniei-cu-privire-la-groenlanda,2026-01-22,video-transcript,2025Q4-2026Q1 reformă judiciară,263,1,4,1,3.802281368821293,15.209125475285171,3.802281368821293,0.2
2026-01-23_nicusor-dan-explica-ce-inseamna-ca-nu-a-mers-teleleu-la-davo,2026-01-23,video-transcript,2025Q4-2026Q1 reformă judiciară,125,2,0,3,16.0,0.0,24.0,2.0
2026-01-24_discursul-lui-nicusor-dan-de-la-iasi-bruiat-de-simpatizantii,2026-01-24,video-transcript,2025Q4-2026Q1 reformă judiciară,477,0,3,3,0.0,6.289308176100629,6.289308176100629,0.0
2026-01-24_huiduieli-si-aplauze-la-focsani-nicusor-dan-este-un-drept-pe,2026-01-24,video-transcript,2025Q4-2026Q1 reformă judiciară,371,0,2,0,0.0,5.390835579514825,0.0,0.0
2026-01-24_nicusor-dan-e-democratie-e-libertate-sa-spuna-fiecare-ce-vre,2026-01-24,video-transcript,2025Q4-2026Q1 reformă judiciară,1548,10,8,12,6.459948320413437,5.167958656330749,7.751937984496124,1.1111111111111112
2026-01-24_nicusor-dan-la-multi-ani-dragi-focsaneni-care-huiduiti-autor,2026-01-24,video-transcript,2025Q4-2026Q1 reformă judiciară,99,0,0,0,0.0,0.0,0.0,0.0
2026-01-24_nicusor-dan-mae-analizeaza-participarea-romaniei-la-consiliu,2026-01-24,video-transcript,2025Q4-2026Q1 reformă judiciară,57,0,0,0,0.0,0.0,0.0,0.0
2026-01-24_nicusor-dan-nu-facem-comedii-din-relatia-intre-guvern-si-par,2026-01-24,video-transcript,2025Q4-2026Q1 reformă judiciară,123,0,3,1,0.0,24.390243902439025,8.130081300813009,0.0
2026-01-24_ziua-unirii-principatelor-umbrita-de-proteste-discursul-lui,2026-01-24,video-transcript,2025Q4-2026Q1 reformă judiciară,192,0,0,3,0.0,0.0,15.625,0.0
2026-01-30_nicusor-dan-despre-numirile-la-sri-si-sie-digi24-stiriledigi,2026-01-30,video-transcript,2025Q4-2026Q1 reformă judiciară,169,1,1,0,5.9171597633136095,5.9171597633136095,0.0,0.5
2026-01-30_nicusor-dan-despre-tensiunile-din-coalitie-nu-exista-alterna,2026-01-30,video-transcript,2025Q4-2026Q1 reformă judiciară,4944,21,23,34,4.247572815533981,4.65210355987055,6.877022653721683,0.875
2026-01-30_nicusor-dan-despre-tensiunile-din-coalitie-nu-exista-alterna_9sksTM,2026-01-30,video-transcript,2025Q4-2026Q1 reformă judiciară,87,2,0,0,22.988505747126435,0.0,0.0,2.0
2026-01-30_nicusor-dan-despre-vizita-in-sua-digi24-stiriledigi24,2026-01-30,video-transcript,2025Q4-2026Q1 reformă judiciară,101,2,0,2,19.801980198019802,0.0,19.801980198019802,2.0
2026-01-30_nicusor-dan-nu-exista-risc-de-crestere-de-taxe-in-viitorul-a,2026-01-30,video-transcript,2025Q4-2026Q1 reformă judiciară,122,0,1,0,0.0,8.19672131147541,0.0,0.0
2026-01-30_nicusor-dan-un-guvern-minoritar-putin-probabil-bolojan-a-rap,2026-01-30,video-transcript,2025Q4-2026Q1 reformă judiciară,132,5,0,0,37.878787878787875,0.0,0.0,5.0
2026-02-09_participa-sau-nu-romania-la-consiliul-pentru-pace-al-lui-tru,2026-02-09,video-transcript,2025Q4-2026Q1 reformă judiciară,54,0,0,0,0.0,0.0,0.0,0.0
2026-02-12_ce-spune-nicusor-dan-despre-participarea-romaniei-la-prima-e,2026-02-12,video-transcript,2025Q4-2026Q1 reformă judiciară,100,2,0,0,20.0,0.0,0.0,2.0
2026-02-12_declaratii-de-presa-sustinute-de-presedintele-romaniei-nicus,2026-02-12,video-transcript,2025Q4-2026Q1 reformă judiciară,702,3,5,0,4.273504273504273,7.122507122507122,0.0,0.5
2026-02-12_nicusor-dan-anunt-de-la-consiliul-european-il-refuza-din-nou,2026-02-12,video-transcript,2025Q4-2026Q1 reformă judiciară,1923,5,16,3,2.6001040041601664,8.320332813312532,1.5600624024960998,0.29411764705882354
2026-02-12_nicusor-dan-despre-candidatii-la-sefia-parchetelor-sunt-pers,2026-02-12,video-transcript,2025Q4-2026Q1 reformă judiciară,153,15,0,7,98.03921568627452,0.0,45.751633986928105,15.0
2026-02-12_nicusor-dan-dupa-summitul-din-belgia-comisia-europeana-va-pr,2026-02-12,video-transcript,2025Q4-2026Q1 reformă judiciară,3128,25,22,17,7.9923273657289,7.033248081841432,5.434782608695652,1.0869565217391304
2026-02-12_nicusor-dan-este-evidenta-tergiversarea-ccr-imi-doresc-o-asu,2026-02-12,video-transcript,2025Q4-2026Q1 reformă judiciară,59,0,0,2,0.0,0.0,33.898305084745765,0.0
2026-02-12_nicusor-dan-pretul-energiei-este-o-chestiune-foarte-importan,2026-02-12,video-transcript,2025Q4-2026Q1 reformă judiciară,117,0,1,0,0.0,8.547008547008547,0.0,0.0
2026-02-12_nicusor-dan-romania-poate-fi-cel-mult-observator-in-consiliu,2026-02-12,video-transcript,2025Q4-2026Q1 reformă judiciară,184,1,1,0,5.434782608695652,5.434782608695652,0.0,0.5
2026-02-13_declaratiile-presedintelui-romaniei-nicusor-dan-dupa-reuniun,2026-02-13,video-transcript,2025Q4-2026Q1 reformă judiciară,2572,25,19,17,9.720062208398133,7.387247278382581,6.609642301710731,1.25
2026-02-13_nicusor-dan-despre-propunerile-privind-scaderea-pretului-ene,2026-02-13,video-transcript,2025Q4-2026Q1 reformă judiciară,93,0,0,0,0.0,0.0,0.0,0.0
2026-02-13_nicusor-dan-in-ciuda-atacurilor-coalitia-functioneaza-mai-bi,2026-02-13,video-transcript,2025Q4-2026Q1 reformă judiciară,143,1,0,1,6.993006993006993,0.0,6.993006993006993,1.0
2026-02-17_nicusor-dan-prezenta-la-consiliul-de-pace-necesara-dupa-anul,2026-02-17,video-transcript,2025Q4-2026Q1 reformă judiciară,170,6,1,1,35.294117647058826,5.882352941176471,5.882352941176471,3.0
2026-02-19_declaratii-de-presa-sustinute-de-presedintele-romaniei-nicus,2026-02-19,video-transcript,2025Q4-2026Q1 reformă judiciară,913,7,2,2,7.667031763417306,2.190580503833516,2.190580503833516,2.3333333333333335
2026-02-19_interviu-exclusiv-cu-nicusor-dan-dupa-intalnirea-cu-trump,2026-02-19,video-transcript,2025Q4-2026Q1 reformă judiciară,1463,7,9,6,4.784688995215311,6.151742993848257,4.101161995898838,0.7
2026-02-19_nicusor-dan-discurs-la-consiliul-pentru-pace-in-sua-avem-bur,2026-02-19,video-transcript,2025Q4-2026Q1 reformă judiciară,193,4,0,0,20.72538860103627,0.0,0.0,4.0
2026-02-19_prima-reactie-a-lui-nicusor-dan-dupa-ce-donald-trump-l-a-num,2026-02-19,video-transcript,2025Q4-2026Q1 reformă judiciară,33,0,0,0,0.0,0.0,0.0,0.0
2026-02-20_nicusor-dan-nu-alegem-intre-sua-si-ue-romania-trebuie-sa-fie,2026-02-20,video-transcript,2025Q4-2026Q1 reformă judiciară,121,0,0,1,0.0,0.0,8.264462809917354,0.0
2026-02-20_presedintele-nicusor-dan-problema-legitimitatii-administrati,2026-02-20,video-transcript,2025Q4-2026Q1 reformă judiciară,837,6,0,4,7.168458781362007,0.0,4.778972520908005,6.0
2026-02-24_nicusor-dan-explica-de-ce-nu-a-promulgat-legea-pensiilor-spe,2026-02-24,video-transcript,2025Q4-2026Q1 reformă judiciară,80,2,0,0,25.0,0.0,0.0,2.0
2026-03-05_acum-nicusor-dan-anunta-daca-romania-va-gazdui-arme-nucleare,2026-03-05,video-transcript,2026Q2 cotitură UE + criză guvern,548,0,4,1,0.0,7.299270072992701,1.8248175182481752,0.0
2026-03-05_nicusor-dan-conferinta-de-presa-in-polonia-stiri-b1tv-5-mar,2026-03-05,video-transcript,2026Q2 cotitură UE + criză guvern,848,2,4,1,2.358490566037736,4.716981132075472,1.179245283018868,0.4
2026-03-05_nicusor-dan-despre-propunerile-pentru-sefia-parchetelor-stir,2026-03-05,video-transcript,2026Q2 cotitură UE + criză guvern,149,0,0,0,0.0,0.0,0.0,0.0
2026-03-05_nicusor-dan-despre-scumpirile-la-pompa-nu-putem-umbla-la-acc,2026-03-05,video-transcript,2026Q2 cotitură UE + criză guvern,201,1,0,0,4.975124378109452,0.0,0.0,1.0
2026-03-05_nicusor-dan-despre-situatia-din-orient-nu-o-sa-plangem-iranu,2026-03-05,video-transcript,2026Q2 cotitură UE + criză guvern,93,0,0,0,0.0,0.0,0.0,0.0
2026-03-05_nicusor-dan-despre-umbrela-nucleara-propusa-de-franta-stiri,2026-03-05,video-transcript,2026Q2 cotitură UE + criză guvern,172,0,1,0,0.0,5.813953488372093,0.0,0.0
2026-03-05_nicusor-dan-dezbaterea-pe-buget-este-o-dezbatere-legitima,2026-03-05,video-transcript,2026Q2 cotitură UE + criză guvern,115,0,0,0,0.0,0.0,0.0,0.0
2026-03-05_nicusor-dan-nu-o-sa-plangem-republica-islamica-iran,2026-03-05,video-transcript,2026Q2 cotitură UE + criză guvern,146,0,1,0,0.0,6.8493150684931505,0.0,0.0
2026-03-05_nicusor-dan-polonia-participa-la-brigada-multinationala-care,2026-03-05,video-transcript,2026Q2 cotitură UE + criză guvern,154,2,0,0,12.987012987012987,0.0,0.0,2.0
2026-03-05_nicusor-dan-polonia-si-romania-impreuna-au-multe-oportunitat,2026-03-05,video-transcript,2026Q2 cotitură UE + criză guvern,1854,2,8,4,1.0787486515641855,4.314994606256742,2.157497303128371,0.2222222222222222
2026-03-05_nicusor-dan-romania-este-acoperita-de-o-umbrela-nucleara,2026-03-05,video-transcript,2026Q2 cotitură UE + criză guvern,65,0,0,0,0.0,0.0,0.0,0.0
2026-03-05_pretul-carburantilor-nicusor-dan-exclude-modificarea-taxelor,2026-03-05,video-transcript,2026Q2 cotitură UE + criză guvern,159,1,0,0,6.289308176100629,0.0,0.0,1.0
2026-03-06_declaratii-de-presa-sustinute-de-presedintele-romaniei-nicus_Ry-ZYl,2026-03-06,video-transcript,2026Q2 cotitură UE + criză guvern,1912,2,8,4,1.0460251046025104,4.184100418410042,2.092050209205021,0.2222222222222222
2026-03-06_nicusor-dan-romania-nu-va-gazdui-focoase-nucleare-in-viitoru,2026-03-06,video-transcript,2026Q2 cotitură UE + criză guvern,108,0,1,0,0.0,9.25925925925926,0.0,0.0
2026-03-07_nicusor-dan-imi-voi-asuma-in-justitie-vin-din-societatea-civ,2026-03-07,video-transcript,2026Q2 cotitură UE + criză guvern,157,1,1,2,6.369426751592357,6.369426751592357,12.738853503184714,0.5
2026-03-11_ce-trimite-sua-in-tara-noastra-declaratiile-lui-nicusor-dan,2026-03-11,video-transcript,2026Q2 cotitură UE + criză guvern,151,0,0,0,0.0,0.0,0.0,0.0
2026-03-11_declaratie-sustinuta-de-presedintele-romaniei-nicusor-dan-du,2026-03-11,video-transcript,2026Q2 cotitură UE + criză guvern,549,0,4,0,0.0,7.285974499089253,0.0,0.0
2026-03-12_nicusor-dan-we-will-produce-drones-in-romania-together-with,2026-03-12,video-transcript,2026Q2 cotitură UE + criză guvern,378,0,1,1,0.0,2.6455026455026456,2.6455026455026456,0.0
2026-03-13_conferinta-sustinuta-de-presedintii-romaniei-si-ucrainei-nic,2026-03-13,video-transcript,2026Q2 cotitură UE + criză guvern,911,3,1,1,3.293084522502744,1.0976948408342482,1.0976948408342482,1.5
2026-03-19_conferinta-presedintelui-romaniei-nicusor-dan-si-a-secretaru,2026-03-19,video-transcript-diarizat,2026Q2 cotitură UE + criză guvern,39,0,0,0,0.0,0.0,0.0,0.0
2026-03-19_nicusor-dan-romania-has-taken-a-clear-position-on-the-transa,2026-03-19,video-transcript,2026Q2 cotitură UE + criză guvern,155,0,1,0,0.0,6.451612903225806,0.0,0.0
2026-03-19_nicusor-dan-romania-has-taken-a-clear-position-on-the-transa_BurJvC,2026-03-19,video-transcript,2026Q2 cotitură UE + criză guvern,331,0,2,0,0.0,6.042296072507553,0.0,0.0
2026-03-26_ce-a-spus-nicusor-dan-despre-o-eventuala-rationalizare-a-car,2026-03-26,video-transcript,2026Q2 cotitură UE + criză guvern,94,0,0,0,0.0,0.0,0.0,0.0
2026-03-26_nicusor-dan-a-anuntat-ca-va-promulga-legea-bugetului-asa-cum,2026-03-26,video-transcript,2026Q2 cotitură UE + criză guvern,68,0,1,1,0.0,14.705882352941176,14.705882352941176,0.0
2026-03-27_nicusor-dan-if-the-measures-are-not-sufficient-the-governmen,2026-03-27,video-transcript,2026Q2 cotitură UE + criză guvern,176,0,0,0,0.0,0.0,0.0,0.0
2026-03-30_nicusor-dan-despre-iesirea-psd-de-la-guvernare-un-guvern-min,2026-03-30,video-transcript,2026Q2 cotitură UE + criză guvern,66,2,0,1,30.303030303030305,0.0,15.151515151515152,2.0
2026-03-30_o-posibila-iesire-a-psd-de-la-guvernare-nicusor-dan-nu-cred,2026-03-30,video-transcript,2026Q2 cotitură UE + criză guvern,570,10,4,6,17.54385964912281,7.017543859649122,10.526315789473685,2.0
2026-03-31_carburantii-s-ar-putea-ieftini-nicusor-dan-cred-ca-va-fi-o-s,2026-03-31,video-transcript,2026Q2 cotitură UE + criză guvern,82,1,0,2,12.195121951219512,0.0,24.390243902439025,1.0
2026-03-31_carburantii-s-ar-putea-ieftini-nicusor-dan-cred-ca-va-fi-o-s_eIg4Ys,2026-03-31,video-transcript,2026Q2 cotitură UE + criză guvern,141,2,0,2,14.184397163120567,0.0,14.184397163120567,2.0
2026-04-01_presedintele-nicusor-dan-trecerea-romaniei-la-euro-esentiala,2026-04-01,video-transcript,2026Q2 cotitură UE + criză guvern,108,0,1,0,0.0,9.25925925925926,0.0,0.0
2026-04-07_declaratiile-presedintelui-nicusor-dan-dupa-vizita-la-centru,2026-04-07,video-transcript,2026Q2 cotitură UE + criză guvern,2191,10,13,14,4.564125969876769,5.933363760839799,6.389776357827476,0.7142857142857143
2026-04-07_nicusor-dan-despre-demisia-lui-bolojan-in-ce-calitate-sa-i-o,2026-04-07,video-transcript,2026Q2 cotitură UE + criză guvern,81,2,2,3,24.691358024691358,24.691358024691358,37.03703703703704,0.6666666666666666
2026-04-07_nicusor-dan-intrebat-daca-ii-va-cere-demisia-lui-bolojan-eu,2026-04-07,video-transcript,2026Q2 cotitură UE + criză guvern,1539,10,6,14,6.49772579597141,3.898635477582846,9.096816114359974,1.4285714285714286
2026-04-07_nicusor-dan-nu-sunt-riscuri-acum-dar-avem-un-plan-de-criza-p,2026-04-07,video-transcript,2026Q2 cotitură UE + criză guvern,128,1,0,0,7.8125,0.0,0.0,1.0
2026-04-08_nicusor-dan-anunta-numiri-in-fruntea-parchetelor-astept-o-di,2026-04-08,video-transcript,2026Q2 cotitură UE + criză guvern,3684,32,32,42,8.686210640608035,8.686210640608035,11.400651465798045,0.9696969696969697
2026-04-08_nicusor-dan-i-was-happy-that-the-head-of-the-iasi-dna-is-run,2026-04-08,video-transcript,2026Q2 cotitură UE + criză guvern,2197,7,7,9,3.186162949476559,3.186162949476559,4.096495220755576,0.875
2026-04-08_nicusor-dan-if-i-make-a-mistake-romanians-will-penalize-me,2026-04-08,video-transcript,2026Q2 cotitură UE + criză guvern,971,16,8,19,16.4778578784758,8.2389289392379,19.56745623069001,1.7777777777777777
2026-04-08_nicusor-dan-respinge-acuzatiile-nu-sunt-propunerile-psd,2026-04-08,video-transcript,2026Q2 cotitură UE + criză guvern,98,1,0,0,10.204081632653061,0.0,0.0,1.0
2026-04-09_conferinta-de-presa-sustinuta-de-presedintele-romaniei-nicus_yJJ1E7,2026-04-09,video-transcript,2026Q2 cotitură UE + criză guvern,5594,38,39,56,6.792992491955666,6.97175545227029,10.010725777618877,0.95
2026-04-17_nicusor-dan-calin-georgescu-a-fost-sustinut-de-o-infrastruct,2026-04-17,video-transcript,2026Q2 cotitură UE + criză guvern,68,0,3,0,0.0,44.11764705882353,0.0,0.0
2026-04-20_nicusor-dan-lack-of-financial-education-led-to-unhealthy-dec,2026-04-20,video-transcript,2026Q2 cotitură UE + criză guvern,477,1,1,0,2.0964360587002098,2.0964360587002098,0.0,0.5
2026-04-20_nicusor-dan-traim-un-razboi-informational-ce-a-anuntat-prese,2026-04-20,video-transcript,2026Q2 cotitură UE + criză guvern,277,0,0,0,0.0,0.0,0.0,0.0
2026-04-20_we-will-enter-political-turbulence-nicusor-dan-i-do-not-supp,2026-04-20,video-transcript,2026Q2 cotitură UE + criză guvern,1352,9,4,7,6.65680473372781,2.9585798816568047,5.177514792899408,1.8
2026-04-22_declaratie-de-presa-sustinuta-de-presedintele-romaniei-nicus,2026-04-22,video-transcript,2026Q2 cotitură UE + criză guvern,288,0,3,2,0.0,10.416666666666666,6.944444444444445,0.0
2026-04-22_kelemen-hunor-at-the-end-of-discussions-with-nicusor-dan-we,2026-04-22,video-transcript,2026Q2 cotitură UE + criză guvern,177,2,1,3,11.299435028248588,5.649717514124294,16.949152542372882,1.0
2026-04-23_nicusor-dan-despre-situatia-demisiilor-ministrilor-psd-aprec,2026-04-23,video-transcript,2026Q2 cotitură UE + criză guvern,483,0,3,3,0.0,6.211180124223603,6.211180124223603,0.0
2026-04-24_nicusor-dan-reacts-to-george-simion-s-new-discriminatory-sta,2026-04-24,video-transcript,2026Q2 cotitură UE + criză guvern,1810,13,7,14,7.18232044198895,3.867403314917127,7.734806629834254,1.625
2026-04-24_nicusor-dan-simion-s-statement-to-me-is-below-any-level-of-d,2026-04-24,video-transcript,2026Q2 cotitură UE + criză guvern,86,1,1,0,11.627906976744185,11.627906976744185,0.0,0.5
2026-04-25_nicusor-dan-a-semnat-demisiile-ministrilor-psd-anuntul-facut,2026-04-25,video-transcript,2026Q2 cotitură UE + criză guvern,81,2,0,1,24.691358024691358,0.0,12.345679012345679,2.0
2026-04-29_nicusor-dan-i-wish-romania-would-be-governed-by-pro-western,2026-04-29,video-transcript,2026Q2 cotitură UE + criză guvern,122,3,1,3,24.59016393442623,8.19672131147541,24.59016393442623,1.5
2026-05-04_nicusor-dan-europa-isi-consolideaza-apararea-pe-fondul-reori,2026-05-04,video-transcript,2026Q2 cotitură UE + criză guvern,153,1,0,1,6.5359477124183005,0.0,6.5359477124183005,1.0
2026-05-04_nicusor-dan-regardless-of-what-happens-romania-will-continue,2026-05-04,video-transcript,2026Q2 cotitură UE + criză guvern,1434,4,8,6,2.789400278940028,5.578800557880056,4.184100418410042,0.4444444444444444
2026-05-04_nicusor-dan-the-state-will-function-regardless-of-the-outcom,2026-05-04,video-transcript,2026Q2 cotitură UE + criză guvern,55,1,1,1,18.181818181818183,18.181818181818183,18.181818181818183,0.5
2026-05-05_declaratii-de-presa-sustinute-de-presedintele-romaniei-nicus,2026-05-05,video-transcript,2026Q2 cotitură UE + criză guvern,250,0,1,0,0.0,4.0,0.0,0.0
2026-05-05_nicusor-dan-vom-avea-un-nou-guvern-pro-occidental-in-termen,2026-05-05,video-transcript,2026Q2 cotitură UE + criză guvern,142,0,1,0,0.0,7.042253521126761,0.0,0.0
2026-05-06_usr-attack-on-nicusor-dan-he-was-totally-disinterested-in-th,2026-05-06,video-transcript,2026Q2 cotitură UE + criză guvern,80,0,0,0,0.0,0.0,0.0,0.0
2026-05-09_mesajul-presedintelui-romaniei-nicusor-dan-cu-prilejul-zilei,2026-05-09,video-transcript,2026Q2 cotitură UE + criză guvern,780,0,3,3,0.0,3.8461538461538463,3.8461538461538463,0.0
2026-05-09_nicusor-dan-we-will-continue-discussions-for-a-pro-western-g,2026-05-09,video-transcript,2026Q2 cotitură UE + criză guvern,101,0,0,0,0.0,0.0,0.0,0.0
2026-05-12_nicusor-dan-daca-ne-referim-la-europa-asa-ca-la-o-icoana-nu,2026-05-12,video-transcript,2026Q2 cotitură UE + criză guvern,580,3,1,6,5.172413793103448,1.7241379310344827,10.344827586206897,1.5
2026-05-12_nicusor-dan-i-will-convene-the-parties-for-formal-consultati,2026-05-12,video-transcript,2026Q2 cotitură UE + criză guvern,104,1,1,2,9.615384615384615,9.615384615384615,19.23076923076923,0.5
2026-05-12_nicusor-dan-suntem-intr-o-perioada-cu-provocari-statele-care,2026-05-12,video-transcript,2026Q2 cotitură UE + criză guvern,420,2,5,0,4.761904761904762,11.904761904761905,0.0,0.3333333333333333
2026-05-13_nicusor-dan-am-discutat-cu-secretarul-general-al-nato-despre,2026-05-13,video-transcript,2026Q2 cotitură UE + criză guvern,566,0,1,0,0.0,1.7667844522968197,0.0,0.0
2026-05-13_nicusor-dan-moldova-e-un-stat-pe-flancul-estic-amenintat-int,2026-05-13,video-transcript,2026Q2 cotitură UE + criză guvern,94,0,0,0,0.0,0.0,0.0,0.0
2026-05-13_summit-b9-la-bucuresti-nicusor-dan-trebuie-sa-sporim-cheltui,2026-05-13,video-transcript,2026Q2 cotitură UE + criză guvern,127,0,4,0,0.0,31.496062992125985,0.0,0.0
2026-05-13_summit-b9-la-bucuresti-nicusor-dan-trebuie-sa-sporim-cheltui_VSRZ5y,2026-05-13,video-transcript,2026Q2 cotitură UE + criză guvern,265,0,7,0,0.0,26.41509433962264,0.0,0.0
2026-05-15_nicusor-dan-i-would-not-like-to-appoint-a-government-that-wo,2026-05-15,video-transcript,2026Q2 cotitură UE + criză guvern,144,0,2,1,0.0,13.88888888888889,6.944444444444445,0.0
2026-05-15_nicusor-dan-majoritatea-parlamentara-va-fi-cheia-consultaril,2026-05-15,video-transcript,2026Q2 cotitură UE + criză guvern,1709,8,11,13,4.681100058513751,6.436512580456407,7.606787595084845,0.6666666666666666
