id,data,period,topic_id,topic_label
2025-02-20_in-orasele-din-moldova-pe-care-le-am-vizitat-recent-am-intal,2025-02-20,2024Q4-2025Q1 candidatură-precampanie,0,0_românia_romaniaonesta_româniei_trebuie
2025-02-20_romania-asteapta-o-schimbare-reala-romania-puternica-are-nev,2025-02-20,2024Q4-2025Q1 candidatură-precampanie,0,0_românia_romaniaonesta_româniei_trebuie
2025-02-21_discutiile-internationale-despre-reconfigurarea-securitatii,2025-02-21,2024Q4-2025Q1 candidatură-precampanie,0,0_românia_romaniaonesta_româniei_trebuie
2025-02-21_impreuna-pentru-romania-onesta,2025-02-21,2024Q4-2025Q1 candidatură-precampanie,0,0_românia_romaniaonesta_româniei_trebuie
2025-02-21_presedintele-trebuie-sa-uneasca-energiile-din-societate-doar,2025-02-21,2024Q4-2025Q1 candidatură-precampanie,0,0_românia_romaniaonesta_româniei_trebuie
2025-02-21_ultimul-dintre-studiile-de-fundamentare-necesare-pentru-actu,2025-02-21,2024Q4-2025Q1 candidatură-precampanie,1,1_bucurești_str_oraș_fonduri
2025-02-21_vrei-sa-fii-parte-din-schimbare-alatura-te-echipei-de-volunt,2025-02-21,2024Q4-2025Q1 candidatură-precampanie,6,6_voluntari_onestă_românia onestă_campaniei
2025-02-22_bucurestiul-este-finalist-la-premiile-saptamanii-europene-a,2025-02-22,2024Q4-2025Q1 candidatură-precampanie,1,1_bucurești_str_oraș_fonduri
2025-02-22_in-vremuri-complicate-singura-resursa-ramane-discernamantul,2025-02-22,2024Q4-2025Q1 candidatură-precampanie,0,0_românia_romaniaonesta_româniei_trebuie
2025-02-23_am-discutat-in-acest-week-end-cu-oameni-din-ploiesti-brasov,2025-02-23,2024Q4-2025Q1 candidatură-precampanie,0,0_românia_romaniaonesta_româniei_trebuie
2025-02-23_felicit-blocul-de-centru-dreapta-pro-european-cdu-csu-pentru,2025-02-23,2024Q4-2025Q1 candidatură-precampanie,0,0_românia_romaniaonesta_româniei_trebuie
2025-02-23_grup-de-suport-pentru-femeile-afectate-de-violenta-domestica,2025-02-23,2024Q4-2025Q1 candidatură-precampanie,1,1_bucurești_str_oraș_fonduri
2025-02-24_proiectul-politic-care-va-avea-cei-mai-multi-cei-mai-entuzia,2025-02-24,2024Q4-2025Q1 candidatură-precampanie,6,6_voluntari_onestă_românia onestă_campaniei
2025-02-25_cifrele-vorbesc-clar-suntem-pe-drumul-cel-bun-si-romania-one,2025-02-25,2024Q4-2025Q1 candidatură-precampanie,0,0_românia_romaniaonesta_româniei_trebuie
2025-02-25_impreuna-vom-reusi-romaniaonesta-romaniputernica-nicusorpres,2025-02-25,2024Q4-2025Q1 candidatură-precampanie,0,0_românia_romaniaonesta_româniei_trebuie
2025-02-25_mai-bine-mai-tarziu-decat-niciodata-alegerile-trebuie-organi,2025-02-25,2024Q4-2025Q1 candidatură-precampanie,0,0_românia_romaniaonesta_româniei_trebuie
2025-02-26_daca-voi-avea-increderea-romanilor-voi-fi-un-presedinte-acti,2025-02-26,2024Q4-2025Q1 candidatură-precampanie,0,0_românia_romaniaonesta_româniei_trebuie
2025-02-26_suntem-aproape-de-100-000-de-semnaturi-pentru-depunerea-cand,2025-02-26,2024Q4-2025Q1 candidatură-precampanie,6,6_voluntari_onestă_românia onestă_campaniei
2025-02-27_500-de-copii-vor-fi-ajutati-sa-ramana-alaturi-de-familiile-l,2025-02-27,2024Q4-2025Q1 candidatură-precampanie,1,1_bucurești_str_oraș_fonduri
2025-02-27_in-sibiu-am-descoperit-aceleasi-probleme-ca-la-bucuresti-cup,2025-02-27,2024Q4-2025Q1 candidatură-precampanie,0,0_românia_romaniaonesta_româniei_trebuie
2025-02-27_mai-multe-despre-copilaria-mea-la-fagaras-maine-dimineata-ro,2025-02-27,2024Q4-2025Q1 candidatură-precampanie,0,0_românia_romaniaonesta_româniei_trebuie
2025-02-27_maine-dimineata-lansam-un-video-despre-copilaria-mea-la-faga,2025-02-27,2024Q4-2025Q1 candidatură-precampanie,0,0_românia_romaniaonesta_româniei_trebuie
2025-02-27_toata-viata-mea-am-luptat-pentru-dreptate-pentru-protectia-c,2025-02-27,2024Q4-2025Q1 candidatură-precampanie,0,0_românia_romaniaonesta_româniei_trebuie
2025-02-28_casa-bunicii-romaniaonesta-nicusorpresedinte,2025-02-28,2024Q4-2025Q1 candidatură-precampanie,0,0_românia_romaniaonesta_româniei_trebuie
2025-02-28_cred-ca-e-important-sa-stiti-de-unde-vin-daca-si-voua-vi-se,2025-02-28,2024Q4-2025Q1 candidatură-precampanie,0,0_românia_romaniaonesta_româniei_trebuie
2025-02-28_despre-mentinerea-legaturii-cu-parintii-cand-eram-in-straina,2025-02-28,2024Q4-2025Q1 candidatură-precampanie,0,0_românia_romaniaonesta_româniei_trebuie
2025-02-28_este-profund-ingrijorator-ca-romania-a-fost-retrogradata-in,2025-02-28,2024Q4-2025Q1 candidatură-precampanie,0,0_românia_romaniaonesta_româniei_trebuie
2025-02-28_in-politica-noastra-externa-trebuie-sa-punem-intotdeauna-pe,2025-02-28,2024Q4-2025Q1 candidatură-precampanie,0,0_românia_romaniaonesta_româniei_trebuie
2025-02-28_mergeam-la-colindat-romaniaonesta-nicusorpresedinte,2025-02-28,2024Q4-2025Q1 candidatură-precampanie,0,0_românia_romaniaonesta_româniei_trebuie
2025-02-28_sust-in-ferm-ucraina-i-n-lupta-sa-pentru-o-pace-justa-s-i-su,2025-02-28,2024Q4-2025Q1 candidatură-precampanie,0,0_românia_romaniaonesta_româniei_trebuie
2025-03-01_ce-le-as-spune-copiilor-din-orasele-mici-ale-romaniei-asa-cu,2025-03-01,2025Q2 campanie + investitură,0,0_românia_romaniaonesta_româniei_trebuie
2025-03-01_filmele-si-cartile-din-copilarie-romaniaonesta-nicusorpresed,2025-03-01,2025Q2 campanie + investitură,0,0_românia_romaniaonesta_româniei_trebuie
2025-03-01_haideti-sa-stam-de-vorba-va-astept-mesajele-pe-whatsapp-la-0,2025-03-01,2025Q2 campanie + investitură,0,0_românia_romaniaonesta_româniei_trebuie
2025-03-01_rolul-scolii-romaniaonesta-nicusorpresedinte,2025-03-01,2025Q2 campanie + investitură,0,0_românia_romaniaonesta_româniei_trebuie
2025-03-01_solidaritatea-dintre-noi-romaniaonesta-nicusorpresedinte,2025-03-01,2025Q2 campanie + investitură,0,0_românia_romaniaonesta_româniei_trebuie
2025-03-01_traim-poate-cele-mai-provocatoare-vremuri-din-ultimele-decen,2025-03-01,2025Q2 campanie + investitură,0,0_românia_romaniaonesta_româniei_trebuie
2025-03-02_91-de-statii-stb-vor-primi-denumiri-noi-mai-precise-care-ref,2025-03-02,2025Q2 campanie + investitură,1,1_bucurești_str_oraș_fonduri
2025-03-02_cea-mai-entuziasta-echipa-de-voluntari-la-nivel-national-ei,2025-03-02,2025Q2 campanie + investitură,6,6_voluntari_onestă_românia onestă_campaniei
2025-03-02_educatia-primita-de-la-parinti-romaniaonesta-nicusorpresedin,2025-03-02,2025Q2 campanie + investitură,0,0_românia_romaniaonesta_româniei_trebuie
2025-03-02_mancarea-de-la-bunici-lapte-cu-mamaliga-romaniaonesta-nicuso,2025-03-02,2025Q2 campanie + investitură,0,0_românia_romaniaonesta_româniei_trebuie
2025-03-02_marim-capacitatea-de-cazare-a-adapostului-de-caini-aspa-miha,2025-03-02,2025Q2 campanie + investitură,1,1_bucurești_str_oraș_fonduri
2025-03-02_romania-pe-primul-loc-din-lume-la-matematica-romaniaonesta-n,2025-03-02,2025Q2 campanie + investitură,0,0_românia_romaniaonesta_româniei_trebuie
2025-03-02_satul-bunicilor-romaniaonesta-nicusorpresedinte,2025-03-02,2025Q2 campanie + investitură,0,0_românia_romaniaonesta_româniei_trebuie
2025-03-03_am-avut-onoarea-sa-primesc-astazi-la-sediul-primariei-capita,2025-03-03,2025Q2 campanie + investitură,1,1_bucurești_str_oraș_fonduri
2025-03-03_bucuria-de-a-merge-la-scoala-romaniaonesta-nicusorpresedinte,2025-03-03,2025Q2 campanie + investitură,0,0_românia_romaniaonesta_româniei_trebuie
2025-03-03_cand-vom-alege-pentru-urmatorii-5-ani-sa-nu-uitam-de-tinerii,2025-03-03,2025Q2 campanie + investitură,0,0_românia_romaniaonesta_româniei_trebuie
2025-03-03_pe-panoul-de-la-liceul-radu-negru-din-fagaras-romaniaonesta,2025-03-03,2025Q2 campanie + investitură,0,0_românia_romaniaonesta_româniei_trebuie
2025-03-03_vacantele-la-tara-la-bunici-romaniaonesta-nicusorpresedinte,2025-03-03,2025Q2 campanie + investitură,0,0_românia_romaniaonesta_româniei_trebuie
2025-03-04_astazi-se-implinesc-48-de-ani-de-la-cutremurul-devastator-ca,2025-03-04,2025Q2 campanie + investitură,1,1_bucurești_str_oraș_fonduri
2025-03-04_azi-serviciul-de-informatii-externe-al-rusiei-a-dat-un-comun,2025-03-04,2025Q2 campanie + investitură,0,0_românia_romaniaonesta_româniei_trebuie
2025-03-04_in-2019-am-facut-o-promisiune-simpla-dar-esentiala-primaria,2025-03-04,2025Q2 campanie + investitură,0,0_românia_romaniaonesta_româniei_trebuie
2025-03-04_viziunea-mea-pentru-un-viitor-guvern,2025-03-04,2025Q2 campanie + investitură,3,3_live_presă_declarații_politice
2025-03-05_astazi-am-avut-o-intalnire-extrem-de-interesanta-cu-reprezen,2025-03-05,2025Q2 campanie + investitură,1,1_bucurești_str_oraș_fonduri
2025-03-05_interventia-presedintelui-trump-de-azi-noapte-din-congres-es,2025-03-05,2025Q2 campanie + investitură,0,0_românia_romaniaonesta_româniei_trebuie
2025-03-05_organizam-cursuri-de-initiere-in-lumea-digitala-pentru-senio,2025-03-05,2025Q2 campanie + investitură,1,1_bucurești_str_oraș_fonduri
2025-03-06_copiii-familia-iubirea-care-ne-tine-ancorati-in-aceasta-lume,2025-03-06,2025Q2 campanie + investitură,0,0_românia_romaniaonesta_româniei_trebuie
2025-03-06_ne-vedem-la-cluj-sambata-vom-fi-la-cluj-dar-pana-atunci-trim,2025-03-06,2025Q2 campanie + investitură,0,0_românia_romaniaonesta_româniei_trebuie
2025-03-06_o-afacere-de-familie-infiintata-in-1995-in-bacau-a-crescut-s,2025-03-06,2025Q2 campanie + investitură,0,0_românia_romaniaonesta_româniei_trebuie
2025-03-07_acum-trei-luni-romanii-au-spus-clar-nu-se-mai-poate-au-cerut,2025-03-07,2025Q2 campanie + investitură,0,0_românia_romaniaonesta_româniei_trebuie
2025-03-07_candidez-pentru-toti-romanii-onesti-din-tara-si-din-diaspora,2025-03-07,2025Q2 campanie + investitură,0,0_românia_romaniaonesta_româniei_trebuie
2025-03-07_vrei-sa-fii-parte-din-schimbare-alatura-te-echipei-de-volunt,2025-03-07,2025Q2 campanie + investitură,6,6_voluntari_onestă_românia onestă_campaniei
2025-03-08_am-avut-ieri-placerea-de-a-oferi-flori-doamnelor-care-lucrea,2025-03-08,2025Q2 campanie + investitură,0,0_românia_romaniaonesta_româniei_trebuie
2025-03-08_ce-ne-am-face-fara-femeile-din-viata-noastra-azi-sa-le-sarba,2025-03-08,2025Q2 campanie + investitură,0,0_românia_romaniaonesta_româniei_trebuie
2025-03-08_de-8-martie-femeile-sunt-sarbatorite-cu-flori-si-complimente,2025-03-08,2025Q2 campanie + investitură,1,1_bucurești_str_oraș_fonduri
2025-03-08_peste-15-000-de-puieti-si-arbori-forestieri-sunt-plantati-in,2025-03-08,2025Q2 campanie + investitură,1,1_bucurești_str_oraș_fonduri
2025-03-08_vocea-oamenilor-va-conta-mai-mult-decat-vocea-politicienilor,2025-03-08,2025Q2 campanie + investitură,0,0_românia_romaniaonesta_româniei_trebuie
2025-03-09_fiecare-conversatie-cu-tinerii-este-o-lectie-despre-dorinta,2025-03-09,2025Q2 campanie + investitură,0,0_românia_romaniaonesta_româniei_trebuie
2025-03-09_interventii-pentru-repararea-strazilor-administratia-strazil,2025-03-09,2025Q2 campanie + investitură,1,1_bucurești_str_oraș_fonduri
2025-03-09_sa-nu-uitam-niciodata-am-depus-astazi-o-coroana-de-flori-la,2025-03-09,2025Q2 campanie + investitură,0,0_românia_romaniaonesta_româniei_trebuie
2025-03-11_facem-curatenia-de-primavara-in-parcurile-pe-care-le-adminis,2025-03-11,2025Q2 campanie + investitură,1,1_bucurești_str_oraș_fonduri
2025-03-11_onest-cu-el-insusi-onest-cu-membrii-familiei-onest-cu-cei-di,2025-03-11,2025Q2 campanie + investitură,0,0_românia_romaniaonesta_româniei_trebuie
2025-03-11_partidele-politice-corupte-care-au-promovat-incompetenti-in,2025-03-11,2025Q2 campanie + investitură,0,0_românia_romaniaonesta_româniei_trebuie
2025-03-11_pe-nicusor-l-am-vazut-mereu-ca-pe-un-invingator-romaniaonest,2025-03-11,2025Q2 campanie + investitură,0,0_românia_romaniaonesta_româniei_trebuie
2025-03-11_responsabilitate-tenacitate-si-acasa-si-in-societate-romania,2025-03-11,2025Q2 campanie + investitură,0,0_românia_romaniaonesta_româniei_trebuie
2025-03-12_am-semnat-un-acord-cadru-pe-patru-ani-prin-administratia-str,2025-03-12,2025Q2 campanie + investitură,1,1_bucurești_str_oraș_fonduri
2025-03-12_cand-m-am-intors-din-franta-n-am-suportat-nedreptatea-lupta,2025-03-12,2025Q2 campanie + investitură,0,0_românia_romaniaonesta_româniei_trebuie
2025-03-12_domnul-cristian-tudor-popescu-mi-a-solicitat-la-finalul-inte,2025-03-12,2025Q2 campanie + investitură,0,0_românia_romaniaonesta_româniei_trebuie
2025-03-12_m-am-revazut-la-alba-iulia-cu-un-prieten-vechi-alaturi-de-ca,2025-03-12,2025Q2 campanie + investitură,0,0_românia_romaniaonesta_româniei_trebuie
2025-03-12_nicusor-ar-putea-sa-faca-din-romania-o-tara-din-care-sa-nu-s,2025-03-12,2025Q2 campanie + investitură,0,0_românia_romaniaonesta_româniei_trebuie
2025-03-12_schimbari-prin-puterea-exemplului-romaniaonesta-nicusorprese,2025-03-12,2025Q2 campanie + investitură,0,0_românia_romaniaonesta_româniei_trebuie
2025-03-13_34-4-milioane-de-euro-pentru-modernizarea-sistemului-de-term,2025-03-13,2025Q2 campanie + investitură,1,1_bucurești_str_oraș_fonduri
2025-03-13_cea-mai-violenta-problema-cu-care-se-confrunta-multe-familii,2025-03-13,2025Q2 campanie + investitură,0,0_românia_romaniaonesta_româniei_trebuie
2025-03-13_lucrurile-importante-nu-sunt-doar-cele-care-se-vad-la-supraf,2025-03-13,2025Q2 campanie + investitură,0,0_românia_romaniaonesta_româniei_trebuie
2025-03-13_lupta-de-10-ani-cu-institutiile-strambe-ale-statului-si-cu-m,2025-03-13,2025Q2 campanie + investitură,0,0_românia_romaniaonesta_româniei_trebuie
2025-03-13_niciodata-nu-am-suportat-nedreptatea-am-luptat-peste-10-ani,2025-03-13,2025Q2 campanie + investitură,0,0_românia_romaniaonesta_româniei_trebuie
2025-03-13_tomograful-sonic-picus-detecteaza-in-mod-non-invaziv-eventua,2025-03-13,2025Q2 campanie + investitură,1,1_bucurești_str_oraș_fonduri
2025-03-14_am-avut-o-intalnire-importanta-la-sediul-primariei-capitalei,2025-03-14,2025Q2 campanie + investitură,1,1_bucurești_str_oraș_fonduri
2025-03-14_arcul-de-triumf-va-fi-deschis-permanent-pentru-vizitare-ince,2025-03-14,2025Q2 campanie + investitură,1,1_bucurești_str_oraș_fonduri
2025-03-14_ce-le-as-spune-tinerilor-e-nevoie-de-o-schimbare-si-simt-si,2025-03-14,2025Q2 campanie + investitură,0,0_românia_romaniaonesta_româniei_trebuie
2025-03-14_daca-vrem-sa-i-aducem-pe-romanii-plecati-acasa-trebuie-sa-le,2025-03-14,2025Q2 campanie + investitură,0,0_românia_romaniaonesta_româniei_trebuie
2025-03-14_sarut-mana-aglaia-romaniaonesta-nicusorpresedinte,2025-03-14,2025Q2 campanie + investitură,0,0_românia_romaniaonesta_româniei_trebuie
2025-03-14_te-astept-sambata-15-martie-in-orasele-tulcea-si-constanta-s,2025-03-14,2025Q2 campanie + investitură,6,6_voluntari_onestă_românia onestă_campaniei
2025-03-14_tinerii-au-nevoie-de-motive-sa-ramana-in-romania-si-sa-conti,2025-03-14,2025Q2 campanie + investitură,0,0_românia_romaniaonesta_româniei_trebuie
2025-03-15_anul-acesta-se-implinesc-35-de-ani-de-la-citirea-proclamatie,2025-03-15,2025Q2 campanie + investitură,0,0_românia_romaniaonesta_româniei_trebuie
2025-03-15_de-ziua-internationala-a-raurilor-angajatii-alpab-impreuna-c,2025-03-15,2025Q2 campanie + investitură,1,1_bucurești_str_oraș_fonduri
2025-03-15_felicit-comunitatea-maghiara-din-romania-cu-ocazia-zilei-mag,2025-03-15,2025Q2 campanie + investitură,0,0_românia_romaniaonesta_româniei_trebuie
2025-03-15_la-constanta-am-simtit-ca-oamenii-vor-cu-adevarat-o-schimbar,2025-03-15,2025Q2 campanie + investitură,0,0_românia_romaniaonesta_româniei_trebuie
2025-03-15_romania-trebuie-sa-se-dezvolte-mult-mai-echilibrat-si-sa-imp,2025-03-15,2025Q2 campanie + investitură,-1,-1_români_românia_împreună_onestă
2025-03-16_in-zgomotul-electoral-a-fost-tratata-prea-discret-stirea-ca,2025-03-16,2025Q2 campanie + investitură,0,0_românia_romaniaonesta_româniei_trebuie
2025-03-16_o-noua-actiune-de-informare-si-control-pentru-verificarea-ca,2025-03-16,2025Q2 campanie + investitură,1,1_bucurești_str_oraș_fonduri
2025-03-16_tulcea-si-ivan-patzaichinivan-patzaichin-un-model-de-modesti,2025-03-16,2025Q2 campanie + investitură,0,0_românia_romaniaonesta_româniei_trebuie
2025-03-17_un-bloc-de-locuinte-situat-pe-calea-victoriei-nr-101-va-fi-c,2025-03-17,2025Q2 campanie + investitură,1,1_bucurești_str_oraș_fonduri
2025-03-17_unii-ma-considera-incapatanat-altii-ma-vad-perseverent-acest,2025-03-17,2025Q2 campanie + investitură,0,0_românia_romaniaonesta_româniei_trebuie
2025-03-18_am-acordat-un-interviu-pentru-cotidianul-le-monde-in-care-am,2025-03-18,2025Q2 campanie + investitură,0,0_românia_romaniaonesta_româniei_trebuie
2025-03-18_am-semnat-autorizatia-de-construire-pentru-restaurarea-palat,2025-03-18,2025Q2 campanie + investitură,1,1_bucurești_str_oraș_fonduri
2025-03-18_transparenta-cheltuirii-banilor-cetatenilor-trebuie-sa-devin,2025-03-18,2025Q2 campanie + investitură,0,0_românia_romaniaonesta_româniei_trebuie
2025-03-19_deschidem-inca-doua-noi-santiere-pentru-modernizarea-a-21-5,2025-03-19,2025Q2 campanie + investitură,1,1_bucurești_str_oraș_fonduri
2025-03-19_multumesc-diaspora-sunt-impresionat-de-gestul-romanilor-din,2025-03-19,2025Q2 campanie + investitură,0,0_românia_romaniaonesta_româniei_trebuie
2025-03-20_am-o-mare-admiratie-pentru-romanii-care-au-plecat-din-tara-a,2025-03-20,2025Q2 campanie + investitură,0,0_românia_romaniaonesta_româniei_trebuie
2025-03-20_daca-voi-fi-ales-presedinte-voi-pune-in-practica-toata-exper,2025-03-20,2025Q2 campanie + investitură,0,0_românia_romaniaonesta_româniei_trebuie
2025-03-20_ne-vedem-la-19-00-cu-amintiri-din-studentia-de-la-paris-nicu,2025-03-20,2025Q2 campanie + investitură,0,0_românia_romaniaonesta_româniei_trebuie
2025-03-21_am-atribuit-contractul-pentru-realizarea-unui-nou-plan-integ,2025-03-21,2025Q2 campanie + investitură,1,1_bucurești_str_oraș_fonduri
2025-03-21_combaterea-ferma-a-evaziunii-fiscale-si-recuperarea-justa-a,2025-03-21,2025Q2 campanie + investitură,0,0_românia_romaniaonesta_româniei_trebuie
2025-03-21_increderea-cetatenilor-se-castiga-greu-si-se-pierde-usor-ale,2025-03-21,2025Q2 campanie + investitură,0,0_românia_romaniaonesta_româniei_trebuie
2025-03-21_politicienii-sunt-alesi-pentru-a-servi-interesele-cetatenilo,2025-03-21,2025Q2 campanie + investitură,0,0_românia_romaniaonesta_româniei_trebuie
2025-03-22_andrei-m-a-intrebat-ce-masuri-putem-lua-pentru-reducerea-def,2025-03-22,2025Q2 campanie + investitură,0,0_românia_romaniaonesta_româniei_trebuie
2025-03-22_echipa-se-sustine-si-in-momente-dificile,2025-03-22,2025Q2 campanie + investitură,-1,-1_români_românia_împreună_onestă
2025-03-22_luna-sanatatii-orale-campanie-educationala-pentru-copii-in-s,2025-03-22,2025Q2 campanie + investitură,1,1_bucurești_str_oraș_fonduri
2025-03-22_pozitia-11-pe-buletinul-de-vot-nicusorpresedinte-romaniaones,2025-03-22,2025Q2 campanie + investitură,0,0_românia_romaniaonesta_româniei_trebuie
2025-03-23_anul-acesta-continuam-investitiile-in-modernizarea-transport,2025-03-23,2025Q2 campanie + investitură,1,1_bucurești_str_oraș_fonduri
2025-03-23_romania-se-confrunta-cu-o-criza-de-datorie-si-cheltuieli-far,2025-03-23,2025Q2 campanie + investitură,0,0_românia_romaniaonesta_româniei_trebuie
2025-03-23_suntem-multi-si-energici-impreuna-suntem-romania-onesta-volu,2025-03-23,2025Q2 campanie + investitură,6,6_voluntari_onestă_românia onestă_campaniei
2025-03-23_week-end-in-bucuresti-romaniaonesta-nicusorpresedinte-nd11,2025-03-23,2025Q2 campanie + investitură,0,0_românia_romaniaonesta_româniei_trebuie
2025-03-24_asociatia-salvati-bucurestiul-a-fost-o-scoala-de-dreptul-urb,2025-03-24,2025Q2 campanie + investitură,0,0_românia_romaniaonesta_româniei_trebuie
2025-03-24_fara-ego-pana-la-capat-pentru-a-opri-abuzurile-urbanistice-d,2025-03-24,2025Q2 campanie + investitură,0,0_românia_romaniaonesta_româniei_trebuie
2025-03-24_tramvaiele-imperio-de-la-astra-arad-sunt-exemplul-perfect-ca,2025-03-24,2025Q2 campanie + investitură,0,0_românia_romaniaonesta_româniei_trebuie
2025-03-24_un-presedinte-inovator-nicusorpresedinte-romaniaonesta,2025-03-24,2025Q2 campanie + investitură,0,0_românia_romaniaonesta_româniei_trebuie
2025-03-24_una-dintre-cele-mai-importante-lupte-in-activitatea-mea-publ,2025-03-24,2025Q2 campanie + investitură,1,1_bucurești_str_oraș_fonduri
2025-03-25_ce-ar-putea-face-nicusor-dan-ca-presedinte-nicusorpresedinte,2025-03-25,2025Q2 campanie + investitură,0,0_românia_romaniaonesta_româniei_trebuie
2025-03-25_mergeai-cu-nicusor-dan-la-o-actiune-si-stiai-ca-merita-sa-lu,2025-03-25,2025Q2 campanie + investitură,0,0_românia_romaniaonesta_româniei_trebuie
2025-03-25_nicusor-dan-a-avut-curajul-de-a-merge-dincolo-de-protest-ca,2025-03-25,2025Q2 campanie + investitură,0,0_românia_romaniaonesta_româniei_trebuie
2025-03-25_si-alte-lucruri-ipotetice-despre-care-am-vorbit,2025-03-25,2025Q2 campanie + investitură,-1,-1_români_românia_împreună_onestă
2025-03-26_am-gestionat-o-situatie-financiara-complicata-la-primaria-ca,2025-03-26,2025Q2 campanie + investitură,0,0_românia_romaniaonesta_româniei_trebuie
2025-03-26_de-ce-candidez-nicusorpresedinte-romaniaonesta-panalacapat,2025-03-26,2025Q2 campanie + investitură,0,0_românia_romaniaonesta_româniei_trebuie
2025-03-26_incepem-modernizarea-liniei-de-tramvai-pe-bulevardul-expozit,2025-03-26,2025Q2 campanie + investitură,1,1_bucurești_str_oraș_fonduri
2025-03-26_o-schimbare-profunda-a-sistemului-nicusorpresedinte-romaniao,2025-03-26,2025Q2 campanie + investitură,0,0_românia_romaniaonesta_româniei_trebuie
2025-03-26_romania-e-pe-minus-e-nevoie-urgenta-de-reforme-pentru-a-echi,2025-03-26,2025Q2 campanie + investitură,0,0_românia_romaniaonesta_româniei_trebuie
2025-03-26_un-presedinte-onest-care-poate-reforma-statul-roman-nicusorp,2025-03-26,2025Q2 campanie + investitură,0,0_românia_romaniaonesta_româniei_trebuie
2025-03-26_viziunea-puterea-cuvantului-dat-pot-aduce-schimbarea-de-care,2025-03-26,2025Q2 campanie + investitură,0,0_românia_romaniaonesta_româniei_trebuie
2025-03-27_4-ani-si-jumatate-de-munca-pentru-un-bucuresti-mai-functiona,2025-03-27,2025Q2 campanie + investitură,1,1_bucurești_str_oraș_fonduri
2025-03-27_am-fost-invitat-de-mihai-morar-la-podcastul-fain-simplu-unde,2025-03-27,2025Q2 campanie + investitură,0,0_românia_romaniaonesta_româniei_trebuie
2025-03-27_astazi-27-martie-marcam-107-ani-de-la-un-moment-esential-in,2025-03-27,2025Q2 campanie + investitură,0,0_românia_romaniaonesta_româniei_trebuie
2025-03-27_astazi-este-ziua-internationala-a-teatrului-un-bun-prilej-sa,2025-03-27,2025Q2 campanie + investitură,0,0_românia_romaniaonesta_româniei_trebuie
2025-03-27_telul-meu-este-sa-reconstruim-increderea-oamenilor-in-autori,2025-03-27,2025Q2 campanie + investitură,0,0_românia_romaniaonesta_româniei_trebuie
2025-03-28_am-acordat-un-interviu-publicatiei-politico-si-am-raspuns-in,2025-03-28,2025Q2 campanie + investitură,0,0_românia_romaniaonesta_româniei_trebuie
2025-03-28_functiile-publice-nu-sunt-mosteniri-de-familie-romania-are-n,2025-03-28,2025Q2 campanie + investitură,0,0_românia_romaniaonesta_româniei_trebuie
2025-03-28_presedintele-trebuie-sa-fie-acolo-unde-se-iau-deciziile-voi,2025-03-28,2025Q2 campanie + investitură,0,0_românia_romaniaonesta_româniei_trebuie
2025-03-28_vom-relua-lucrarile-pentru-finalizarea-proiectului-prelungir,2025-03-28,2025Q2 campanie + investitură,1,1_bucurești_str_oraș_fonduri
2025-03-29_aderarea-republicii-moldova-la-uniunea-europeana-este-o-prio,2025-03-29,2025Q2 campanie + investitură,0,0_românia_romaniaonesta_româniei_trebuie
2025-03-29_am-deschis-astazi-oficial-sediul-de-campanie-pentru-candidat,2025-03-29,2025Q2 campanie + investitură,-1,-1_români_românia_împreună_onestă
2025-03-29_primul-transplant-hepatic-din-2025-a-fost-realizat-cu-succes,2025-03-29,2025Q2 campanie + investitură,1,1_bucurești_str_oraș_fonduri
2025-03-29_un-raspuns-scurt-la-o-intrebare-clara-nicusorpresedinte-roma,2025-03-29,2025Q2 campanie + investitură,0,0_românia_romaniaonesta_româniei_trebuie
2025-03-30_am-fost-invitatul-lui-radu-andrei-tudor-la-the-news-man-podc,2025-03-30,2025Q2 campanie + investitură,0,0_românia_romaniaonesta_româniei_trebuie
2025-03-30_astazi-am-discutat-cu-sustinatorii-din-chisinau-despre-impor,2025-03-30,2025Q2 campanie + investitură,0,0_românia_romaniaonesta_româniei_trebuie
2025-03-30_romanii-vor-o-schimbare-alegerile-prezidentiale-din-mai-vor,2025-03-30,2025Q2 campanie + investitură,0,0_românia_romaniaonesta_româniei_trebuie
2025-03-31_am-vizitat-ieri-la-chisinau-cramele-cricova-un-adevarat-simb,2025-03-31,2025Q2 campanie + investitură,0,0_românia_romaniaonesta_româniei_trebuie
2025-03-31_asa-cum-v-am-obisnuit-in-spiritul-transparentei-va-impartase,2025-03-31,2025Q2 campanie + investitură,0,0_românia_romaniaonesta_româniei_trebuie
2025-03-31_voluntarii-campaniei-au-fost-si-in-acest-week-end-prezenti-i,2025-03-31,2025Q2 campanie + investitură,6,6_voluntari_onestă_românia onestă_campaniei
2025-04-01_psd-care-a-cheltuit-peste-50-de-milioane-de-euro-din-bani-pu,2025-04-01,2025Q2 campanie + investitură,4,4_sector bucurești_regina elisabeta_cpp_publicitar
2025-04-01_situatia-financiara-actuala-a-romaniei-este-similara-cu-cea,2025-04-01,2025Q2 campanie + investitură,0,0_românia_romaniaonesta_româniei_trebuie
2025-04-02_nicusor-dan-ar-putea-fi-un-presedinte-care-sa-aduca-prestigi,2025-04-02,2025Q2 campanie + investitură,0,0_românia_romaniaonesta_româniei_trebuie
2025-04-02_o-finala-ponta-simion-ar-fi-cea-mai-rea-varianta-pentru-roma,2025-04-02,2025Q2 campanie + investitură,0,0_românia_romaniaonesta_româniei_trebuie
2025-04-02_teatrul-ion-creanga-a-fost-abandonat-desi-are-multa-istorie,2025-04-02,2025Q2 campanie + investitură,0,0_românia_romaniaonesta_româniei_trebuie
2025-04-03_acum-si-la-new-york-multumesc-romanilor-din-new-york-care-mi,2025-04-03,2025Q2 campanie + investitură,0,0_românia_romaniaonesta_româniei_trebuie
2025-04-03_am-avut-astazi-o-intalnire-cu-directori-ai-teatrelor-aflate,2025-04-03,2025Q2 campanie + investitură,1,1_bucurești_str_oraș_fonduri
2025-04-03_am-semnat-astazi-un-protocol-de-colaborare-cu-untold-univers,2025-04-03,2025Q2 campanie + investitură,1,1_bucurești_str_oraș_fonduri
2025-04-03_in-cateva-ore-incepe-oficial-campania-electorala-voluntarii,2025-04-03,2025Q2 campanie + investitură,0,0_românia_romaniaonesta_româniei_trebuie
2025-04-03_madrid-londra-roma-paris-berlin-bruxelles-new-york-acolo-und,2025-04-03,2025Q2 campanie + investitură,0,0_românia_romaniaonesta_româniei_trebuie
2025-04-03_si-la-berlin-multumesc-si-danke-sch-n-romanilor-din-berlin-c,2025-04-03,2025Q2 campanie + investitură,0,0_românia_romaniaonesta_româniei_trebuie
2025-04-03_suntem-la-98-sa-atingem-obiectivul-de-donatii-cu-deadline-pa,2025-04-03,2025Q2 campanie + investitură,6,6_voluntari_onestă_românia onestă_campaniei
2025-04-03_suntem-multi-si-impreuna-mergem-pana-la-capat-nd11-romaniaon,2025-04-03,2025Q2 campanie + investitură,0,0_românia_romaniaonesta_româniei_trebuie
2025-04-03_tarifele-impuse-de-statele-unite-vor-afecta-intreaga-lume-ia,2025-04-03,2025Q2 campanie + investitură,0,0_românia_romaniaonesta_româniei_trebuie
2025-04-03_un-proiect-inceput-acum-48-de-ani-finalizat-de-noi-statia-de,2025-04-03,2025Q2 campanie + investitură,0,0_românia_romaniaonesta_româniei_trebuie
2025-04-04_aniversam-azi-intr-un-context-geopolitic-foarte-complicat-76,2025-04-04,2025Q2 campanie + investitură,0,0_românia_romaniaonesta_româniei_trebuie
2025-04-04_cred-in-noi-cred-in-romania-in-europa-romaniaonesta-nicusorp,2025-04-04,2025Q2 campanie + investitură,0,0_românia_romaniaonesta_româniei_trebuie
2025-04-04_voluntarii-nostri-au-inceput-campania-electorala-cu-multa-en,2025-04-04,2025Q2 campanie + investitură,6,6_voluntari_onestă_românia onestă_campaniei
2025-04-05_dupa-o-zi-lunga-la-madrid-am-ajuns-in-camera-de-hotel-si-am,2025-04-05,2025Q2 campanie + investitură,0,0_românia_romaniaonesta_româniei_trebuie
2025-04-05_forta-antreprenorilor-romani-din-regiunea-madrid-am-avut-o-d,2025-04-05,2025Q2 campanie + investitură,0,0_românia_romaniaonesta_româniei_trebuie
2025-04-05_intalnire-romaneasca-la-arganda-del-rey-regiunea-madrid-am-f,2025-04-05,2025Q2 campanie + investitură,0,0_românia_romaniaonesta_româniei_trebuie
2025-04-05_interviu-la-radio-romanul-alaturi-de-romanii-din-diaspora-am,2025-04-05,2025Q2 campanie + investitură,0,0_românia_romaniaonesta_româniei_trebuie
2025-04-05_prima-pajiste-urbana-cu-flori-de-camp-salbatice-din-bucurest,2025-04-05,2025Q2 campanie + investitură,1,1_bucurești_str_oraș_fonduri
2025-04-05_puterea-nu-ne-o-da-nimeni-o-construim-noi-romaniaonesta-nicu,2025-04-05,2025Q2 campanie + investitură,0,0_românia_romaniaonesta_româniei_trebuie
2025-04-05_sunt-incantat-sa-anunt-bucurestenii-ca-incepand-cu-12-aprili,2025-04-05,2025Q2 campanie + investitură,1,1_bucurești_str_oraș_fonduri
2025-04-05_vizita-in-diaspora-romaneasca-din-spania-cubas-de-la-sagra-l,2025-04-05,2025Q2 campanie + investitură,0,0_românia_romaniaonesta_româniei_trebuie
2025-04-06_daca-se-repara-romania-ma-intorc-cu-acest-mesaj-am-plecat-di,2025-04-06,2025Q2 campanie + investitură,0,0_românia_romaniaonesta_româniei_trebuie
2025-04-06_impreuna-vindecam-romania-avem-medici-profesionisti-si-asist,2025-04-06,2025Q2 campanie + investitură,0,0_românia_romaniaonesta_româniei_trebuie
2025-04-06_romania-joaca-in-liga-mare-nicusorpresedinte-romaniaonesta,2025-04-06,2025Q2 campanie + investitură,0,0_românia_romaniaonesta_româniei_trebuie
2025-04-06_romania-onesta-este-prezenta-peste-tot-voluntarii-nostri-au,2025-04-06,2025Q2 campanie + investitură,6,6_voluntari_onestă_românia onestă_campaniei
2025-04-06_romanii-din-spania-poarta-in-suflet-o-dorinta-arzatoare-de-s,2025-04-06,2025Q2 campanie + investitură,0,0_românia_romaniaonesta_româniei_trebuie
2025-04-06_traditii-si-flori-de-sarbatori-revine-in-bucuresti-primaria,2025-04-06,2025Q2 campanie + investitură,1,1_bucurești_str_oraș_fonduri
2025-04-06_zi-reusita-la-targul-de-adoptii-aspa-din-parcul-carol-de-ier,2025-04-06,2025Q2 campanie + investitură,1,1_bucurești_str_oraș_fonduri
2025-04-07_adevarul-acest-clip-demonteaza-o-minciuna-nu-am-afirmat-nici,2025-04-07,2025Q2 campanie + investitură,0,0_românia_romaniaonesta_româniei_trebuie
2025-04-07_asa-arata-stabilitatea-psd-pnl-riscam-sa-pierdem-miliarde-de,2025-04-07,2025Q2 campanie + investitură,4,4_sector bucurești_regina elisabeta_cpp_publicitar
2025-04-07_e-timpul-sa-ne-recapatam-increderea-in-noi-nicusorpresedinte,2025-04-07,2025Q2 campanie + investitură,0,0_românia_romaniaonesta_româniei_trebuie
2025-04-07_ieri-m-am-intalnit-cu-una-dintre-cele-mai-puternice-comunita,2025-04-07,2025Q2 campanie + investitură,0,0_românia_romaniaonesta_româniei_trebuie
2025-04-07_marcel-ciolacu-prim-ministru-al-guvernului-romaniei-conduce,2025-04-07,2025Q2 campanie + investitură,4,4_sector bucurești_regina elisabeta_cpp_publicitar
2025-04-07_patriotismul-inseamna-sa-pui-romania-in-valoare-nu-s-o-conda,2025-04-07,2025Q2 campanie + investitură,0,0_românia_romaniaonesta_româniei_trebuie
2025-04-08_astazi-de-ziua-internationala-a-romilor-gandurile-mele-se-in,2025-04-08,2025Q2 campanie + investitură,0,0_românia_romaniaonesta_româniei_trebuie
2025-04-08_consider-ca-propunerea-presedintelui-interimar-domnul-ilie-b,2025-04-08,2025Q2 campanie + investitură,4,4_sector bucurești_regina elisabeta_cpp_publicitar
2025-04-08_multi-se-declara-luptatori-anti-sistem-putini-au-fapte-concr,2025-04-08,2025Q2 campanie + investitură,0,0_românia_romaniaonesta_româniei_trebuie
2025-04-09_succes-tati-va-astept-la-21-00-la-antena-3-sa-vorbim-despre,2025-04-09,2025Q2 campanie + investitură,0,0_românia_romaniaonesta_româniei_trebuie
2025-04-10_later-edit-steven-seagal-este-emisar-special-al-ministerului,2025-04-10,2025Q2 campanie + investitură,4,4_sector bucurești_regina elisabeta_cpp_publicitar
2025-04-10_ponta-este-singurul-candidat-autoproclamat-anti-sorosist-car,2025-04-10,2025Q2 campanie + investitură,0,0_românia_romaniaonesta_româniei_trebuie
2025-04-11_cuvintele-soacrei-mele-m-au-emotionat-profund-multumesc-lili,2025-04-11,2025Q2 campanie + investitură,0,0_românia_romaniaonesta_româniei_trebuie
2025-04-11_indemnizatiile-persoanelor-cu-dizabilitati-din-bucuresti-au,2025-04-11,2025Q2 campanie + investitură,1,1_bucurești_str_oraș_fonduri
2025-04-11_la-finalul-anului-trecut-coalitia-stabilitatii-psd-pnl-infii,2025-04-11,2025Q2 campanie + investitură,4,4_sector bucurești_regina elisabeta_cpp_publicitar
2025-04-12_am-fost-onorat-sa-particip-astazi-alaturi-de-e-s-katae-takas,2025-04-12,2025Q2 campanie + investitură,0,0_românia_romaniaonesta_româniei_trebuie
2025-04-12_domnul-ciolacu-se-teme-ca-va-fi-obligat-sa-poarte-fusta-daca,2025-04-12,2025Q2 campanie + investitură,4,4_sector bucurești_regina elisabeta_cpp_publicitar
2025-04-12_live-declaratii-de-presa-la-sediul-de-campanie,2025-04-12,2025Q2 campanie + investitură,3,3_live_presă_declarații_politice
2025-04-12_sesizare-catre-autoritatea-electorala-permanenta-solicitam-r,2025-04-12,2025Q2 campanie + investitură,0,0_românia_romaniaonesta_româniei_trebuie
2025-04-13_avand-in-vedere-lipsa-de-reactie-a-institutiilor-responsabil,2025-04-13,2025Q2 campanie + investitură,0,0_românia_romaniaonesta_româniei_trebuie
2025-04-13_condamn-cu-fermitate-atacul-criminal-de-azi-al-rusiei-care-a,2025-04-13,2025Q2 campanie + investitură,0,0_românia_romaniaonesta_româniei_trebuie
2025-04-13_coruptia-e-motivul-principal-pentru-care-oamenii-o-duc-greu,2025-04-13,2025Q2 campanie + investitură,0,0_românia_romaniaonesta_româniei_trebuie
2025-04-13_primul-week-end-strazi-deschise-bucuresti-promenada-urbana-c,2025-04-13,2025Q2 campanie + investitură,1,1_bucurești_str_oraș_fonduri
2025-04-13_targul-de-paste-traditii-si-flori-de-sarbatori-s-a-deschis-i,2025-04-13,2025Q2 campanie + investitură,1,1_bucurești_str_oraș_fonduri
2025-04-14_de-la-ce-functie-in-sus-considera-biroul-electoral-central-c,2025-04-14,2025Q2 campanie + investitură,4,4_sector bucurești_regina elisabeta_cpp_publicitar
2025-04-14_intarirea-pozitiei-romaniei-in-nato-si-ue-incepe-cu-consulta,2025-04-14,2025Q2 campanie + investitură,0,0_românia_romaniaonesta_româniei_trebuie
2025-04-14_ne-dorim-ca-fetita-si-baietelul-nostru-sa-traiasca-in-romani,2025-04-14,2025Q2 campanie + investitură,0,0_românia_romaniaonesta_româniei_trebuie
2025-04-14_presedintele-absent-iohannis-si-tandemul-psd-pnl-au-tolerat,2025-04-14,2025Q2 campanie + investitură,0,0_românia_romaniaonesta_româniei_trebuie
2025-04-15_activitatea-suspecta-asupra-conturilor-mele-de-social-media,2025-04-15,2025Q2 campanie + investitură,0,0_românia_romaniaonesta_româniei_trebuie
2025-04-15_avem-o-scadere-a-productiei-industriale-cu-3-9-in-primele-lu,2025-04-15,2025Q2 campanie + investitură,-1,-1_români_românia_împreună_onestă
2025-04-15_pe-conturile-mele-de-instagram-nicusor-dan-pg-si-tiktok-nicu,2025-04-15,2025Q2 campanie + investitură,0,0_românia_romaniaonesta_româniei_trebuie
2025-04-15_romania-e-a-voastra-nu-o-lasati-pe-mana-lor-nicusorpresedint,2025-04-15,2025Q2 campanie + investitură,0,0_românia_romaniaonesta_româniei_trebuie
2025-04-16_astazi-a-mai-venit-o-veste-ingrozitoare-moartea-unui-tanar-d,2025-04-16,2025Q2 campanie + investitură,4,4_sector bucurești_regina elisabeta_cpp_publicitar
2025-04-16_romanii-cenzurati-lui-marcel-ciolacu-i-se-permite-orice-ne-a,2025-04-16,2025Q2 campanie + investitură,0,0_românia_romaniaonesta_româniei_trebuie
2025-04-16_trei-pasaje-importante-din-bucuresti-vor-fi-reabilitate-prim,2025-04-16,2025Q2 campanie + investitură,1,1_bucurești_str_oraș_fonduri
2025-04-17_am-lansat-oficial-planul-de-actiune-pentru-oras-verde-paov-u,2025-04-17,2025Q2 campanie + investitură,1,1_bucurești_str_oraș_fonduri
2025-04-17_o-veste-buna-astazi-primaria-capitalei-a-atras-555-de-milioa,2025-04-17,2025Q2 campanie + investitură,1,1_bucurești_str_oraș_fonduri
2025-04-17_presedintele-imparat-nu-a-reprezentat-pe-nimeni-romania-are,2025-04-17,2025Q2 campanie + investitură,0,0_românia_romaniaonesta_româniei_trebuie
2025-04-17_suntem-atacati-cibernetic-de-2-zile-conturile-risca-sa-fie-b,2025-04-17,2025Q2 campanie + investitură,0,0_românia_romaniaonesta_româniei_trebuie
2025-04-18_am-vizitat-o-fabrica-de-panificatie-unde-in-prag-de-paste-mi,2025-04-18,2025Q2 campanie + investitură,0,0_românia_romaniaonesta_româniei_trebuie
2025-04-18_realitatea-e-simpla-ei-au-furat-romania-iar-acum-le-e-frica,2025-04-18,2025Q2 campanie + investitură,0,0_românia_romaniaonesta_româniei_trebuie
2025-04-18_voi-fi-presedintele-care-va-face-schimbarile-dorite-de-oamen,2025-04-18,2025Q2 campanie + investitură,0,0_românia_romaniaonesta_româniei_trebuie
2025-04-19_in-noaptea-invierii-lumina-e-speranta-speranta-ca-binele-e-m,2025-04-19,2025Q2 campanie + investitură,0,0_românia_romaniaonesta_româniei_trebuie
2025-04-19_ne-pregatim-de-paste-de-sarbatori-momentele-alaturi-de-famil,2025-04-19,2025Q2 campanie + investitură,0,0_românia_romaniaonesta_româniei_trebuie
2025-04-20_pastele-ne-aduce-impreuna-si-ne-reaminteste-cat-de-important,2025-04-20,2025Q2 campanie + investitură,0,0_românia_romaniaonesta_româniei_trebuie
2025-04-20_sarbatori-cu-bine-si-paste-luminat-tuturor-nicusordan-nd11-r,2025-04-20,2025Q2 campanie + investitură,0,0_românia_romaniaonesta_româniei_trebuie
2025-04-21_cu-profunda-tristete-am-aflat-vestea-trecerii-la-cele-vesnic,2025-04-21,2025Q2 campanie + investitură,0,0_românia_romaniaonesta_româniei_trebuie
2025-04-22_dragi-romani-din-diaspora-ca-voi-vreau-o-tara-in-care-sa-vre,2025-04-22,2025Q2 campanie + investitură,0,0_românia_romaniaonesta_româniei_trebuie
2025-04-22_prea-multa-nedreptate-e-in-romania-vreau-o-romanie-in-care-o,2025-04-22,2025Q2 campanie + investitură,0,0_românia_romaniaonesta_româniei_trebuie
2025-04-22_preturile-mari-nu-apar-din-senin-exista-o-legatura-clara-int,2025-04-22,2025Q2 campanie + investitură,0,0_românia_romaniaonesta_româniei_trebuie
2025-04-22_votul-tau-conteaza-chiar-daca-pe-unii-ii-enerveaza-asta-nicu,2025-04-22,2025Q2 campanie + investitură,0,0_românia_romaniaonesta_româniei_trebuie
2025-04-23_crin-antonescu-si-mafia-imobiliara,2025-04-23,2025Q2 campanie + investitură,-1,-1_români_românia_împreună_onestă
2025-04-23_dragi-moldoveni-pe-4-mai-alegeti-o-romanie-onesta-si-puterni,2025-04-23,2025Q2 campanie + investitură,0,0_românia_romaniaonesta_româniei_trebuie
2025-04-23_fara-profesori-bine-platiti-fara-investitii-in-institutiile,2025-04-23,2025Q2 campanie + investitură,0,0_românia_romaniaonesta_româniei_trebuie
2025-04-23_sanatatea-e-un-drept-fundamental-in-romania-onesta-pe-care-o,2025-04-23,2025Q2 campanie + investitură,-1,-1_români_românia_împreună_onestă
2025-04-24_am-semnat-astazi-declaratia-universitatii-din-bucuresti-un-a,2025-04-24,2025Q2 campanie + investitură,0,0_românia_romaniaonesta_româniei_trebuie
2025-04-24_crin-antonescu-reprezinta-garantia-ca-marcel-ciolacu-ramane,2025-04-24,2025Q2 campanie + investitură,0,0_românia_romaniaonesta_româniei_trebuie
2025-04-24_educatia-este-temelia-unei-romanii-puternice-fiecare-copil-d,2025-04-24,2025Q2 campanie + investitură,-1,-1_români_românia_împreună_onestă
2025-04-24_in-loc-sa-cheltuim-pe-lucruri-care-dau-bine-in-bucuresti-am,2025-04-24,2025Q2 campanie + investitură,0,0_românia_romaniaonesta_româniei_trebuie
2025-04-24_justitia-are-nevoie-de-o-reforma-reala-coruptia-sistemica-ti,2025-04-24,2025Q2 campanie + investitură,0,0_românia_romaniaonesta_româniei_trebuie
2025-04-24_o-societate-dreapta-are-nevoie-de-o-justitie-libera-curajoas,2025-04-24,2025Q2 campanie + investitură,0,0_românia_romaniaonesta_româniei_trebuie
2025-04-25_bucurestiul-a-facut-un-pas-important-spre-un-urbanism-respon,2025-04-25,2025Q2 campanie + investitură,1,1_bucurești_str_oraș_fonduri
2025-04-25_haideti-alaturi-de-mine-sa-facem-dreptate-pentru-romania-nd1,2025-04-25,2025Q2 campanie + investitură,0,0_românia_romaniaonesta_româniei_trebuie
2025-04-25_la-bebe-bucuresti-familiile-gasesc-haine-si-jucarii-donate-c,2025-04-25,2025Q2 campanie + investitură,0,0_românia_romaniaonesta_româniei_trebuie
2025-04-25_reconstruim-demnitatea-colectiva-printr-o-economie-puternica,2025-04-25,2025Q2 campanie + investitură,0,0_românia_romaniaonesta_româniei_trebuie
2025-04-25_sunt-cel-mai-atacat-candidat-le-e-frica-de-schimbare-adica-d,2025-04-25,2025Q2 campanie + investitură,0,0_românia_romaniaonesta_româniei_trebuie
2025-04-26_din-1990-si-pana-azi-ati-fost-si-ramaneti-un-exemplu-de-impl,2025-04-26,2025Q2 campanie + investitură,0,0_românia_romaniaonesta_româniei_trebuie
2025-04-26_m-au-intrebat-multi-tineri-ce-pot-face-pentru-campania-roman,2025-04-26,2025Q2 campanie + investitură,0,0_românia_romaniaonesta_româniei_trebuie
2025-04-26_o-veste-foarte-buna-toti-cateii-27-care-au-participat-astazi,2025-04-26,2025Q2 campanie + investitură,1,1_bucurești_str_oraș_fonduri
2025-04-26_romania-are-nevoie-de-fapte-concrete-si-de-oameni-bine-inten,2025-04-26,2025Q2 campanie + investitură,0,0_românia_romaniaonesta_româniei_trebuie
2025-04-26_romania-onesta-e-singura-varianta-de-schimbare-si-dreptate-p,2025-04-26,2025Q2 campanie + investitură,0,0_românia_romaniaonesta_româniei_trebuie
2025-04-27_in-prea-multe-locuri-din-romania-oamenii-nu-au-acces-la-medi,2025-04-27,2025Q2 campanie + investitură,0,0_românia_romaniaonesta_româniei_trebuie
2025-04-27_multumesc-tinerilor-bucuresteni-pentru-sustinere-pe-4-mai-ne,2025-04-27,2025Q2 campanie + investitură,0,0_românia_romaniaonesta_româniei_trebuie
2025-04-27_sa-ne-amintim-cine-e-crin-antonescu-candidatul-lui-marcel-ci,2025-04-27,2025Q2 campanie + investitură,-1,-1_români_românia_împreună_onestă
2025-04-27_se-intreaba-mamele-de-la-sate-si-din-orasele-mici-ce-viitor,2025-04-27,2025Q2 campanie + investitură,0,0_românia_romaniaonesta_româniei_trebuie
2025-04-28_dezbaterea-s-a-incheiat-voi-cum-ati-perceput-aceasta-dezbate,2025-04-28,2025Q2 campanie + investitură,0,0_românia_romaniaonesta_româniei_trebuie
2025-04-28_mai-e-putin-incepe-in-curand-prima-confruntare-intre-candida,2025-04-28,2025Q2 campanie + investitură,0,0_românia_romaniaonesta_româniei_trebuie
2025-04-28_multumesc-mirabela-cand-voi-fi-presedinte-voi-face-tot-ce-mi,2025-04-28,2025Q2 campanie + investitură,0,0_românia_romaniaonesta_româniei_trebuie
2025-04-28_un-presedinte-care-asculta-oamenii-si-gaseste-solutii-pentru,2025-04-28,2025Q2 campanie + investitură,0,0_românia_romaniaonesta_româniei_trebuie
2025-04-28_voi-participa-la-toate-cele-trei-dezbateri-cu-candidatii-la,2025-04-28,2025Q2 campanie + investitură,0,0_românia_romaniaonesta_româniei_trebuie
2025-04-29_adevarul-va-invinge-suntem-prea-multi-sa-nu-putem-reusi-nicu,2025-04-29,2025Q2 campanie + investitură,0,0_românia_romaniaonesta_româniei_trebuie
2025-04-29_de-ziua-veteranilor-de-razboi-cinstim-curajul-celor-care-au,2025-04-29,2025Q2 campanie + investitură,0,0_românia_romaniaonesta_româniei_trebuie
2025-04-29_domnul-crin-antonescu-cere-documentele-pe-care-de-altfel-i-l,2025-04-29,2025Q2 campanie + investitură,0,0_românia_romaniaonesta_româniei_trebuie
2025-04-29_multumesc-pentru-sprijinul-vostru-am-dovedit-in-bucuresti-re,2025-04-29,2025Q2 campanie + investitură,0,0_românia_romaniaonesta_româniei_trebuie
2025-04-29_sistemul-are-nume-de-20-de-ani-ma-lupt-cu-el-romaniaonesta-n,2025-04-29,2025Q2 campanie + investitură,0,0_românia_romaniaonesta_româniei_trebuie
2025-04-29_succes-nicusor-echipa-nd,2025-04-29,2025Q2 campanie + investitură,0,0_românia_romaniaonesta_româniei_trebuie
2025-04-30_actele-confirma-ce-spun-eu-va-multumesc-ca-va-uitati-la-dezb,2025-04-30,2025Q2 campanie + investitură,0,0_românia_romaniaonesta_româniei_trebuie
2025-04-30_de-la-mirabela-cu-drag-romaniaonesta,2025-04-30,2025Q2 campanie + investitură,0,0_românia_romaniaonesta_româniei_trebuie
2025-04-30_diaspora-este-parte-din-viitorul-romaniei-romaniaonesta,2025-04-30,2025Q2 campanie + investitură,0,0_românia_romaniaonesta_româniei_trebuie
2025-05-01_disperarea-atinge-cote-maxime-marcel-ciolacu-a-ajuns-sa-trim,2025-05-01,2025Q2 campanie + investitură,0,0_românia_romaniaonesta_româniei_trebuie
2025-05-01_este-incalificabil-sa-folosesti-romanii-bolnavi-de-cancer-ca,2025-05-01,2025Q2 campanie + investitură,0,0_românia_romaniaonesta_româniei_trebuie
2025-05-01_in-cateva-minute-live-la-lucian-mindruta-material-publicitar,2025-05-01,2025Q2 campanie + investitură,4,4_sector bucurești_regina elisabeta_cpp_publicitar
2025-05-01_ne-vedem-la-vot-daca-plecati-in-vacanta-nu-uitati-buletinele,2025-05-01,2025Q2 campanie + investitură,0,0_românia_romaniaonesta_româniei_trebuie
2025-05-01_pozele-pe-care-le-a-postat-elena-lasconi-sunt-un-fals-grosol,2025-05-01,2025Q2 campanie + investitură,4,4_sector bucurești_regina elisabeta_cpp_publicitar
2025-05-01_sa-ne-amintim-cine-este-victor-ponta-alegeriprezidentiale,2025-05-01,2025Q2 campanie + investitură,0,0_românia_romaniaonesta_româniei_trebuie
2025-05-01_sunt-candidatul-pro-european-care-il-poate-invinge-pe-simion,2025-05-01,2025Q2 campanie + investitură,0,0_românia_romaniaonesta_româniei_trebuie
2025-05-02_ai-plecat-din-localitate-in-minivacanta-de-1-mai-poti-vota-o,2025-05-02,2025Q2 campanie + investitură,0,0_românia_romaniaonesta_româniei_trebuie
2025-05-02_astazi-celebram-energia-curajul-si-visurile-unei-generatii-c,2025-05-02,2025Q2 campanie + investitură,0,0_românia_romaniaonesta_româniei_trebuie
2025-05-02_daca-esti-plecat-din-romania-pe-4-mai-poti-vota-in-tara-in-c,2025-05-02,2025Q2 campanie + investitură,0,0_românia_romaniaonesta_româniei_trebuie
2025-05-02_dezinformare-marca-ciolacu-coalitia-lui-ciolacu-spune-ca-doa,2025-05-02,2025Q2 campanie + investitură,5,5_george_nicusordan_spune_georgescu
2025-05-02_diaspora-voteaza-lista-cu-sectiile-de-votare-din-strainatate,2025-05-02,2025Q2 campanie + investitură,0,0_românia_romaniaonesta_româniei_trebuie
2025-05-02_iesim-la-vot-pentru-ca-romania-are-nevoie-de-oameni-care-sa,2025-05-02,2025Q2 campanie + investitură,0,0_românia_romaniaonesta_româniei_trebuie
2025-05-02_multumesc-din-suflet-tuturor-voluntarilor-si-sustinatorilor,2025-05-02,2025Q2 campanie + investitură,-1,-1_români_românia_împreună_onestă
2025-05-02_multumim-bec-pentru-consecventa-fotografiile-false-vor-circu,2025-05-02,2025Q2 campanie + investitură,4,4_sector bucurești_regina elisabeta_cpp_publicitar
2025-05-02_romani-din-diaspora-mergeti-la-vot-fiecare-vot-conteaza-pent,2025-05-02,2025Q2 campanie + investitură,0,0_românia_romaniaonesta_româniei_trebuie
2025-05-02_votati-cu-inima-impacata-nicusor-presedinte-romaniaonesta,2025-05-02,2025Q2 campanie + investitură,0,0_românia_romaniaonesta_româniei_trebuie
2025-05-03_ca-inainte-de-vot-tinerii-nostri-vor-avea-un-rol-decisiv-la,2025-05-03,2025Q2 campanie + investitură,0,0_românia_romaniaonesta_româniei_trebuie
2025-05-03_cu-cravata-sau-fara-maine-iesim-la-vot-4mai-alegeriprezident,2025-05-03,2025Q2 campanie + investitură,0,0_românia_romaniaonesta_româniei_trebuie
2025-05-03_daca-sunteti-plecati-de-acasa-puteti-vota-in-orice-sectie-vo,2025-05-03,2025Q2 campanie + investitură,0,0_românia_romaniaonesta_româniei_trebuie
2025-05-03_daca-sunteti-plecati-in-vacanta-va-rog-sa-votati-dimineata-d,2025-05-03,2025Q2 campanie + investitură,0,0_românia_romaniaonesta_româniei_trebuie
2025-05-03_daca-votati-in-diaspora-tineti-cont-ca-sectiile-se-inchid-la,2025-05-03,2025Q2 campanie + investitură,0,0_românia_romaniaonesta_româniei_trebuie
2025-05-03_in-doar-5-minute-poti-decide-cum-arata-urmatorii-5-ani-pentr,2025-05-03,2025Q2 campanie + investitură,0,0_românia_romaniaonesta_româniei_trebuie
2025-05-03_romania-are-nevoie-de-o-presa-onesta-de-ziua-internationala,2025-05-03,2025Q2 campanie + investitură,0,0_românia_romaniaonesta_româniei_trebuie
2025-05-03_viitorul-vostru-alegerea-voastra-nu-lasati-pe-altii-sa-decid,2025-05-03,2025Q2 campanie + investitură,0,0_românia_romaniaonesta_româniei_trebuie
2025-05-04_a-mai-ramas-o-ora-dreptul-vostru-alegerea-voastra-hailavot-a,2025-05-04,2025Q2 campanie + investitură,0,0_românia_romaniaonesta_româniei_trebuie
2025-05-04_am-intrat-in-turul-2-multumesc-foto-credit-mihai-balanescu-p,2025-05-04,2025Q2 campanie + investitură,0,0_românia_romaniaonesta_româniei_trebuie
2025-05-04_astazi-decidem-soarta-romaniei-hai-la-vot-alegeriprezidentia,2025-05-04,2025Q2 campanie + investitură,0,0_românia_romaniaonesta_româniei_trebuie
2025-05-04_daca-la-ora-21-00-va-aflati-in-sectia-de-votare-sau-la-rand,2025-05-04,2025Q2 campanie + investitură,0,0_românia_romaniaonesta_româniei_trebuie
2025-05-04_energie-pentru-echipa-hailavot,2025-05-04,2025Q2 campanie + investitură,0,0_românia_romaniaonesta_româniei_trebuie
2025-05-04_eu-si-mirabela-am-votat-voi-alegeriprezidentiale-romania-vot,2025-05-04,2025Q2 campanie + investitură,0,0_românia_romaniaonesta_româniei_trebuie
2025-05-04_hai-sa-le-aratam-ca-suntem-mai-puternici-decat-instrumentele,2025-05-04,2025Q2 campanie + investitură,0,0_românia_romaniaonesta_româniei_trebuie
2025-05-04_mai-sunt-3-ore-pana-la-inchiderea-urnelor-si-drumurile-de-la,2025-05-04,2025Q2 campanie + investitură,0,0_românia_romaniaonesta_româniei_trebuie
2025-05-04_mai-sunt-5-ore-pana-la-inchiderea-sectiilor-de-votare-daca-s,2025-05-04,2025Q2 campanie + investitură,0,0_românia_romaniaonesta_româniei_trebuie
2025-05-04_mai-sunt-cateva-ore-profitati-de-aceste-cateva-ore-si-merget,2025-05-04,2025Q2 campanie + investitură,0,0_românia_romaniaonesta_româniei_trebuie
2025-05-04_multumesc-tare-mult-pentru-sprijin-multumesc-celor-care-m-au,2025-05-04,2025Q2 campanie + investitură,0,0_românia_romaniaonesta_româniei_trebuie
2025-05-04_o-prezenta-mare-la-urne-le-strica-planurile-alegerea-ta-poat,2025-05-04,2025Q2 campanie + investitură,0,0_românia_romaniaonesta_româniei_trebuie
2025-05-05_prin-votul-romanilor-de-ieri-s-a-incheiat-o-epoca-politica-s,2025-05-05,2025Q2 campanie + investitură,0,0_românia_romaniaonesta_româniei_trebuie
2025-05-05_romania-are-o-sansa-le-multumesc-tuturor-celor-care-au-votat,2025-05-05,2025Q2 campanie + investitură,0,0_românia_romaniaonesta_româniei_trebuie
2025-05-06_6-mai-1990-podul-de-flori-ziua-in-care-prutul-a-unit-nu-a-de,2025-05-06,2025Q2 campanie + investitură,0,0_românia_romaniaonesta_româniei_trebuie
2025-05-06_curajul-si-puterea-femeilor-care-aleg-sa-plece-din-relatii-t,2025-05-06,2025Q2 campanie + investitură,0,0_românia_romaniaonesta_româniei_trebuie
2025-05-07_am-vorbit-azi-in-cadrul-unui-eveniment-organizat-de-romanian,2025-05-07,2025Q2 campanie + investitură,0,0_românia_romaniaonesta_româniei_trebuie
2025-05-07_ce-ma-deosebeste-de-contracandidatul-meu-este-aventura-in-ca,2025-05-07,2025Q2 campanie + investitură,0,0_românia_romaniaonesta_româniei_trebuie
2025-05-07_eu-sunt-aici-pentru-dezbateri-asa-cum-am-fost-si-in-primul-t,2025-05-07,2025Q2 campanie + investitură,0,0_românia_romaniaonesta_româniei_trebuie
2025-05-08_clasa-politica-i-a-ignorat-si-tradat-pe-cetateni-dar-raspuns,2025-05-08,2025Q2 campanie + investitură,0,0_românia_romaniaonesta_româniei_trebuie
2025-05-08_fapte-sau-vorbe-alegeti-intelept-pe-18-mai-alegeriprezidenti,2025-05-08,2025Q2 campanie + investitură,0,0_românia_romaniaonesta_româniei_trebuie
2025-05-08_ipocrizia-lui-george-simion-este-clara-nu-si-asuma-opiniile,2025-05-08,2025Q2 campanie + investitură,5,5_george_nicusordan_spune_georgescu
2025-05-08_prima-dezbatere-cu-contracandidatul-meu-sustinerea-voastra-i,2025-05-08,2025Q2 campanie + investitură,0,0_românia_romaniaonesta_româniei_trebuie
2025-05-08_salut-alegerea-noului-papa-leon-al-xiv-lea-si-sunt-alaturi-d,2025-05-08,2025Q2 campanie + investitură,0,0_românia_romaniaonesta_româniei_trebuie
2025-05-09_alegerile-de-pe-18-mai-au-legatura-cu-facturile-pe-care-le-p,2025-05-09,2025Q2 campanie + investitură,0,0_românia_romaniaonesta_româniei_trebuie
2025-05-09_avem-un-potential-urias-romaniaonesta-nicusorpresedinte-nicu,2025-05-09,2025Q2 campanie + investitură,0,0_românia_romaniaonesta_româniei_trebuie
2025-05-09_la-multi-ani-europa-astazi-de-ziua-europei-celebram-nu-doar,2025-05-09,2025Q2 campanie + investitură,0,0_românia_romaniaonesta_româniei_trebuie
2025-05-09_la-multi-ani-europa-foto-inquam-photos-octav-ganea,2025-05-09,2025Q2 campanie + investitură,0,0_românia_romaniaonesta_româniei_trebuie
2025-05-09_oamenii-se-uita-la-fapte-alegeriprezidentiale,2025-05-09,2025Q2 campanie + investitură,0,0_românia_romaniaonesta_româniei_trebuie
2025-05-09_pacea-se-obtine-prin-descurajarea-razboiului-romaniaonesta,2025-05-09,2025Q2 campanie + investitură,0,0_românia_romaniaonesta_româniei_trebuie
2025-05-09_ucraina-trebuie-sa-aiba-parte-de-o-pace-justa-securitatenati,2025-05-09,2025Q2 campanie + investitură,0,0_românia_romaniaonesta_româniei_trebuie
2025-05-10_astazi-10-mai-celebram-ziua-independentei-de-stat-a-romaniei,2025-05-10,2025Q2 campanie + investitură,0,0_românia_romaniaonesta_româniei_trebuie
2025-05-10_de-ce-se-bucura-simion-de-pierderea-dreptului-romanilor-la-c,2025-05-10,2025Q2 campanie + investitură,0,0_românia_romaniaonesta_româniei_trebuie
2025-05-10_george-simion-si-a-dezvaluit-adevarata-fata-un-suveranist-de,2025-05-10,2025Q2 campanie + investitură,5,5_george_nicusordan_spune_georgescu
2025-05-10_o-tara-care-isi-doreste-sa-fie-sigura-si-in-care-legea-este,2025-05-10,2025Q2 campanie + investitură,0,0_românia_romaniaonesta_româniei_trebuie
2025-05-10_p-rerea-mea-despre-diaspora-diaspora-romaniaonesta-nicusorpr,2025-05-10,2025Q2 campanie + investitură,0,0_românia_romaniaonesta_româniei_trebuie
2025-05-10_romania-nu-si-permite-sa-faca-un-experiment-sa-vada-cum-ar-f,2025-05-10,2025Q2 campanie + investitură,0,0_românia_romaniaonesta_româniei_trebuie
2025-05-11_atacurile-botilor-continua-si-nu-intamplator-sunt-vizate-pos,2025-05-11,2025Q2 campanie + investitură,5,5_george_nicusordan_spune_georgescu
2025-05-11_multumesc-araicu-ca-ai-ales-sa-fii-o-voce-in-fata-romanilor,2025-05-11,2025Q2 campanie + investitură,0,0_românia_romaniaonesta_româniei_trebuie
2025-05-11_multumesc-geluduminica-ca-ai-urcat-pe-scena-romaniainlumina,2025-05-11,2025Q2 campanie + investitură,0,0_românia_romaniaonesta_româniei_trebuie
2025-05-11_nu-putem-trece-cu-vederea-faptul-ca-george-simion-a-dat-sper,2025-05-11,2025Q2 campanie + investitură,5,5_george_nicusordan_spune_georgescu
2025-05-11_romania-are-nevoie-de-noi-toti-traim-vremuri-care-ne-pun-la,2025-05-11,2025Q2 campanie + investitură,0,0_românia_romaniaonesta_româniei_trebuie
2025-05-11_scoala-trebuie-sa-i-ajute-pe-copii-sa-si-dezvolte-gandirea-c,2025-05-11,2025Q2 campanie + investitură,0,0_românia_romaniaonesta_româniei_trebuie
2025-05-11_va-astept-in-piata-victoriei-incepand-cu-ora-18-00-romaniaco,2025-05-11,2025Q2 campanie + investitură,0,0_românia_romaniaonesta_româniei_trebuie
2025-05-12_aceasta-este-diploma-mea-de-bacalaureat-in-original-varianta,2025-05-12,2025Q2 campanie + investitură,0,0_românia_romaniaonesta_româniei_trebuie
2025-05-12_credem-in-noi-si-in-romania-mai-avem-de-facut-un-ultim-efort,2025-05-12,2025Q2 campanie + investitură,0,0_românia_romaniaonesta_româniei_trebuie
2025-05-12_echilibru-si-o-schimbare-in-bine-sau-haos-social-si-dezastru,2025-05-12,2025Q2 campanie + investitură,0,0_românia_romaniaonesta_româniei_trebuie
2025-05-12_impreuna-putem-construi-o-romanie-in-care-copiii-nostri-sa-r,2025-05-12,2025Q2 campanie + investitură,0,0_românia_romaniaonesta_româniei_trebuie
2025-05-12_intotdeauna-inainte-de-primar-sau-presedinte-voi-fi-un-om-pr,2025-05-12,2025Q2 campanie + investitură,-1,-1_români_românia_împreună_onestă
2025-05-12_mari-si-mici-deopotriva-cu-acelasi-gand-romaniainlumina,2025-05-12,2025Q2 campanie + investitură,0,0_românia_romaniaonesta_româniei_trebuie
2025-05-12_multumesc-medeleanumelania-pentru-felul-in-care-in-care-ai-e,2025-05-12,2025Q2 campanie + investitură,0,0_românia_romaniaonesta_româniei_trebuie
2025-05-12_romania-are-nevoie-de-un-presedinte-curajos-care-se-prezinta,2025-05-12,2025Q2 campanie + investitură,0,0_românia_romaniaonesta_româniei_trebuie
2025-05-12_romania-onesta-este-schimbarea-care-ne-uneste-nicusordan,2025-05-12,2025Q2 campanie + investitură,0,0_românia_romaniaonesta_româniei_trebuie
2025-05-13_contracandidatul-meu-este-inca-dator-sa-explice-cine-sunt-pa,2025-05-13,2025Q2 campanie + investitură,5,5_george_nicusordan_spune_georgescu
2025-05-13_iti-multumesc-delia-grigore-pentru-ca-esti-vocea-romilor-din,2025-05-13,2025Q2 campanie + investitură,0,0_românia_romaniaonesta_româniei_trebuie
2025-05-13_multe-am-invatat-de-la-domnul-victor-rebengiuc-ii-multumesc,2025-05-13,2025Q2 campanie + investitură,0,0_românia_romaniaonesta_româniei_trebuie
2025-05-13_niciodata-nu-am-suportat-nedreptatea-de-20-ani-lupt-pentru-d,2025-05-13,2025Q2 campanie + investitură,0,0_românia_romaniaonesta_româniei_trebuie
2025-05-13_o-romanie-buna-pentru-toti-romanii-din-tara-din-diaspora-din,2025-05-13,2025Q2 campanie + investitură,0,0_românia_romaniaonesta_româniei_trebuie
2025-05-13_oana-gheorghiu-este-omul-care-a-strans-milioane-de-romani-in,2025-05-13,2025Q2 campanie + investitură,0,0_românia_romaniaonesta_româniei_trebuie
2025-05-13_totul-pleaca-de-la-educatie-un-popor-puternic-are-nevoie-de,2025-05-13,2025Q2 campanie + investitură,0,0_românia_romaniaonesta_româniei_trebuie
2025-05-13_vin-dintr-o-familie-simpla-dintr-un-oras-mic-al-romaniei-am,2025-05-13,2025Q2 campanie + investitură,0,0_românia_romaniaonesta_româniei_trebuie
2025-05-13_vom-redresa-economia-si-vom-pune-ordine-in-cheltuielile-stat,2025-05-13,2025Q2 campanie + investitură,0,0_românia_romaniaonesta_româniei_trebuie
2025-05-14_a-patra-dezbatere-consecutiva-a-patra-oara-cand-george-simio,2025-05-14,2025Q2 campanie + investitură,5,5_george_nicusordan_spune_georgescu
2025-05-14_am-primit-cu-multa-emotie-si-recunostinta-mesajul-presedinte,2025-05-14,2025Q2 campanie + investitură,0,0_românia_romaniaonesta_româniei_trebuie
2025-05-14_banii-folositi-de-stat-pentru-retetele-compensate-nu-sunt-si,2025-05-14,2025Q2 campanie + investitură,5,5_george_nicusordan_spune_georgescu
2025-05-14_george-simion-nu-fuge-doar-de-dezbatere-ci-si-de-propriii-su,2025-05-14,2025Q2 campanie + investitură,5,5_george_nicusordan_spune_georgescu
2025-05-14_gicu-micu-din-spania-este-unul-dintre-milioanele-de-romani-c,2025-05-14,2025Q2 campanie + investitură,0,0_românia_romaniaonesta_româniei_trebuie
2025-05-14_ii-multumesc-prim-ministrului-poloniei-donald-tusk-pentru-ac,2025-05-14,2025Q2 campanie + investitură,0,0_românia_romaniaonesta_româniei_trebuie
2025-05-14_insusi-omul-pe-care-isi-cladeste-campania-george-simion-spun,2025-05-14,2025Q2 campanie + investitură,5,5_george_nicusordan_spune_georgescu
2025-05-14_lapte-cu-mamaliga-amintiri-radacini,2025-05-14,2025Q2 campanie + investitură,0,0_românia_romaniaonesta_româniei_trebuie
2025-05-14_vocea-femeilor-trebuie-auzita-multumesc-din-inima-adagales-r,2025-05-14,2025Q2 campanie + investitură,0,0_românia_romaniaonesta_româniei_trebuie
2025-05-15_cine-pe-cine-ia-de-mana-imparte-sau-nu-george-simion-pareril,2025-05-15,2025Q2 campanie + investitură,5,5_george_nicusordan_spune_georgescu
2025-05-15_contracandidatul-meu-minte-ca-o-gazeta-ruseasca-nu-exista-ni,2025-05-15,2025Q2 campanie + investitură,4,4_sector bucurești_regina elisabeta_cpp_publicitar
2025-05-15_este-intolerabil-sa-jignesti-sute-de-mii-de-copii-si-adulti,2025-05-15,2025Q2 campanie + investitură,4,4_sector bucurești_regina elisabeta_cpp_publicitar
2025-05-15_ii-multumesc-starului-imsebastianstan-care-a-castigat-globul,2025-05-15,2025Q2 campanie + investitură,0,0_românia_romaniaonesta_româniei_trebuie
2025-05-15_romania-are-speranta-drumul-spre-stabilitate-cere-seriozitat,2025-05-15,2025Q2 campanie + investitură,0,0_românia_romaniaonesta_româniei_trebuie
2025-05-15_simion-si-interlopii-spune-mi-cu-cine-umbli-ca-sa-iti-spun-c,2025-05-15,2025Q2 campanie + investitură,5,5_george_nicusordan_spune_georgescu
2025-05-15_simion-si-partidul-lui-despre-femei-felul-in-care-un-barbat,2025-05-15,2025Q2 campanie + investitură,5,5_george_nicusordan_spune_georgescu
2025-05-15_suntem-o-familie-cu-doi-copii-minunati-cladita-pe-iubire-si,2025-05-15,2025Q2 campanie + investitură,0,0_românia_romaniaonesta_româniei_trebuie
2025-05-15_va-multumesc-pentru-sutele-de-mesaje-in-care-imi-spuneti-ca,2025-05-15,2025Q2 campanie + investitură,0,0_românia_romaniaonesta_româniei_trebuie
2025-05-16_am-insotit-un-grup-de-lucratori-dintr-un-depozit-la-iesirea,2025-05-16,2025Q2 campanie + investitură,0,0_românia_romaniaonesta_româniei_trebuie
2025-05-16_cirese-si-bujori-de-la-oamenii-vrednici-e-plina-romania-de-e,2025-05-16,2025Q2 campanie + investitură,0,0_românia_romaniaonesta_româniei_trebuie
2025-05-16_eu-si-credinta-s-au-spus-multe-minciuni-despre-mine-in-aceas,2025-05-16,2025Q2 campanie + investitură,0,0_românia_romaniaonesta_româniei_trebuie
2025-05-16_final-de-campanie-o-campanie-onesta-pentru-o-romanie-onesta,2025-05-16,2025Q2 campanie + investitură,0,0_românia_romaniaonesta_româniei_trebuie
2025-05-16_in-timp-ce-contracandidatul-meu-jignea-poporul-francez-chiar,2025-05-16,2025Q2 campanie + investitură,0,0_românia_romaniaonesta_româniei_trebuie
2025-05-16_multumesc-andreeamarinromania-romaniaonesta-faravotpierdemto,2025-05-16,2025Q2 campanie + investitură,0,0_românia_romaniaonesta_româniei_trebuie
2025-05-16_multumesc-horiatecau-romaniaonesta-faravotpierdemtot,2025-05-16,2025Q2 campanie + investitură,0,0_românia_romaniaonesta_româniei_trebuie
2025-05-16_nu-voi-vota-omul-perfect-votez-omul-onest-multumesc-mihaimor,2025-05-16,2025Q2 campanie + investitură,0,0_românia_romaniaonesta_româniei_trebuie
2025-05-16_romania-care-munceste-merita-respect-si-sustinere-am-fost-la,2025-05-16,2025Q2 campanie + investitură,0,0_românia_romaniaonesta_româniei_trebuie
2025-05-16_romania-nu-are-nevoie-de-vanzatori-de-iluzii-romaniaonesta-n,2025-05-16,2025Q2 campanie + investitură,0,0_românia_romaniaonesta_româniei_trebuie
2025-05-16_sa-ne-ascultam-unii-pe-altii-sa-nu-ne-certam-ne-unim-si-impr,2025-05-16,2025Q2 campanie + investitură,0,0_românia_romaniaonesta_româniei_trebuie
2025-05-16_sunt-oamenii-care-duc-romania-in-toata-europa-pe-ploaie-nins,2025-05-16,2025Q2 campanie + investitură,0,0_românia_romaniaonesta_româniei_trebuie
2025-05-16_tractorul-porneste-si-pana-pe-camp-arzi-motorina-de-200-de-l,2025-05-16,2025Q2 campanie + investitură,0,0_românia_romaniaonesta_româniei_trebuie
2025-05-16_voluntarii-au-fost-inima-campaniei-noastre-o-inima-care-bate,2025-05-16,2025Q2 campanie + investitură,0,0_românia_romaniaonesta_româniei_trebuie
2025-05-17_astazi-am-fost-invitat-de-studentii-din-grozavesti-la-o-lect,2025-05-17,2025Q2 campanie + investitură,0,0_românia_romaniaonesta_româniei_trebuie
2025-05-17_continuati-sa-credeti-in-romania-si-iesiti-la-vot-nu-e-o-ale,2025-05-17,2025Q2 campanie + investitură,0,0_românia_romaniaonesta_româniei_trebuie
2025-05-17_dragi-romani-din-diaspora-dreptul-vostru-alegerea-voastra-do,2025-05-17,2025Q2 campanie + investitură,0,0_românia_romaniaonesta_româniei_trebuie
2025-05-17_gust-romanesc-nimic-nu-se-compara-cu-legumele-proaspete-de-l,2025-05-17,2025Q2 campanie + investitură,0,0_românia_romaniaonesta_româniei_trebuie
2025-05-17_maine-este-o-zi-importanta-pentru-romania-si-trebuie-sa-cont,2025-05-17,2025Q2 campanie + investitură,0,0_românia_romaniaonesta_româniei_trebuie
2025-05-17_romania-poate-fi-din-nou-locul-in-care-femeile-aleg-sa-raman,2025-05-17,2025Q2 campanie + investitură,0,0_românia_romaniaonesta_româniei_trebuie
2025-05-18_a-fost-o-mobilizare-fara-precedent-si-de-aceea-victoria-este,2025-05-18,2025Q2 campanie + investitură,0,0_românia_romaniaonesta_româniei_trebuie
2025-05-18_am-plecat-spre-fagaras-cu-mic-cu-mare-votul-este-despre-noi,2025-05-18,2025Q2 campanie + investitură,0,0_românia_romaniaonesta_româniei_trebuie
2025-05-18_am-votat-astazi-la-fagaras-in-orasul-meu-natal-in-scoala-in,2025-05-18,2025Q2 campanie + investitură,0,0_românia_romaniaonesta_româniei_trebuie
2025-05-18_cand-te-intorci-acasa-stii-ca-ai-radacini-dar-si-ca-porti-o,2025-05-18,2025Q2 campanie + investitură,0,0_românia_romaniaonesta_româniei_trebuie
2025-05-18_cu-nostalgie-si-incredere-in-generatiile-tinere-de-azi-va-in,2025-05-18,2025Q2 campanie + investitură,0,0_românia_romaniaonesta_româniei_trebuie
2025-05-18_fiecare-vot-conteaza-iesim-la-vot-astazi-ca-sa-nu-regretam-m,2025-05-18,2025Q2 campanie + investitură,0,0_românia_romaniaonesta_româniei_trebuie
2025-05-18_important-daca-ora-21-00-va-prinde-la-sectia-de-votare-aveti,2025-05-18,2025Q2 campanie + investitură,0,0_românia_romaniaonesta_româniei_trebuie
2025-05-18_multumesc-ne-vedem-in-cateva-minute-la-cismigiu,2025-05-18,2025Q2 campanie + investitură,0,0_românia_romaniaonesta_româniei_trebuie
2025-05-18_putem-schimba-lumea-in-primul-rand-cu-implicare-e-timpul-vos,2025-05-18,2025Q2 campanie + investitură,0,0_românia_romaniaonesta_româniei_trebuie
2025-05-18_raman-recunoscator-fiecarui-roman-care-alege-sa-si-exercite,2025-05-18,2025Q2 campanie + investitură,0,0_românia_romaniaonesta_româniei_trebuie
2025-05-18_romaniaonesta-e-foarte-aproape-sa-se-implineasca-asteptam-nu,2025-05-18,2025Q2 campanie + investitură,0,0_românia_romaniaonesta_româniei_trebuie
2025-05-18_un-gand-special-de-recunostinta-si-multumiri-cetatenilor-rom,2025-05-18,2025Q2 campanie + investitură,0,0_românia_romaniaonesta_româniei_trebuie
2025-05-18_votam-azi-ca-sa-nu-ne-para-rau-maine,2025-05-18,2025Q2 campanie + investitură,0,0_românia_romaniaonesta_româniei_trebuie
2025-05-18_votul-este-un-drept-dar-si-o-responsabilitate-tu-decizi-pent,2025-05-18,2025Q2 campanie + investitură,0,0_românia_romaniaonesta_româniei_trebuie
2025-05-21_am-avut-o-prima-discutie-informala-cu-presedinta-parlamentul,2025-05-21,2025Q2 campanie + investitură,0,0_românia_romaniaonesta_româniei_trebuie
2025-05-21_prioritatea-principala-in-aceasta-perioada-este-corectarea-d,2025-05-21,2025Q2 campanie + investitură,0,0_românia_romaniaonesta_româniei_trebuie
2025-05-22_am-fost-bucuros-sa-particip-la-gala-repatriot-un-eveniment-d,2025-05-22,2025Q2 campanie + investitură,0,0_românia_romaniaonesta_româniei_trebuie
2025-05-22_astazi-am-primit-validarea-mandatului-de-presedinte-al-roman,2025-05-22,2025Q2 campanie + investitură,0,0_românia_romaniaonesta_româniei_trebuie
2025-05-23_dragi-bucuresteni-orasul-apartine-oamenilor-nu-functiilor-ia,2025-05-23,2025Q2 campanie + investitură,1,1_bucurești_str_oraș_fonduri
2025-05-24_investitia-in-educatia-tinerilor-ii-va-ajuta-pe-ei-sa-creasc,2025-05-24,2025Q2 campanie + investitură,0,0_românia_romaniaonesta_româniei_trebuie
2025-05-24_romania-continuam-pe-drumul-democratic-pro-european-si-trans,2025-05-24,2025Q2 campanie + investitură,0,0_românia_romaniaonesta_româniei_trebuie
2025-05-25_am-ajuns-la-varsovia-unde-am-o-prima-discutie-cu-prim-minist,2025-05-25,2025Q2 campanie + investitură,-1,-1_români_românia_împreună_onestă
2025-05-25_am-avut-astazi-o-discutie-utila-si-foarte-placuta-cu-o-parte,2025-05-25,2025Q2 campanie + investitură,0,0_românia_romaniaonesta_româniei_trebuie
2025-05-25_am-participat-astazi-cu-emotie-si-speranta-la-marsul-milionu,2025-05-25,2025Q2 campanie + investitură,0,0_românia_romaniaonesta_româniei_trebuie
2025-05-25_cu-ocazia-zilei-romanilor-de-pretutindeni-gandurile-mele-se,2025-05-25,2025Q2 campanie + investitură,0,0_românia_romaniaonesta_româniei_trebuie
2025-05-26_astazi-am-depus-juramantul-in-fata-parlamentului-romaniei-ca,2025-05-26,2025Q2 campanie + investitură,0,0_românia_romaniaonesta_româniei_trebuie
2025-05-28_am-fost-onorat-sa-port-o-discutie-cu-presedintele-donald-tru,2025-05-28,2025Q2 campanie + investitură,0,0_românia_romaniaonesta_româniei_trebuie
2025-05-29_decizia-surprinzatoare-a-curtii-constitutionale-anuntata-ast,2025-05-29,2025Q2 campanie + investitură,2,2_legea_privind_publice_statului
2025-05-29_gandurile-mele-se-indreapta-catre-familiile-lovite-de-inunda,2025-05-29,2025Q2 campanie + investitură,0,0_românia_romaniaonesta_româniei_trebuie
2025-05-31_am-fost-astazi-in-comuna-bacel-grav-afectata-de-inundatii-am,2025-05-31,2025Q2 campanie + investitură,0,0_românia_romaniaonesta_româniei_trebuie
2025-05-31_astazi-am-fost-la-praid-alaturi-de-o-comunitate-profund-afec,2025-05-31,2025Q2 campanie + investitură,0,0_românia_romaniaonesta_româniei_trebuie
2025-06-01_astazi-de-1-iunie-celebram-inocenta-bucuria-si-speranta-pe-c,2025-06-01,2025Q3 deficit + reforma economică,0,0_românia_romaniaonesta_româniei_trebuie
2025-06-02_am-incheiat-astazi-un-summit-b9-important-la-vilnius-alaturi,2025-06-02,2025Q3 deficit + reforma economică,0,0_românia_romaniaonesta_româniei_trebuie
2025-06-04_astazi-am-prezentat-principalele-teme-care-se-afla-pe-agenda,2025-06-04,2025Q3 deficit + reforma economică,0,0_românia_romaniaonesta_româniei_trebuie
2025-06-08_astazi-romania-a-celebrat-o-pe-una-dintre-cele-mai-mari-spor,2025-06-08,2025Q3 deficit + reforma economică,0,0_românia_romaniaonesta_româniei_trebuie
2025-06-10_i-am-urat-un-calduros-bun-venit-in-romania-majestatii-sale-f,2025-06-10,2025Q3 deficit + reforma economică,0,0_românia_romaniaonesta_româniei_trebuie
2025-06-10_impreuna-suntem-mai-puternici-republicamoldova-romania,2025-06-10,2025Q3 deficit + reforma economică,0,0_românia_romaniaonesta_româniei_trebuie
2025-06-10_ma-bucur-sa-ma-aflu-astazi-la-chisinau-in-prima-mea-vizita-o,2025-06-10,2025Q3 deficit + reforma economică,0,0_românia_romaniaonesta_româniei_trebuie
2025-06-10_participare-la-evenimentul-viitorul-european-comun-al-romani,2025-06-10,2025Q3 deficit + reforma economică,3,3_live_presă_declarații_politice
2025-06-11_astazi-la-odesa-am-avut-o-discutie-foarte-buna-cu-reprezenta,2025-06-11,2025Q3 deficit + reforma economică,0,0_românia_romaniaonesta_româniei_trebuie
2025-06-11_astazi-la-odesa-in-marja-summitului-ucraina-europa-de-sud-es,2025-06-11,2025Q3 deficit + reforma economică,0,0_românia_romaniaonesta_româniei_trebuie
2025-06-13_mineriada-din-13-15-iunie-1990-ramane-unul-dintre-cele-mai-d,2025-06-13,2025Q3 deficit + reforma economică,0,0_românia_romaniaonesta_româniei_trebuie
2025-06-16_i-am-invitat-astazi-la-palatul-cotroceni-pe-reprezentantii-s,2025-06-16,2025Q3 deficit + reforma economică,0,0_românia_romaniaonesta_româniei_trebuie
2025-06-18_romania-se-confrunta-cu-un-nivel-ingrijorator-de-violenta-im,2025-06-18,2025Q3 deficit + reforma economică,0,0_românia_romaniaonesta_româniei_trebuie
2025-06-20_l-am-desemnat-astazi-pe-domnul-ilie-bolojan-in-functia-de-pr,2025-06-20,2025Q3 deficit + reforma economică,0,0_românia_romaniaonesta_româniei_trebuie
2025-06-25_a-fost-o-reala-onoare-sa-ma-intalnesc-cu-prim-ministrul-rega,2025-06-25,2025Q3 deficit + reforma economică,0,0_românia_romaniaonesta_româniei_trebuie
2025-06-25_am-avut-o-intalnire-productiva-si-consistenta-cu-presedintel,2025-06-25,2025Q3 deficit + reforma economică,0,0_românia_romaniaonesta_româniei_trebuie
2025-06-25_am-avut-o-intrevedere-foarte-buna-cu-presedintele-petr-pavel,2025-06-25,2025Q3 deficit + reforma economică,0,0_românia_romaniaonesta_româniei_trebuie
2025-06-25_natosummit-usa-presidenttrump-romania,2025-06-25,2025Q3 deficit + reforma economică,0,0_românia_romaniaonesta_româniei_trebuie
2025-06-26_am-avut-o-prima-intalnire-cu-membrii-romani-ai-parlamentului,2025-06-26,2025Q3 deficit + reforma economică,0,0_românia_romaniaonesta_româniei_trebuie
2025-06-26_am-avut-un-dialog-foarte-bun-cu-presedintele-consiliului-eur,2025-06-26,2025Q3 deficit + reforma economică,0,0_românia_romaniaonesta_româniei_trebuie
2025-07-02_am-aflat-cu-profunda-tristete-vestea-disparitiei-lui-mihai-l,2025-07-02,2025Q3 deficit + reforma economică,0,0_românia_romaniaonesta_româniei_trebuie
2025-07-08_l-am-numit-astazi-pe-dacian-cosmin-dragos-in-functia-de-jude,2025-07-08,2025Q3 deficit + reforma economică,2,2_legea_privind_publice_statului
2025-07-14_asa-cum-am-promis-am-publicat-astazi-pe-site-ul-administrati,2025-07-14,2025Q3 deficit + reforma economică,0,0_românia_romaniaonesta_româniei_trebuie
2025-07-14_masurile-fiscale-adoptate-acum-reprezinta-o-situatie-provizo,2025-07-14,2025Q3 deficit + reforma economică,0,0_românia_romaniaonesta_româniei_trebuie
2025-07-18_am-avut-o-intalnire-foarte-buna-cu-cancelarul-federal-al-ger,2025-07-18,2025Q3 deficit + reforma economică,0,0_românia_romaniaonesta_româniei_trebuie
2025-07-21_ii-indemn-pe-cei-care-inca-se-indoiesc-de-interferentele-rus,2025-07-21,2025Q3 deficit + reforma economică,0,0_românia_romaniaonesta_româniei_trebuie
2025-07-22_ma-ingrijoreaza-profund-rezultatele-studiului-prezentat-asta,2025-07-22,2025Q3 deficit + reforma economică,0,0_românia_romaniaonesta_româniei_trebuie
2025-07-24_ieri-am-avut-o-intalnire-cu-ministrul-mediului-diana-buzoian,2025-07-24,2025Q3 deficit + reforma economică,0,0_românia_romaniaonesta_româniei_trebuie
2025-07-25_am-avut-o-intalnire-constructiva-cu-reprezentanti-ai-mediulu,2025-07-25,2025Q3 deficit + reforma economică,0,0_românia_romaniaonesta_româniei_trebuie
2025-07-25_austria-si-romania-intra-intr-un-nou-capitol-al-relatiei-bil,2025-07-25,2025Q3 deficit + reforma economică,0,0_românia_romaniaonesta_româniei_trebuie
2025-07-26_in-cadrul-intalnirii-de-astazi-cu-cancelarul-federal-al-aust,2025-07-26,2025Q3 deficit + reforma economică,0,0_românia_romaniaonesta_româniei_trebuie
2025-07-27_alaturi-de-austria-al-treilea-mare-investitor-din-romania-in,2025-07-27,2025Q3 deficit + reforma economică,0,0_românia_romaniaonesta_româniei_trebuie
2025-07-28_astazi-am-avut-placerea-de-a-l-primi-la-palatul-cotroceni-pe,2025-07-28,2025Q3 deficit + reforma economică,0,0_românia_romaniaonesta_româniei_trebuie
2025-07-29_sunt-profund-afectat-de-pierderile-de-vieti-omenesti-si-de-d,2025-07-29,2025Q3 deficit + reforma economică,0,0_românia_romaniaonesta_româniei_trebuie
2025-07-30_astazi-comemorand-ziua-internationala-pentru-lupta-impotriva,2025-07-30,2025Q3 deficit + reforma economică,0,0_românia_romaniaonesta_româniei_trebuie
2025-07-30_este-total-aberant-ca-pensia-pe-care-o-ia-un-magistrat-sa-fi,2025-07-30,2025Q3 deficit + reforma economică,2,2_legea_privind_publice_statului
2025-07-31_astazi-in-ziua-europeana-de-comemorare-a-holocaustului-impot,2025-07-31,2025Q3 deficit + reforma economică,0,0_românia_romaniaonesta_româniei_trebuie
2025-08-10_astazi-am-facut-o-drumetie-in-natura-iar-copiii-au-fost-cei,2025-08-10,2025Q3 deficit + reforma economică,0,0_românia_romaniaonesta_româniei_trebuie
2025-08-10_orheiul-vechi-a-rasunat-de-muzica-folk-la-festivalul-lupilor,2025-08-10,2025Q3 deficit + reforma economică,0,0_românia_romaniaonesta_româniei_trebuie
2025-08-12_aceste-zile-petrecute-dincolo-de-prut-ne-au-reamintit-cat-de,2025-08-12,2025Q3 deficit + reforma economică,0,0_românia_romaniaonesta_româniei_trebuie
2025-08-12_salut-eforturile-presedintelui-donald-trump-de-a-contribui-l,2025-08-12,2025Q3 deficit + reforma economică,0,0_românia_romaniaonesta_româniei_trebuie
2025-08-13_am-participat-astazi-la-videoconferinta-coalitiei-de-vointa,2025-08-13,2025Q3 deficit + reforma economică,0,0_românia_romaniaonesta_româniei_trebuie
2025-08-17_astazi-in-cadrul-unei-noi-videoconferinte-a-coalitiei-de-voi,2025-08-17,2025Q3 deficit + reforma economică,0,0_românia_romaniaonesta_româniei_trebuie
2025-08-17_cele-mai-frumoase-locuri-pe-care-le-am-vizitat-cu-familia-su,2025-08-17,2025Q3 deficit + reforma economică,0,0_românia_romaniaonesta_româniei_trebuie
2025-08-18_o-veste-buna-agentia-de-rating-fitch-a-confirmat-vineri-rati,2025-08-18,2025Q3 deficit + reforma economică,0,0_românia_romaniaonesta_româniei_trebuie
2025-08-18_rusia-nu-isi-doreste-pacea-in-cadrul-coalitiei-pentru-vointa,2025-08-18,2025Q3 deficit + reforma economică,0,0_românia_romaniaonesta_româniei_trebuie
2025-08-19_astazi-la-videoconferintele-coalitiei-de-vointa-si-ale-consi,2025-08-19,2025Q3 deficit + reforma economică,0,0_românia_romaniaonesta_româniei_trebuie
2025-08-19_videoconferintele-coalitiei-de-vointa-si-ale-consiliului-eur,2025-08-19,2025Q3 deficit + reforma economică,0,0_românia_romaniaonesta_româniei_trebuie
2025-08-20_mult-respect-si-recunostinta-pentru-militarii-din-comandamen,2025-08-20,2025Q3 deficit + reforma economică,0,0_românia_romaniaonesta_româniei_trebuie
2025-08-21_am-avut-parte-de-o-primire-calduroasa-la-rosia-montana-trebu,2025-08-21,2025Q3 deficit + reforma economică,0,0_românia_romaniaonesta_româniei_trebuie
2025-08-26_m-am-intalnit-astazi-la-palatul-cotroceni-cu-diplomatii-roma,2025-08-26,2025Q3 deficit + reforma economică,0,0_românia_romaniaonesta_româniei_trebuie
2025-08-28_condamn-cu-fermitate-agresiunea-asupra-unui-tanar-venit-la-m,2025-08-28,2025Q3 deficit + reforma economică,0,0_românia_romaniaonesta_româniei_trebuie
2025-08-31_astazi-am-avut-onoarea-de-a-fi-prezent-la-marea-dictare-nati,2025-08-31,2025Q3 deficit + reforma economică,0,0_românia_romaniaonesta_româniei_trebuie
2025-08-31_participare-alaturi-de-presedintele-republicii-moldova-maia,2025-08-31,2025Q3 deficit + reforma economică,3,3_live_presă_declarații_politice
2025-09-01_astazi-i-am-urat-bun-venit-pe-tarmul-marii-negre-doamnei-pre,2025-09-01,2025Q4 stabilizare + diplomație,0,0_românia_romaniaonesta_româniei_trebuie
2025-09-01_ii-multumesc-lui-manfred-weber-pentru-vizita-de-astazi-de-la,2025-09-01,2025Q4 stabilizare + diplomație,0,0_românia_romaniaonesta_româniei_trebuie
2025-09-02_ieri-la-malul-marii-negre-am-intampinat-o-pe-ursula-von-der,2025-09-02,2025Q4 stabilizare + diplomație,0,0_românia_romaniaonesta_româniei_trebuie
2025-09-03_am-semnat-astazi-cu-respect-si-consideratie-decretul-de-deco,2025-09-03,2025Q4 stabilizare + diplomație,0,0_românia_romaniaonesta_româniei_trebuie
2025-09-03_astazi-am-marcat-un-moment-important-pentru-securitatea-ener,2025-09-03,2025Q4 stabilizare + diplomație,0,0_românia_romaniaonesta_româniei_trebuie
2025-09-03_m-am-bucurat-sa-il-primesc-astazi-la-palatul-cotroceni-pe-pr,2025-09-03,2025Q4 stabilizare + diplomație,0,0_românia_romaniaonesta_româniei_trebuie
2025-09-10_am-avut-astazi-o-intalnire-importanta-cu-reprezentantii-inve,2025-09-10,2025Q4 stabilizare + diplomație,0,0_românia_romaniaonesta_româniei_trebuie
2025-09-15_am-avut-astazi-o-discutie-excelenta-cu-secretarul-general-al,2025-09-15,2025Q4 stabilizare + diplomație,0,0_românia_romaniaonesta_româniei_trebuie
2025-09-16_cercetarea-prezentata-azi-de-procurorul-general-reprezinta-o,2025-09-16,2025Q4 stabilizare + diplomație,0,0_românia_romaniaonesta_româniei_trebuie
2025-09-17_curtea-constitutionala-a-admis-astazi-sesizarea-pe-care-am-f,2025-09-17,2025Q4 stabilizare + diplomație,2,2_legea_privind_publice_statului
2025-09-23_am-avut-astazi-o-intalnire-cu-liderii-coalitiei-de-guvernare,2025-09-23,2025Q4 stabilizare + diplomație,0,0_românia_romaniaonesta_româniei_trebuie
2025-09-24_astazi-am-avut-o-intalnire-foarte-buna-la-palatul-cotroceni,2025-09-24,2025Q4 stabilizare + diplomație,0,0_românia_romaniaonesta_româniei_trebuie
2025-09-24_legatura-dintre-romania-si-republica-moldova-nu-este-doar-un,2025-09-24,2025Q4 stabilizare + diplomație,0,0_românia_romaniaonesta_româniei_trebuie
2025-09-26_sunt-profund-indurerat-de-tragedia-petrecuta-la-spitalul-de,2025-09-26,2025Q4 stabilizare + diplomație,0,0_românia_romaniaonesta_româniei_trebuie
2025-09-28_dragi-basarabeni-din-romania-astazi-este-o-zi-importanta-pen,2025-09-28,2025Q4 stabilizare + diplomație,0,0_românia_romaniaonesta_româniei_trebuie
2025-09-29_cu-ocazia-implinirii-a-30-de-ani-de-la-infiintarea-aliantei,2025-09-29,2025Q4 stabilizare + diplomație,0,0_românia_romaniaonesta_româniei_trebuie
2025-09-29_felicit-cetatenii-republicii-moldova-pentru-mobilizare-si-pe,2025-09-29,2025Q4 stabilizare + diplomație,0,0_românia_romaniaonesta_româniei_trebuie
2025-09-30_am-vizitat-azi-la-timisoara-doua-companii-care-folosesc-inte,2025-09-30,2025Q4 stabilizare + diplomație,0,0_românia_romaniaonesta_româniei_trebuie
2025-09-30_in-luna-iulie-am-spus-ca-administratia-prezidentiala-va-cont,2025-09-30,2025Q4 stabilizare + diplomație,0,0_românia_romaniaonesta_româniei_trebuie
2025-09-30_marile-orase-europene-sunt-motoarele-dezvoltarii-insa-de-pre,2025-09-30,2025Q4 stabilizare + diplomație,0,0_românia_romaniaonesta_româniei_trebuie
2025-10-01_am-trimis-inapoi-parlamentului-o-lege-care-ar-fi-anulat-una,2025-10-01,2025Q4 stabilizare + diplomație,0,0_românia_romaniaonesta_româniei_trebuie
2025-10-01_astazi-si-maine-sunt-la-copenhaga-pentru-a-participa-la-reun,2025-10-01,2025Q4 stabilizare + diplomație,0,0_românia_romaniaonesta_româniei_trebuie
2025-10-02_a-doua-zi-a-vizitei-mele-la-copenhaga-este-dedicata-particip,2025-10-02,2025Q4 stabilizare + diplomație,0,0_românia_romaniaonesta_româniei_trebuie
2025-10-02_am-avut-discutie-foarte-productiva-cu-premierul-suediei-ulf,2025-10-02,2025Q4 stabilizare + diplomație,0,0_românia_romaniaonesta_româniei_trebuie
2025-10-02_declaratii-de-presa-sustinute-inaintea-participarii-la-reuni,2025-10-02,2025Q4 stabilizare + diplomație,3,3_live_presă_declarații_politice
2025-10-02_le-am-prezentat-colegilor-europeni-principalele-concluzii-di,2025-10-02,2025Q4 stabilizare + diplomație,0,0_românia_romaniaonesta_româniei_trebuie
2025-10-02_romania-s-a-alaturat-initiativei-lansate-de-presedintele-emm,2025-10-02,2025Q4 stabilizare + diplomație,0,0_românia_romaniaonesta_româniei_trebuie
2025-10-02_sprijinul-nostru-pentru-republica-moldova-nu-se-opreste-am-d,2025-10-02,2025Q4 stabilizare + diplomație,0,0_românia_romaniaonesta_româniei_trebuie
2025-10-03_am-promulgat-astazi-legea-privind-activitatea-anre-asf-si-an,2025-10-03,2025Q4 stabilizare + diplomație,2,2_legea_privind_publice_statului
2025-10-06_am-anuntat-astazi-numirea-urmatorilor-consilieri-prezidentia,2025-10-06,2025Q4 stabilizare + diplomație,0,0_românia_romaniaonesta_româniei_trebuie
2025-10-09_am-participat-astazi-la-ceremonia-dedicata-comemorarii-victi,2025-10-09,2025Q4 stabilizare + diplomație,0,0_românia_romaniaonesta_româniei_trebuie
2025-10-12_la-usa-inimii-cuiva-trebuie-sa-ne-rugam-sa-navalim-sau-sa-ci,2025-10-12,2025Q4 stabilizare + diplomație,0,0_românia_romaniaonesta_româniei_trebuie
2025-10-13_am-primit-astazi-la-palatul-cotroceni-o-delegatie-condusa-de,2025-10-13,2025Q4 stabilizare + diplomație,0,0_românia_romaniaonesta_româniei_trebuie
2025-10-13_am-promulgat-astazi-legea-de-aprobare-a-ordonantei-de-urgent,2025-10-13,2025Q4 stabilizare + diplomație,2,2_legea_privind_publice_statului
2025-10-14_fenomenul-coruptiei-trebuie-atacat-frontal-acest-flagel-care,2025-10-14,2025Q4 stabilizare + diplomație,0,0_românia_romaniaonesta_româniei_trebuie
2025-10-16_am-promulgat-astazi-legea-care-sanctioneaza-coruperea-functi,2025-10-16,2025Q4 stabilizare + diplomație,2,2_legea_privind_publice_statului
2025-10-17_explozia-produsa-astazi-intr-un-bloc-de-pe-calea-rahovei-din,2025-10-17,2025Q4 stabilizare + diplomație,0,0_românia_romaniaonesta_româniei_trebuie
2025-10-20_am-avut-astazi-la-palatul-cotroceni-un-dialog-constructiv-cu,2025-10-20,2025Q4 stabilizare + diplomație,0,0_românia_romaniaonesta_româniei_trebuie
2025-10-20_reforma-pensiilor-magistratilor-ramane-o-prioritate-nu-este,2025-10-20,2025Q4 stabilizare + diplomație,2,2_legea_privind_publice_statului
2025-10-21_am-semnat-astazi-decretul-pentru-trecerea-in-rezerva-a-doamn,2025-10-21,2025Q4 stabilizare + diplomație,0,0_românia_romaniaonesta_româniei_trebuie
2025-10-22_am-promulgat-o-lege-care-aduce-noi-reglementari-in-domeniul,2025-10-22,2025Q4 stabilizare + diplomație,2,2_legea_privind_publice_statului
2025-10-22_in-drum-spre-bruxelles-la-o-noua-reuniune-a-consiliului-euro,2025-10-22,2025Q4 stabilizare + diplomație,-1,-1_români_românia_împreună_onestă
2025-10-23_am-promulgat-saptamana-aceasta-legea-care-ne-va-permite-sa-f,2025-10-23,2025Q4 stabilizare + diplomație,2,2_legea_privind_publice_statului
2025-10-23_zi-extrem-de-incarcata-la-reuniunea-liderilor-ue-de-la-bruxe,2025-10-23,2025Q4 stabilizare + diplomație,0,0_românia_romaniaonesta_româniei_trebuie
2025-10-24_165-de-ani-de-traditie-si-excelenta-universitara-la-iasi-ast,2025-10-24,2025Q4 stabilizare + diplomație,0,0_românia_romaniaonesta_româniei_trebuie
2025-10-24_antibiotice-iasi-un-simbol-al-industriei-farmaceutice-romane,2025-10-24,2025Q4 stabilizare + diplomație,0,0_românia_romaniaonesta_româniei_trebuie
2025-10-25_astazi-am-onorat-la-brigada-15-mecanizata-podu-inalt-din-ias,2025-10-25,2025Q4 stabilizare + diplomație,0,0_românia_romaniaonesta_româniei_trebuie
2025-10-25_cea-mai-mica-inima-artificiala-complet-implantabila-cu-aplic,2025-10-25,2025Q4 stabilizare + diplomație,0,0_românia_romaniaonesta_româniei_trebuie
2025-10-26_am-participat-alaturi-de-familie-la-sfintirea-picturii-cated,2025-10-26,2025Q4 stabilizare + diplomație,0,0_românia_romaniaonesta_româniei_trebuie
2025-10-26_azi-la-sfintirea-picturii-catedralei-nationale,2025-10-26,2025Q4 stabilizare + diplomație,3,3_live_presă_declarații_politice
2025-10-28_am-avut-o-discutie-constructiva-astazi-cu-valdis-dombrovskis,2025-10-28,2025Q4 stabilizare + diplomație,0,0_românia_romaniaonesta_româniei_trebuie
2025-10-28_cu-profund-respect-si-in-semn-de-recunoastere-pentru-devotam,2025-10-28,2025Q4 stabilizare + diplomație,0,0_românia_romaniaonesta_româniei_trebuie
2025-10-29_prin-redimensionarea-fortei-rotationale-care-opera-si-in-rom,2025-10-29,2025Q4 stabilizare + diplomație,0,0_românia_romaniaonesta_româniei_trebuie
2025-10-30_se-implinesc-astazi-10-ani-de-la-tragedia-care-a-schimbat-ro,2025-10-30,2025Q4 stabilizare + diplomație,0,0_românia_romaniaonesta_româniei_trebuie
2025-11-04_am-aflat-cu-profunda-tristete-vestea-ca-romanul-prins-sub-da,2025-11-04,2025Q4 stabilizare + diplomație,0,0_românia_romaniaonesta_româniei_trebuie
2025-11-05_i-am-urat-astazi-bun-venit-in-romania-domnului-mark-rutte-in,2025-11-05,2025Q4 stabilizare + diplomație,0,0_românia_romaniaonesta_româniei_trebuie
2025-11-05_multumim-emeric-ienei-pentru-toata-bucuria-pe-care-ne-ai-adu,2025-11-05,2025Q4 stabilizare + diplomație,0,0_românia_romaniaonesta_româniei_trebuie
2025-11-06_romania-este-mai-aparata-ca-oricand-si-pregatita-sa-si-asume,2025-11-06,2025Q4 stabilizare + diplomație,0,0_românia_romaniaonesta_româniei_trebuie
2025-11-07_competitivitate-si-crestere-economica-acestea-sunt-doua-cuvi,2025-11-07,2025Q4 stabilizare + diplomație,0,0_românia_romaniaonesta_româniei_trebuie
2025-11-07_in-semn-de-profund-respect-si-consideratie-pentru-memoria-ul,2025-11-07,2025Q4 stabilizare + diplomație,0,0_românia_romaniaonesta_româniei_trebuie
2025-11-09_astazi-odata-cu-repatrierea-ramasitelor-pamantesti-ale-ultim,2025-11-09,2025Q4 stabilizare + diplomație,0,0_românia_romaniaonesta_româniei_trebuie
2025-11-10_am-semnat-sesizarea-catre-curtea-constitutionala-in-legatura,2025-11-10,2025Q4 stabilizare + diplomație,2,2_legea_privind_publice_statului
2025-11-10_romania-are-toate-datele-pentru-a-deveni-un-hub-de-inovatie,2025-11-10,2025Q4 stabilizare + diplomație,0,0_românia_romaniaonesta_româniei_trebuie
2025-11-11_in-urma-cu-trei-decenii-trecea-la-cele-vesnice-marele-om-pol,2025-11-11,2025Q4 stabilizare + diplomație,0,0_românia_romaniaonesta_româniei_trebuie
2025-11-12_am-pus-astazi-in-dezbatere-strategia-nationala-de-aparare-ce,2025-11-12,2025Q4 stabilizare + diplomație,0,0_românia_romaniaonesta_româniei_trebuie
2025-11-13_astazi-s-a-incheiat-la-baza-militara-de-la-cincu-exercitiulu,2025-11-13,2025Q4 stabilizare + diplomație,0,0_românia_romaniaonesta_româniei_trebuie
2025-11-13_l-am-primit-astazi-la-palatul-cotroceni-in-prima-sa-vizita-e,2025-11-13,2025Q4 stabilizare + diplomație,0,0_românia_romaniaonesta_româniei_trebuie
2025-11-17_l-am-primit-astazi-la-palatul-cotroceni-pe-enrico-letta-fost,2025-11-17,2025Q4 stabilizare + diplomație,0,0_românia_romaniaonesta_româniei_trebuie
2025-11-18_am-avut-astazi-o-discutie-cu-fatih-birol-presedintele-agenti,2025-11-18,2025Q4 stabilizare + diplomație,0,0_românia_romaniaonesta_româniei_trebuie
2025-11-18_ne-a-parasit-dumitru-lupescu-era-presedinte-de-asociatie-de,2025-11-18,2025Q4 stabilizare + diplomație,0,0_românia_romaniaonesta_româniei_trebuie
2025-11-18_ne-luam-astazi-ramas-bun-de-la-un-patriot-care-a-crezut-si-a,2025-11-18,2025Q4 stabilizare + diplomație,0,0_românia_romaniaonesta_româniei_trebuie
2025-11-19_am-sesizat-curtea-constitutionala-in-legatura-cu-legea-de-ap,2025-11-19,2025Q4 stabilizare + diplomație,2,2_legea_privind_publice_statului
2025-11-20_operatiunea-de-readucere-in-tara-sub-escorta-a-lui-horatiu-p,2025-11-20,2025Q4 stabilizare + diplomație,0,0_românia_romaniaonesta_româniei_trebuie
2025-11-20_romania-a-facut-inca-un-pas-decisiv-spre-aderarea-la-ocde-am,2025-11-20,2025Q4 stabilizare + diplomație,2,2_legea_privind_publice_statului
2025-11-21_am-avut-astazi-la-palatul-cotroceni-o-discutie-importanta-cu,2025-11-21,2025Q4 stabilizare + diplomație,0,0_românia_romaniaonesta_româniei_trebuie
2025-11-21_romania-are-in-acest-moment-maturitatea-si-expertiza-pentru,2025-11-21,2025Q4 stabilizare + diplomație,0,0_românia_romaniaonesta_româniei_trebuie
2025-11-23_am-promulgat-saptamana-aceasta-legea-care-introduce-amendare,2025-11-23,2025Q4 stabilizare + diplomație,2,2_legea_privind_publice_statului
2025-11-25_a-fost-o-onoare-sa-gazduiesc-astazi-la-palatul-cotroceni-sum,2025-11-25,2025Q4 stabilizare + diplomație,0,0_românia_romaniaonesta_româniei_trebuie
2025-11-26_parlamentul-romaniei-a-votat-astazi-strategia-nationala-de-a,2025-11-26,2025Q4 stabilizare + diplomație,0,0_românia_romaniaonesta_româniei_trebuie
2025-12-01_cu-prilejul-zilei-nationale-a-romaniei-l-am-decorat-pe-veter,2025-12-01,2025Q4-2026Q1 reformă judiciară,0,0_românia_romaniaonesta_româniei_trebuie
2025-12-01_ziua-nationala-este-inainte-de-toate-o-sarbatoare-a-oamenilo,2025-12-01,2025Q4-2026Q1 reformă judiciară,0,0_românia_romaniaonesta_româniei_trebuie
2025-12-02_am-promulgat-recent-legea-pentru-modificarea-statutului-depu,2025-12-02,2025Q4-2026Q1 reformă judiciară,2,2_legea_privind_publice_statului
2025-12-03_astazi-am-avut-o-discutie-substantiala-cu-ambasadorii-statel,2025-12-03,2025Q4-2026Q1 reformă judiciară,0,0_românia_romaniaonesta_româniei_trebuie
2025-12-03_situatia-dezastruoasa-de-la-barajul-paltinu-care-a-generat-o,2025-12-03,2025Q4-2026Q1 reformă judiciară,0,0_românia_romaniaonesta_româniei_trebuie
2025-12-04_am-avut-astazi-onoarea-sa-l-felicit-pe-domnul-victor-rebengi,2025-12-04,2025Q4-2026Q1 reformă judiciară,0,0_românia_romaniaonesta_româniei_trebuie
2025-12-04_am-transmis-parlamentului-cererea-de-reexaminare-a-legii-car,2025-12-04,2025Q4-2026Q1 reformă judiciară,2,2_legea_privind_publice_statului
2025-12-05_am-semnat-astazi-decretul-de-promulgare-a-legii-care-introdu,2025-12-05,2025Q4-2026Q1 reformă judiciară,2,2_legea_privind_publice_statului
2025-12-07_dragi-bucuresteni-va-invit-sa-mergeti-la-vot-indiferent-de-o,2025-12-07,2025Q4-2026Q1 reformă judiciară,0,0_românia_romaniaonesta_româniei_trebuie
2025-12-08_felicitari-si-succes-alesilor-locali-confirmati-prin-votul-d,2025-12-08,2025Q4-2026Q1 reformă judiciară,1,1_bucurești_str_oraș_fonduri
2025-12-09_a-fost-o-reala-placere-sa-il-intalnesc-pe-presedintele-repub,2025-12-09,2025Q4-2026Q1 reformă judiciară,0,0_românia_romaniaonesta_româniei_trebuie
2025-12-09_am-avut-in-franta-o-intalnire-cu-reprezentantii-companiilor,2025-12-09,2025Q4-2026Q1 reformă judiciară,0,0_românia_romaniaonesta_româniei_trebuie
2025-12-09_am-avut-o-excelenta-intrevedere-cu-primarul-parisului-anne-h,2025-12-09,2025Q4-2026Q1 reformă judiciară,0,0_românia_romaniaonesta_româniei_trebuie
2025-12-10_am-vazut-cap-coada-documentarul-recorder-despre-justitie-cel,2025-12-10,2025Q4-2026Q1 reformă judiciară,2,2_legea_privind_publice_statului
2025-12-11_cand-200-de-magistrati-spun-ca-este-o-problema-de-integritat,2025-12-11,2025Q4-2026Q1 reformă judiciară,2,2_legea_privind_publice_statului
2025-12-15_plec-la-summitul-de-la-helsinki-dar-iau-cu-mine-ingrijoraril,2025-12-15,2025Q4-2026Q1 reformă judiciară,2,2_legea_privind_publice_statului
2025-12-16_actiunile-rusiei-reprezinta-o-amenintare-majora-pentru-regiu,2025-12-16,2025Q4-2026Q1 reformă judiciară,0,0_românia_romaniaonesta_româniei_trebuie
2025-12-16_am-trimis-curtii-constitutionale-o-sesizare-de-neconstitutio,2025-12-16,2025Q4-2026Q1 reformă judiciară,2,2_legea_privind_publice_statului
2025-12-16_foarte-utile-si-aplicate-discutiile-pe-care-le-am-purtat-cu,2025-12-16,2025Q4-2026Q1 reformă judiciară,0,0_românia_romaniaonesta_româniei_trebuie
2025-12-17_la-londra-intr-unul-dintre-cele-mai-competitive-ecosisteme-e,2025-12-17,2025Q4-2026Q1 reformă judiciară,0,0_românia_romaniaonesta_româniei_trebuie
2025-12-17_multumesc-majestatii-sale-regele-charles-al-iii-lea-pentru-p,2025-12-17,2025Q4-2026Q1 reformă judiciară,-1,-1_români_românia_împreună_onestă
2025-12-17_o-intalnire-extraordinar-de-buna-si-calda-cu-comunitatea-de,2025-12-17,2025Q4-2026Q1 reformă judiciară,-1,-1_români_românia_împreună_onestă
2025-12-18_a-inceput-ultima-reuniune-a-consiliului-european-din-acest-a,2025-12-18,2025Q4-2026Q1 reformă judiciară,0,0_românia_romaniaonesta_româniei_trebuie
2025-12-18_dialog-cu-antreprenorii-romani-si-britanici-intalniri-cu-oam,2025-12-18,2025Q4-2026Q1 reformă judiciară,-1,-1_români_românia_împreună_onestă
2025-12-19_am-incheiat-turneul-european-cu-ultimul-consiliu-din-acest-a,2025-12-19,2025Q4-2026Q1 reformă judiciară,0,0_românia_romaniaonesta_româniei_trebuie
2025-12-20_am-primit-de-la-magistrati-sute-de-pagini-de-materiale-relev,2025-12-20,2025Q4-2026Q1 reformă judiciară,2,2_legea_privind_publice_statului
2025-12-20_curtea-constitutionala-a-decis-recent-o-schimbare-esentiala,2025-12-20,2025Q4-2026Q1 reformă judiciară,2,2_legea_privind_publice_statului
2025-12-21_libertate-acesta-a-fost-strigatul-limpede-al-natiunii-romane,2025-12-21,2025Q4-2026Q1 reformă judiciară,0,0_românia_romaniaonesta_româniei_trebuie
2025-12-21_voi-initia-in-ianuarie-imediat-dupa-sarbatori-un-referendum,2025-12-21,2025Q4-2026Q1 reformă judiciară,2,2_legea_privind_publice_statului
2025-12-25_nasterea-lui-hristos-este-pentru-noi-crestinii-sarbatoarea-s,2025-12-25,2025Q4-2026Q1 reformă judiciară,0,0_românia_romaniaonesta_româniei_trebuie
2025-12-26_in-cadrul-vizitelor-externe-din-ultimele-saptamani-am-avut-b,2025-12-26,2025Q4-2026Q1 reformă judiciară,0,0_românia_romaniaonesta_româniei_trebuie
2025-12-26_o-intalnire-speciala-la-paris-cu-un-regizor-si-scenarist-de,2025-12-26,2025Q4-2026Q1 reformă judiciară,0,0_românia_romaniaonesta_româniei_trebuie
2025-12-27_astept-cu-ner-bdare-s-aflu-ce-a-spus-mirabela-despre-mine-in,2025-12-27,2025Q4-2026Q1 reformă judiciară,0,0_românia_romaniaonesta_româniei_trebuie
2025-12-27_l-am-revazut-cu-mare-emotie-la-paris-pe-profesorul-emerit-la,2025-12-27,2025Q4-2026Q1 reformă judiciară,0,0_românia_romaniaonesta_româniei_trebuie
2025-12-27_pe-fiul-marelui-ion-ratiu-nicolae-ratiu-l-am-revazut-la-lond,2025-12-27,2025Q4-2026Q1 reformă judiciară,-1,-1_români_românia_împreună_onestă
2025-12-28_a-fost-o-veritabila-placere-sa-il-revad-la-londra-pe-sir-geo,2025-12-28,2025Q4-2026Q1 reformă judiciară,-1,-1_români_românia_împreună_onestă
2025-12-28_redactia-romana-a-bbc-a-ramas-pana-astazi-un-reper-de-jurnal,2025-12-28,2025Q4-2026Q1 reformă judiciară,-1,-1_români_românia_împreună_onestă
2026-01-01_2025-a-fost-un-an-al-provocarilor-dar-si-al-curajului-de-a-n,2026-01-01,2025Q4-2026Q1 reformă judiciară,0,0_românia_romaniaonesta_româniei_trebuie
2026-01-04_am-sperat-pana-in-ultima-clipa-intr-un-deznodamant-diferit-i,2026-01-04,2025Q4-2026Q1 reformă judiciară,-1,-1_români_românia_împreună_onestă
2026-01-05_cheltuielile-administratiei-prezidentiale-in-2025-au-fost-re,2026-01-05,2025Q4-2026Q1 reformă judiciară,0,0_românia_romaniaonesta_româniei_trebuie
2026-01-06_a-inceput-reuniunea-liderilor-de-state-si-de-guverne-la-pala,2026-01-06,2025Q4-2026Q1 reformă judiciară,-1,-1_români_românia_împreună_onestă
2026-01-06_am-avut-placerea-de-a-l-reintalni-pe-presedintele-emmanuel-m,2026-01-06,2025Q4-2026Q1 reformă judiciară,-1,-1_români_românia_împreună_onestă
2026-01-07_am-ajuns-la-bucuresti-pe-parcursul-zborului-deasupra-spatiul,2026-01-07,2025Q4-2026Q1 reformă judiciară,-1,-1_români_românia_împreună_onestă
2026-01-08_puteti-asculta-inregistrarea-convorbirii-dintre-pilotul-roma,2026-01-08,2025Q4-2026Q1 reformă judiciară,-1,-1_români_românia_împreună_onestă
2026-01-09_romania-a-votat-in-favoarea-acordului-comercial-dintre-uniun,2026-01-09,2025Q4-2026Q1 reformă judiciară,0,0_românia_romaniaonesta_româniei_trebuie
2026-01-13_parteneriatul-strategic-dintre-romania-si-statele-unite-ale,2026-01-13,2025Q4-2026Q1 reformă judiciară,0,0_românia_romaniaonesta_româniei_trebuie
2026-01-15_reuniunea-anuala-cu-sefii-misiunilor-diplomatice-acreditati,2026-01-15,2025Q4-2026Q1 reformă judiciară,0,0_românia_romaniaonesta_româniei_trebuie
2026-01-15_ziua-culturii-nationale-ne-reaminteste-ca-identitatea-romani,2026-01-15,2025Q4-2026Q1 reformă judiciară,0,0_românia_romaniaonesta_româniei_trebuie
2026-01-16_decizia-comisiei-europene-de-a-aproba-aplicatia-romaniei-pen,2026-01-16,2025Q4-2026Q1 reformă judiciară,0,0_românia_romaniaonesta_româniei_trebuie
2026-01-17_am-promulgat-legea-care-permite-politistilor-locali-sa-utili,2026-01-17,2025Q4-2026Q1 reformă judiciară,2,2_legea_privind_publice_statului
2026-01-17_am-promulgat-legea-de-adoptare-a-unei-ordonante-a-guvernului,2026-01-17,2025Q4-2026Q1 reformă judiciară,2,2_legea_privind_publice_statului
2026-01-19_l-am-primit-astazi-la-palatul-cotroceni-pe-generalul-alexus,2026-01-19,2025Q4-2026Q1 reformă judiciară,0,0_românia_romaniaonesta_româniei_trebuie
2026-01-23_relatia-transatlantica-are-o-istorie-care-a-adus-stabilitate,2026-01-23,2025Q4-2026Q1 reformă judiciară,0,0_românia_romaniaonesta_româniei_trebuie
2026-01-24_am-ales-sa-fiu-astazi-atat-la-iasi-cat-si-la-focsani-pentru,2026-01-24,2025Q4-2026Q1 reformă judiciară,0,0_românia_romaniaonesta_româniei_trebuie
2026-01-24_la-implinirea-a-160-de-ani-de-la-infiintare-am-acordat-coleg,2026-01-24,2025Q4-2026Q1 reformă judiciară,0,0_românia_romaniaonesta_româniei_trebuie
2026-01-24_traim-momente-complicate-dar-intr-o-zi-de-sarbatoare-cred-ca,2026-01-24,2025Q4-2026Q1 reformă judiciară,0,0_românia_romaniaonesta_româniei_trebuie
2026-01-26_ziua-internationala-de-comemorare-a-victimelor-holocaustului,2026-01-26,2025Q4-2026Q1 reformă judiciară,0,0_românia_romaniaonesta_româniei_trebuie
2026-02-04_am-avut-astazi-o-convorbire-consistenta-cu-antonio-costa-pre,2026-02-04,2025Q4-2026Q1 reformă judiciară,0,0_românia_romaniaonesta_româniei_trebuie
2026-02-04_romania-nu-este-subiectul-raportului-preliminar-al-comitetul,2026-02-04,2025Q4-2026Q1 reformă judiciară,0,0_românia_romaniaonesta_româniei_trebuie
2026-02-05_exercitiile-militare-desfasurate-in-ultimele-zile-la-smardan,2026-02-05,2025Q4-2026Q1 reformă judiciară,0,0_românia_romaniaonesta_româniei_trebuie
2026-02-08_am-primit-invitatia-de-a-participa-la-prima-reuniune-a-consi,2026-02-08,2025Q4-2026Q1 reformă judiciară,0,0_românia_romaniaonesta_româniei_trebuie
2026-02-11_am-avut-ieri-o-discutie-cu-liderii-marilor-companii-american,2026-02-11,2025Q4-2026Q1 reformă judiciară,0,0_românia_romaniaonesta_româniei_trebuie
2026-02-12_o-importanta-dezbatere-la-care-particip-astazi-in-belgia-ala,2026-02-12,2025Q4-2026Q1 reformă judiciară,0,0_românia_romaniaonesta_româniei_trebuie
2026-02-13_va-invit-sa-privim-cu-echilibru-datele-publicate-azi-de-ins,2026-02-13,2025Q4-2026Q1 reformă judiciară,0,0_românia_romaniaonesta_româniei_trebuie
2026-02-15_voi-participa-s-pt-mana-viitoare-la-prima-reuniune-a-consili,2026-02-15,2025Q4-2026Q1 reformă judiciară,0,0_românia_romaniaonesta_româniei_trebuie
2026-02-18_salut-decizia-curtii-constitutionale-privind-reforma-pensiil,2026-02-18,2025Q4-2026Q1 reformă judiciară,2,2_legea_privind_publice_statului
2026-02-19_am-avut-o-interventie-astazi-la-washington-in-cadrul-reuniun,2026-02-19,2025Q4-2026Q1 reformă judiciară,0,0_românia_romaniaonesta_româniei_trebuie
2026-02-20_pacea-si-securitatea-sunt-temelia-unei-tari-prospere-pentru,2026-02-20,2025Q4-2026Q1 reformă judiciară,0,0_românia_romaniaonesta_româniei_trebuie
2026-02-24_am-avut-o-discutie-aplicat-cu-premierul-ilie-bolojan-inainte,2026-02-24,2025Q4-2026Q1 reformă judiciară,0,0_românia_romaniaonesta_româniei_trebuie
2026-02-24_in-urma-cu-patru-ani-unul-dintre-cele-mai-teribile-scenarii,2026-02-24,2025Q4-2026Q1 reformă judiciară,0,0_românia_romaniaonesta_româniei_trebuie
2026-02-27_am-promulgat-in-aceasta-dimineata-legea-privind-pensiile-mag,2026-02-27,2025Q4-2026Q1 reformă judiciară,2,2_legea_privind_publice_statului
2026-02-27_referitor-la-informatia-privind-plangerea-penala-a-aep-in-le,2026-02-27,2025Q4-2026Q1 reformă judiciară,4,4_sector bucurești_regina elisabeta_cpp_publicitar
2026-03-01_romania-este-in-deplina-siguranta-si-nu-se-afla-sub-niciun-f,2026-03-01,2026Q2 cotitură UE + criză guvern,0,0_românia_romaniaonesta_româniei_trebuie
2026-03-03_m-am-bucurat-sa-l-primesc-astazi-la-palatul-cotroceni-pe-dar,2026-03-03,2026Q2 cotitură UE + criză guvern,0,0_românia_romaniaonesta_româniei_trebuie
2026-03-05_am-avut-astazi-un-dialog-substantial-cu-premierul-polonez-do,2026-03-05,2026Q2 cotitură UE + criză guvern,0,0_românia_romaniaonesta_româniei_trebuie
2026-03-05_am-raspuns-cu-placere-invitatiei-presedintelui-karol-nawrock,2026-03-05,2026Q2 cotitură UE + criză guvern,0,0_românia_romaniaonesta_româniei_trebuie
2026-03-06_pe-5-martie-cu-ocazia-zilei-solidaritatii-romano-polone-sarb,2026-03-06,2026Q2 cotitură UE + criză guvern,0,0_românia_romaniaonesta_româniei_trebuie
2026-03-08_la-multi-ani-tuturor-doamnelor-si-domnisoarelor-de-ziua-inte,2026-03-08,2026Q2 cotitură UE + criză guvern,0,0_românia_romaniaonesta_româniei_trebuie
2026-03-09_am-avut-astazi-o-convorbire-cu-antonio-costa-presedintele-co,2026-03-09,2026Q2 cotitură UE + criză guvern,0,0_românia_romaniaonesta_româniei_trebuie
2026-03-09_ziua-detinutilor-politici-anticomunisti-marcata-in-fiecare-a,2026-03-09,2026Q2 cotitură UE + criză guvern,0,0_românia_romaniaonesta_româniei_trebuie
2026-03-10_am-avut-in-aceasta-seara-un-dialog-aplicat-cu-liderii-europe,2026-03-10,2026Q2 cotitură UE + criză guvern,0,0_românia_romaniaonesta_româniei_trebuie
2026-03-11_am-convocat-astazi-sedinta-csat-pentru-analiza-evolutiei-sit,2026-03-11,2026Q2 cotitură UE + criză guvern,0,0_românia_romaniaonesta_româniei_trebuie
2026-03-12_am-semnat-astazi-cu-presedintele-zelenski-doua-documente-ofi,2026-03-12,2026Q2 cotitură UE + criză guvern,0,0_românia_romaniaonesta_româniei_trebuie
2026-03-12_i-am-urat-bun-venit-la-bucuresti-presedintelui-volodimir-zel,2026-03-12,2026Q2 cotitură UE + criză guvern,0,0_românia_romaniaonesta_româniei_trebuie
2026-03-16_aderarea-romaniei-in-2026-la-organizatia-pentru-cooperare-si,2026-03-16,2026Q2 cotitură UE + criză guvern,0,0_românia_romaniaonesta_româniei_trebuie
2026-03-16_astazi-am-discutat-cu-alfred-stern-presedintele-consiliului,2026-03-16,2026Q2 cotitură UE + criză guvern,0,0_românia_romaniaonesta_româniei_trebuie
2026-03-17_donarea-de-sange-salveaza-vieti-impreuna-prin-gesturi-simple,2026-03-17,2026Q2 cotitură UE + criză guvern,0,0_românia_romaniaonesta_româniei_trebuie
2026-03-19_declaratii-de-presa-sustinute-la-bruxelles-regatul-belgiei,2026-03-19,2026Q2 cotitură UE + criză guvern,3,3_live_presă_declarații_politice
2026-03-19_romania-este-aparata-este-parte-din-nato-are-un-parteneriat,2026-03-19,2026Q2 cotitură UE + criză guvern,0,0_românia_romaniaonesta_româniei_trebuie
2026-03-20_am-decis-sa-ne-alaturam-declaratiei-regatului-unit-frantei-g,2026-03-20,2026Q2 cotitură UE + criză guvern,0,0_românia_romaniaonesta_româniei_trebuie
2026-03-20_o-onoare-si-o-bucurie-sa-ma-intalnesc-astazi-la-bruxelles-cu,2026-03-20,2026Q2 cotitură UE + criză guvern,0,0_românia_romaniaonesta_româniei_trebuie
2026-03-21_cea-mai-mare-expozitie-din-europa-dedicata-lui-constantin-br,2026-03-21,2026Q2 cotitură UE + criză guvern,0,0_românia_romaniaonesta_româniei_trebuie
2026-03-22_am-avut-zilele-trecute-la-bruxelles-o-discutie-cu-oana-gheor,2026-03-22,2026Q2 cotitură UE + criză guvern,0,0_românia_romaniaonesta_româniei_trebuie
2026-03-23_francofonia-si-valorile-pe-care-le-promoveaza-fac-parte-din,2026-03-23,2026Q2 cotitură UE + criză guvern,0,0_românia_romaniaonesta_româniei_trebuie
2026-03-26_razboiul-informational-afecteaza-si-profesia-medicala-este-u,2026-03-26,2026Q2 cotitură UE + criză guvern,0,0_românia_romaniaonesta_româniei_trebuie
2026-03-27_l-am-primit-astazi-la-palatul-cotroceni-pe-prim-ministrul-sl,2026-03-27,2026Q2 cotitură UE + criză guvern,0,0_românia_romaniaonesta_româniei_trebuie
2026-03-27_m-am-intalnit-astazi-la-palatul-cotroceni-cu-numan-kurtulmus,2026-03-27,2026Q2 cotitură UE + criză guvern,0,0_românia_romaniaonesta_româniei_trebuie
2026-03-30_proiectul-european-trebuie-sa-se-concentreze-inainte-de-toat,2026-03-30,2026Q2 cotitură UE + criză guvern,0,0_românia_romaniaonesta_româniei_trebuie
2026-03-31_aderarea-romaniei-la-uniunea-europeana-a-fost-o-poveste-de-m,2026-03-31,2026Q2 cotitură UE + criză guvern,0,0_românia_romaniaonesta_româniei_trebuie
2026-03-31_discutia-aplicata-pe-care-am-avut-o-astazi-cu-prim-ministrul,2026-03-31,2026Q2 cotitură UE + criză guvern,0,0_românia_romaniaonesta_româniei_trebuie
2026-03-31_transportul-si-asigurarea-unor-rute-sigure-pentru-marfuri-ca,2026-03-31,2026Q2 cotitură UE + criză guvern,0,0_românia_romaniaonesta_româniei_trebuie
2026-04-02_ma-bucur-ca-bratarile-dacice-si-coiful-de-la-cotofenesti-au,2026-04-02,2026Q2 cotitură UE + criză guvern,0,0_românia_romaniaonesta_româniei_trebuie
2026-04-05_tuturor-credinciosilor-care-celebreaza-invierea-le-doresc-ca,2026-04-05,2026Q2 cotitură UE + criză guvern,0,0_românia_romaniaonesta_româniei_trebuie
2026-04-07_de-ziua-mondiala-a-sanatatii-transmit-un-gand-de-recunostint,2026-04-07,2026Q2 cotitură UE + criză guvern,0,0_românia_romaniaonesta_româniei_trebuie
2026-04-07_declaratiile-de-presa-sustinute-la-finalul-vizitei-la-centru,2026-04-07,2026Q2 cotitură UE + criză guvern,3,3_live_presă_declarații_politice
2026-04-08_fbi-impreuna-cu-mai-multi-parteneri-printre-care-sri-a-anunt,2026-04-08,2026Q2 cotitură UE + criză guvern,0,0_românia_romaniaonesta_româniei_trebuie
2026-04-12_hristos-a-inviat-este-certitudinea-care-ne-reaminteste-in-fi,2026-04-12,2026Q2 cotitură UE + criză guvern,0,0_românia_romaniaonesta_româniei_trebuie
2026-04-20_am-trecut-astazi-in-revista-impreuna-cu-ministrul-dragos-pas,2026-04-20,2026Q2 cotitură UE + criză guvern,0,0_românia_romaniaonesta_româniei_trebuie
2026-04-22_am-avut-azi-consultari-cu-partidele-pro-occidentale-din-actu,2026-04-22,2026Q2 cotitură UE + criză guvern,0,0_românia_romaniaonesta_româniei_trebuie
2026-04-22_consultari-cu-partide-si-formatiuni-politice-parlamentare-pa,2026-04-22,2026Q2 cotitură UE + criză guvern,3,3_live_presă_declarații_politice
2026-04-22_live-consultari-cu-partide-si-formatiuni-politice-parlamenta,2026-04-22,2026Q2 cotitură UE + criză guvern,3,3_live_presă_declarații_politice
2026-04-22_live-consultari-cu-partide-si-formatiuni-politice-parlamenta_564296,2026-04-22,2026Q2 cotitură UE + criză guvern,3,3_live_presă_declarații_politice
2026-04-22_live-consultari-cu-partide-si-formatiuni-politice-parlamenta_597234,2026-04-22,2026Q2 cotitură UE + criză guvern,3,3_live_presă_declarații_politice
2026-04-22_live-consultari-cu-partide-si-formatiuni-politice-parlamenta_669920,2026-04-22,2026Q2 cotitură UE + criză guvern,3,3_live_presă_declarații_politice
2026-04-22_live-declaratie-de-presa-sustinuta-la-palatul-cotroceni,2026-04-22,2026Q2 cotitură UE + criză guvern,3,3_live_presă_declarații_politice
2026-04-23_am-promulgat-astazi-legea-pentru-prevenirea-si-combaterea-fe,2026-04-23,2026Q2 cotitură UE + criză guvern,2,2_legea_privind_publice_statului
2026-04-23_particip-in-aceste-zile-in-cipru-la-reuniunea-informala-a-co,2026-04-23,2026Q2 cotitură UE + criză guvern,0,0_românia_romaniaonesta_româniei_trebuie
2026-04-24_live-declaratiile-de-presa-sustinute-la-finalul-reuniunii-in,2026-04-24,2026Q2 cotitură UE + criză guvern,3,3_live_presă_declarații_politice
2026-04-24_subiectul-cel-mai-important-pentru-romania-pe-care-l-am-abor,2026-04-24,2026Q2 cotitură UE + criză guvern,0,0_românia_romaniaonesta_româniei_trebuie
2026-04-25_am-semnat-asear-demisiile-ministrilor-social-democrati-si-pr,2026-04-25,2026Q2 cotitură UE + criză guvern,0,0_românia_romaniaonesta_româniei_trebuie
2026-04-28_astazi-la-dubrovnik-in-marja-summitului-initiativei-celor-tr,2026-04-28,2026Q2 cotitură UE + criză guvern,0,0_românia_romaniaonesta_româniei_trebuie
2026-04-28_in-marja-summitului-initiativei-celor-trei-mari-de-la-dubrov,2026-04-28,2026Q2 cotitură UE + criză guvern,0,0_românia_romaniaonesta_româniei_trebuie
2026-04-28_live-declaratii-de-presa-sustinute-in-marja-summitului-initi,2026-04-28,2026Q2 cotitură UE + criză guvern,3,3_live_presă_declarații_politice
2026-04-28_romania-a-participat-activ-si-cu-succes-la-efortul-transatla,2026-04-28,2026Q2 cotitură UE + criză guvern,0,0_românia_romaniaonesta_româniei_trebuie
2026-04-29_am-participat-astazi-la-sesiunea-speciala-a-forumului-de-afa,2026-04-29,2026Q2 cotitură UE + criză guvern,0,0_românia_romaniaonesta_româniei_trebuie
2026-04-29_live-declaratiile-de-presa-sustinute-dupa-participarea-la-fo,2026-04-29,2026Q2 cotitură UE + criză guvern,3,3_live_presă_declarații_politice
2026-05-03_felicitari-elevilor-romani-din-lotul-national-de-robotica-ca,2026-05-03,2026Q2 cotitură UE + criză guvern,0,0_românia_romaniaonesta_româniei_trebuie
2026-05-03_in-drum-spre-armenia-unde-voi-participa-alaturi-de-doamna-pr,2026-05-03,2026Q2 cotitură UE + criză guvern,0,0_românia_romaniaonesta_româniei_trebuie
2026-05-04_am-avut-placerea-de-a-ma-intalni-cu-principele-albert-al-ii,2026-05-04,2026Q2 cotitură UE + criză guvern,0,0_românia_romaniaonesta_româniei_trebuie
2026-05-04_am-organizat-astazi-in-marja-reuniunii-comunitatii-politice,2026-05-04,2026Q2 cotitură UE + criză guvern,0,0_românia_romaniaonesta_româniei_trebuie
2026-05-04_live-declaratii-de-presa-dupa-participarea-la-reuniunea-comu,2026-05-04,2026Q2 cotitură UE + criză guvern,3,3_live_presă_declarații_politice
2026-05-04_multumesc-prietenilor-europeni-pentru-participarea-la-discut,2026-05-04,2026Q2 cotitură UE + criză guvern,0,0_românia_romaniaonesta_româniei_trebuie
2026-05-05_live-declaratii-de-presa-sustinute-la-palatul-cotroceni,2026-05-05,2026Q2 cotitură UE + criză guvern,3,3_live_presă_declarații_politice
2026-05-12_abordarea-strategica-a-romaniei-in-ceea-ce-priveste-politica,2026-05-12,2026Q2 cotitură UE + criză guvern,0,0_românia_romaniaonesta_româniei_trebuie
2026-05-12_am-avut-o-discutie-substantiala-cu-presedintele-poloniei-kar,2026-05-12,2026Q2 cotitură UE + criză guvern,0,0_românia_romaniaonesta_româniei_trebuie
2026-05-12_intalnire-de-lucru-alaturi-de-secretarul-general-al-nato-mar,2026-05-12,2026Q2 cotitură UE + criză guvern,0,0_românia_romaniaonesta_româniei_trebuie
2026-05-12_live-declaratii-de-presa-comune-cu-presedintele-republicii-p,2026-05-12,2026Q2 cotitură UE + criză guvern,3,3_live_presă_declarații_politice
2026-05-12_live-declaratii-de-presa-sustinute-dupa-participarea-la-conf,2026-05-12,2026Q2 cotitură UE + criză guvern,3,3_live_presă_declarații_politice
2026-05-12_live-participare-la-conferinta-internationala-black-sea-and,2026-05-12,2026Q2 cotitură UE + criză guvern,3,3_live_presă_declarații_politice
2026-05-12_live-primirea-presedintelui-republicii-polone-karol-nawrocki,2026-05-12,2026Q2 cotitură UE + criză guvern,3,3_live_presă_declarații_politice
2026-05-12_live-primirea-secretarului-general-nato-mark-rutte-la-palatu,2026-05-12,2026Q2 cotitură UE + criză guvern,3,3_live_presă_declarații_politice
2026-05-13_am-avut-astazi-o-intrevedere-excelenta-cu-presedintele-curti,2026-05-13,2026Q2 cotitură UE + criză guvern,0,0_românia_romaniaonesta_româniei_trebuie
2026-05-13_b9summit-romania-polonia-ucraina-b92026,2026-05-13,2026Q2 cotitură UE + criză guvern,0,0_românia_romaniaonesta_româniei_trebuie
2026-05-13_le-am-urat-bun-venit-la-bucuresti-liderilor-statelor-membre,2026-05-13,2026Q2 cotitură UE + criză guvern,0,0_românia_romaniaonesta_româniei_trebuie
2026-05-13_live-declaratii-de-presa-comune-ale-presedintelui-romaniei-n,2026-05-13,2026Q2 cotitură UE + criză guvern,3,3_live_presă_declarații_politice
2026-05-13_live-primirea-presedintelui-ucrainei-la-palatul-cotroceni-si,2026-05-13,2026Q2 cotitură UE + criză guvern,3,3_live_presă_declarații_politice
2026-05-13_o-participare-ampla-astazi-la-bucuresti-a-statelor-din-forma,2026-05-13,2026Q2 cotitură UE + criză guvern,0,0_românia_romaniaonesta_româniei_trebuie
2026-05-13_presedintele-volodimir-zelenski-a-fost-invitatul-special-al,2026-05-13,2026Q2 cotitură UE + criză guvern,0,0_românia_romaniaonesta_româniei_trebuie
2026-05-13_summitul-b9-la-palatul-cotroceni-impreuna-suntem-mai-puterni,2026-05-13,2026Q2 cotitură UE + criză guvern,-1,-1_români_românia_împreună_onestă
2026-05-13_unitatea-forta-si-coerenta-trebuie-sa-ne-ghideze-in-consolid,2026-05-13,2026Q2 cotitură UE + criză guvern,-1,-1_români_românia_împreună_onestă
2026-05-13_zi-foarte-importanta-astazi-la-palatul-cotroceni-unde-are-lo,2026-05-13,2026Q2 cotitură UE + criză guvern,0,0_românia_romaniaonesta_româniei_trebuie
2026-05-14_la-summitul-b9-am-reconfirmat-un-lucru-esential-securitatea,2026-05-14,2026Q2 cotitură UE + criză guvern,0,0_românia_romaniaonesta_româniei_trebuie
2026-05-15_investitiile-in-tot-ce-tine-de-apararea-cetatenilor-nostri-a,2026-05-15,2026Q2 cotitură UE + criză guvern,0,0_românia_romaniaonesta_româniei_trebuie
2026-05-15_live-declaratii-de-presa-sustinute-de-presedintele-romaniei,2026-05-15,2026Q2 cotitură UE + criză guvern,3,3_live_presă_declarații_politice
2026-05-21_t,2026-05-21,2026Q2 cotitură UE + criză guvern,-1,-1_români_românia_împreună_onestă
