doc_id,date,tip,canonical,label,count,max_score
2025-02-21_discutiile-internationale-despre-reconfigurarea-securitatii,2025-02-21,facebook-post,ROMÂNIA,țară,3,0.991
2025-02-21_discutiile-internationale-despre-reconfigurarea-securitatii,2025-02-21,facebook-post,RUSIA,țară,1,0.814
2025-02-21_vrei-sa-fii-parte-din-schimbare-alatura-te-echipei-de-volunt,2025-02-21,facebook-post,ROMÂNIA,țară,1,0.755
2025-02-23_am-discutat-in-acest-week-end-cu-oameni-din-ploiesti-brasov,2025-02-23,facebook-post,ROMÂNIA,țară,5,0.983
2025-02-23_felicit-blocul-de-centru-dreapta-pro-european-cdu-csu-pentru,2025-02-23,facebook-post,GERMANIA,țară,3,0.991
2025-02-23_felicit-blocul-de-centru-dreapta-pro-european-cdu-csu-pentru,2025-02-23,facebook-post,UE,țară,1,0.555
2025-02-23_felicit-blocul-de-centru-dreapta-pro-european-cdu-csu-pentru,2025-02-23,facebook-post,ROMÂNIA,țară,1,0.807
2025-02-25_cifrele-vorbesc-clar-suntem-pe-drumul-cel-bun-si-romania-one,2025-02-25,facebook-post,ROMÂNIA,țară,2,0.983
2025-02-27_toata-viata-mea-am-luptat-pentru-dreptate-pentru-protectia-c,2025-02-27,facebook-post,ROMÂNIA,țară,2,0.905
2025-02-28_este-profund-ingrijorator-ca-romania-a-fost-retrogradata-in,2025-02-28,facebook-post,ROMÂNIA,țară,3,0.993
2025-02-28_sust-in-ferm-ucraina-i-n-lupta-sa-pentru-o-pace-justa-s-i-su,2025-02-28,facebook-post,UCRAINA,țară,1,0.893
2025-02-28_sust-in-ferm-ucraina-i-n-lupta-sa-pentru-o-pace-justa-s-i-su,2025-02-28,facebook-post,ROMÂNIA,țară,1,0.949
2025-03-03_cand-vom-alege-pentru-urmatorii-5-ani-sa-nu-uitam-de-tinerii,2025-03-03,facebook-post,ROMÂNIA,țară,1,0.959
2025-03-04_azi-serviciul-de-informatii-externe-al-rusiei-a-dat-un-comun,2025-03-04,facebook-post,RUSIA,țară,2,0.933
2025-03-04_azi-serviciul-de-informatii-externe-al-rusiei-a-dat-un-comun,2025-03-04,facebook-post,GEORGESCU,persoană politică,1,0.895
2025-03-04_azi-serviciul-de-informatii-externe-al-rusiei-a-dat-un-comun,2025-03-04,facebook-post,ROMÂNIA,țară,1,0.907
2025-03-05_astazi-am-avut-o-intalnire-extrem-de-interesanta-cu-reprezen,2025-03-05,facebook-post,ROMÂNIA,țară,1,0.946
2025-03-05_interventia-presedintelui-trump-de-azi-noapte-din-congres-es,2025-03-05,facebook-post,UCRAINA,țară,1,0.867
2025-03-05_interventia-presedintelui-trump-de-azi-noapte-din-congres-es,2025-03-05,facebook-post,RUSIA,țară,1,0.882
2025-03-05_interventia-presedintelui-trump-de-azi-noapte-din-congres-es,2025-03-05,facebook-post,ROMÂNIA,țară,2,0.966
2025-03-05_interventia-presedintelui-trump-de-azi-noapte-din-congres-es,2025-03-05,facebook-post,SUA,țară,2,0.966
2025-03-05_organizam-cursuri-de-initiere-in-lumea-digitala-pentru-senio,2025-03-05,facebook-post,ROMÂNIA,țară,1,0.936
2025-03-06_o-afacere-de-familie-infiintata-in-1995-in-bacau-a-crescut-s,2025-03-06,facebook-post,ROMÂNIA,țară,1,0.96
2025-03-07_acum-trei-luni-romanii-au-spus-clar-nu-se-mai-poate-au-cerut,2025-03-07,facebook-post,ROMÂNIA,țară,1,0.971
2025-03-07_candidez-pentru-toti-romanii-onesti-din-tara-si-din-diaspora,2025-03-07,facebook-post,ROMÂNIA,țară,3,0.981
2025-03-07_vrei-sa-fii-parte-din-schimbare-alatura-te-echipei-de-volunt,2025-03-07,facebook-post,ROMÂNIA,țară,1,0.779
2025-03-08_am-avut-ieri-placerea-de-a-oferi-flori-doamnelor-care-lucrea,2025-03-08,facebook-post,ROMÂNIA,țară,1,0.928
2025-03-08_ce-ne-am-face-fara-femeile-din-viata-noastra-azi-sa-le-sarba,2025-03-08,facebook-post,ROMÂNIA,țară,1,0.934
2025-03-09_fiecare-conversatie-cu-tinerii-este-o-lectie-despre-dorinta,2025-03-09,facebook-post,ROMÂNIA,țară,1,0.957
2025-03-11_partidele-politice-corupte-care-au-promovat-incompetenti-in,2025-03-11,facebook-post,STATUL ROMÂN,țară,1,0.668
2025-03-14_te-astept-sambata-15-martie-in-orasele-tulcea-si-constanta-s,2025-03-14,facebook-post,ROMÂNIA,țară,1,0.809
2025-03-14_tinerii-au-nevoie-de-motive-sa-ramana-in-romania-si-sa-conti,2025-03-14,facebook-post,ROMÂNIA,țară,2,0.959
2025-03-15_anul-acesta-se-implinesc-35-de-ani-de-la-citirea-proclamatie,2025-03-15,facebook-post,ROMÂNIA,țară,2,0.936
2025-03-15_felicit-comunitatea-maghiara-din-romania-cu-ocazia-zilei-mag,2025-03-15,facebook-post,ROMÂNIA,țară,1,0.959
2025-03-15_la-constanta-am-simtit-ca-oamenii-vor-cu-adevarat-o-schimbar,2025-03-15,facebook-post,ROMÂNIA,țară,1,0.886
2025-03-15_romania-trebuie-sa-se-dezvolte-mult-mai-echilibrat-si-sa-imp,2025-03-15,facebook-post,ROMÂNIA,țară,4,0.977
2025-03-16_in-zgomotul-electoral-a-fost-tratata-prea-discret-stirea-ca,2025-03-16,facebook-post,ROMÂNIA,țară,3,0.949
2025-03-16_in-zgomotul-electoral-a-fost-tratata-prea-discret-stirea-ca,2025-03-16,facebook-post,GUVERN,instituție națională,2,0.482
2025-03-17_unii-ma-considera-incapatanat-altii-ma-vad-perseverent-acest,2025-03-17,facebook-post,ROMÂNIA,țară,1,0.939
2025-03-18_am-acordat-un-interviu-pentru-cotidianul-le-monde-in-care-am,2025-03-18,facebook-post,ROMÂNIA,țară,2,0.986
2025-03-18_transparenta-cheltuirii-banilor-cetatenilor-trebuie-sa-devin,2025-03-18,facebook-post,ROMÂNIA,țară,2,0.964
2025-03-20_am-o-mare-admiratie-pentru-romanii-care-au-plecat-din-tara-a,2025-03-20,facebook-post,ROMÂNIA,țară,2,0.962
2025-03-20_am-o-mare-admiratie-pentru-romanii-care-au-plecat-din-tara-a,2025-03-20,facebook-post,FRANȚA,țară,1,0.778
2025-03-20_daca-voi-fi-ales-presedinte-voi-pune-in-practica-toata-exper,2025-03-20,facebook-post,ROMÂNIA,țară,1,0.974
2025-03-21_am-atribuit-contractul-pentru-realizarea-unui-nou-plan-integ,2025-03-21,facebook-post,UNGARIA,țară,1,0.799
2025-03-21_combaterea-ferma-a-evaziunii-fiscale-si-recuperarea-justa-a,2025-03-21,facebook-post,ROMÂNIA,țară,1,0.944
2025-03-23_romania-se-confrunta-cu-o-criza-de-datorie-si-cheltuieli-far,2025-03-23,facebook-post,ROMÂNIA,țară,3,0.965
2025-03-23_suntem-multi-si-energici-impreuna-suntem-romania-onesta-volu,2025-03-23,facebook-post,ROMÂNIA,țară,1,0.69
2025-03-24_tramvaiele-imperio-de-la-astra-arad-sunt-exemplul-perfect-ca,2025-03-24,facebook-post,ROMÂNIA,țară,2,0.981
2025-03-26_am-gestionat-o-situatie-financiara-complicata-la-primaria-ca,2025-03-26,facebook-post,ROMÂNIA,țară,1,0.939
2025-03-26_romania-e-pe-minus-e-nevoie-urgenta-de-reforme-pentru-a-echi,2025-03-26,facebook-post,ROMÂNIA,țară,1,0.973
2025-03-27_astazi-27-martie-marcam-107-ani-de-la-un-moment-esential-in,2025-03-27,facebook-post,ROMÂNIA,țară,2,0.793
2025-03-27_astazi-27-martie-marcam-107-ani-de-la-un-moment-esential-in,2025-03-27,facebook-post,R. MOLDOVA,țară,3,0.931
2025-03-27_astazi-27-martie-marcam-107-ani-de-la-un-moment-esential-in,2025-03-27,facebook-post,UE,instituție internațională,1,0.587
2025-03-28_am-acordat-un-interviu-publicatiei-politico-si-am-raspuns-in,2025-03-28,facebook-post,UCRAINA,țară,1,0.881
2025-03-28_am-acordat-un-interviu-publicatiei-politico-si-am-raspuns-in,2025-03-28,facebook-post,ROMÂNIA,țară,1,0.829
2025-03-28_functiile-publice-nu-sunt-mosteniri-de-familie-romania-are-n,2025-03-28,facebook-post,ROMÂNIA,țară,1,0.959
2025-03-29_aderarea-republicii-moldova-la-uniunea-europeana-este-o-prio,2025-03-29,facebook-post,R. MOLDOVA,țară,1,0.802
2025-03-29_aderarea-republicii-moldova-la-uniunea-europeana-este-o-prio,2025-03-29,facebook-post,UE,instituție internațională,1,0.568
2025-03-29_am-deschis-astazi-oficial-sediul-de-campanie-pentru-candidat,2025-03-29,facebook-post,ROMÂNIA,țară,3,0.933
2025-03-29_primul-transplant-hepatic-din-2025-a-fost-realizat-cu-succes,2025-03-29,facebook-post,ROMÂNIA,țară,1,0.899
2025-03-30_am-fost-invitatul-lui-radu-andrei-tudor-la-the-news-man-podc,2025-03-30,facebook-post,ROMÂNIA,țară,1,0.944
2025-03-30_astazi-am-discutat-cu-sustinatorii-din-chisinau-despre-impor,2025-03-30,facebook-post,ROMÂNIA,țară,3,0.963
2025-03-30_astazi-am-discutat-cu-sustinatorii-din-chisinau-despre-impor,2025-03-30,facebook-post,R. MOLDOVA,țară,8,0.985
2025-03-30_astazi-am-discutat-cu-sustinatorii-din-chisinau-despre-impor,2025-03-30,facebook-post,UE,instituție internațională,1,0.519
2025-03-31_am-vizitat-ieri-la-chisinau-cramele-cricova-un-adevarat-simb,2025-03-31,facebook-post,ROMÂNIA,țară,1,0.9
2025-03-31_am-vizitat-ieri-la-chisinau-cramele-cricova-un-adevarat-simb,2025-03-31,facebook-post,R. MOLDOVA,țară,1,0.946
2025-03-31_voluntarii-campaniei-au-fost-si-in-acest-week-end-prezenti-i,2025-03-31,facebook-post,ROMÂNIA,țară,1,0.526
2025-04-01_psd-care-a-cheltuit-peste-50-de-milioane-de-euro-din-bani-pu,2025-04-01,facebook-post,PSD,partid politic,2,0.994
2025-04-01_situatia-financiara-actuala-a-romaniei-este-similara-cu-cea,2025-04-01,facebook-post,ROMÂNIA,țară,1,0.925
2025-04-02_teatrul-ion-creanga-a-fost-abandonat-desi-are-multa-istorie,2025-04-02,facebook-post,ROMÂNIA,țară,1,0.958
2025-04-03_in-cateva-ore-incepe-oficial-campania-electorala-voluntarii,2025-04-03,facebook-post,ROMÂNIA,țară,1,0.953
2025-04-03_madrid-londra-roma-paris-berlin-bruxelles-new-york-acolo-und,2025-04-03,facebook-post,ROMÂNIA,țară,2,0.975
2025-04-03_tarifele-impuse-de-statele-unite-vor-afecta-intreaga-lume-ia,2025-04-03,facebook-post,SUA,țară,1,0.708
2025-04-03_tarifele-impuse-de-statele-unite-vor-afecta-intreaga-lume-ia,2025-04-03,facebook-post,GUVERN,instituție națională,2,0.544
2025-04-03_tarifele-impuse-de-statele-unite-vor-afecta-intreaga-lume-ia,2025-04-03,facebook-post,ROMÂNIA,țară,2,0.967
2025-04-03_tarifele-impuse-de-statele-unite-vor-afecta-intreaga-lume-ia,2025-04-03,facebook-post,COMISIA EUROPEANĂ,instituție națională,1,0.63
2025-04-04_aniversam-azi-intr-un-context-geopolitic-foarte-complicat-76,2025-04-04,facebook-post,NATO,instituție internațională,4,0.873
2025-04-04_aniversam-azi-intr-un-context-geopolitic-foarte-complicat-76,2025-04-04,facebook-post,ROMÂNIA,țară,5,0.931
2025-04-04_aniversam-azi-intr-un-context-geopolitic-foarte-complicat-76,2025-04-04,facebook-post,RUSIA,țară,2,0.753
2025-04-04_voluntarii-nostri-au-inceput-campania-electorala-cu-multa-en,2025-04-04,facebook-post,ROMÂNIA,țară,1,0.719
2025-04-05_dupa-o-zi-lunga-la-madrid-am-ajuns-in-camera-de-hotel-si-am,2025-04-05,facebook-post,RUSIA,țară,1,0.937
2025-04-05_forta-antreprenorilor-romani-din-regiunea-madrid-am-avut-o-d,2025-04-05,facebook-post,ROMÂNIA,țară,2,0.924
2025-04-05_intalnire-romaneasca-la-arganda-del-rey-regiunea-madrid-am-f,2025-04-05,facebook-post,ROMÂNIA,țară,4,0.95
2025-04-05_interviu-la-radio-romanul-alaturi-de-romanii-din-diaspora-am,2025-04-05,facebook-post,ROMÂNIA,țară,3,0.934
2025-04-06_daca-se-repara-romania-ma-intorc-cu-acest-mesaj-am-plecat-di,2025-04-06,facebook-post,ROMÂNIA,țară,2,0.987
2025-04-06_impreuna-vindecam-romania-avem-medici-profesionisti-si-asist,2025-04-06,facebook-post,ROMÂNIA,țară,1,0.969
2025-04-06_romania-onesta-este-prezenta-peste-tot-voluntarii-nostri-au,2025-04-06,facebook-post,ROMÂNIA,țară,2,0.968
2025-04-07_asa-arata-stabilitatea-psd-pnl-riscam-sa-pierdem-miliarde-de,2025-04-07,facebook-post,ROMÂNIA,țară,3,0.957
2025-04-07_asa-arata-stabilitatea-psd-pnl-riscam-sa-pierdem-miliarde-de,2025-04-07,facebook-post,PSD,partid politic,1,0.896
2025-04-07_asa-arata-stabilitatea-psd-pnl-riscam-sa-pierdem-miliarde-de,2025-04-07,facebook-post,PNL,partid politic,1,0.951
2025-04-07_asa-arata-stabilitatea-psd-pnl-riscam-sa-pierdem-miliarde-de,2025-04-07,facebook-post,COMISIA EUROPEANĂ,instituție internațională,1,0.548
2025-04-07_ieri-m-am-intalnit-cu-una-dintre-cele-mai-puternice-comunita,2025-04-07,facebook-post,ROMÂNIA,țară,4,0.903
2025-04-07_marcel-ciolacu-prim-ministru-al-guvernului-romaniei-conduce,2025-04-07,facebook-post,CIOLACU,persoană politică,3,0.902
2025-04-07_marcel-ciolacu-prim-ministru-al-guvernului-romaniei-conduce,2025-04-07,facebook-post,ROMÂNIA,țară,3,0.944
2025-04-07_marcel-ciolacu-prim-ministru-al-guvernului-romaniei-conduce,2025-04-07,facebook-post,SUA,țară,1,0.701
2025-04-08_astazi-de-ziua-internationala-a-romilor-gandurile-mele-se-in,2025-04-08,facebook-post,ROMÂNIA,țară,1,0.944
2025-04-08_consider-ca-propunerea-presedintelui-interimar-domnul-ilie-b,2025-04-08,facebook-post,BOLOJAN,persoană politică,1,0.463
2025-04-09_succes-tati-va-astept-la-21-00-la-antena-3-sa-vorbim-despre,2025-04-09,facebook-post,ROMÂNIA,țară,1,0.917
2025-04-10_later-edit-steven-seagal-este-emisar-special-al-ministerului,2025-04-10,facebook-post,PONTA,persoană politică,4,0.946
2025-04-10_later-edit-steven-seagal-este-emisar-special-al-ministerului,2025-04-10,facebook-post,ROMÂNIA,țară,3,0.964
2025-04-10_later-edit-steven-seagal-este-emisar-special-al-ministerului,2025-04-10,facebook-post,CIOLACU,persoană politică,1,0.724
2025-04-10_ponta-este-singurul-candidat-autoproclamat-anti-sorosist-car,2025-04-10,facebook-post,PONTA,persoană politică,1,0.952
2025-04-11_la-finalul-anului-trecut-coalitia-stabilitatii-psd-pnl-infii,2025-04-11,facebook-post,ROMÂNIA,țară,1,0.919
2025-04-12_sesizare-catre-autoritatea-electorala-permanenta-solicitam-r,2025-04-12,facebook-post,ROMÂNIA,țară,1,0.955
2025-04-13_condamn-cu-fermitate-atacul-criminal-de-azi-al-rusiei-care-a,2025-04-13,facebook-post,RUSIA,țară,2,0.973
2025-04-13_condamn-cu-fermitate-atacul-criminal-de-azi-al-rusiei-care-a,2025-04-13,facebook-post,UCRAINA,țară,1,0.917
2025-04-13_condamn-cu-fermitate-atacul-criminal-de-azi-al-rusiei-care-a,2025-04-13,facebook-post,ZELENSKI,persoană politică,1,0.865
2025-04-14_de-la-ce-functie-in-sus-considera-biroul-electoral-central-c,2025-04-14,facebook-post,CIOLACU,persoană politică,3,0.948
2025-04-14_de-la-ce-functie-in-sus-considera-biroul-electoral-central-c,2025-04-14,facebook-post,PSD,partid politic,1,0.683
2025-04-14_intarirea-pozitiei-romaniei-in-nato-si-ue-incepe-cu-consulta,2025-04-14,facebook-post,ROMÂNIA,țară,1,0.959
2025-04-14_intarirea-pozitiei-romaniei-in-nato-si-ue-incepe-cu-consulta,2025-04-14,facebook-post,NATO,instituție internațională,1,0.922
2025-04-14_intarirea-pozitiei-romaniei-in-nato-si-ue-incepe-cu-consulta,2025-04-14,facebook-post,UE,instituție internațională,1,0.918
2025-04-14_ne-dorim-ca-fetita-si-baietelul-nostru-sa-traiasca-in-romani,2025-04-14,facebook-post,ROMÂNIA,țară,1,0.952
2025-04-14_presedintele-absent-iohannis-si-tandemul-psd-pnl-au-tolerat,2025-04-14,facebook-post,IOHANNIS,persoană politică,1,0.73
2025-04-14_presedintele-absent-iohannis-si-tandemul-psd-pnl-au-tolerat,2025-04-14,facebook-post,DNA,instituție națională,1,0.683
2025-04-14_presedintele-absent-iohannis-si-tandemul-psd-pnl-au-tolerat,2025-04-14,facebook-post,DIICOT,instituție națională,1,0.827
2025-04-15_avem-o-scadere-a-productiei-industriale-cu-3-9-in-primele-lu,2025-04-15,facebook-post,ROMÂNIA,țară,1,0.958
2025-04-16_romanii-cenzurati-lui-marcel-ciolacu-i-se-permite-orice-ne-a,2025-04-16,facebook-post,CIOLACU,persoană politică,1,0.888
2025-04-18_am-vizitat-o-fabrica-de-panificatie-unde-in-prag-de-paste-mi,2025-04-18,facebook-post,ROMÂNIA,țară,2,0.967
2025-04-18_realitatea-e-simpla-ei-au-furat-romania-iar-acum-le-e-frica,2025-04-18,facebook-post,ROMÂNIA,țară,2,0.982
2025-04-22_prea-multa-nedreptate-e-in-romania-vreau-o-romanie-in-care-o,2025-04-22,facebook-post,ROMÂNIA,țară,2,0.964
2025-04-23_sanatatea-e-un-drept-fundamental-in-romania-onesta-pe-care-o,2025-04-23,facebook-post,ROMÂNIA,țară,2,0.95
2025-04-24_am-semnat-astazi-declaratia-universitatii-din-bucuresti-un-a,2025-04-24,facebook-post,ROMÂNIA,țară,4,0.938
2025-04-24_am-semnat-astazi-declaratia-universitatii-din-bucuresti-un-a,2025-04-24,facebook-post,UE,instituție internațională,2,0.949
2025-04-24_am-semnat-astazi-declaratia-universitatii-din-bucuresti-un-a,2025-04-24,facebook-post,NATO,instituție internațională,2,0.894
2025-04-24_am-semnat-astazi-declaratia-universitatii-din-bucuresti-un-a,2025-04-24,facebook-post,SUA,țară,2,0.689
2025-04-24_educatia-este-temelia-unei-romanii-puternice-fiecare-copil-d,2025-04-24,facebook-post,ROMÂNIA,țară,2,0.952
2025-04-26_m-au-intrebat-multi-tineri-ce-pot-face-pentru-campania-roman,2025-04-26,facebook-post,ROMÂNIA,țară,1,0.85
2025-04-26_romania-are-nevoie-de-fapte-concrete-si-de-oameni-bine-inten,2025-04-26,facebook-post,ROMÂNIA,țară,1,0.974
2025-04-27_in-prea-multe-locuri-din-romania-oamenii-nu-au-acces-la-medi,2025-04-27,facebook-post,ROMÂNIA,țară,1,0.952
2025-04-27_sa-ne-amintim-cine-e-crin-antonescu-candidatul-lui-marcel-ci,2025-04-27,facebook-post,CIOLACU,persoană politică,1,0.828
2025-04-27_sa-ne-amintim-cine-e-crin-antonescu-candidatul-lui-marcel-ci,2025-04-27,facebook-post,PSD,partid politic,1,0.951
2025-04-27_sa-ne-amintim-cine-e-crin-antonescu-candidatul-lui-marcel-ci,2025-04-27,facebook-post,IOHANNIS,persoană politică,1,0.917
2025-04-27_se-intreaba-mamele-de-la-sate-si-din-orasele-mici-ce-viitor,2025-04-27,facebook-post,ROMÂNIA,țară,1,0.87
2025-04-28_dezbaterea-s-a-incheiat-voi-cum-ati-perceput-aceasta-dezbate,2025-04-28,facebook-post,ROMÂNIA,țară,2,0.937
2025-04-28_multumesc-mirabela-cand-voi-fi-presedinte-voi-face-tot-ce-mi,2025-04-28,facebook-post,ROMÂNIA,țară,1,0.985
2025-04-29_de-ziua-veteranilor-de-razboi-cinstim-curajul-celor-care-au,2025-04-29,facebook-post,ROMÂNIA,țară,1,0.955
2025-05-01_disperarea-atinge-cote-maxime-marcel-ciolacu-a-ajuns-sa-trim,2025-05-01,facebook-post,CIOLACU,persoană politică,1,0.952
2025-05-01_este-incalificabil-sa-folosesti-romanii-bolnavi-de-cancer-ca,2025-05-01,facebook-post,ROMÂNIA,țară,1,0.874
2025-05-01_pozele-pe-care-le-a-postat-elena-lasconi-sunt-un-fals-grosol,2025-05-01,facebook-post,LASCONI,persoană politică,1,0.748
2025-05-02_astazi-celebram-energia-curajul-si-visurile-unei-generatii-c,2025-05-02,facebook-post,ROMÂNIA,țară,1,0.906
2025-05-02_daca-esti-plecat-din-romania-pe-4-mai-poti-vota-in-tara-in-c,2025-05-02,facebook-post,ROMÂNIA,țară,1,0.95
2025-05-02_dezinformare-marca-ciolacu-coalitia-lui-ciolacu-spune-ca-doa,2025-05-02,facebook-post,SIMION,persoană politică,1,0.573
2025-05-02_iesim-la-vot-pentru-ca-romania-are-nevoie-de-oameni-care-sa,2025-05-02,facebook-post,ROMÂNIA,țară,1,0.962
2025-05-03_daca-sunteti-plecati-de-acasa-puteti-vota-in-orice-sectie-vo,2025-05-03,facebook-post,ROMÂNIA,țară,1,0.965
2025-05-03_daca-votati-in-diaspora-tineti-cont-ca-sectiile-se-inchid-la,2025-05-03,facebook-post,ROMÂNIA,țară,1,0.894
2025-05-03_romania-are-nevoie-de-o-presa-onesta-de-ziua-internationala,2025-05-03,facebook-post,ROMÂNIA,țară,1,0.982
2025-05-04_o-prezenta-mare-la-urne-le-strica-planurile-alegerea-ta-poat,2025-05-04,facebook-post,ROMÂNIA,țară,3,0.986
2025-05-05_prin-votul-romanilor-de-ieri-s-a-incheiat-o-epoca-politica-s,2025-05-05,facebook-post,ROMÂNIA,țară,1,0.957
2025-05-05_romania-are-o-sansa-le-multumesc-tuturor-celor-care-au-votat,2025-05-05,facebook-post,ROMÂNIA,țară,5,0.983
2025-05-06_6-mai-1990-podul-de-flori-ziua-in-care-prutul-a-unit-nu-a-de,2025-05-06,facebook-post,ROMÂNIA,țară,2,0.73
2025-05-06_6-mai-1990-podul-de-flori-ziua-in-care-prutul-a-unit-nu-a-de,2025-05-06,facebook-post,R. MOLDOVA,țară,2,0.982
2025-05-06_6-mai-1990-podul-de-flori-ziua-in-care-prutul-a-unit-nu-a-de,2025-05-06,facebook-post,ITALIA,țară,1,0.909
2025-05-06_6-mai-1990-podul-de-flori-ziua-in-care-prutul-a-unit-nu-a-de,2025-05-06,facebook-post,GERMANIA,țară,1,0.843
2025-05-06_6-mai-1990-podul-de-flori-ziua-in-care-prutul-a-unit-nu-a-de,2025-05-06,facebook-post,UK,țară,1,0.83
2025-05-07_am-vorbit-azi-in-cadrul-unui-eveniment-organizat-de-romanian,2025-05-07,facebook-post,ROMÂNIA,țară,2,0.972
2025-05-07_eu-sunt-aici-pentru-dezbateri-asa-cum-am-fost-si-in-primul-t,2025-05-07,facebook-post,SIMION,persoană politică,1,0.942
2025-05-08_ipocrizia-lui-george-simion-este-clara-nu-si-asuma-opiniile,2025-05-08,facebook-post,SIMION,persoană politică,1,0.798
2025-05-08_ipocrizia-lui-george-simion-este-clara-nu-si-asuma-opiniile,2025-05-08,facebook-post,GEORGESCU,persoană politică,1,0.785
2025-05-08_ipocrizia-lui-george-simion-este-clara-nu-si-asuma-opiniile,2025-05-08,facebook-post,ROMÂNIA,țară,1,0.886
2025-05-08_salut-alegerea-noului-papa-leon-al-xiv-lea-si-sunt-alaturi-d,2025-05-08,facebook-post,ROMÂNIA,țară,1,0.962
2025-05-09_la-multi-ani-europa-astazi-de-ziua-europei-celebram-nu-doar,2025-05-09,facebook-post,ROMÂNIA,țară,4,0.979
2025-05-09_la-multi-ani-europa-astazi-de-ziua-europei-celebram-nu-doar,2025-05-09,facebook-post,UE,instituție internațională,1,0.52
2025-05-09_la-multi-ani-europa-astazi-de-ziua-europei-celebram-nu-doar,2025-05-09,facebook-post,R. MOLDOVA,țară,1,0.842
2025-05-10_astazi-10-mai-celebram-ziua-independentei-de-stat-a-romaniei,2025-05-10,facebook-post,ROMÂNIA,țară,5,0.966
2025-05-10_george-simion-si-a-dezvaluit-adevarata-fata-un-suveranist-de,2025-05-10,facebook-post,SIMION,persoană politică,1,0.932
2025-05-10_george-simion-si-a-dezvaluit-adevarata-fata-un-suveranist-de,2025-05-10,facebook-post,SUA,țară,1,0.749
2025-05-10_george-simion-si-a-dezvaluit-adevarata-fata-un-suveranist-de,2025-05-10,facebook-post,ROMÂNIA,țară,1,0.936
2025-05-10_o-tara-care-isi-doreste-sa-fie-sigura-si-in-care-legea-este,2025-05-10,facebook-post,ROMÂNIA,țară,1,0.929
2025-05-10_romania-nu-si-permite-sa-faca-un-experiment-sa-vada-cum-ar-f,2025-05-10,facebook-post,ROMÂNIA,țară,2,0.982
2025-05-11_atacurile-botilor-continua-si-nu-intamplator-sunt-vizate-pos,2025-05-11,facebook-post,SIMION,persoană politică,1,0.918
2025-05-11_nu-putem-trece-cu-vederea-faptul-ca-george-simion-a-dat-sper,2025-05-11,facebook-post,SIMION,persoană politică,1,0.904
2025-05-11_nu-putem-trece-cu-vederea-faptul-ca-george-simion-a-dat-sper,2025-05-11,facebook-post,ROMÂNIA,țară,1,0.939
2025-05-11_romania-are-nevoie-de-noi-toti-traim-vremuri-care-ne-pun-la,2025-05-11,facebook-post,ROMÂNIA,țară,3,0.972
2025-05-12_echilibru-si-o-schimbare-in-bine-sau-haos-social-si-dezastru,2025-05-12,facebook-post,ROMÂNIA,țară,1,0.906
2025-05-12_impreuna-putem-construi-o-romanie-in-care-copiii-nostri-sa-r,2025-05-12,facebook-post,ROMÂNIA,țară,2,0.966
2025-05-12_intotdeauna-inainte-de-primar-sau-presedinte-voi-fi-un-om-pr,2025-05-12,facebook-post,ROMÂNIA,țară,2,0.932
2025-05-12_romania-are-nevoie-de-un-presedinte-curajos-care-se-prezinta,2025-05-12,facebook-post,ROMÂNIA,țară,1,0.979
2025-05-12_romania-are-nevoie-de-un-presedinte-curajos-care-se-prezinta,2025-05-12,facebook-post,SIMION,persoană politică,1,0.905
2025-05-13_iti-multumesc-delia-grigore-pentru-ca-esti-vocea-romilor-din,2025-05-13,facebook-post,ROMÂNIA,țară,1,0.974
2025-05-13_vin-dintr-o-familie-simpla-dintr-un-oras-mic-al-romaniei-am,2025-05-13,facebook-post,ROMÂNIA,țară,1,0.934
2025-05-14_a-patra-dezbatere-consecutiva-a-patra-oara-cand-george-simio,2025-05-14,facebook-post,SIMION,persoană politică,1,0.963
2025-05-14_am-primit-cu-multa-emotie-si-recunostinta-mesajul-presedinte,2025-05-14,facebook-post,R. MOLDOVA,țară,1,0.843
2025-05-14_am-primit-cu-multa-emotie-si-recunostinta-mesajul-presedinte,2025-05-14,facebook-post,MAIA SANDU,persoană politică,1,0.903
2025-05-14_banii-folositi-de-stat-pentru-retetele-compensate-nu-sunt-si,2025-05-14,facebook-post,SIMION,persoană politică,1,0.949
2025-05-14_ii-multumesc-prim-ministrului-poloniei-donald-tusk-pentru-ac,2025-05-14,facebook-post,POLONIA,țară,2,0.964
2025-05-14_ii-multumesc-prim-ministrului-poloniei-donald-tusk-pentru-ac,2025-05-14,facebook-post,ROMÂNIA,țară,1,0.869
2025-05-14_insusi-omul-pe-care-isi-cladeste-campania-george-simion-spun,2025-05-14,facebook-post,SIMION,persoană politică,1,0.85
2025-05-15_cine-pe-cine-ia-de-mana-imparte-sau-nu-george-simion-pareril,2025-05-15,facebook-post,SIMION,persoană politică,1,0.902
2025-05-15_cine-pe-cine-ia-de-mana-imparte-sau-nu-george-simion-pareril,2025-05-15,facebook-post,GEORGESCU,persoană politică,1,0.859
2025-05-15_contracandidatul-meu-minte-ca-o-gazeta-ruseasca-nu-exista-ni,2025-05-15,facebook-post,ROMÂNIA,țară,1,0.925
2025-05-15_este-intolerabil-sa-jignesti-sute-de-mii-de-copii-si-adulti,2025-05-15,facebook-post,ROMÂNIA,țară,3,0.931
2025-05-15_romania-are-speranta-drumul-spre-stabilitate-cere-seriozitat,2025-05-15,facebook-post,ROMÂNIA,țară,1,0.965
2025-05-15_romania-are-speranta-drumul-spre-stabilitate-cere-seriozitat,2025-05-15,facebook-post,BOLOJAN,persoană politică,1,0.884
2025-05-15_simion-si-interlopii-spune-mi-cu-cine-umbli-ca-sa-iti-spun-c,2025-05-15,facebook-post,SIMION,persoană politică,3,0.893
2025-05-15_simion-si-partidul-lui-despre-femei-felul-in-care-un-barbat,2025-05-15,facebook-post,SIMION,persoană politică,3,0.902
2025-05-15_simion-si-partidul-lui-despre-femei-felul-in-care-un-barbat,2025-05-15,facebook-post,ROMÂNIA,țară,1,0.932
2025-05-16_am-insotit-un-grup-de-lucratori-dintr-un-depozit-la-iesirea,2025-05-16,facebook-post,ROMÂNIA,țară,1,0.899
2025-05-16_cirese-si-bujori-de-la-oamenii-vrednici-e-plina-romania-de-e,2025-05-16,facebook-post,ROMÂNIA,țară,1,0.958
2025-05-16_final-de-campanie-o-campanie-onesta-pentru-o-romanie-onesta,2025-05-16,facebook-post,ROMÂNIA,țară,1,0.817
2025-05-16_in-timp-ce-contracandidatul-meu-jignea-poporul-francez-chiar,2025-05-16,facebook-post,MACRON,persoană politică,1,0.913
2025-05-16_in-timp-ce-contracandidatul-meu-jignea-poporul-francez-chiar,2025-05-16,facebook-post,FRANȚA,țară,3,0.964
2025-05-16_in-timp-ce-contracandidatul-meu-jignea-poporul-francez-chiar,2025-05-16,facebook-post,ROMÂNIA,țară,1,0.894
2025-05-16_romania-care-munceste-merita-respect-si-sustinere-am-fost-la,2025-05-16,facebook-post,ROMÂNIA,țară,3,0.986
2025-05-16_sunt-oamenii-care-duc-romania-in-toata-europa-pe-ploaie-nins,2025-05-16,facebook-post,ROMÂNIA,țară,1,0.973
2025-05-17_continuati-sa-credeti-in-romania-si-iesiti-la-vot-nu-e-o-ale,2025-05-17,facebook-post,ROMÂNIA,țară,1,0.973
2025-05-17_dragi-romani-din-diaspora-dreptul-vostru-alegerea-voastra-do,2025-05-17,facebook-post,ROMÂNIA,țară,1,0.983
2025-05-17_romania-poate-fi-din-nou-locul-in-care-femeile-aleg-sa-raman,2025-05-17,facebook-post,ROMÂNIA,țară,1,0.982
2025-05-18_a-fost-o-mobilizare-fara-precedent-si-de-aceea-victoria-este,2025-05-18,facebook-post,ROMÂNIA,țară,2,0.922
2025-05-18_am-votat-astazi-la-fagaras-in-orasul-meu-natal-in-scoala-in,2025-05-18,facebook-post,ROMÂNIA,țară,2,0.973
2025-05-18_un-gand-special-de-recunostinta-si-multumiri-cetatenilor-rom,2025-05-18,facebook-post,R. MOLDOVA,țară,1,0.919
2025-05-18_un-gand-special-de-recunostinta-si-multumiri-cetatenilor-rom,2025-05-18,facebook-post,MAIA SANDU,persoană politică,1,0.931
2025-05-21_am-avut-o-prima-discutie-informala-cu-presedinta-parlamentul,2025-05-21,facebook-post,ROMÂNIA,țară,1,0.97
2025-05-22_am-fost-bucuros-sa-particip-la-gala-repatriot-un-eveniment-d,2025-05-22,facebook-post,ROMÂNIA,țară,1,0.968
2025-05-22_astazi-am-primit-validarea-mandatului-de-presedinte-al-roman,2025-05-22,facebook-post,ROMÂNIA,țară,2,0.948
2025-05-24_investitia-in-educatia-tinerilor-ii-va-ajuta-pe-ei-sa-creasc,2025-05-24,facebook-post,ROMÂNIA,țară,2,0.949
2025-05-24_romania-continuam-pe-drumul-democratic-pro-european-si-trans,2025-05-24,facebook-post,ROMÂNIA,țară,3,0.989
2025-05-25_am-avut-astazi-o-discutie-utila-si-foarte-placuta-cu-o-parte,2025-05-25,facebook-post,UE,instituție internațională,1,0.508
2025-05-25_am-avut-astazi-o-discutie-utila-si-foarte-placuta-cu-o-parte,2025-05-25,facebook-post,POLONIA,țară,1,0.971
2025-05-25_am-participat-astazi-cu-emotie-si-speranta-la-marsul-milionu,2025-05-25,facebook-post,POLONIA,țară,2,0.99
2025-05-25_am-participat-astazi-cu-emotie-si-speranta-la-marsul-milionu,2025-05-25,facebook-post,ROMÂNIA,țară,2,0.988
2025-05-25_cu-ocazia-zilei-romanilor-de-pretutindeni-gandurile-mele-se,2025-05-25,facebook-post,ROMÂNIA,țară,2,0.988
2025-05-26_astazi-am-depus-juramantul-in-fata-parlamentului-romaniei-ca,2025-05-26,facebook-post,ROMÂNIA,țară,3,0.969
2025-05-26_astazi-am-depus-juramantul-in-fata-parlamentului-romaniei-ca,2025-05-26,facebook-post,R. MOLDOVA,țară,1,0.845
2025-05-28_am-fost-onorat-sa-port-o-discutie-cu-presedintele-donald-tru,2025-05-28,facebook-post,TRUMP,persoană politică,1,0.849
2025-05-28_am-fost-onorat-sa-port-o-discutie-cu-presedintele-donald-tru,2025-05-28,facebook-post,SUA,țară,1,0.974
2025-05-29_gandurile-mele-se-indreapta-catre-familiile-lovite-de-inunda,2025-05-29,facebook-post,ROMÂNIA,țară,1,0.956
2025-05-31_am-fost-astazi-in-comuna-bacel-grav-afectata-de-inundatii-am,2025-05-31,facebook-post,ROMÂNIA,țară,1,0.952
2025-06-01_astazi-de-1-iunie-celebram-inocenta-bucuria-si-speranta-pe-c,2025-06-01,facebook-post,ROMÂNIA,țară,2,0.955
2025-06-02_am-incheiat-astazi-un-summit-b9-important-la-vilnius-alaturi,2025-06-02,facebook-post,RUSIA,țară,1,0.825
2025-06-02_am-incheiat-astazi-un-summit-b9-important-la-vilnius-alaturi,2025-06-02,facebook-post,ROMÂNIA,țară,1,0.965
2025-06-04_astazi-am-prezentat-principalele-teme-care-se-afla-pe-agenda,2025-06-04,facebook-post,ROMÂNIA,țară,4,0.972
2025-06-04_astazi-am-prezentat-principalele-teme-care-se-afla-pe-agenda,2025-06-04,facebook-post,COMISIA EUROPEANĂ,instituție națională,1,0.591
2025-06-08_astazi-romania-a-celebrat-o-pe-una-dintre-cele-mai-mari-spor,2025-06-08,facebook-post,ROMÂNIA,țară,1,0.981
2025-06-10_i-am-urat-un-calduros-bun-venit-in-romania-majestatii-sale-f,2025-06-10,facebook-post,ROMÂNIA,țară,2,0.949
2025-06-10_ma-bucur-sa-ma-aflu-astazi-la-chisinau-in-prima-mea-vizita-o,2025-06-10,facebook-post,ROMÂNIA,țară,3,0.922
2025-06-10_ma-bucur-sa-ma-aflu-astazi-la-chisinau-in-prima-mea-vizita-o,2025-06-10,facebook-post,R. MOLDOVA,țară,2,0.981
2025-06-11_astazi-la-odesa-am-avut-o-discutie-foarte-buna-cu-reprezenta,2025-06-11,facebook-post,UCRAINA,țară,2,0.82
2025-06-11_astazi-la-odesa-am-avut-o-discutie-foarte-buna-cu-reprezenta,2025-06-11,facebook-post,ROMÂNIA,țară,2,0.956
2025-06-11_astazi-la-odesa-in-marja-summitului-ucraina-europa-de-sud-es,2025-06-11,facebook-post,UCRAINA,țară,4,0.977
2025-06-11_astazi-la-odesa-in-marja-summitului-ucraina-europa-de-sud-es,2025-06-11,facebook-post,ROMÂNIA,țară,2,0.973
2025-06-11_astazi-la-odesa-in-marja-summitului-ucraina-europa-de-sud-es,2025-06-11,facebook-post,R. MOLDOVA,țară,2,0.978
2025-06-11_astazi-la-odesa-in-marja-summitului-ucraina-europa-de-sud-es,2025-06-11,facebook-post,MAIA SANDU,persoană politică,1,0.963
2025-06-16_i-am-invitat-astazi-la-palatul-cotroceni-pe-reprezentantii-s,2025-06-16,facebook-post,ROMÂNIA,țară,1,0.971
2025-06-18_romania-se-confrunta-cu-un-nivel-ingrijorator-de-violenta-im,2025-06-18,facebook-post,ROMÂNIA,țară,1,0.943
2025-06-20_l-am-desemnat-astazi-pe-domnul-ilie-bolojan-in-functia-de-pr,2025-06-20,facebook-post,BOLOJAN,persoană politică,2,0.945
2025-06-20_l-am-desemnat-astazi-pe-domnul-ilie-bolojan-in-functia-de-pr,2025-06-20,facebook-post,ROMÂNIA,țară,2,0.959
2025-06-25_a-fost-o-reala-onoare-sa-ma-intalnesc-cu-prim-ministrul-rega,2025-06-25,facebook-post,NATO,instituție internațională,2,0.679
2025-06-25_a-fost-o-reala-onoare-sa-ma-intalnesc-cu-prim-ministrul-rega,2025-06-25,facebook-post,ROMÂNIA,țară,1,0.898
2025-06-25_a-fost-o-reala-onoare-sa-ma-intalnesc-cu-prim-ministrul-rega,2025-06-25,facebook-post,UK,țară,1,0.958
2025-06-25_am-avut-o-intrevedere-foarte-buna-cu-presedintele-petr-pavel,2025-06-25,facebook-post,ROMÂNIA,țară,2,0.964
2025-06-25_am-avut-o-intrevedere-foarte-buna-cu-presedintele-petr-pavel,2025-06-25,facebook-post,UCRAINA,țară,2,0.969
2025-06-25_am-avut-o-intrevedere-foarte-buna-cu-presedintele-petr-pavel,2025-06-25,facebook-post,R. MOLDOVA,țară,1,0.943
2025-06-25_am-avut-o-intrevedere-foarte-buna-cu-presedintele-petr-pavel,2025-06-25,facebook-post,NATO,țară,1,0.571
2025-06-26_am-avut-o-prima-intalnire-cu-membrii-romani-ai-parlamentului,2025-06-26,facebook-post,ROMÂNIA,țară,3,0.982
2025-06-26_am-avut-un-dialog-foarte-bun-cu-presedintele-consiliului-eur,2025-06-26,facebook-post,ROMÂNIA,țară,1,0.96
2025-07-02_am-aflat-cu-profunda-tristete-vestea-disparitiei-lui-mihai-l,2025-07-02,facebook-post,ROMÂNIA,țară,1,0.972
2025-07-08_l-am-numit-astazi-pe-dacian-cosmin-dragos-in-functia-de-jude,2025-07-08,facebook-post,ROMÂNIA,țară,2,0.876
2025-07-14_masurile-fiscale-adoptate-acum-reprezinta-o-situatie-provizo,2025-07-14,facebook-post,OCDE,instituție internațională,1,0.659
2025-07-14_masurile-fiscale-adoptate-acum-reprezinta-o-situatie-provizo,2025-07-14,facebook-post,ROMÂNIA,țară,3,0.921
2025-07-14_masurile-fiscale-adoptate-acum-reprezinta-o-situatie-provizo,2025-07-14,facebook-post,ADMINISTRAȚIA PREZIDENȚIALĂ,instituție națională,1,0.649
2025-07-14_masurile-fiscale-adoptate-acum-reprezinta-o-situatie-provizo,2025-07-14,facebook-post,GUVERN,instituție națională,2,0.562
2025-07-18_am-avut-o-intalnire-foarte-buna-cu-cancelarul-federal-al-ger,2025-07-18,facebook-post,GERMANIA,țară,3,0.992
2025-07-18_am-avut-o-intalnire-foarte-buna-cu-cancelarul-federal-al-ger,2025-07-18,facebook-post,ROMÂNIA,țară,2,0.928
2025-07-18_am-avut-o-intalnire-foarte-buna-cu-cancelarul-federal-al-ger,2025-07-18,facebook-post,OCDE,instituție internațională,1,0.758
2025-07-21_ii-indemn-pe-cei-care-inca-se-indoiesc-de-interferentele-rus,2025-07-21,facebook-post,ROMÂNIA,țară,2,0.872
2025-07-21_ii-indemn-pe-cei-care-inca-se-indoiesc-de-interferentele-rus,2025-07-21,facebook-post,NATO,instituție internațională,3,0.878
2025-07-21_ii-indemn-pe-cei-care-inca-se-indoiesc-de-interferentele-rus,2025-07-21,facebook-post,UE,instituție internațională,2,0.766
2025-07-21_ii-indemn-pe-cei-care-inca-se-indoiesc-de-interferentele-rus,2025-07-21,facebook-post,UK,țară,1,0.899
2025-07-21_ii-indemn-pe-cei-care-inca-se-indoiesc-de-interferentele-rus,2025-07-21,facebook-post,RUSIA,țară,1,0.653
2025-07-22_ma-ingrijoreaza-profund-rezultatele-studiului-prezentat-asta,2025-07-22,facebook-post,ROMÂNIA,țară,1,0.97
2025-07-24_ieri-am-avut-o-intalnire-cu-ministrul-mediului-diana-buzoian,2025-07-24,facebook-post,GUVERN,instituție națională,2,0.775
2025-07-24_ieri-am-avut-o-intalnire-cu-ministrul-mediului-diana-buzoian,2025-07-24,facebook-post,ROMÂNIA,țară,1,0.938
2025-07-25_am-avut-o-intalnire-constructiva-cu-reprezentanti-ai-mediulu,2025-07-25,facebook-post,ROMÂNIA,țară,2,0.951
2025-07-25_austria-si-romania-intra-intr-un-nou-capitol-al-relatiei-bil,2025-07-25,facebook-post,ROMÂNIA,țară,2,0.99
2025-07-26_in-cadrul-intalnirii-de-astazi-cu-cancelarul-federal-al-aust,2025-07-26,facebook-post,ROMÂNIA,țară,1,0.964
2025-07-27_alaturi-de-austria-al-treilea-mare-investitor-din-romania-in,2025-07-27,facebook-post,ROMÂNIA,țară,1,0.974
2025-07-28_astazi-am-avut-placerea-de-a-l-primi-la-palatul-cotroceni-pe,2025-07-28,facebook-post,ROMÂNIA,țară,2,0.919
2025-07-29_sunt-profund-afectat-de-pierderile-de-vieti-omenesti-si-de-d,2025-07-29,facebook-post,ROMÂNIA,țară,1,0.952
2025-07-30_astazi-comemorand-ziua-internationala-pentru-lupta-impotriva,2025-07-30,facebook-post,ROMÂNIA,țară,1,0.983
2025-07-30_astazi-comemorand-ziua-internationala-pentru-lupta-impotriva,2025-07-30,facebook-post,DIICOT,instituție națională,1,0.739
2025-07-30_este-total-aberant-ca-pensia-pe-care-o-ia-un-magistrat-sa-fi,2025-07-30,facebook-post,CSM,instituție națională,1,0.538
2025-08-12_aceste-zile-petrecute-dincolo-de-prut-ne-au-reamintit-cat-de,2025-08-12,facebook-post,ROMÂNIA,țară,1,0.954
2025-08-12_aceste-zile-petrecute-dincolo-de-prut-ne-au-reamintit-cat-de,2025-08-12,facebook-post,R. MOLDOVA,țară,1,0.969
2025-08-12_salut-eforturile-presedintelui-donald-trump-de-a-contribui-l,2025-08-12,facebook-post,TRUMP,persoană politică,1,0.887
2025-08-12_salut-eforturile-presedintelui-donald-trump-de-a-contribui-l,2025-08-12,facebook-post,RUSIA,țară,1,0.944
2025-08-12_salut-eforturile-presedintelui-donald-trump-de-a-contribui-l,2025-08-12,facebook-post,UCRAINA,țară,3,0.987
2025-08-13_am-participat-astazi-la-videoconferinta-coalitiei-de-vointa,2025-08-13,facebook-post,SUA,țară,1,0.837
2025-08-13_am-participat-astazi-la-videoconferinta-coalitiei-de-vointa,2025-08-13,facebook-post,TRUMP,persoană politică,1,0.973
2025-08-13_am-participat-astazi-la-videoconferinta-coalitiei-de-vointa,2025-08-13,facebook-post,UCRAINA,țară,3,0.948
2025-08-17_astazi-in-cadrul-unei-noi-videoconferinte-a-coalitiei-de-voi,2025-08-17,facebook-post,UCRAINA,țară,8,0.983
2025-08-17_astazi-in-cadrul-unei-noi-videoconferinte-a-coalitiei-de-voi,2025-08-17,facebook-post,RUSIA,țară,5,0.988
2025-08-17_astazi-in-cadrul-unei-noi-videoconferinte-a-coalitiei-de-voi,2025-08-17,facebook-post,SUA,țară,1,0.823
2025-08-17_cele-mai-frumoase-locuri-pe-care-le-am-vizitat-cu-familia-su,2025-08-17,facebook-post,ROMÂNIA,țară,1,0.969
2025-08-18_o-veste-buna-agentia-de-rating-fitch-a-confirmat-vineri-rati,2025-08-18,facebook-post,ROMÂNIA,țară,4,0.963
2025-08-18_rusia-nu-isi-doreste-pacea-in-cadrul-coalitiei-pentru-vointa,2025-08-18,facebook-post,RUSIA,țară,2,0.986
2025-08-18_rusia-nu-isi-doreste-pacea-in-cadrul-coalitiei-pentru-vointa,2025-08-18,facebook-post,UCRAINA,țară,1,0.93
2025-08-19_astazi-la-videoconferintele-coalitiei-de-vointa-si-ale-consi,2025-08-19,facebook-post,UCRAINA,țară,2,0.978
2025-08-19_astazi-la-videoconferintele-coalitiei-de-vointa-si-ale-consi,2025-08-19,facebook-post,ROMÂNIA,țară,1,0.946
2025-08-19_astazi-la-videoconferintele-coalitiei-de-vointa-si-ale-consi,2025-08-19,facebook-post,RUSIA,țară,1,0.881
2025-08-19_astazi-la-videoconferintele-coalitiei-de-vointa-si-ale-consi,2025-08-19,facebook-post,SUA,țară,1,0.725
2025-08-19_videoconferintele-coalitiei-de-vointa-si-ale-consiliului-eur,2025-08-19,facebook-post,UCRAINA,țară,4,0.975
2025-08-19_videoconferintele-coalitiei-de-vointa-si-ale-consiliului-eur,2025-08-19,facebook-post,RUSIA,țară,2,0.934
2025-08-19_videoconferintele-coalitiei-de-vointa-si-ale-consiliului-eur,2025-08-19,facebook-post,ROMÂNIA,țară,3,0.975
2025-08-19_videoconferintele-coalitiei-de-vointa-si-ale-consiliului-eur,2025-08-19,facebook-post,SUA,țară,1,0.727
2025-08-19_videoconferintele-coalitiei-de-vointa-si-ale-consiliului-eur,2025-08-19,facebook-post,R. MOLDOVA,țară,1,0.938
2025-08-20_mult-respect-si-recunostinta-pentru-militarii-din-comandamen,2025-08-20,facebook-post,ROMÂNIA,țară,1,0.885
2025-08-20_mult-respect-si-recunostinta-pentru-militarii-din-comandamen,2025-08-20,facebook-post,NATO,instituție internațională,1,0.936
2025-08-20_mult-respect-si-recunostinta-pentru-militarii-din-comandamen,2025-08-20,facebook-post,UE,instituție internațională,1,0.917
2025-08-26_m-am-intalnit-astazi-la-palatul-cotroceni-cu-diplomatii-roma,2025-08-26,facebook-post,ROMÂNIA,țară,3,0.919
2025-08-26_m-am-intalnit-astazi-la-palatul-cotroceni-cu-diplomatii-roma,2025-08-26,facebook-post,UE,instituție internațională,1,0.62
2025-08-26_m-am-intalnit-astazi-la-palatul-cotroceni-cu-diplomatii-roma,2025-08-26,facebook-post,NATO,instituție internațională,1,0.554
2025-08-26_m-am-intalnit-astazi-la-palatul-cotroceni-cu-diplomatii-roma,2025-08-26,facebook-post,UCRAINA,țară,1,0.77
2025-08-26_m-am-intalnit-astazi-la-palatul-cotroceni-cu-diplomatii-roma,2025-08-26,facebook-post,R. MOLDOVA,țară,1,0.875
2025-08-26_m-am-intalnit-astazi-la-palatul-cotroceni-cu-diplomatii-roma,2025-08-26,facebook-post,OCDE,instituție internațională,1,0.676
2025-08-28_condamn-cu-fermitate-agresiunea-asupra-unui-tanar-venit-la-m,2025-08-28,facebook-post,ROMÂNIA,țară,1,0.874
2025-08-31_astazi-am-avut-onoarea-de-a-fi-prezent-la-marea-dictare-nati,2025-08-31,facebook-post,R. MOLDOVA,țară,2,0.983
2025-08-31_astazi-am-avut-onoarea-de-a-fi-prezent-la-marea-dictare-nati,2025-08-31,facebook-post,MAIA SANDU,persoană politică,1,0.936
2025-08-31_astazi-am-avut-onoarea-de-a-fi-prezent-la-marea-dictare-nati,2025-08-31,facebook-post,ROMÂNIA,țară,2,0.945
2025-08-31_participare-alaturi-de-presedintele-republicii-moldova-maia,2025-08-31,facebook-post,R. MOLDOVA,țară,1,0.862
2025-08-31_participare-alaturi-de-presedintele-republicii-moldova-maia,2025-08-31,facebook-post,MAIA SANDU,persoană politică,1,0.969
2025-09-01_astazi-i-am-urat-bun-venit-pe-tarmul-marii-negre-doamnei-pre,2025-09-01,facebook-post,URSULA VDL,persoană politică,1,0.974
2025-09-01_astazi-i-am-urat-bun-venit-pe-tarmul-marii-negre-doamnei-pre,2025-09-01,facebook-post,ROMÂNIA,țară,1,0.943
2025-09-01_astazi-i-am-urat-bun-venit-pe-tarmul-marii-negre-doamnei-pre,2025-09-01,facebook-post,UCRAINA,țară,1,0.654
2025-09-01_ii-multumesc-lui-manfred-weber-pentru-vizita-de-astazi-de-la,2025-09-01,facebook-post,ROMÂNIA,țară,1,0.956
2025-09-02_ieri-la-malul-marii-negre-am-intampinat-o-pe-ursula-von-der,2025-09-02,facebook-post,URSULA VDL,persoană politică,1,0.953
2025-09-02_ieri-la-malul-marii-negre-am-intampinat-o-pe-ursula-von-der,2025-09-02,facebook-post,RUSIA,țară,1,0.925
2025-09-02_ieri-la-malul-marii-negre-am-intampinat-o-pe-ursula-von-der,2025-09-02,facebook-post,ROMÂNIA,țară,1,0.973
2025-09-03_astazi-am-marcat-un-moment-important-pentru-securitatea-ener,2025-09-03,facebook-post,ROMÂNIA,țară,3,0.983
2025-09-03_m-am-bucurat-sa-il-primesc-astazi-la-palatul-cotroceni-pe-pr,2025-09-03,facebook-post,ROMÂNIA,țară,1,0.775
2025-09-03_m-am-bucurat-sa-il-primesc-astazi-la-palatul-cotroceni-pe-pr,2025-09-03,facebook-post,UCRAINA,țară,2,0.825
2025-09-03_m-am-bucurat-sa-il-primesc-astazi-la-palatul-cotroceni-pe-pr,2025-09-03,facebook-post,R. MOLDOVA,țară,1,0.843
2025-09-10_am-avut-astazi-o-intalnire-importanta-cu-reprezentantii-inve,2025-09-10,facebook-post,ROMÂNIA,țară,3,0.976
2025-09-10_am-avut-astazi-o-intalnire-importanta-cu-reprezentantii-inve,2025-09-10,facebook-post,SUA,țară,1,0.901
2025-09-10_am-avut-astazi-o-intalnire-importanta-cu-reprezentantii-inve,2025-09-10,facebook-post,OCDE,instituție internațională,1,0.595
2025-09-15_am-avut-astazi-o-discutie-excelenta-cu-secretarul-general-al,2025-09-15,facebook-post,OCDE,instituție internațională,4,0.948
2025-09-15_am-avut-astazi-o-discutie-excelenta-cu-secretarul-general-al,2025-09-15,facebook-post,ROMÂNIA,țară,3,0.941
2025-09-16_cercetarea-prezentata-azi-de-procurorul-general-reprezinta-o,2025-09-16,facebook-post,RUSIA,țară,1,0.824
2025-09-16_cercetarea-prezentata-azi-de-procurorul-general-reprezinta-o,2025-09-16,facebook-post,ROMÂNIA,țară,1,0.809
2025-09-17_curtea-constitutionala-a-admis-astazi-sesizarea-pe-care-am-f,2025-09-17,facebook-post,CCR,instituție națională,1,0.801
2025-09-17_curtea-constitutionala-a-admis-astazi-sesizarea-pe-care-am-f,2025-09-17,facebook-post,ROMÂNIA,țară,1,0.841
2025-09-24_astazi-am-avut-o-intalnire-foarte-buna-la-palatul-cotroceni,2025-09-24,facebook-post,FRANȚA,țară,1,0.911
2025-09-24_astazi-am-avut-o-intalnire-foarte-buna-la-palatul-cotroceni,2025-09-24,facebook-post,GERMANIA,țară,1,0.9
2025-09-24_astazi-am-avut-o-intalnire-foarte-buna-la-palatul-cotroceni,2025-09-24,facebook-post,ROMÂNIA,țară,1,0.965
2025-09-24_legatura-dintre-romania-si-republica-moldova-nu-este-doar-un,2025-09-24,facebook-post,ROMÂNIA,țară,2,0.89
2025-09-24_legatura-dintre-romania-si-republica-moldova-nu-este-doar-un,2025-09-24,facebook-post,R. MOLDOVA,țară,3,0.969
2025-09-26_sunt-profund-indurerat-de-tragedia-petrecuta-la-spitalul-de,2025-09-26,facebook-post,ROMÂNIA,țară,3,0.972
2025-09-28_dragi-basarabeni-din-romania-astazi-este-o-zi-importanta-pen,2025-09-28,facebook-post,ROMÂNIA,țară,1,0.887
2025-09-28_dragi-basarabeni-din-romania-astazi-este-o-zi-importanta-pen,2025-09-28,facebook-post,R. MOLDOVA,țară,1,0.889
2025-09-29_cu-ocazia-implinirii-a-30-de-ani-de-la-infiintarea-aliantei,2025-09-29,facebook-post,ROMÂNIA,țară,2,0.926
2025-09-29_felicit-cetatenii-republicii-moldova-pentru-mobilizare-si-pe,2025-09-29,facebook-post,R. MOLDOVA,țară,3,0.978
2025-09-29_felicit-cetatenii-republicii-moldova-pentru-mobilizare-si-pe,2025-09-29,facebook-post,MAIA SANDU,persoană politică,1,0.926
2025-09-29_felicit-cetatenii-republicii-moldova-pentru-mobilizare-si-pe,2025-09-29,facebook-post,ROMÂNIA,țară,1,0.858
2025-09-30_am-vizitat-azi-la-timisoara-doua-companii-care-folosesc-inte,2025-09-30,facebook-post,ROMÂNIA,țară,2,0.945
2025-09-30_in-luna-iulie-am-spus-ca-administratia-prezidentiala-va-cont,2025-09-30,facebook-post,ADMINISTRAȚIA PREZIDENȚIALĂ,instituție națională,3,0.896
2025-09-30_marile-orase-europene-sunt-motoarele-dezvoltarii-insa-de-pre,2025-09-30,facebook-post,UE,instituție internațională,2,0.719
2025-09-30_marile-orase-europene-sunt-motoarele-dezvoltarii-insa-de-pre,2025-09-30,facebook-post,ROMÂNIA,țară,1,0.971
2025-10-01_am-trimis-inapoi-parlamentului-o-lege-care-ar-fi-anulat-una,2025-10-01,facebook-post,ROMÂNIA,țară,1,0.942
2025-10-01_astazi-si-maine-sunt-la-copenhaga-pentru-a-participa-la-reun,2025-10-01,facebook-post,UCRAINA,țară,1,0.868
2025-10-02_am-avut-discutie-foarte-productiva-cu-premierul-suediei-ulf,2025-10-02,facebook-post,ROMÂNIA,țară,1,0.923
2025-10-02_am-avut-discutie-foarte-productiva-cu-premierul-suediei-ulf,2025-10-02,facebook-post,RUSIA,țară,1,0.624
2025-10-02_le-am-prezentat-colegilor-europeni-principalele-concluzii-di,2025-10-02,facebook-post,RUSIA,țară,1,0.81
2025-10-02_le-am-prezentat-colegilor-europeni-principalele-concluzii-di,2025-10-02,facebook-post,ROMÂNIA,țară,1,0.586
2025-10-02_le-am-prezentat-colegilor-europeni-principalele-concluzii-di,2025-10-02,facebook-post,FRANȚA,țară,1,0.853
2025-10-02_romania-s-a-alaturat-initiativei-lansate-de-presedintele-emm,2025-10-02,facebook-post,ROMÂNIA,țară,1,0.981
2025-10-02_romania-s-a-alaturat-initiativei-lansate-de-presedintele-emm,2025-10-02,facebook-post,MACRON,persoană politică,1,0.946
2025-10-02_sprijinul-nostru-pentru-republica-moldova-nu-se-opreste-am-d,2025-10-02,facebook-post,R. MOLDOVA,țară,2,0.98
2025-10-02_sprijinul-nostru-pentru-republica-moldova-nu-se-opreste-am-d,2025-10-02,facebook-post,MAIA SANDU,persoană politică,1,0.941
2025-10-02_sprijinul-nostru-pentru-republica-moldova-nu-se-opreste-am-d,2025-10-02,facebook-post,ROMÂNIA,țară,1,0.772
2025-10-09_am-participat-astazi-la-ceremonia-dedicata-comemorarii-victi,2025-10-09,facebook-post,ROMÂNIA,țară,2,0.979
2025-10-13_am-primit-astazi-la-palatul-cotroceni-o-delegatie-condusa-de,2025-10-13,facebook-post,ROMÂNIA,țară,3,0.975
2025-10-13_am-promulgat-astazi-legea-de-aprobare-a-ordonantei-de-urgent,2025-10-13,facebook-post,ROMÂNIA,țară,2,0.984
2025-10-16_am-promulgat-astazi-legea-care-sanctioneaza-coruperea-functi,2025-10-16,facebook-post,OCDE,instituție internațională,3,0.966
2025-10-16_am-promulgat-astazi-legea-care-sanctioneaza-coruperea-functi,2025-10-16,facebook-post,ROMÂNIA,țară,2,0.951
2025-10-17_explozia-produsa-astazi-intr-un-bloc-de-pe-calea-rahovei-din,2025-10-17,facebook-post,ROMÂNIA,țară,1,0.852
2025-10-20_am-avut-astazi-la-palatul-cotroceni-un-dialog-constructiv-cu,2025-10-20,facebook-post,ROMÂNIA,țară,4,0.975
2025-10-20_am-avut-astazi-la-palatul-cotroceni-un-dialog-constructiv-cu,2025-10-20,facebook-post,RUSIA,țară,1,0.575
2025-10-23_am-promulgat-saptamana-aceasta-legea-care-ne-va-permite-sa-f,2025-10-23,facebook-post,GUVERN,instituție națională,1,0.554
2025-10-23_zi-extrem-de-incarcata-la-reuniunea-liderilor-ue-de-la-bruxe,2025-10-23,facebook-post,UE,instituție internațională,1,0.465
2025-10-23_zi-extrem-de-incarcata-la-reuniunea-liderilor-ue-de-la-bruxe,2025-10-23,facebook-post,RUSIA,țară,1,0.727
2025-10-23_zi-extrem-de-incarcata-la-reuniunea-liderilor-ue-de-la-bruxe,2025-10-23,facebook-post,COMISIA EUROPEANĂ,instituție internațională,1,0.766
2025-10-24_165-de-ani-de-traditie-si-excelenta-universitara-la-iasi-ast,2025-10-24,facebook-post,ROMÂNIA,țară,3,0.92
2025-10-24_165-de-ani-de-traditie-si-excelenta-universitara-la-iasi-ast,2025-10-24,facebook-post,R. MOLDOVA,țară,1,0.565
2025-10-24_antibiotice-iasi-un-simbol-al-industriei-farmaceutice-romane,2025-10-24,facebook-post,ROMÂNIA,țară,1,0.946
2025-10-25_astazi-am-onorat-la-brigada-15-mecanizata-podu-inalt-din-ias,2025-10-25,facebook-post,ROMÂNIA,țară,4,0.951
2025-10-25_cea-mai-mica-inima-artificiala-complet-implantabila-cu-aplic,2025-10-25,facebook-post,ROMÂNIA,țară,2,0.947
2025-10-28_am-avut-o-discutie-constructiva-astazi-cu-valdis-dombrovskis,2025-10-28,facebook-post,ROMÂNIA,țară,3,0.968
2025-10-29_prin-redimensionarea-fortei-rotationale-care-opera-si-in-rom,2025-10-29,facebook-post,ROMÂNIA,țară,4,0.98
2025-10-29_prin-redimensionarea-fortei-rotationale-care-opera-si-in-rom,2025-10-29,facebook-post,NATO,țară,1,0.653
2025-10-30_se-implinesc-astazi-10-ani-de-la-tragedia-care-a-schimbat-ro,2025-10-30,facebook-post,ROMÂNIA,țară,3,0.98
2025-11-05_i-am-urat-astazi-bun-venit-in-romania-domnului-mark-rutte-in,2025-11-05,facebook-post,ROMÂNIA,țară,6,0.959
2025-11-05_i-am-urat-astazi-bun-venit-in-romania-domnului-mark-rutte-in,2025-11-05,facebook-post,RUTTE,persoană politică,2,0.923
2025-11-05_i-am-urat-astazi-bun-venit-in-romania-domnului-mark-rutte-in,2025-11-05,facebook-post,NATO,instituție internațională,5,0.948
2025-11-05_multumim-emeric-ienei-pentru-toata-bucuria-pe-care-ne-ai-adu,2025-11-05,facebook-post,ROMÂNIA,țară,2,0.851
2025-11-06_romania-este-mai-aparata-ca-oricand-si-pregatita-sa-si-asume,2025-11-06,facebook-post,ROMÂNIA,țară,2,0.988
2025-11-06_romania-este-mai-aparata-ca-oricand-si-pregatita-sa-si-asume,2025-11-06,facebook-post,NATO,instituție internațională,2,0.729
2025-11-06_romania-este-mai-aparata-ca-oricand-si-pregatita-sa-si-asume,2025-11-06,facebook-post,RUSIA,țară,2,0.907
2025-11-07_competitivitate-si-crestere-economica-acestea-sunt-doua-cuvi,2025-11-07,facebook-post,ROMÂNIA,țară,2,0.952
2025-11-07_in-semn-de-profund-respect-si-consideratie-pentru-memoria-ul,2025-11-07,facebook-post,ROMÂNIA,țară,1,0.932
2025-11-09_astazi-odata-cu-repatrierea-ramasitelor-pamantesti-ale-ultim,2025-11-09,facebook-post,ROMÂNIA,țară,3,0.847
2025-11-09_astazi-odata-cu-repatrierea-ramasitelor-pamantesti-ale-ultim,2025-11-09,facebook-post,R. MOLDOVA,țară,1,0.538
2025-11-10_am-semnat-sesizarea-catre-curtea-constitutionala-in-legatura,2025-11-10,facebook-post,ROMÂNIA,țară,3,0.968
2025-11-10_am-semnat-sesizarea-catre-curtea-constitutionala-in-legatura,2025-11-10,facebook-post,UE,instituție internațională,2,0.859
2025-11-10_romania-are-toate-datele-pentru-a-deveni-un-hub-de-inovatie,2025-11-10,facebook-post,ROMÂNIA,țară,4,0.99
2025-11-10_romania-are-toate-datele-pentru-a-deveni-un-hub-de-inovatie,2025-11-10,facebook-post,GERMANIA,țară,2,0.992
2025-11-11_in-urma-cu-trei-decenii-trecea-la-cele-vesnice-marele-om-pol,2025-11-11,facebook-post,ROMÂNIA,țară,1,0.887
2025-11-12_am-pus-astazi-in-dezbatere-strategia-nationala-de-aparare-ce,2025-11-12,facebook-post,ROMÂNIA,țară,3,0.957
2025-11-12_am-pus-astazi-in-dezbatere-strategia-nationala-de-aparare-ce,2025-11-12,facebook-post,RUSIA,țară,1,0.747
2025-11-13_astazi-s-a-incheiat-la-baza-militara-de-la-cincu-exercitiulu,2025-11-13,facebook-post,ROMÂNIA,țară,3,0.965
2025-11-13_astazi-s-a-incheiat-la-baza-militara-de-la-cincu-exercitiulu,2025-11-13,facebook-post,BULGARIA,țară,1,0.974
2025-11-13_astazi-s-a-incheiat-la-baza-militara-de-la-cincu-exercitiulu,2025-11-13,facebook-post,FRANȚA,țară,2,0.985
2025-11-13_astazi-s-a-incheiat-la-baza-militara-de-la-cincu-exercitiulu,2025-11-13,facebook-post,ITALIA,țară,1,0.977
2025-11-13_astazi-s-a-incheiat-la-baza-militara-de-la-cincu-exercitiulu,2025-11-13,facebook-post,POLONIA,țară,1,0.974
2025-11-13_astazi-s-a-incheiat-la-baza-militara-de-la-cincu-exercitiulu,2025-11-13,facebook-post,RUSIA,țară,1,0.553
2025-11-13_astazi-s-a-incheiat-la-baza-militara-de-la-cincu-exercitiulu,2025-11-13,facebook-post,NATO,instituție internațională,3,0.979
2025-11-13_l-am-primit-astazi-la-palatul-cotroceni-in-prima-sa-vizita-e,2025-11-13,facebook-post,R. MOLDOVA,țară,3,0.942
2025-11-13_l-am-primit-astazi-la-palatul-cotroceni-in-prima-sa-vizita-e,2025-11-13,facebook-post,ROMÂNIA,țară,1,0.932
2025-11-13_l-am-primit-astazi-la-palatul-cotroceni-in-prima-sa-vizita-e,2025-11-13,facebook-post,UE,instituție internațională,1,0.603
2025-11-17_l-am-primit-astazi-la-palatul-cotroceni-pe-enrico-letta-fost,2025-11-17,facebook-post,ITALIA,țară,1,0.937
2025-11-17_l-am-primit-astazi-la-palatul-cotroceni-pe-enrico-letta-fost,2025-11-17,facebook-post,ROMÂNIA,țară,3,0.968
2025-11-17_l-am-primit-astazi-la-palatul-cotroceni-pe-enrico-letta-fost,2025-11-17,facebook-post,CHINA,țară,1,0.512
2025-11-18_am-avut-astazi-o-discutie-cu-fatih-birol-presedintele-agenti,2025-11-18,facebook-post,ROMÂNIA,țară,4,0.962
2025-11-18_am-avut-astazi-o-discutie-cu-fatih-birol-presedintele-agenti,2025-11-18,facebook-post,OCDE,instituție internațională,2,0.718
2025-11-18_ne-a-parasit-dumitru-lupescu-era-presedinte-de-asociatie-de,2025-11-18,facebook-post,USR,partid politic,1,0.97
2025-11-18_ne-a-parasit-dumitru-lupescu-era-presedinte-de-asociatie-de,2025-11-18,facebook-post,ROMÂNIA,țară,1,0.574
2025-11-19_am-sesizat-curtea-constitutionala-in-legatura-cu-legea-de-ap,2025-11-19,facebook-post,CCR,instituție națională,1,0.662
2025-11-20_romania-a-facut-inca-un-pas-decisiv-spre-aderarea-la-ocde-am,2025-11-20,facebook-post,ROMÂNIA,țară,3,0.975
2025-11-20_romania-a-facut-inca-un-pas-decisiv-spre-aderarea-la-ocde-am,2025-11-20,facebook-post,OCDE,instituție internațională,5,0.925
2025-11-21_am-avut-astazi-la-palatul-cotroceni-o-discutie-importanta-cu,2025-11-21,facebook-post,ROMÂNIA,țară,2,0.932
2025-11-21_romania-are-in-acest-moment-maturitatea-si-expertiza-pentru,2025-11-21,facebook-post,ROMÂNIA,țară,2,0.988
2025-11-21_romania-are-in-acest-moment-maturitatea-si-expertiza-pentru,2025-11-21,facebook-post,R. MOLDOVA,țară,1,0.648
2025-11-21_romania-are-in-acest-moment-maturitatea-si-expertiza-pentru,2025-11-21,facebook-post,UCRAINA,țară,1,0.71
2025-11-25_a-fost-o-onoare-sa-gazduiesc-astazi-la-palatul-cotroceni-sum,2025-11-25,facebook-post,ROMÂNIA,țară,2,0.968
2025-11-26_parlamentul-romaniei-a-votat-astazi-strategia-nationala-de-a,2025-11-26,facebook-post,ROMÂNIA,țară,1,0.596
2025-12-01_cu-prilejul-zilei-nationale-a-romaniei-l-am-decorat-pe-veter,2025-12-01,facebook-post,ROMÂNIA,țară,4,0.941
2025-12-01_ziua-nationala-este-inainte-de-toate-o-sarbatoare-a-oamenilo,2025-12-01,facebook-post,ROMÂNIA,țară,2,0.979
2025-12-02_am-promulgat-recent-legea-pentru-modificarea-statutului-depu,2025-12-02,facebook-post,OCDE,instituție internațională,2,0.965
2025-12-02_am-promulgat-recent-legea-pentru-modificarea-statutului-depu,2025-12-02,facebook-post,ROMÂNIA,țară,2,0.952
2025-12-02_am-promulgat-recent-legea-pentru-modificarea-statutului-depu,2025-12-02,facebook-post,CCR,instituție națională,1,0.548
2025-12-03_astazi-am-avut-o-discutie-substantiala-cu-ambasadorii-statel,2025-12-03,facebook-post,ROMÂNIA,țară,3,0.95
2025-12-04_am-avut-astazi-onoarea-sa-l-felicit-pe-domnul-victor-rebengi,2025-12-04,facebook-post,ROMÂNIA,țară,3,0.963
2025-12-04_am-transmis-parlamentului-cererea-de-reexaminare-a-legii-car,2025-12-04,facebook-post,STATUL ROMÂN,instituție națională,1,0.509
2025-12-04_am-transmis-parlamentului-cererea-de-reexaminare-a-legii-car,2025-12-04,facebook-post,ROMÂNIA,țară,1,0.95
2025-12-08_felicitari-si-succes-alesilor-locali-confirmati-prin-votul-d,2025-12-08,facebook-post,CIUCU,persoană politică,1,0.859
2025-12-09_a-fost-o-reala-placere-sa-il-intalnesc-pe-presedintele-repub,2025-12-09,facebook-post,MACRON,persoană politică,1,0.966
2025-12-09_a-fost-o-reala-placere-sa-il-intalnesc-pe-presedintele-repub,2025-12-09,facebook-post,ROMÂNIA,țară,3,0.962
2025-12-09_a-fost-o-reala-placere-sa-il-intalnesc-pe-presedintele-repub,2025-12-09,facebook-post,FRANȚA,țară,4,0.972
2025-12-09_am-avut-in-franta-o-intalnire-cu-reprezentantii-companiilor,2025-12-09,facebook-post,FRANȚA,țară,2,0.975
2025-12-09_am-avut-in-franta-o-intalnire-cu-reprezentantii-companiilor,2025-12-09,facebook-post,ROMÂNIA,țară,4,0.976
2025-12-09_am-avut-o-excelenta-intrevedere-cu-primarul-parisului-anne-h,2025-12-09,facebook-post,FRANȚA,țară,2,0.91
2025-12-09_am-avut-o-excelenta-intrevedere-cu-primarul-parisului-anne-h,2025-12-09,facebook-post,RUSIA,țară,1,0.683
2025-12-15_plec-la-summitul-de-la-helsinki-dar-iau-cu-mine-ingrijoraril,2025-12-15,facebook-post,ROMÂNIA,țară,1,0.972
2025-12-16_actiunile-rusiei-reprezinta-o-amenintare-majora-pentru-regiu,2025-12-16,facebook-post,RUSIA,țară,1,0.689
2025-12-16_actiunile-rusiei-reprezinta-o-amenintare-majora-pentru-regiu,2025-12-16,facebook-post,UE,instituție internațională,2,0.648
2025-12-16_actiunile-rusiei-reprezinta-o-amenintare-majora-pentru-regiu,2025-12-16,facebook-post,NATO,instituție internațională,2,0.782
2025-12-16_actiunile-rusiei-reprezinta-o-amenintare-majora-pentru-regiu,2025-12-16,facebook-post,ROMÂNIA,țară,1,0.93
2025-12-16_actiunile-rusiei-reprezinta-o-amenintare-majora-pentru-regiu,2025-12-16,facebook-post,UCRAINA,țară,1,0.72
2025-12-16_actiunile-rusiei-reprezinta-o-amenintare-majora-pentru-regiu,2025-12-16,facebook-post,R. MOLDOVA,țară,2,0.945
2025-12-16_am-trimis-curtii-constitutionale-o-sesizare-de-neconstitutio,2025-12-16,facebook-post,ROMÂNIA,țară,2,0.94
2025-12-16_am-trimis-curtii-constitutionale-o-sesizare-de-neconstitutio,2025-12-16,facebook-post,UE,instituție internațională,1,0.533
2025-12-16_foarte-utile-si-aplicate-discutiile-pe-care-le-am-purtat-cu,2025-12-16,facebook-post,UE,instituție internațională,1,0.595
2025-12-16_foarte-utile-si-aplicate-discutiile-pe-care-le-am-purtat-cu,2025-12-16,facebook-post,ROMÂNIA,țară,1,0.625
2025-12-17_la-londra-intr-unul-dintre-cele-mai-competitive-ecosisteme-e,2025-12-17,facebook-post,UK,țară,2,0.977
2025-12-17_la-londra-intr-unul-dintre-cele-mai-competitive-ecosisteme-e,2025-12-17,facebook-post,ROMÂNIA,țară,3,0.934
2025-12-17_o-intalnire-extraordinar-de-buna-si-calda-cu-comunitatea-de,2025-12-17,facebook-post,ROMÂNIA,țară,1,0.647
2025-12-18_a-inceput-ultima-reuniune-a-consiliului-european-din-acest-a,2025-12-18,facebook-post,UE,instituție internațională,1,0.452
2025-12-18_a-inceput-ultima-reuniune-a-consiliului-european-din-acest-a,2025-12-18,facebook-post,ROMÂNIA,țară,1,0.97
2025-12-18_dialog-cu-antreprenorii-romani-si-britanici-intalniri-cu-oam,2025-12-18,facebook-post,ROMÂNIA,țară,1,0.952
2025-12-19_am-incheiat-turneul-european-cu-ultimul-consiliu-din-acest-a,2025-12-19,facebook-post,ROMÂNIA,țară,1,0.889
2025-12-19_am-incheiat-turneul-european-cu-ultimul-consiliu-din-acest-a,2025-12-19,facebook-post,UCRAINA,țară,1,0.806
2025-12-20_curtea-constitutionala-a-decis-recent-o-schimbare-esentiala,2025-12-20,facebook-post,CCR,instituție națională,3,0.941
2025-12-20_curtea-constitutionala-a-decis-recent-o-schimbare-esentiala,2025-12-20,facebook-post,ROMÂNIA,țară,1,0.595
2025-12-21_libertate-acesta-a-fost-strigatul-limpede-al-natiunii-romane,2025-12-21,facebook-post,ROMÂNIA,țară,4,0.953
2025-12-21_voi-initia-in-ianuarie-imediat-dupa-sarbatori-un-referendum,2025-12-21,facebook-post,CSM,instituție națională,2,0.583
2025-12-26_in-cadrul-vizitelor-externe-din-ultimele-saptamani-am-avut-b,2025-12-26,facebook-post,ROMÂNIA,țară,3,0.958
2025-12-26_o-intalnire-speciala-la-paris-cu-un-regizor-si-scenarist-de,2025-12-26,facebook-post,ROMÂNIA,țară,1,0.973
2025-12-27_l-am-revazut-cu-mare-emotie-la-paris-pe-profesorul-emerit-la,2025-12-27,facebook-post,FRANȚA,țară,1,0.914
2025-12-27_pe-fiul-marelui-ion-ratiu-nicolae-ratiu-l-am-revazut-la-lond,2025-12-27,facebook-post,UK,țară,1,0.953
2025-12-28_a-fost-o-veritabila-placere-sa-il-revad-la-londra-pe-sir-geo,2025-12-28,facebook-post,UK,țară,1,0.956
2026-01-01_2025-a-fost-un-an-al-provocarilor-dar-si-al-curajului-de-a-n,2026-01-01,facebook-post,ROMÂNIA,țară,1,0.945
2026-01-04_am-sperat-pana-in-ultima-clipa-intr-un-deznodamant-diferit-i,2026-01-04,facebook-post,ROMÂNIA,țară,1,0.963
2026-01-08_puteti-asculta-inregistrarea-convorbirii-dintre-pilotul-roma,2026-01-08,facebook-post,ROMÂNIA,țară,1,0.589
2026-01-09_romania-a-votat-in-favoarea-acordului-comercial-dintre-uniun,2026-01-09,facebook-post,ROMÂNIA,țară,8,0.982
2026-01-09_romania-a-votat-in-favoarea-acordului-comercial-dintre-uniun,2026-01-09,facebook-post,UE,instituție internațională,5,0.794
2026-01-09_romania-a-votat-in-favoarea-acordului-comercial-dintre-uniun,2026-01-09,facebook-post,COMISIA EUROPEANĂ,instituție internațională,1,0.727
2026-01-13_parteneriatul-strategic-dintre-romania-si-statele-unite-ale,2026-01-13,facebook-post,ROMÂNIA,țară,3,0.975
2026-01-13_parteneriatul-strategic-dintre-romania-si-statele-unite-ale,2026-01-13,facebook-post,SUA,țară,2,0.942
2026-01-15_reuniunea-anuala-cu-sefii-misiunilor-diplomatice-acreditati,2026-01-15,facebook-post,ROMÂNIA,țară,8,0.983
2026-01-15_reuniunea-anuala-cu-sefii-misiunilor-diplomatice-acreditati,2026-01-15,facebook-post,SUA,țară,3,0.862
2026-01-15_reuniunea-anuala-cu-sefii-misiunilor-diplomatice-acreditati,2026-01-15,facebook-post,UE,instituție internațională,2,0.707
2026-01-15_reuniunea-anuala-cu-sefii-misiunilor-diplomatice-acreditati,2026-01-15,facebook-post,R. MOLDOVA,țară,1,0.693
2026-01-15_reuniunea-anuala-cu-sefii-misiunilor-diplomatice-acreditati,2026-01-15,facebook-post,TRUMP,persoană politică,1,0.955
2026-01-15_reuniunea-anuala-cu-sefii-misiunilor-diplomatice-acreditati,2026-01-15,facebook-post,OCDE,instituție internațională,2,0.869
2026-01-15_ziua-culturii-nationale-ne-reaminteste-ca-identitatea-romani,2026-01-15,facebook-post,ROMÂNIA,țară,1,0.946
2026-01-15_ziua-culturii-nationale-ne-reaminteste-ca-identitatea-romani,2026-01-15,facebook-post,ADMINISTRAȚIA PREZIDENȚIALĂ,instituție națională,1,0.836
2026-01-16_decizia-comisiei-europene-de-a-aproba-aplicatia-romaniei-pen,2026-01-16,facebook-post,ROMÂNIA,țară,3,0.952
2026-01-16_decizia-comisiei-europene-de-a-aproba-aplicatia-romaniei-pen,2026-01-16,facebook-post,UE,instituție internațională,1,0.458
2026-01-19_l-am-primit-astazi-la-palatul-cotroceni-pe-generalul-alexus,2026-01-19,facebook-post,ROMÂNIA,țară,6,0.962
2026-01-19_l-am-primit-astazi-la-palatul-cotroceni-pe-generalul-alexus,2026-01-19,facebook-post,SUA,țară,1,0.852
2026-01-19_l-am-primit-astazi-la-palatul-cotroceni-pe-generalul-alexus,2026-01-19,facebook-post,NATO,instituție internațională,1,0.73
2026-01-23_relatia-transatlantica-are-o-istorie-care-a-adus-stabilitate,2026-01-23,facebook-post,ROMÂNIA,țară,2,0.915
2026-01-23_relatia-transatlantica-are-o-istorie-care-a-adus-stabilitate,2026-01-23,facebook-post,SUA,țară,2,0.958
2026-01-23_relatia-transatlantica-are-o-istorie-care-a-adus-stabilitate,2026-01-23,facebook-post,UCRAINA,țară,1,0.906
2026-01-23_relatia-transatlantica-are-o-istorie-care-a-adus-stabilitate,2026-01-23,facebook-post,TRUMP,persoană politică,1,0.923
2026-01-23_relatia-transatlantica-are-o-istorie-care-a-adus-stabilitate,2026-01-23,facebook-post,UE,instituție internațională,1,0.654
2026-01-24_am-ales-sa-fiu-astazi-atat-la-iasi-cat-si-la-focsani-pentru,2026-01-24,facebook-post,ROMÂNIA,țară,6,0.987
2026-01-24_la-implinirea-a-160-de-ani-de-la-infiintare-am-acordat-coleg,2026-01-24,facebook-post,ROMÂNIA,țară,1,0.956
2026-01-24_traim-momente-complicate-dar-intr-o-zi-de-sarbatoare-cred-ca,2026-01-24,facebook-post,ROMÂNIA,țară,2,0.969
2026-01-26_ziua-internationala-de-comemorare-a-victimelor-holocaustului,2026-01-26,facebook-post,ROMÂNIA,țară,1,0.974
2026-02-04_am-avut-astazi-o-convorbire-consistenta-cu-antonio-costa-pre,2026-02-04,facebook-post,ROMÂNIA,țară,3,0.967
2026-02-04_am-avut-astazi-o-convorbire-consistenta-cu-antonio-costa-pre,2026-02-04,facebook-post,UE,instituție internațională,2,0.559
2026-02-04_romania-nu-este-subiectul-raportului-preliminar-al-comitetul,2026-02-04,facebook-post,ROMÂNIA,țară,5,0.983
2026-02-04_romania-nu-este-subiectul-raportului-preliminar-al-comitetul,2026-02-04,facebook-post,NATO,țară,1,0.846
2026-02-04_romania-nu-este-subiectul-raportului-preliminar-al-comitetul,2026-02-04,facebook-post,UE,instituție internațională,1,0.618
2026-02-05_exercitiile-militare-desfasurate-in-ultimele-zile-la-smardan,2026-02-05,facebook-post,ROMÂNIA,țară,1,0.885
2026-02-05_exercitiile-militare-desfasurate-in-ultimele-zile-la-smardan,2026-02-05,facebook-post,SUA,țară,1,0.843
2026-02-05_exercitiile-militare-desfasurate-in-ultimele-zile-la-smardan,2026-02-05,facebook-post,NATO,instituție internațională,2,0.83
2026-02-08_am-primit-invitatia-de-a-participa-la-prima-reuniune-a-consi,2026-02-08,facebook-post,ROMÂNIA,țară,4,0.979
2026-02-08_am-primit-invitatia-de-a-participa-la-prima-reuniune-a-consi,2026-02-08,facebook-post,SUA,țară,1,0.658
2026-02-11_am-avut-ieri-o-discutie-cu-liderii-marilor-companii-american,2026-02-11,facebook-post,ROMÂNIA,țară,3,0.979
2026-02-12_o-importanta-dezbatere-la-care-particip-astazi-in-belgia-ala,2026-02-12,facebook-post,UE,instituție internațională,1,0.587
2026-02-12_o-importanta-dezbatere-la-care-particip-astazi-in-belgia-ala,2026-02-12,facebook-post,SUA,țară,2,0.682
2026-02-12_o-importanta-dezbatere-la-care-particip-astazi-in-belgia-ala,2026-02-12,facebook-post,ROMÂNIA,țară,2,0.925
2026-02-13_va-invit-sa-privim-cu-echilibru-datele-publicate-azi-de-ins,2026-02-13,facebook-post,ROMÂNIA,țară,3,0.984
2026-02-15_voi-participa-s-pt-mana-viitoare-la-prima-reuniune-a-consili,2026-02-15,facebook-post,TRUMP,persoană politică,1,0.95
2026-02-15_voi-participa-s-pt-mana-viitoare-la-prima-reuniune-a-consili,2026-02-15,facebook-post,ROMÂNIA,țară,2,0.975
2026-02-15_voi-participa-s-pt-mana-viitoare-la-prima-reuniune-a-consili,2026-02-15,facebook-post,SUA,țară,1,0.93
2026-02-19_am-avut-o-interventie-astazi-la-washington-in-cadrul-reuniun,2026-02-19,facebook-post,TRUMP,persoană politică,1,0.947
2026-02-19_am-avut-o-interventie-astazi-la-washington-in-cadrul-reuniun,2026-02-19,facebook-post,ROMÂNIA,țară,3,0.969
2026-02-19_am-avut-o-interventie-astazi-la-washington-in-cadrul-reuniun,2026-02-19,facebook-post,SUA,țară,2,0.864
2026-02-19_am-avut-o-interventie-astazi-la-washington-in-cadrul-reuniun,2026-02-19,facebook-post,UE,instituție internațională,1,0.735
2026-02-20_pacea-si-securitatea-sunt-temelia-unei-tari-prospere-pentru,2026-02-20,facebook-post,SUA,țară,2,0.91
2026-02-20_pacea-si-securitatea-sunt-temelia-unei-tari-prospere-pentru,2026-02-20,facebook-post,ROMÂNIA,țară,2,0.975
2026-02-20_pacea-si-securitatea-sunt-temelia-unei-tari-prospere-pentru,2026-02-20,facebook-post,UE,instituție internațională,1,0.547
2026-02-24_am-avut-o-discutie-aplicat-cu-premierul-ilie-bolojan-inainte,2026-02-24,facebook-post,BOLOJAN,persoană politică,1,0.924
2026-02-24_am-avut-o-discutie-aplicat-cu-premierul-ilie-bolojan-inainte,2026-02-24,facebook-post,RUSIA,țară,1,0.957
2026-02-24_am-avut-o-discutie-aplicat-cu-premierul-ilie-bolojan-inainte,2026-02-24,facebook-post,UCRAINA,țară,1,0.965
2026-02-24_am-avut-o-discutie-aplicat-cu-premierul-ilie-bolojan-inainte,2026-02-24,facebook-post,ROMÂNIA,țară,2,0.993
2026-02-24_am-avut-o-discutie-aplicat-cu-premierul-ilie-bolojan-inainte,2026-02-24,facebook-post,R. MOLDOVA,țară,1,0.784
2026-02-24_in-urma-cu-patru-ani-unul-dintre-cele-mai-teribile-scenarii,2026-02-24,facebook-post,RUSIA,țară,2,0.925
2026-02-24_in-urma-cu-patru-ani-unul-dintre-cele-mai-teribile-scenarii,2026-02-24,facebook-post,UCRAINA,țară,5,0.98
2026-02-24_in-urma-cu-patru-ani-unul-dintre-cele-mai-teribile-scenarii,2026-02-24,facebook-post,ROMÂNIA,țară,1,0.834
2026-02-24_in-urma-cu-patru-ani-unul-dintre-cele-mai-teribile-scenarii,2026-02-24,facebook-post,UE,instituție internațională,1,0.508
2026-02-27_referitor-la-informatia-privind-plangerea-penala-a-aep-in-le,2026-02-27,facebook-post,GEORGESCU,persoană politică,1,0.766
2026-03-01_romania-este-in-deplina-siguranta-si-nu-se-afla-sub-niciun-f,2026-03-01,facebook-post,ROMÂNIA,țară,2,0.988
2026-03-03_m-am-bucurat-sa-l-primesc-astazi-la-palatul-cotroceni-pe-dar,2026-03-03,facebook-post,ROMÂNIA,țară,1,0.89
2026-03-05_am-avut-astazi-un-dialog-substantial-cu-premierul-polonez-do,2026-03-05,facebook-post,ROMÂNIA,țară,1,0.914
2026-03-05_am-avut-astazi-un-dialog-substantial-cu-premierul-polonez-do,2026-03-05,facebook-post,POLONIA,țară,1,0.928
2026-03-05_am-avut-astazi-un-dialog-substantial-cu-premierul-polonez-do,2026-03-05,facebook-post,UCRAINA,țară,1,0.841
2026-03-05_am-avut-astazi-un-dialog-substantial-cu-premierul-polonez-do,2026-03-05,facebook-post,R. MOLDOVA,țară,1,0.923
2026-03-05_am-raspuns-cu-placere-invitatiei-presedintelui-karol-nawrock,2026-03-05,facebook-post,POLONIA,țară,5,0.989
2026-03-05_am-raspuns-cu-placere-invitatiei-presedintelui-karol-nawrock,2026-03-05,facebook-post,ROMÂNIA,țară,3,0.97
2026-03-05_am-raspuns-cu-placere-invitatiei-presedintelui-karol-nawrock,2026-03-05,facebook-post,NATO,instituție internațională,2,0.965
2026-03-05_am-raspuns-cu-placere-invitatiei-presedintelui-karol-nawrock,2026-03-05,facebook-post,UE,instituție internațională,1,0.927
2026-03-06_pe-5-martie-cu-ocazia-zilei-solidaritatii-romano-polone-sarb,2026-03-06,facebook-post,POLONIA,țară,2,0.992
2026-03-06_pe-5-martie-cu-ocazia-zilei-solidaritatii-romano-polone-sarb,2026-03-06,facebook-post,ROMÂNIA,țară,1,0.969
2026-03-08_la-multi-ani-tuturor-doamnelor-si-domnisoarelor-de-ziua-inte,2026-03-08,facebook-post,ROMÂNIA,țară,1,0.96
2026-03-09_am-avut-astazi-o-convorbire-cu-antonio-costa-presedintele-co,2026-03-09,facebook-post,ROMÂNIA,țară,3,0.935
2026-03-09_am-avut-astazi-o-convorbire-cu-antonio-costa-presedintele-co,2026-03-09,facebook-post,UE,instituție internațională,1,0.456
2026-03-10_am-avut-in-aceasta-seara-un-dialog-aplicat-cu-liderii-europe,2026-03-10,facebook-post,UE,instituție internațională,1,0.708
2026-03-11_am-convocat-astazi-sedinta-csat-pentru-analiza-evolutiei-sit,2026-03-11,facebook-post,ROMÂNIA,țară,6,0.988
2026-03-11_am-convocat-astazi-sedinta-csat-pentru-analiza-evolutiei-sit,2026-03-11,facebook-post,SUA,țară,2,0.932
2026-03-12_am-semnat-astazi-cu-presedintele-zelenski-doua-documente-ofi,2026-03-12,facebook-post,ZELENSKI,persoană politică,1,0.628
2026-03-12_am-semnat-astazi-cu-presedintele-zelenski-doua-documente-ofi,2026-03-12,facebook-post,ROMÂNIA,țară,4,0.989
2026-03-12_am-semnat-astazi-cu-presedintele-zelenski-doua-documente-ofi,2026-03-12,facebook-post,UCRAINA,țară,2,0.967
2026-03-12_i-am-urat-bun-venit-la-bucuresti-presedintelui-volodimir-zel,2026-03-12,facebook-post,ROMÂNIA,țară,5,0.988
2026-03-12_i-am-urat-bun-venit-la-bucuresti-presedintelui-volodimir-zel,2026-03-12,facebook-post,UCRAINA,țară,6,0.98
2026-03-12_i-am-urat-bun-venit-la-bucuresti-presedintelui-volodimir-zel,2026-03-12,facebook-post,UE,instituție internațională,2,0.902
2026-03-12_i-am-urat-bun-venit-la-bucuresti-presedintelui-volodimir-zel,2026-03-12,facebook-post,NATO,instituție internațională,1,0.724
2026-03-16_aderarea-romaniei-in-2026-la-organizatia-pentru-cooperare-si,2026-03-16,facebook-post,ROMÂNIA,țară,3,0.934
2026-03-16_aderarea-romaniei-in-2026-la-organizatia-pentru-cooperare-si,2026-03-16,facebook-post,OCDE,instituție internațională,3,0.898
2026-03-16_astazi-am-discutat-cu-alfred-stern-presedintele-consiliului,2026-03-16,facebook-post,ROMÂNIA,țară,4,0.955
2026-03-17_donarea-de-sange-salveaza-vieti-impreuna-prin-gesturi-simple,2026-03-17,facebook-post,ADMINISTRAȚIA PREZIDENȚIALĂ,instituție națională,1,0.747
2026-03-19_romania-este-aparata-este-parte-din-nato-are-un-parteneriat,2026-03-19,facebook-post,ROMÂNIA,țară,4,0.952
2026-03-19_romania-este-aparata-este-parte-din-nato-are-un-parteneriat,2026-03-19,facebook-post,NATO,instituție internațională,4,0.777
2026-03-19_romania-este-aparata-este-parte-din-nato-are-un-parteneriat,2026-03-19,facebook-post,SUA,țară,1,0.823
2026-03-19_romania-este-aparata-este-parte-din-nato-are-un-parteneriat,2026-03-19,facebook-post,RUTTE,persoană politică,3,0.861
2026-03-19_romania-este-aparata-este-parte-din-nato-are-un-parteneriat,2026-03-19,facebook-post,UCRAINA,țară,1,0.551
2026-03-20_am-decis-sa-ne-alaturam-declaratiei-regatului-unit-frantei-g,2026-03-20,facebook-post,FRANȚA,țară,1,0.941
2026-03-20_am-decis-sa-ne-alaturam-declaratiei-regatului-unit-frantei-g,2026-03-20,facebook-post,GERMANIA,țară,1,0.95
2026-03-20_am-decis-sa-ne-alaturam-declaratiei-regatului-unit-frantei-g,2026-03-20,facebook-post,ITALIA,țară,1,0.947
2026-03-20_am-decis-sa-ne-alaturam-declaratiei-regatului-unit-frantei-g,2026-03-20,facebook-post,ROMÂNIA,țară,2,0.964
2026-03-20_o-onoare-si-o-bucurie-sa-ma-intalnesc-astazi-la-bruxelles-cu,2026-03-20,facebook-post,ROMÂNIA,țară,1,0.962
2026-03-21_cea-mai-mare-expozitie-din-europa-dedicata-lui-constantin-br,2026-03-21,facebook-post,GERMANIA,țară,2,0.689
2026-03-21_cea-mai-mare-expozitie-din-europa-dedicata-lui-constantin-br,2026-03-21,facebook-post,MACRON,persoană politică,1,0.906
2026-03-21_cea-mai-mare-expozitie-din-europa-dedicata-lui-constantin-br,2026-03-21,facebook-post,ROMÂNIA,țară,5,0.931
2026-03-23_francofonia-si-valorile-pe-care-le-promoveaza-fac-parte-din,2026-03-23,facebook-post,ROMÂNIA,țară,2,0.875
2026-03-26_razboiul-informational-afecteaza-si-profesia-medicala-este-u,2026-03-26,facebook-post,ROMÂNIA,țară,3,0.924
2026-03-26_razboiul-informational-afecteaza-si-profesia-medicala-este-u,2026-03-26,facebook-post,RUSIA,țară,1,0.847
2026-03-27_m-am-intalnit-astazi-la-palatul-cotroceni-cu-numan-kurtulmus,2026-03-27,facebook-post,ROMÂNIA,țară,3,0.968
2026-03-30_proiectul-european-trebuie-sa-se-concentreze-inainte-de-toat,2026-03-30,facebook-post,ROMÂNIA,țară,1,0.953
2026-03-31_aderarea-romaniei-la-uniunea-europeana-a-fost-o-poveste-de-m,2026-03-31,facebook-post,ROMÂNIA,țară,7,0.985
2026-03-31_aderarea-romaniei-la-uniunea-europeana-a-fost-o-poveste-de-m,2026-03-31,facebook-post,UE,instituție internațională,2,0.609
2026-03-31_aderarea-romaniei-la-uniunea-europeana-a-fost-o-poveste-de-m,2026-03-31,facebook-post,OCDE,instituție internațională,1,0.782
2026-03-31_aderarea-romaniei-la-uniunea-europeana-a-fost-o-poveste-de-m,2026-03-31,facebook-post,R. MOLDOVA,țară,1,0.931
2026-03-31_discutia-aplicata-pe-care-am-avut-o-astazi-cu-prim-ministrul,2026-03-31,facebook-post,R. MOLDOVA,țară,4,0.961
2026-03-31_discutia-aplicata-pe-care-am-avut-o-astazi-cu-prim-ministrul,2026-03-31,facebook-post,ROMÂNIA,țară,2,0.847
2026-03-31_discutia-aplicata-pe-care-am-avut-o-astazi-cu-prim-ministrul,2026-03-31,facebook-post,UE,instituție internațională,2,0.783
2026-03-31_transportul-si-asigurarea-unor-rute-sigure-pentru-marfuri-ca,2026-03-31,facebook-post,ROMÂNIA,țară,3,0.977
2026-03-31_transportul-si-asigurarea-unor-rute-sigure-pentru-marfuri-ca,2026-03-31,facebook-post,UCRAINA,țară,3,0.958
2026-03-31_transportul-si-asigurarea-unor-rute-sigure-pentru-marfuri-ca,2026-03-31,facebook-post,R. MOLDOVA,țară,2,0.976
2026-04-07_de-ziua-mondiala-a-sanatatii-transmit-un-gand-de-recunostint,2026-04-07,facebook-post,ROMÂNIA,țară,3,0.945
2026-04-07_de-ziua-mondiala-a-sanatatii-transmit-un-gand-de-recunostint,2026-04-07,facebook-post,RUSIA,țară,1,0.889
2026-04-08_fbi-impreuna-cu-mai-multi-parteneri-printre-care-sri-a-anunt,2026-04-08,facebook-post,RUSIA,țară,1,0.934
2026-04-08_fbi-impreuna-cu-mai-multi-parteneri-printre-care-sri-a-anunt,2026-04-08,facebook-post,ROMÂNIA,țară,1,0.917
2026-04-20_am-trecut-astazi-in-revista-impreuna-cu-ministrul-dragos-pas,2026-04-20,facebook-post,ROMÂNIA,țară,1,0.956
2026-04-22_am-avut-azi-consultari-cu-partidele-pro-occidentale-din-actu,2026-04-22,facebook-post,ROMÂNIA,țară,2,0.942
2026-04-22_am-avut-azi-consultari-cu-partidele-pro-occidentale-din-actu,2026-04-22,facebook-post,OCDE,instituție internațională,1,0.59
2026-04-23_particip-in-aceste-zile-in-cipru-la-reuniunea-informala-a-co,2026-04-23,facebook-post,ROMÂNIA,țară,2,0.97
2026-04-23_particip-in-aceste-zile-in-cipru-la-reuniunea-informala-a-co,2026-04-23,facebook-post,UE,instituție internațională,1,0.627
2026-04-24_subiectul-cel-mai-important-pentru-romania-pe-care-l-am-abor,2026-04-24,facebook-post,ROMÂNIA,țară,3,0.981
2026-04-25_am-semnat-asear-demisiile-ministrilor-social-democrati-si-pr,2026-04-25,facebook-post,ROMÂNIA,țară,1,0.878
2026-04-28_astazi-la-dubrovnik-in-marja-summitului-initiativei-celor-tr,2026-04-28,facebook-post,ROMÂNIA,țară,2,0.967
2026-04-28_in-marja-summitului-initiativei-celor-trei-mari-de-la-dubrov,2026-04-28,facebook-post,ROMÂNIA,țară,1,0.574
2026-04-28_romania-a-participat-activ-si-cu-succes-la-efortul-transatla,2026-04-28,facebook-post,ROMÂNIA,țară,3,0.978
2026-04-28_romania-a-participat-activ-si-cu-succes-la-efortul-transatla,2026-04-28,facebook-post,RUSIA,țară,1,0.675
2026-04-28_romania-a-participat-activ-si-cu-succes-la-efortul-transatla,2026-04-28,facebook-post,POLONIA,țară,1,0.892
2026-04-28_romania-a-participat-activ-si-cu-succes-la-efortul-transatla,2026-04-28,facebook-post,UNGARIA,țară,1,0.934
2026-04-28_romania-a-participat-activ-si-cu-succes-la-efortul-transatla,2026-04-28,facebook-post,R. MOLDOVA,țară,2,0.903
2026-04-29_am-participat-astazi-la-sesiunea-speciala-a-forumului-de-afa,2026-04-29,facebook-post,UE,instituție internațională,1,0.606
2026-04-29_am-participat-astazi-la-sesiunea-speciala-a-forumului-de-afa,2026-04-29,facebook-post,ROMÂNIA,țară,1,0.96
2026-05-03_felicitari-elevilor-romani-din-lotul-national-de-robotica-ca,2026-05-03,facebook-post,SUA,țară,1,0.767
2026-05-03_felicitari-elevilor-romani-din-lotul-national-de-robotica-ca,2026-05-03,facebook-post,ROMÂNIA,țară,1,0.865
2026-05-03_in-drum-spre-armenia-unde-voi-participa-alaturi-de-doamna-pr,2026-05-03,facebook-post,MAIA SANDU,persoană politică,1,0.957
2026-05-03_in-drum-spre-armenia-unde-voi-participa-alaturi-de-doamna-pr,2026-05-03,facebook-post,R. MOLDOVA,țară,2,0.901
2026-05-03_in-drum-spre-armenia-unde-voi-participa-alaturi-de-doamna-pr,2026-05-03,facebook-post,ROMÂNIA,țară,1,0.726
2026-05-03_in-drum-spre-armenia-unde-voi-participa-alaturi-de-doamna-pr,2026-05-03,facebook-post,FRANȚA,țară,1,0.718
2026-05-04_am-avut-placerea-de-a-ma-intalni-cu-principele-albert-al-ii,2026-05-04,facebook-post,ROMÂNIA,țară,1,0.947
2026-05-04_am-organizat-astazi-in-marja-reuniunii-comunitatii-politice,2026-05-04,facebook-post,BULGARIA,țară,1,0.978
2026-05-04_am-organizat-astazi-in-marja-reuniunii-comunitatii-politice,2026-05-04,facebook-post,R. MOLDOVA,țară,1,0.962
2026-05-04_am-organizat-astazi-in-marja-reuniunii-comunitatii-politice,2026-05-04,facebook-post,UCRAINA,țară,1,0.985
2026-05-04_am-organizat-astazi-in-marja-reuniunii-comunitatii-politice,2026-05-04,facebook-post,ROMÂNIA,țară,1,0.96
2026-05-12_abordarea-strategica-a-romaniei-in-ceea-ce-priveste-politica,2026-05-12,facebook-post,ROMÂNIA,țară,5,0.943
2026-05-12_abordarea-strategica-a-romaniei-in-ceea-ce-priveste-politica,2026-05-12,facebook-post,UE,instituție internațională,2,0.958
2026-05-12_abordarea-strategica-a-romaniei-in-ceea-ce-priveste-politica,2026-05-12,facebook-post,NATO,instituție internațională,5,0.946
2026-05-12_am-avut-o-discutie-substantiala-cu-presedintele-poloniei-kar,2026-05-12,facebook-post,POLONIA,țară,5,0.986
2026-05-12_am-avut-o-discutie-substantiala-cu-presedintele-poloniei-kar,2026-05-12,facebook-post,ROMÂNIA,țară,3,0.905
2026-05-12_am-avut-o-discutie-substantiala-cu-presedintele-poloniei-kar,2026-05-12,facebook-post,NATO,instituție internațională,1,0.519
2026-05-12_am-avut-o-discutie-substantiala-cu-presedintele-poloniei-kar,2026-05-12,facebook-post,R. MOLDOVA,țară,1,0.766
2026-05-12_am-avut-o-discutie-substantiala-cu-presedintele-poloniei-kar,2026-05-12,facebook-post,OCDE,instituție internațională,1,0.617
2026-05-12_intalnire-de-lucru-alaturi-de-secretarul-general-al-nato-mar,2026-05-12,facebook-post,NATO,instituție internațională,3,0.935
2026-05-12_intalnire-de-lucru-alaturi-de-secretarul-general-al-nato-mar,2026-05-12,facebook-post,RUTTE,persoană politică,1,0.872
2026-05-12_intalnire-de-lucru-alaturi-de-secretarul-general-al-nato-mar,2026-05-12,facebook-post,POLONIA,țară,1,0.696
2026-05-12_intalnire-de-lucru-alaturi-de-secretarul-general-al-nato-mar,2026-05-12,facebook-post,UCRAINA,țară,1,0.5
2026-05-12_intalnire-de-lucru-alaturi-de-secretarul-general-al-nato-mar,2026-05-12,facebook-post,RUSIA,țară,1,0.679
2026-05-13_am-avut-astazi-o-intrevedere-excelenta-cu-presedintele-curti,2026-05-13,facebook-post,ROMÂNIA,țară,2,0.96
2026-05-13_le-am-urat-bun-venit-la-bucuresti-liderilor-statelor-membre,2026-05-13,facebook-post,SUA,țară,1,0.848
2026-05-13_le-am-urat-bun-venit-la-bucuresti-liderilor-statelor-membre,2026-05-13,facebook-post,UCRAINA,țară,3,0.928
2026-05-13_le-am-urat-bun-venit-la-bucuresti-liderilor-statelor-membre,2026-05-13,facebook-post,R. MOLDOVA,țară,1,0.826
2026-05-13_live-declaratii-de-presa-comune-ale-presedintelui-romaniei-n,2026-05-13,facebook-post,ROMÂNIA,țară,1,0.695
2026-05-13_live-declaratii-de-presa-comune-ale-presedintelui-romaniei-n,2026-05-13,facebook-post,NATO,instituție internațională,1,0.724
2026-05-13_live-declaratii-de-presa-comune-ale-presedintelui-romaniei-n,2026-05-13,facebook-post,RUTTE,persoană politică,1,0.961
2026-05-13_o-participare-ampla-astazi-la-bucuresti-a-statelor-din-forma,2026-05-13,facebook-post,RUSIA,țară,2,0.884
2026-05-13_o-participare-ampla-astazi-la-bucuresti-a-statelor-din-forma,2026-05-13,facebook-post,UCRAINA,țară,1,0.772
2026-05-13_o-participare-ampla-astazi-la-bucuresti-a-statelor-din-forma,2026-05-13,facebook-post,SUA,țară,1,0.778
2026-05-13_o-participare-ampla-astazi-la-bucuresti-a-statelor-din-forma,2026-05-13,facebook-post,NATO,instituție internațională,1,0.487
2026-05-13_o-participare-ampla-astazi-la-bucuresti-a-statelor-din-forma,2026-05-13,facebook-post,R. MOLDOVA,țară,1,0.915
2026-05-13_presedintele-volodimir-zelenski-a-fost-invitatul-special-al,2026-05-13,facebook-post,ROMÂNIA,țară,2,0.972
2026-05-13_presedintele-volodimir-zelenski-a-fost-invitatul-special-al,2026-05-13,facebook-post,UCRAINA,țară,2,0.965
2026-05-13_unitatea-forta-si-coerenta-trebuie-sa-ne-ghideze-in-consolid,2026-05-13,facebook-post,NATO,instituție internațională,1,0.629
2026-05-13_zi-foarte-importanta-astazi-la-palatul-cotroceni-unde-are-lo,2026-05-13,facebook-post,SUA,țară,1,0.924
2026-05-13_zi-foarte-importanta-astazi-la-palatul-cotroceni-unde-are-lo,2026-05-13,facebook-post,UCRAINA,țară,1,0.91
2026-05-14_la-summitul-b9-am-reconfirmat-un-lucru-esential-securitatea,2026-05-14,facebook-post,NATO,instituție internațională,1,0.65
2026-05-15_investitiile-in-tot-ce-tine-de-apararea-cetatenilor-nostri-a,2026-05-15,facebook-post,ROMÂNIA,țară,1,0.884
2026-05-15_investitiile-in-tot-ce-tine-de-apararea-cetatenilor-nostri-a,2026-05-15,facebook-post,SUA,țară,1,0.638
2026-05-15_live-declaratii-de-presa-sustinute-de-presedintele-romaniei,2026-05-15,facebook-post,ROMÂNIA,țară,1,0.898
2025-05-08_dezbatere-euronews-simion,2025-05-08,dezbatere-electorala,ROMÂNIA,țară,3,0.994
2025-05-08_dezbatere-euronews-simion,2025-05-08,dezbatere-electorala,SUA,țară,1,0.898
2025-05-08_dezbatere-euronews-simion,2025-05-08,dezbatere-electorala,NATO,instituție internațională,1,0.877
2025-05-08_dezbatere-euronews-simion,2025-05-08,dezbatere-electorala,UE,instituție internațională,1,0.874
2025-05-08_dezbatere-euronews-simion,2025-05-08,dezbatere-electorala,TRUMP,persoană politică,1,0.923
2024-12-16_anunt-candidatura,2024-12-16,anunt-candidatura,ROMÂNIA,țară,5,0.988
2025-02-03_lansare-campanie-romania-onesta,2025-02-03,lansare-campanie,ROMÂNIA,țară,4,0.977
2025-05-19_discurs-victorie,2025-05-19,discurs-victorie,ROMÂNIA,țară,10,0.992
2025-05-19_discurs-victorie,2025-05-19,discurs-victorie,R. MOLDOVA,țară,1,0.673
2025-05-26_discurs-investitura,2025-05-26,discurs-investitura,ROMÂNIA,țară,19,0.99
2025-05-26_discurs-investitura,2025-05-26,discurs-investitura,R. MOLDOVA,țară,4,0.976
2025-05-26_discurs-investitura,2025-05-26,discurs-investitura,STATUL ROMÂN,instituție națională,2,0.607
2025-05-26_discurs-investitura,2025-05-26,discurs-investitura,SUA,țară,1,0.685
2025-05-26_discurs-investitura,2025-05-26,discurs-investitura,NATO,instituție internațională,2,0.685
2025-05-26_discurs-investitura,2025-05-26,discurs-investitura,UE,instituție națională,2,0.527
2025-09-04_autoevaluare-100-zile,2025-09-04,interviu-autoevaluare,ROMÂNIA,țară,1,0.914
2025-12-31_mesaj-anul-nou,2025-12-31,mesaj-anul-nou,ROMÂNIA,țară,3,0.992
2024-12-04_political-studio-nicusor-dan-the-signal-is-good-even-if-it-i,2024-12-04,video-transcript,PARLAMENT,instituție internațională,8,0.882
2024-12-04_political-studio-nicusor-dan-the-signal-is-good-even-if-it-i,2024-12-04,video-transcript,NATO,instituție internațională,3,0.927
2024-12-04_political-studio-nicusor-dan-the-signal-is-good-even-if-it-i,2024-12-04,video-transcript,UE,instituție internațională,2,0.953
2024-12-04_political-studio-nicusor-dan-the-signal-is-good-even-if-it-i,2024-12-04,video-transcript,STATUL ROMÂN,țară,2,0.631
2024-12-04_political-studio-nicusor-dan-the-signal-is-good-even-if-it-i,2024-12-04,video-transcript,GEORGESCU,persoană politică,4,0.792
2024-12-04_political-studio-nicusor-dan-the-signal-is-good-even-if-it-i,2024-12-04,video-transcript,PSD,partid politic,1,0.89
2024-12-04_political-studio-nicusor-dan-the-signal-is-good-even-if-it-i,2024-12-04,video-transcript,PNL,partid politic,1,0.94
2024-12-04_political-studio-nicusor-dan-the-signal-is-good-even-if-it-i,2024-12-04,video-transcript,LASCONI,persoană politică,1,0.802
2024-12-04_political-studio-nicusor-dan-the-signal-is-good-even-if-it-i,2024-12-04,video-transcript,ROMÂNIA,țară,2,0.953
2024-12-04_political-studio-nicusor-dan-the-signal-is-good-even-if-it-i,2024-12-04,video-transcript,GUVERN,instituție națională,1,0.473
2024-12-04_political-studio-nicusor-dan-the-signal-is-good-even-if-it-i,2024-12-04,video-transcript,UCRAINA,țară,1,0.862
2024-12-16_nicusor-dan-despre-calin-georgescu-in-ceea-ce-priveste-conte,2024-12-16,video-transcript,ROMÂNIA,țară,1,0.95
2024-12-16_nicusor-dan-despre-calin-georgescu-in-ceea-ce-priveste-conte,2024-12-16,video-transcript,UE,instituție internațională,1,0.901
2024-12-16_nicusor-dan-despre-calin-georgescu-in-ceea-ce-priveste-conte,2024-12-16,video-transcript,NATO,instituție internațională,1,0.827
2024-12-16_nicusor-dan-intentionez-sa-candidez-ca-independent-la-aleger,2024-12-16,video-transcript,ROMÂNIA,țară,12,0.989
2024-12-16_nicusor-dan-si-a-anuntat-candidatura-la-alegerile-prezidenti,2024-12-16,video-transcript,ROMÂNIA,țară,15,0.981
2024-12-16_nicusor-dan-si-a-anuntat-candidatura-la-alegerile-prezidenti,2024-12-16,video-transcript,CCR,instituție națională,2,0.892
2024-12-16_nicusor-dan-si-a-anuntat-candidatura-la-alegerile-prezidenti,2024-12-16,video-transcript,UE,instituție internațională,1,0.763
2024-12-16_nicusor-dan-si-a-anuntat-candidatura-la-alegerile-prezidenti,2024-12-16,video-transcript,NATO,instituție internațională,1,0.711
2024-12-18_nicusor-dan-iesirea-unui-partid-din-coalitie-ne-ar-lasa-cu-u,2024-12-18,video-transcript,ROMÂNIA,țară,10,0.963
2024-12-18_nicusor-dan-iesirea-unui-partid-din-coalitie-ne-ar-lasa-cu-u,2024-12-18,video-transcript,USR,partid politic,2,0.845
2024-12-18_nicusor-dan-iesirea-unui-partid-din-coalitie-ne-ar-lasa-cu-u,2024-12-18,video-transcript,GUVERN,instituție națională,1,0.476
2024-12-18_nicusor-dan-iesirea-unui-partid-din-coalitie-ne-ar-lasa-cu-u,2024-12-18,video-transcript,CCR,instituție națională,1,0.588
2024-12-18_nicusor-dan-iesirea-unui-partid-din-coalitie-ne-ar-lasa-cu-u,2024-12-18,video-transcript,COMISIA EUROPEANĂ,instituție națională,1,0.683
2024-12-18_nicusor-dan-iesirea-unui-partid-din-coalitie-ne-ar-lasa-cu-u,2024-12-18,video-transcript,GEORGESCU,persoană politică,2,0.897
2024-12-18_nicusor-dan-iesirea-unui-partid-din-coalitie-ne-ar-lasa-cu-u,2024-12-18,video-transcript,RUSIA,țară,2,0.945
2024-12-18_nicusor-dan-iesirea-unui-partid-din-coalitie-ne-ar-lasa-cu-u,2024-12-18,video-transcript,PARLAMENT,instituție națională,1,0.566
2024-12-18_nicusor-dan-iesirea-unui-partid-din-coalitie-ne-ar-lasa-cu-u,2024-12-18,video-transcript,FRANȚA,țară,2,0.932
2024-12-18_nicusor-dan-iesirea-unui-partid-din-coalitie-ne-ar-lasa-cu-u,2024-12-18,video-transcript,SUA,țară,2,0.882
2024-12-18_nicusor-dan-iesirea-unui-partid-din-coalitie-ne-ar-lasa-cu-u,2024-12-18,video-transcript,TRUMP,persoană politică,1,0.907
2024-12-18_nicusor-dan-iesirea-unui-partid-din-coalitie-ne-ar-lasa-cu-u,2024-12-18,video-transcript,NATO,instituție internațională,1,0.474
2024-12-19_nicusor-dan-dupa-retragerea-psd-de-la-negocieri-sunt-surprin,2024-12-19,video-transcript,ROMÂNIA,țară,2,0.94
2024-12-19_nicusor-dan-dupa-retragerea-psd-de-la-negocieri-sunt-surprin,2024-12-19,video-transcript,PARLAMENT,instituție națională,3,0.781
2024-12-19_nicusor-dan-dupa-retragerea-psd-de-la-negocieri-sunt-surprin,2024-12-19,video-transcript,GEORGESCU,persoană politică,1,0.62
2024-12-23_nicusor-dan-despre-candidatura-lui-crin-antonescu-partidele,2024-12-23,video-transcript,UE,instituție internațională,1,0.605
2024-12-23_nicusor-dan-despre-candidatura-lui-crin-antonescu-partidele,2024-12-23,video-transcript,GEORGESCU,persoană politică,1,0.775
2024-12-23_nicusor-dan-despre-candidatura-lui-crin-antonescu-partidele,2024-12-23,video-transcript,ROMÂNIA,țară,1,0.957
2024-12-25_mesajul-lui-nicusor-dan-pentru-romani-stiri-b1tv-25-dec-2024,2024-12-25,video-transcript,ROMÂNIA,țară,3,0.955
2024-12-30_nicusor-dan-candidez-indiferent-de-ce-va-fi-stiri-b1tv-30-de,2024-12-30,video-transcript,ROMÂNIA,țară,4,0.956
2024-12-30_nicusor-dan-despre-calin-georgescu-stiri-b1tv-30-dec-2024,2024-12-30,video-transcript,CCR,instituție națională,1,0.755
2024-12-30_nicusor-dan-despre-calin-georgescu-stiri-b1tv-30-dec-2024,2024-12-30,video-transcript,GEORGESCU,persoană politică,4,0.976
2025-01-09_nicusor-dan-critica-decizia-coalitiei-privind-data-alegerilo,2025-01-09,video-transcript,ROMÂNIA,țară,8,0.989
2025-01-09_nicusor-dan-critica-decizia-coalitiei-privind-data-alegerilo,2025-01-09,video-transcript,USR,partid politic,1,0.844
2025-01-09_nicusor-dan-critica-decizia-coalitiei-privind-data-alegerilo,2025-01-09,video-transcript,PNL,partid politic,1,0.91
2025-01-09_nicusor-dan-critica-decizia-coalitiei-privind-data-alegerilo,2025-01-09,video-transcript,UE,instituție internațională,1,0.607
2025-01-09_nicusor-dan-critica-decizia-coalitiei-privind-data-alegerilo,2025-01-09,video-transcript,NATO,instituție internațională,1,0.63
2025-01-18_nicusor-dan-cere-explicatii-pentru-anulare-stiri-b1tv-18-ian,2025-01-18,video-transcript,IOHANNIS,persoană politică,3,0.968
2025-01-18_nicusor-dan-cere-explicatii-pentru-anulare-stiri-b1tv-18-ian,2025-01-18,video-transcript,PNL,partid politic,1,0.956
2025-01-30_nicusor-dan-despre-alegerile-prezidentiale-daca-va-castiga-g,2025-01-30,video-transcript,GEORGESCU,persoană politică,1,0.5
2025-02-04_nicusor-dan-declara-iar-ca-nu-se-retrage-din-cursa-in-turul,2025-02-04,video-transcript,ROMÂNIA,țară,1,0.954
2025-02-05_nicusor-dan-cand-statul-se-imprumuta-ca-sa-plateasca-deficit,2025-02-05,video-transcript,ROMÂNIA,țară,3,0.978
2025-02-05_nicusor-dan-cand-statul-se-imprumuta-ca-sa-plateasca-deficit,2025-02-05,video-transcript,GUVERN,instituție națională,1,0.466
2025-02-05_nicusor-dan-cand-statul-se-imprumuta-ca-sa-plateasca-deficit,2025-02-05,video-transcript,PARLAMENT,instituție națională,1,0.548
2025-02-05_nicusor-dan-despre-scandalul-nordis-mult-din-ce-se-construie,2025-02-05,video-transcript,CIOLACU,persoană politică,1,0.833
2025-02-05_nicusor-dan-despre-scandalul-nordis-mult-din-ce-se-construie,2025-02-05,video-transcript,CSM,instituție națională,2,0.763
2025-02-05_nicusor-dan-despre-scandalul-nordis-mult-din-ce-se-construie,2025-02-05,video-transcript,ROMÂNIA,țară,14,0.976
2025-02-05_nicusor-dan-despre-scandalul-nordis-mult-din-ce-se-construie,2025-02-05,video-transcript,PNL,partid politic,1,0.832
2025-02-05_nicusor-dan-despre-scandalul-nordis-mult-din-ce-se-construie,2025-02-05,video-transcript,UDMR,partid politic,1,0.886
2025-02-05_nicusor-dan-despre-scandalul-nordis-mult-din-ce-se-construie,2025-02-05,video-transcript,PSD,partid politic,1,0.618
2025-02-05_nicusor-dan-despre-scandalul-nordis-mult-din-ce-se-construie,2025-02-05,video-transcript,PARLAMENT,instituție națională,2,0.647
2025-02-05_nicusor-dan-despre-scandalul-nordis-mult-din-ce-se-construie,2025-02-05,video-transcript,GUVERN,instituție națională,2,0.498
2025-02-05_nicusor-dan-despre-scandalul-nordis-mult-din-ce-se-construie,2025-02-05,video-transcript,GEORGESCU,persoană politică,4,0.936
2025-02-05_nicusor-dan-despre-scandalul-nordis-mult-din-ce-se-construie,2025-02-05,video-transcript,CCR,instituție națională,1,0.737
2025-02-05_nicusor-dan-despre-scandalul-nordis-mult-din-ce-se-construie,2025-02-05,video-transcript,ANAF,instituție națională,1,0.517
2025-02-05_nicusor-dan-despre-scandalul-nordis-mult-din-ce-se-construie,2025-02-05,video-transcript,NATO,instituție internațională,1,0.631
2025-02-05_nicusor-dan-despre-scandalul-nordis-mult-din-ce-se-construie,2025-02-05,video-transcript,USR,partid politic,1,0.973
2025-02-05_nicusor-dan-despre-scandalul-nordis-mult-din-ce-se-construie,2025-02-05,video-transcript,SIMION,persoană politică,1,0.761
2025-02-08_nicusor-dan-reactie-in-scandalul-cu-lasconi-stiri-b1tv-8-feb,2025-02-08,video-transcript,ROMÂNIA,țară,3,0.986
2025-02-24_nicusor-dan-despre-demisia-lui-ciolacu-stiri-b1tv-24-febr-20,2025-02-24,video-transcript,ROMÂNIA,țară,4,0.96
2025-02-26_nicusor-dan-despre-dovezile-pe-care-vrea-sa-le-vada-in-legat,2025-02-26,video-transcript,UE,instituție internațională,1,0.741
2025-02-26_nicusor-dan-despre-dovezile-pe-care-vrea-sa-le-vada-in-legat,2025-02-26,video-transcript,ROMÂNIA,țară,1,0.855
2025-02-27_nicusor-dan-despre-inculparea-lui-calin-georgescu-trebuie-sa,2025-02-27,video-transcript,GEORGESCU,persoană politică,3,0.949
2025-02-27_nicusor-dan-despre-inculparea-lui-calin-georgescu-trebuie-sa,2025-02-27,video-transcript,ROMÂNIA,țară,2,0.926
2025-02-27_sume-uriase-si-tehnologie-avansata-nicusor-dan-despre-campan,2025-02-27,video-transcript,ROMÂNIA,țară,1,0.917
2025-02-27_sume-uriase-si-tehnologie-avansata-nicusor-dan-despre-campan,2025-02-27,video-transcript,GEORGESCU,persoană politică,1,0.711
2025-03-07_nicusor-dan-candidatura-mea-este-candidatura-celor-240-de-mi,2025-03-07,video-transcript,ROMÂNIA,țară,1,0.966
2025-03-07_nicusor-dan-candidatura-mea-este-candidatura-celor-240-de-mi,2025-03-07,video-transcript,CCR,instituție națională,2,0.799
2025-03-07_nicusor-dan-fata-de-aceasta-decizie-a-ccr-ne-invartim-in-cee,2025-03-07,video-transcript,CCR,instituție națională,3,0.882
2025-03-07_nicusor-dan-fata-de-aceasta-decizie-a-ccr-ne-invartim-in-cee,2025-03-07,video-transcript,GEORGESCU,persoană politică,1,0.794
2025-03-07_nicusor-dan-primul-candidat-care-s-a-inscris-oficial-la-prez,2025-03-07,video-transcript,ROMÂNIA,țară,1,0.967
2025-03-07_nicusor-dan-primul-candidat-care-s-a-inscris-oficial-la-prez,2025-03-07,video-transcript,CCR,instituție națională,2,0.793
2025-03-14_buna-romania-nicusor-dan-romania-e-un-stat-bolnav-bec-trebui,2025-03-14,video-transcript,ROMÂNIA,țară,15,0.963
2025-03-14_buna-romania-nicusor-dan-romania-e-un-stat-bolnav-bec-trebui,2025-03-14,video-transcript,GEORGESCU,persoană politică,11,0.93
2025-03-14_buna-romania-nicusor-dan-romania-e-un-stat-bolnav-bec-trebui,2025-03-14,video-transcript,CCR,instituție națională,1,0.525
2025-03-14_buna-romania-nicusor-dan-romania-e-un-stat-bolnav-bec-trebui,2025-03-14,video-transcript,PNL,partid politic,2,0.976
2025-03-14_buna-romania-nicusor-dan-romania-e-un-stat-bolnav-bec-trebui,2025-03-14,video-transcript,STATUL ROMÂN,instituție națională,1,0.465
2025-03-14_buna-romania-nicusor-dan-romania-e-un-stat-bolnav-bec-trebui,2025-03-14,video-transcript,CIOLACU,persoană politică,1,0.565
2025-03-14_buna-romania-nicusor-dan-romania-e-un-stat-bolnav-bec-trebui,2025-03-14,video-transcript,GUVERN,instituție națională,6,0.659
2025-03-14_buna-romania-nicusor-dan-romania-e-un-stat-bolnav-bec-trebui,2025-03-14,video-transcript,USR,partid politic,4,0.983
2025-03-14_buna-romania-nicusor-dan-romania-e-un-stat-bolnav-bec-trebui,2025-03-14,video-transcript,PARLAMENT,instituție națională,5,0.8
2025-03-14_buna-romania-nicusor-dan-romania-e-un-stat-bolnav-bec-trebui,2025-03-14,video-transcript,PSD,partid politic,6,0.988
2025-03-14_buna-romania-nicusor-dan-romania-e-un-stat-bolnav-bec-trebui,2025-03-14,video-transcript,PONTA,persoană politică,1,0.846
2025-03-14_buna-romania-nicusor-dan-romania-e-un-stat-bolnav-bec-trebui,2025-03-14,video-transcript,RUSIA,țară,1,0.736
2025-03-14_nicusor-dan-despre-premierul-ciolacu-este-evident-ca-toata-l,2025-03-14,video-transcript,CIOLACU,persoană politică,1,0.605
2025-03-14_nicusor-dan-despre-premierul-ciolacu-este-evident-ca-toata-l,2025-03-14,video-transcript,ROMÂNIA,țară,2,0.962
2025-03-14_nicusor-dan-despre-premierul-ciolacu-este-evident-ca-toata-l,2025-03-14,video-transcript,GUVERN,instituție națională,2,0.576
2025-03-14_nicusor-dan-despre-premierul-ciolacu-este-evident-ca-toata-l,2025-03-14,video-transcript,USR,partid politic,1,0.672
2025-03-19_nicusor-dan-am-discutat-cu-bolojan-la-cotroceni-despre-alege,2025-03-19,video-transcript,SIMION,persoană politică,2,0.671
2025-03-19_nicusor-dan-am-discutat-cu-bolojan-la-cotroceni-despre-alege,2025-03-19,video-transcript,PSD,partid politic,2,0.988
2025-03-19_nicusor-dan-am-discutat-cu-bolojan-la-cotroceni-despre-alege,2025-03-19,video-transcript,USR,partid politic,1,0.938
2025-03-19_nicusor-dan-am-discutat-cu-bolojan-la-cotroceni-despre-alege,2025-03-19,video-transcript,ROMÂNIA,țară,1,0.913
2025-03-19_nicusor-dan-am-discutat-cu-bolojan-la-cotroceni-despre-alege,2025-03-19,video-transcript,BOLOJAN,persoană politică,1,0.879
2025-04-01_nicusor-dan-criticat-dur-dupa-declaratia-despre-introducerea,2025-04-01,video-transcript,GUVERN,instituție națională,3,0.659
2025-04-01_nicusor-dan-criticat-dur-dupa-declaratia-despre-introducerea,2025-04-01,video-transcript,FRANȚA,țară,1,0.763
2025-04-01_nicusor-dan-criticat-dur-dupa-declaratia-despre-introducerea,2025-04-01,video-transcript,SUA,țară,1,0.786
2025-04-01_nicusor-dan-criticat-dur-dupa-declaratia-despre-introducerea,2025-04-01,video-transcript,PSD,partid politic,1,0.729
2025-04-01_nicusor-dan-criticat-dur-dupa-declaratia-despre-introducerea,2025-04-01,video-transcript,SIMION,persoană politică,2,0.872
2025-04-01_nicusor-dan-criticat-dur-dupa-declaratia-despre-introducerea,2025-04-01,video-transcript,ROMÂNIA,țară,3,0.852
2025-04-01_nicusor-dan-criticat-dur-dupa-declaratia-despre-introducerea,2025-04-01,video-transcript,PARLAMENTUL EUROPEAN,instituție națională,3,0.707
2025-04-01_nicusor-dan-criticat-dur-dupa-declaratia-despre-introducerea,2025-04-01,video-transcript,GEORGESCU,persoană politică,1,0.657
2025-04-08_crin-antonescu-il-troleaza-pe-nicusor-dan-nu-mananc-medenele,2025-04-08,video-transcript,ROMÂNIA,țară,1,0.939
2025-04-11_lasconi-arata-mesajul-de-la-nicusor-dan-cand-ii-cere-sa-se-v,2025-04-11,video-transcript,R. MOLDOVA,țară,1,0.678
2025-04-11_lasconi-arata-mesajul-de-la-nicusor-dan-cand-ii-cere-sa-se-v,2025-04-11,video-transcript,USR,partid politic,1,0.969
2025-05-02_nicusor-dan-mesaj-pentru-romani-sa-aleaga-pe-cei-care-au-dov,2025-05-02,video-transcript,SUA,țară,1,0.902
2025-05-02_nicusor-dan-mesaj-pentru-romani-sa-aleaga-pe-cei-care-au-dov,2025-05-02,video-transcript,ROMÂNIA,țară,3,0.933
2025-05-02_nicusor-dan-mesaj-pentru-romani-sa-aleaga-pe-cei-care-au-dov,2025-05-02,video-transcript,PONTA,persoană politică,1,0.925
2025-05-04_nicusor-dan-am-votat-pentru-speranta-si-pentru-un-nou-incepu,2025-05-04,video-transcript,ROMÂNIA,țară,5,0.988
2025-05-04_nicusor-dan-am-votat-pentru-speranta-si-pentru-un-nou-incepu,2025-05-04,video-transcript,R. MOLDOVA,țară,1,0.911
2025-05-04_nicusor-dan-o-sa-fie-o-disputa-intre-un-candidat-pro-occiden,2025-05-04,video-transcript,ROMÂNIA,țară,2,0.902
2025-05-04_nicusor-dan-o-sa-fie-o-disputa-intre-un-candidat-pro-occiden,2025-05-04,video-transcript,UE,instituție internațională,1,0.924
2025-05-04_nicusor-dan-o-sa-fie-o-disputa-intre-un-candidat-pro-occiden,2025-05-04,video-transcript,NATO,instituție internațională,1,0.816
2025-05-04_nicusor-dan-o-sa-fie-o-disputa-intre-un-candidat-pro-occiden,2025-05-04,video-transcript,USR,partid politic,4,0.954
2025-05-04_nicusor-dan-o-sa-fie-o-disputa-intre-un-candidat-pro-occiden,2025-05-04,video-transcript,LASCONI,persoană politică,1,0.966
2025-05-04_nicusor-dan-o-sa-fie-o-disputa-intre-un-candidat-pro-occiden,2025-05-04,video-transcript,PARLAMENT,instituție națională,2,0.644
2025-05-04_nicusor-dan-o-sa-fie-o-disputa-intre-un-candidat-pro-occiden,2025-05-04,video-transcript,PSD,partid politic,2,0.989
2025-05-04_nicusor-dan-o-sa-fie-o-disputa-intre-un-candidat-pro-occiden,2025-05-04,video-transcript,PNL,partid politic,1,0.956
2025-05-04_nicusor-dan-o-sa-fie-o-disputa-intre-un-candidat-pro-occiden,2025-05-04,video-transcript,UDMR,partid politic,1,0.937
2025-05-04_nicusor-dan-sa-ne-raportam-cu-pruden-a-la-rezultatele-exit-p,2025-05-04,video-transcript,ROMÂNIA,țară,1,0.917
2025-05-05_exclusiv-nicusor-dan-dupa-turul-i-al-prezidentialelor-urmeaz,2025-05-05,video-transcript,ROMÂNIA,țară,5,0.976
2025-05-05_nicusor-dan-despre-turul-doi-ii-chem-pe-toti-romanii-sa-fie,2025-05-05,video-transcript,ROMÂNIA,țară,5,0.979
2025-05-05_nicusor-dan-despre-turul-doi-ii-chem-pe-toti-romanii-sa-fie,2025-05-05,video-transcript,R. MOLDOVA,țară,1,0.828
2025-05-06_apelul-lui-nicusor-dan-dupa-evolutiile-pietei-financiare-din,2025-05-06,video-transcript,ROMÂNIA,țară,4,0.981
2025-05-06_apelul-lui-nicusor-dan-dupa-evolutiile-pietei-financiare-din,2025-05-06,video-transcript,BNR,instituție națională,1,0.632
2025-05-07_editie-speciala-nicusor-dan-anunta-ca-accepta-invitatia-lui,2025-05-07,video-transcript,ROMÂNIA,țară,30,0.98
2025-05-07_editie-speciala-nicusor-dan-anunta-ca-accepta-invitatia-lui,2025-05-07,video-transcript,BNR,instituție națională,1,0.625
2025-05-07_editie-speciala-nicusor-dan-anunta-ca-accepta-invitatia-lui,2025-05-07,video-transcript,PONTA,persoană politică,1,0.927
2025-05-07_editie-speciala-nicusor-dan-anunta-ca-accepta-invitatia-lui,2025-05-07,video-transcript,CIOLACU,persoană politică,3,0.93
2025-05-07_editie-speciala-nicusor-dan-anunta-ca-accepta-invitatia-lui,2025-05-07,video-transcript,PARLAMENT,instituție națională,1,0.507
2025-05-07_editie-speciala-nicusor-dan-anunta-ca-accepta-invitatia-lui,2025-05-07,video-transcript,GERMANIA,țară,2,0.935
2025-05-07_editie-speciala-nicusor-dan-anunta-ca-accepta-invitatia-lui,2025-05-07,video-transcript,UDMR,partid politic,1,0.841
2025-05-07_editie-speciala-nicusor-dan-anunta-ca-accepta-invitatia-lui,2025-05-07,video-transcript,PSD,partid politic,8,0.964
2025-05-07_editie-speciala-nicusor-dan-anunta-ca-accepta-invitatia-lui,2025-05-07,video-transcript,SIMION,persoană politică,2,0.903
2025-05-07_editie-speciala-nicusor-dan-anunta-ca-accepta-invitatia-lui,2025-05-07,video-transcript,UE,instituție internațională,4,0.871
2025-05-07_interviu-nicusor-dan-despre-criza-economica-in-care-poate-in,2025-05-07,video-transcript,ROMÂNIA,țară,26,0.991
2025-05-07_interviu-nicusor-dan-despre-criza-economica-in-care-poate-in,2025-05-07,video-transcript,SIMION,persoană politică,3,0.942
2025-05-07_interviu-nicusor-dan-despre-criza-economica-in-care-poate-in,2025-05-07,video-transcript,GEORGESCU,persoană politică,1,0.812
2025-05-07_interviu-nicusor-dan-despre-criza-economica-in-care-poate-in,2025-05-07,video-transcript,PARLAMENT,instituție națională,1,0.616
2025-05-07_interviu-nicusor-dan-despre-criza-economica-in-care-poate-in,2025-05-07,video-transcript,SUA,țară,3,0.876
2025-05-07_interviu-nicusor-dan-despre-criza-economica-in-care-poate-in,2025-05-07,video-transcript,UE,instituție internațională,2,0.525
2025-05-07_interviu-nicusor-dan-despre-criza-economica-in-care-poate-in,2025-05-07,video-transcript,R. MOLDOVA,țară,1,0.798
2025-05-07_interviu-nicusor-dan-despre-criza-economica-in-care-poate-in,2025-05-07,video-transcript,UCRAINA,țară,1,0.727
2025-05-07_nicusor-dan-interviu-exclusiv-pentru-euronews-romania,2025-05-07,video-transcript,PARLAMENT,instituție națională,1,0.694
2025-05-07_nicusor-dan-interviu-exclusiv-pentru-euronews-romania,2025-05-07,video-transcript,ROMÂNIA,țară,1,0.954
2025-05-07_nicusor-dan-romania-are-nevoie-de-schimbare-dar-nu-una-care,2025-05-07,video-transcript,ROMÂNIA,țară,3,0.992
2025-05-07_nicusor-dan-romania-are-nevoie-de-schimbare-dar-nu-una-care_yMbfqR,2025-05-07,video-transcript,ROMÂNIA,țară,3,0.992
2025-05-15_educatia-e-o-problema-de-securitate-nationala-nicusor-dan-ce,2025-05-15,video-transcript,STATUL ROMÂN,instituție națională,2,0.605
2025-05-15_educatia-e-o-problema-de-securitate-nationala-nicusor-dan-ce,2025-05-15,video-transcript,ROMÂNIA,țară,2,0.948
2025-05-15_nicusor-dan-nu-sunt-izolationist-sunt-suveranist-ce-a-spus-c,2025-05-15,video-transcript,SIMION,persoană politică,1,0.813
2025-05-15_nicusor-dan-nu-sunt-izolationist-sunt-suveranist-ce-a-spus-c,2025-05-15,video-transcript,ROMÂNIA,țară,1,0.892
2025-05-15_nicusor-dan-prima-reactie-dupa-jignirea-lui-simion-n-dan-con,2025-05-15,video-transcript,ROMÂNIA,țară,2,0.976
2025-05-15_nicusor-dan-vs-george-simion-cele-mai-importante-momente-din,2025-05-15,video-transcript,SIMION,persoană politică,3,0.824
2025-05-15_nicusor-dan-vs-george-simion-cele-mai-importante-momente-din,2025-05-15,video-transcript,PARLAMENT,instituție națională,1,0.474
2025-05-15_nicusor-dan-vs-george-simion-cele-mai-importante-momente-din,2025-05-15,video-transcript,STATUL ROMÂN,instituție națională,2,0.501
2025-05-15_nicusor-dan-vs-george-simion-cele-mai-importante-momente-din,2025-05-15,video-transcript,CIOLACU,persoană politică,1,0.835
2025-05-15_nicusor-dan-vs-george-simion-cele-mai-importante-momente-din,2025-05-15,video-transcript,GEORGESCU,persoană politică,1,0.807
2025-05-15_nicusor-dan-vs-george-simion-cele-mai-importante-momente-din,2025-05-15,video-transcript,ROMÂNIA,țară,5,0.975
2025-05-15_nicusor-dan-vs-george-simion-cele-mai-importante-momente-din,2025-05-15,video-transcript,UCRAINA,țară,3,0.98
2025-05-15_nicusor-dan-vs-george-simion-cele-mai-importante-momente-din,2025-05-15,video-transcript,TRUMP,persoană politică,4,0.905
2025-05-15_nicusor-dan-vs-george-simion-cele-mai-importante-momente-din,2025-05-15,video-transcript,UK,țară,1,0.984
2025-05-15_nicusor-dan-vs-george-simion-cele-mai-importante-momente-din,2025-05-15,video-transcript,FRANȚA,țară,1,0.984
2025-05-15_nicusor-dan-vs-george-simion-cele-mai-importante-momente-din,2025-05-15,video-transcript,GERMANIA,țară,1,0.987
2025-05-18_alegeri-prezidentiale-2025-mesajul-lui-nicusor-dan-dupa-apar,2025-05-18,video-transcript,ROMÂNIA,țară,8,0.961
2025-05-18_nicusor-dan-dupa-ce-a-castigat-alegerile-prezidentiale-e-vic,2025-05-18,video-transcript,ROMÂNIA,țară,9,0.986
2025-05-18_nicusor-dan-dupa-ce-a-castigat-alegerile-prezidentiale-e-vic,2025-05-18,video-transcript,R. MOLDOVA,țară,1,0.73
2025-05-18_nicusor-dan-incepem-o-noua-etapa-de-maine-la-munca-sustinato,2025-05-18,video-transcript,ROMÂNIA,țară,10,0.984
2025-05-18_nicusor-dan-incepem-o-noua-etapa-de-maine-la-munca-sustinato,2025-05-18,video-transcript,R. MOLDOVA,țară,1,0.933
2025-05-18_romania-alege-cu-l-chiriac-discursul-presedintelui-nicusor-d,2025-05-18,video-transcript,ROMÂNIA,țară,12,0.983
2025-05-18_romania-alege-cu-l-chiriac-discursul-presedintelui-nicusor-d,2025-05-18,video-transcript,R. MOLDOVA,țară,1,0.733
2025-05-19_nicusor-dan-despre-scenariul-unei-victorii-a-lui-george-simi,2025-05-19,video-transcript,ROMÂNIA,țară,5,0.986
2025-05-19_nicusor-dan-despre-scenariul-unei-victorii-a-lui-george-simi,2025-05-19,video-transcript,SIMION,persoană politică,1,0.93
2025-05-19_nicusor-dan-despre-scenariul-unei-victorii-a-lui-george-simi,2025-05-19,video-transcript,R. MOLDOVA,țară,1,0.649
2025-05-19_nicusor-dan-despre-scenariul-unei-victorii-a-lui-george-simi,2025-05-19,video-transcript,UCRAINA,țară,1,0.812
2025-05-19_nicusor-dan-despre-scenariul-unei-victorii-a-lui-george-simi,2025-05-19,video-transcript,UNGARIA,țară,1,0.907
2025-05-19_nicusor-dan-despre-scenariul-unei-victorii-a-lui-george-simi,2025-05-19,video-transcript,COMISIA EUROPEANĂ,instituție internațională,1,0.859
2025-05-19_nicusor-dan-despre-viitorul-premier-bolojan-ramane-optiunea,2025-05-19,video-transcript,UDMR,partid politic,1,0.914
2025-05-19_nicusor-dan-despre-viitorul-premier-bolojan-ramane-optiunea,2025-05-19,video-transcript,PSD,partid politic,1,0.849
2025-05-20_nicusor-dan-despre-planurile-pentru-romania-stiri-b1tv-20-ma,2025-05-20,video-transcript,ROMÂNIA,țară,1,0.96
2025-05-20_nicusor-dan-despre-planurile-pentru-romania-stiri-b1tv-20-ma,2025-05-20,video-transcript,GUVERN,instituție națională,3,0.533
2025-05-20_nicusor-dan-despre-planurile-pentru-romania-stiri-b1tv-20-ma,2025-05-20,video-transcript,PSD,partid politic,2,0.977
2025-05-22_ce-spune-nicusor-dan-despre-relatiile-romaniei-cu-sua-si-ue,2025-05-22,video-transcript,ROMÂNIA,țară,19,0.988
2025-05-22_ce-spune-nicusor-dan-despre-relatiile-romaniei-cu-sua-si-ue,2025-05-22,video-transcript,NATO,instituție internațională,1,0.647
2025-05-22_ce-spune-nicusor-dan-despre-relatiile-romaniei-cu-sua-si-ue,2025-05-22,video-transcript,UE,instituție internațională,1,0.878
2025-05-22_ce-spune-nicusor-dan-despre-relatiile-romaniei-cu-sua-si-ue,2025-05-22,video-transcript,SUA,țară,2,0.794
2025-05-22_ce-spune-nicusor-dan-despre-relatiile-romaniei-cu-sua-si-ue,2025-05-22,video-transcript,UCRAINA,țară,4,0.977
2025-05-22_ce-spune-nicusor-dan-despre-relatiile-romaniei-cu-sua-si-ue,2025-05-22,video-transcript,R. MOLDOVA,țară,11,0.992
2025-05-22_ce-spune-nicusor-dan-despre-relatiile-romaniei-cu-sua-si-ue,2025-05-22,video-transcript,PSD,partid politic,1,0.879
2025-05-22_ce-spune-nicusor-dan-despre-relatiile-romaniei-cu-sua-si-ue,2025-05-22,video-transcript,PARLAMENT,instituție națională,1,0.612
2025-05-22_ce-spune-nicusor-dan-despre-relatiile-romaniei-cu-sua-si-ue,2025-05-22,video-transcript,CCR,instituție națională,2,0.843
2025-05-22_nicusor-dan-daca-sunt-amenintari-institutiile-isi-vor-face-d,2025-05-22,video-transcript,ROMÂNIA,țară,2,0.99
2025-05-22_nicusor-dan-despre-cum-va-evita-romania-atacurile-hibride-tr,2025-05-22,video-transcript,ROMÂNIA,țară,1,0.953
2025-05-22_nicusor-dan-despre-subventiile-pentru-partide-b1tv-22-mai-20,2025-05-22,video-transcript,ROMÂNIA,țară,3,0.969
2025-05-22_nicusor-dan-despre-subventiile-pentru-partide-b1tv-22-mai-20,2025-05-22,video-transcript,STATUL ROMÂN,instituție națională,1,0.483
2025-05-22_nicusor-dan-statul-roman-trebuie-sa-rezolve-obstacolele-pe-c,2025-05-22,video-transcript,ROMÂNIA,țară,2,0.959
2025-05-22_nicusor-dan-urmeaza-un-nou-capitol-in-istoria-recenta-si-con,2025-05-22,video-transcript,ROMÂNIA,țară,1,0.942
2025-05-24_nicusor-dan-e-un-deficit-de-implicare-in-politica-statul-est,2025-05-24,video-transcript,STATUL ROMÂN,instituție națională,1,0.503
2025-05-24_nicusor-dan-e-un-deficit-de-implicare-in-politica-statul-est,2025-05-24,video-transcript,ROMÂNIA,țară,1,0.933
2025-05-26_live-investirea-lui-nicusor-dan-juramantul-de-la-parlament-s,2025-05-26,video-transcript,ROMÂNIA,țară,23,0.98
2025-05-26_live-investirea-lui-nicusor-dan-juramantul-de-la-parlament-s,2025-05-26,video-transcript,UE,instituție internațională,5,0.698
2025-05-26_live-investirea-lui-nicusor-dan-juramantul-de-la-parlament-s,2025-05-26,video-transcript,SUA,țară,1,0.765
2025-05-26_live-investirea-lui-nicusor-dan-juramantul-de-la-parlament-s,2025-05-26,video-transcript,NATO,instituție internațională,2,0.664
2025-05-26_live-investirea-lui-nicusor-dan-juramantul-de-la-parlament-s,2025-05-26,video-transcript,R. MOLDOVA,țară,3,0.977
2025-05-26_live-investirea-lui-nicusor-dan-juramantul-de-la-parlament-s,2025-05-26,video-transcript,COMISIA EUROPEANĂ,instituție națională,1,0.793
2025-05-26_live-investirea-lui-nicusor-dan-juramantul-de-la-parlament-s,2025-05-26,video-transcript,PUTIN,persoană politică,1,0.617
2025-05-26_live-investirea-lui-nicusor-dan-juramantul-de-la-parlament-s,2025-05-26,video-transcript,POLONIA,țară,3,0.992
2025-05-26_live-investirea-lui-nicusor-dan-juramantul-de-la-parlament-s,2025-05-26,video-transcript,TRUMP,persoană politică,1,0.577
2025-05-26_live-investirea-lui-nicusor-dan-juramantul-de-la-parlament-s,2025-05-26,video-transcript,PARLAMENT,instituție națională,1,0.578
2025-05-26_live-investirea-lui-nicusor-dan-juramantul-de-la-parlament-s,2025-05-26,video-transcript,BOLOJAN,persoană politică,1,0.853
2025-05-26_nicusor-dan-oficial-presedintele-romaniei-ceremonia-de-inves,2025-05-26,video-transcript,ROMÂNIA,țară,29,0.991
2025-05-26_nicusor-dan-oficial-presedintele-romaniei-ceremonia-de-inves,2025-05-26,video-transcript,R. MOLDOVA,țară,4,0.936
2025-05-26_nicusor-dan-oficial-presedintele-romaniei-ceremonia-de-inves,2025-05-26,video-transcript,SUA,țară,1,0.825
2025-05-26_nicusor-dan-oficial-presedintele-romaniei-ceremonia-de-inves,2025-05-26,video-transcript,NATO,instituție internațională,2,0.555
2025-05-26_nicusor-dan-oficial-presedintele-romaniei-ceremonia-de-inves,2025-05-26,video-transcript,UE,instituție internațională,2,0.636
2025-05-26_nicusor-dan-oficial-presedintele-romaniei-ceremonia-de-inves,2025-05-26,video-transcript,PSD,partid politic,1,0.957
2025-05-26_nicusor-dan-oficial-presedintele-romaniei-ceremonia-de-inves,2025-05-26,video-transcript,COMISIA EUROPEANĂ,instituție internațională,1,0.884
2025-05-26_nicusor-dan-oficial-presedintele-romaniei-ceremonia-de-inves,2025-05-26,video-transcript,STATUL ROMÂN,instituție națională,1,0.624
2025-05-26_nicusor-dan-oficial-presedintele-romaniei-ceremonia-de-inves,2025-05-26,video-transcript,PARLAMENT,instituție națională,1,0.496
2025-05-26_nicusor-dan-reformele-fiscale-sunt-inevitabile-e-obligatoriu,2025-05-26,video-transcript,GUVERN,instituție națională,2,0.625
2025-05-26_nicusor-dan-reformele-fiscale-sunt-inevitabile-e-obligatoriu,2025-05-26,video-transcript,ROMÂNIA,țară,4,0.932
2025-05-26_nicusor-dan-reformele-fiscale-sunt-inevitabile-e-obligatoriu,2025-05-26,video-transcript,COMISIA EUROPEANĂ,instituție internațională,1,0.825
2025-05-26_stirile-kanal-d-exclusiv-nicusor-dan-primul-discurs-ca-prese,2025-05-26,video-transcript,ROMÂNIA,țară,14,0.992
2025-05-26_stirile-kanal-d-exclusiv-nicusor-dan-primul-discurs-ca-prese,2025-05-26,video-transcript,R. MOLDOVA,țară,1,0.472
2025-05-26_stirile-kanal-d-exclusiv-nicusor-dan-primul-discurs-ca-prese,2025-05-26,video-transcript,STATUL ROMÂN,instituție națională,2,0.64
2025-05-27_nicusor-dan-despre-fetita-sa-mi-a-zis-ca-m-am-plictisit-la-d,2025-05-27,video-transcript,ROMÂNIA,țară,1,0.862
2025-05-29_nicusor-dan-explica-de-ce-nu-vrea-un-premier-tehnocrat-in-vi,2025-05-29,video-transcript,GUVERN,instituție națională,1,0.457
2025-05-30_nicusor-dan-dupa-decizia-ccr-privind-declaratiile-de-avere-d,2025-05-30,video-transcript,CCR,instituție națională,2,0.783
2025-05-30_nicusor-dan-dupa-decizia-ccr-privind-declaratiile-de-avere-d,2025-05-30,video-transcript,PARLAMENT,instituție națională,1,0.495
2025-05-30_presedintele-nicusor-dan-l-am-invitat-pe-donald-trump-in-rom,2025-05-30,video-transcript,SUA,țară,1,0.774
2025-06-02_briefing-nicusor-dan-avem-un-stat-disfunctional-si-trebuie-s,2025-06-02,video-transcript,GUVERN,instituție națională,1,0.458
2025-06-02_briefing-nicusor-dan-avem-un-stat-disfunctional-si-trebuie-s,2025-06-02,video-transcript,SIMION,persoană politică,3,0.954
2025-06-02_briefing-nicusor-dan-avem-un-stat-disfunctional-si-trebuie-s,2025-06-02,video-transcript,POLONIA,țară,4,0.944
2025-06-02_briefing-nicusor-dan-avem-un-stat-disfunctional-si-trebuie-s,2025-06-02,video-transcript,GEORGESCU,persoană politică,2,0.821
2025-06-02_briefing-nicusor-dan-avem-un-stat-disfunctional-si-trebuie-s,2025-06-02,video-transcript,ROMÂNIA,țară,1,0.637
2025-06-02_conferinta-presa-nicusor-dan-concluzii-summit-si-situatia-di,2025-06-02,video-transcript,ROMÂNIA,țară,7,0.987
2025-06-02_conferinta-presa-nicusor-dan-concluzii-summit-si-situatia-di,2025-06-02,video-transcript,POLONIA,țară,5,0.991
2025-06-02_conferinta-presa-nicusor-dan-concluzii-summit-si-situatia-di,2025-06-02,video-transcript,NATO,instituție internațională,2,0.492
2025-06-02_conferinta-presa-nicusor-dan-concluzii-summit-si-situatia-di,2025-06-02,video-transcript,SUA,țară,2,0.818
2025-06-02_conferinta-presa-nicusor-dan-concluzii-summit-si-situatia-di,2025-06-02,video-transcript,UCRAINA,țară,5,0.987
2025-06-02_conferinta-presa-nicusor-dan-concluzii-summit-si-situatia-di,2025-06-02,video-transcript,RUSIA,țară,3,0.955
2025-06-02_conferinta-presa-nicusor-dan-concluzii-summit-si-situatia-di,2025-06-02,video-transcript,COMISIA EUROPEANĂ,instituție internațională,1,0.833
2025-06-02_conferinta-presa-nicusor-dan-concluzii-summit-si-situatia-di,2025-06-02,video-transcript,PARLAMENT,instituție națională,3,0.747
2025-06-03_nicusor-dan-anunturi-de-ultima-ora-despre-situatia-economica,2025-06-03,video-transcript,COMISIA EUROPEANĂ,instituție internațională,1,0.827
2025-06-03_nicusor-dan-anunturi-de-ultima-ora-despre-situatia-economica,2025-06-03,video-transcript,ROMÂNIA,țară,1,0.942
2025-06-03_nicusor-dan-cere-implicarea-serviciilor-secrete-pentru-a-com,2025-06-03,video-transcript,ANAF,instituție națională,1,0.504
2025-06-03_romania-lui-vitalie-nicusor-dan-cere-implicarea-serviciilor,2025-06-03,video-transcript,ANAF,instituție națională,5,0.89
2025-06-03_romania-lui-vitalie-nicusor-dan-cere-implicarea-serviciilor,2025-06-03,video-transcript,ROMÂNIA,țară,4,0.981
2025-06-03_romania-lui-vitalie-nicusor-dan-cere-implicarea-serviciilor,2025-06-03,video-transcript,FRANȚA,țară,1,0.879
2025-06-03_romania-lui-vitalie-nicusor-dan-cere-implicarea-serviciilor,2025-06-03,video-transcript,ITALIA,țară,1,0.912
2025-06-03_romania-lui-vitalie-nicusor-dan-cere-implicarea-serviciilor,2025-06-03,video-transcript,GUVERN,instituție națională,4,0.728
2025-06-04_conferinta-de-presa-sustinuta-de-presedintele-romaniei-nicus_74PzSE,2025-06-04,video-transcript,PSD,partid politic,1,0.971
2025-06-04_conferinta-de-presa-sustinuta-de-presedintele-romaniei-nicus_74PzSE,2025-06-04,video-transcript,PNL,partid politic,1,0.983
2025-06-04_conferinta-de-presa-sustinuta-de-presedintele-romaniei-nicus_74PzSE,2025-06-04,video-transcript,USR,partid politic,1,0.977
2025-06-04_conferinta-de-presa-sustinuta-de-presedintele-romaniei-nicus_74PzSE,2025-06-04,video-transcript,UDMR,partid politic,1,0.972
2025-06-04_conferinta-de-presa-sustinuta-de-presedintele-romaniei-nicus_74PzSE,2025-06-04,video-transcript,ROMÂNIA,țară,11,0.962
2025-06-04_conferinta-de-presa-sustinuta-de-presedintele-romaniei-nicus_74PzSE,2025-06-04,video-transcript,COMISIA EUROPEANĂ,instituție internațională,5,0.91
2025-06-04_conferinta-de-presa-sustinuta-de-presedintele-romaniei-nicus_74PzSE,2025-06-04,video-transcript,UCRAINA,țară,6,0.802
2025-06-04_conferinta-de-presa-sustinuta-de-presedintele-romaniei-nicus_74PzSE,2025-06-04,video-transcript,ANAF,instituție națională,2,0.575
2025-06-04_conferinta-de-presa-sustinuta-de-presedintele-romaniei-nicus_74PzSE,2025-06-04,video-transcript,PARLAMENT,instituție națională,1,0.777
2025-06-04_conferinta-de-presa-sustinuta-de-presedintele-romaniei-nicus_74PzSE,2025-06-04,video-transcript,GUVERN,instituție națională,1,0.486
2025-06-04_conferinta-de-presa-sustinuta-de-presedintele-romaniei-nicus_74PzSE,2025-06-04,video-transcript,STATUL ROMÂN,instituție națională,3,0.676
2025-06-04_conferinta-de-presa-sustinuta-de-presedintele-romaniei-nicus_74PzSE,2025-06-04,video-transcript,R. MOLDOVA,țară,2,0.775
2025-06-04_conferinta-de-presa-sustinuta-de-presedintele-romaniei-nicus_74PzSE,2025-06-04,video-transcript,SUA,instituție internațională,2,0.769
2025-06-04_conferinta-de-presa-sustinuta-de-presedintele-romaniei-nicus_74PzSE,2025-06-04,video-transcript,RUSIA,țară,2,0.912
2025-06-04_conferinta-de-presa-sustinuta-de-presedintele-romaniei-nicus_74PzSE,2025-06-04,video-transcript,BULGARIA,țară,1,0.92
2025-06-04_conferinta-de-presa-sustinuta-de-presedintele-romaniei-nicus_74PzSE,2025-06-04,video-transcript,FRANȚA,țară,1,0.807
2025-06-04_nicusor-dan-amenintarea-ruseasca-vizeaza-toata-europa-relati,2025-06-04,video-transcript,SUA,țară,2,0.935
2025-06-04_nicusor-dan-despre-situatia-bugetului,2025-06-04,video-transcript,ANAF,instituție națională,1,0.734
2025-06-04_nicusor-dan-despre-situatia-bugetului,2025-06-04,video-transcript,ROMÂNIA,țară,1,0.884
2025-06-04_nicusor-dan-luni-vom-avea-o-prima-schita-a-programului-de-gu,2025-06-04,video-transcript,PSD,partid politic,1,0.988
2025-06-04_nicusor-dan-luni-vom-avea-o-prima-schita-a-programului-de-gu,2025-06-04,video-transcript,PNL,partid politic,1,0.993
2025-06-04_nicusor-dan-luni-vom-avea-o-prima-schita-a-programului-de-gu,2025-06-04,video-transcript,USR,partid politic,1,0.99
2025-06-04_nicusor-dan-luni-vom-avea-o-prima-schita-a-programului-de-gu,2025-06-04,video-transcript,UDMR,partid politic,1,0.989
2025-06-04_zamfir-si-buzaianu-au-comentat-conferinta-de-presa-a-lui-nic,2025-06-04,video-transcript,PSD,partid politic,3,0.991
2025-06-05_alocutiunea-presedintelui-romaniei-nicusor-dan-la-forumul-na,2025-06-05,video-transcript,ROMÂNIA,țară,1,0.937
2025-06-10_conferinta-sustinuta-de-presedinta-moldovei-maia-sandu-si-pr,2025-06-10,video-transcript,ROMÂNIA,țară,7,0.959
2025-06-10_conferinta-sustinuta-de-presedinta-moldovei-maia-sandu-si-pr,2025-06-10,video-transcript,R. MOLDOVA,țară,14,0.971
2025-06-10_conferinta-sustinuta-de-presedinta-moldovei-maia-sandu-si-pr,2025-06-10,video-transcript,UE,instituție internațională,3,0.812
2025-06-10_conferinta-sustinuta-de-presedinta-moldovei-maia-sandu-si-pr,2025-06-10,video-transcript,RUSIA,țară,1,0.718
2025-06-10_nicusor-dan-a-confirmat-continuarea-sprijinului-romaniei-pen,2025-06-10,video-transcript,ROMÂNIA,țară,1,0.91
2025-06-10_nicusor-dan-a-confirmat-continuarea-sprijinului-romaniei-pen,2025-06-10,video-transcript,R. MOLDOVA,țară,3,0.951
2025-06-10_nicusor-dan-a-confirmat-continuarea-sprijinului-romaniei-pen,2025-06-10,video-transcript,UE,instituție internațională,2,0.94
2025-06-10_nicusor-dan-a-confirmat-continuarea-sprijinului-romaniei-pen,2025-06-10,video-transcript,RUSIA,țară,1,0.707
2025-06-10_studio-politic-nicusor-dan-romania-sprijina-aderarea-republi,2025-06-10,video-transcript,ROMÂNIA,țară,4,0.981
2025-06-10_studio-politic-nicusor-dan-romania-sprijina-aderarea-republi,2025-06-10,video-transcript,R. MOLDOVA,țară,11,0.972
2025-06-10_studio-politic-nicusor-dan-romania-sprijina-aderarea-republi,2025-06-10,video-transcript,UE,instituție internațională,3,0.904
2025-06-10_studio-politic-nicusor-dan-romania-sprijina-aderarea-republi,2025-06-10,video-transcript,RUSIA,țară,1,0.795
2025-06-20_declaratie-de-presa-sustinuta-de-presedintele-romaniei-nicus,2025-06-20,video-transcript,BOLOJAN,persoană politică,1,0.932
2025-06-20_declaratie-de-presa-sustinuta-de-presedintele-romaniei-nicus,2025-06-20,video-transcript,ROMÂNIA,țară,3,0.961
2025-06-20_declaratie-de-presa-sustinuta-de-presedintele-romaniei-nicus,2025-06-20,video-transcript,GUVERN,instituție națională,3,0.618
2025-06-26_declaratia-presedintelui-romaniei-nicusor-dan-dupa-participa,2025-06-26,video-transcript,UE,instituție internațională,1,0.791
2025-06-26_declaratia-presedintelui-romaniei-nicusor-dan-dupa-participa,2025-06-26,video-transcript,R. MOLDOVA,țară,3,0.971
2025-06-26_declaratia-presedintelui-romaniei-nicusor-dan-dupa-participa,2025-06-26,video-transcript,ROMÂNIA,țară,4,0.956
2025-06-26_declaratia-presedintelui-romaniei-nicusor-dan-dupa-participa,2025-06-26,video-transcript,RUSIA,țară,1,0.916
2025-06-26_nicusor-dan-declaratie-de-la-summitul-nato-digi24v-stiriledi,2025-06-26,video-transcript,RUSIA,țară,1,0.869
2025-06-26_nicusor-dan-declaratie-de-la-summitul-nato-digi24v-stiriledi,2025-06-26,video-transcript,UCRAINA,țară,1,0.855
2025-06-26_nicusor-dan-declaratie-de-la-summitul-nato-digi24v-stiriledi,2025-06-26,video-transcript,ROMÂNIA,țară,3,0.98
2025-07-14_conferinta-de-presa-sustinuta-de-presedintele-romaniei-nicus_cp-szg,2025-07-14,video-transcript,ROMÂNIA,țară,34,0.986
2025-07-14_conferinta-de-presa-sustinuta-de-presedintele-romaniei-nicus_cp-szg,2025-07-14,video-transcript,OCDE,instituție internațională,2,0.68
2025-07-14_conferinta-de-presa-sustinuta-de-presedintele-romaniei-nicus_cp-szg,2025-07-14,video-transcript,ADMINISTRAȚIA PREZIDENȚIALĂ,instituție națională,2,0.616
2025-07-14_conferinta-de-presa-sustinuta-de-presedintele-romaniei-nicus_cp-szg,2025-07-14,video-transcript,COMISIA EUROPEANĂ,instituție națională,2,0.781
2025-07-14_conferinta-de-presa-sustinuta-de-presedintele-romaniei-nicus_cp-szg,2025-07-14,video-transcript,PARLAMENT,instituție națională,4,0.839
2025-07-14_conferinta-de-presa-sustinuta-de-presedintele-romaniei-nicus_cp-szg,2025-07-14,video-transcript,GERMANIA,țară,3,0.982
2025-07-14_conferinta-de-presa-sustinuta-de-presedintele-romaniei-nicus_cp-szg,2025-07-14,video-transcript,CSM,instituție națională,1,0.667
2025-07-14_conferinta-de-presa-sustinuta-de-presedintele-romaniei-nicus_cp-szg,2025-07-14,video-transcript,CCR,instituție națională,5,0.849
2025-07-14_conferinta-de-presa-sustinuta-de-presedintele-romaniei-nicus_cp-szg,2025-07-14,video-transcript,STATUL ROMÂN,instituție națională,2,0.501
2025-07-14_conferinta-de-presa-sustinuta-de-presedintele-romaniei-nicus_cp-szg,2025-07-14,video-transcript,SUA,țară,1,0.781
2025-07-14_conferinta-de-presa-sustinuta-de-presedintele-romaniei-nicus_cp-szg,2025-07-14,video-transcript,NATO,instituție internațională,1,0.712
2025-07-14_conferinta-de-presa-sustinuta-de-presedintele-romaniei-nicus_cp-szg,2025-07-14,video-transcript,USR,partid politic,1,0.956
2025-07-14_conferinta-de-presa-sustinuta-de-presedintele-romaniei-nicus_cp-szg,2025-07-14,video-transcript,UCRAINA,țară,2,0.962
2025-07-14_conferinta-de-presa-sustinuta-de-presedintele-romaniei-nicus_cp-szg,2025-07-14,video-transcript,RUSIA,țară,1,0.911
2025-07-14_conferinta-de-presa-sustinuta-de-presedintele-romaniei-nicus_cp-szg,2025-07-14,video-transcript,DNA,instituție națională,1,0.544
2025-07-14_conferinta-de-presa-sustinuta-de-presedintele-romaniei-nicus_cp-szg,2025-07-14,video-transcript,ANAF,instituție națională,1,0.6
2025-07-14_nicusor-dan-despre-cresterea-tva-digi24-stiriledigi24,2025-07-14,video-transcript,ROMÂNIA,țară,1,0.858
2025-07-14_nicusor-dan-despre-introducerea-femicidului-in-legislatia-ro,2025-07-14,video-transcript,STATUL ROMÂN,instituție națională,1,0.798
2025-07-14_nicusor-dan-despre-primele-de-pensionare-de-la-ccr-si-pensii,2025-07-14,video-transcript,CCR,instituție națională,1,0.669
2025-07-14_nicusor-dan-despre-primele-de-pensionare-de-la-ccr-si-pensii,2025-07-14,video-transcript,PARLAMENT,instituție națională,1,0.478
2025-07-14_nicusor-dan-nu-ne-dorim-sa-avem-rusia-ca-vecin-vom-ajuta-ucr,2025-07-14,video-transcript,RUSIA,țară,3,0.962
2025-07-14_nicusor-dan-nu-ne-dorim-sa-avem-rusia-ca-vecin-vom-ajuta-ucr,2025-07-14,video-transcript,UCRAINA,țară,2,0.971
2025-07-14_nicusor-dan-nu-ne-dorim-sa-avem-rusia-ca-vecin-vom-ajuta-ucr,2025-07-14,video-transcript,ROMÂNIA,țară,1,0.867
2025-07-15_nicusor-dan-masura-cresterii-tva-putea-sa-nu-fie-luata,2025-07-15,video-transcript,ROMÂNIA,țară,2,0.99
2025-07-16_nicusor-dan-despre-femicid-digi24-stiriledigi24,2025-07-16,video-transcript,STATUL ROMÂN,instituție națională,2,0.868
2025-07-16_nicusor-dan-despre-femicid-trebuie-sa-ajungem-sa-transmitem,2025-07-16,video-transcript,STATUL ROMÂN,țară,4,0.73
2025-07-18_declaratia-presedintelui-romaniei-nicusor-dan-si-cancelarul,2025-07-18,video-transcript,ROMÂNIA,țară,9,0.976
2025-07-18_declaratia-presedintelui-romaniei-nicusor-dan-si-cancelarul,2025-07-18,video-transcript,GERMANIA,țară,5,0.991
2025-07-18_declaratia-presedintelui-romaniei-nicusor-dan-si-cancelarul,2025-07-18,video-transcript,OCDE,instituție internațională,1,0.623
2025-07-18_declaratia-presedintelui-romaniei-nicusor-dan-si-cancelarul,2025-07-18,video-transcript,UCRAINA,țară,5,0.866
2025-07-18_declaratia-presedintelui-romaniei-nicusor-dan-si-cancelarul,2025-07-18,video-transcript,RUSIA,țară,4,0.934
2025-07-18_declaratia-presedintelui-romaniei-nicusor-dan-si-cancelarul,2025-07-18,video-transcript,R. MOLDOVA,țară,2,0.947
2025-07-18_declaratia-presedintelui-romaniei-nicusor-dan-si-cancelarul,2025-07-18,video-transcript,NATO,instituție internațională,1,0.473
2025-07-18_declaratia-presedintelui-romaniei-nicusor-dan-si-cancelarul,2025-07-18,video-transcript,UE,instituție internațională,5,0.708
2025-07-18_declaratia-presedintelui-romaniei-nicusor-dan-si-cancelarul,2025-07-18,video-transcript,SUA,țară,1,0.488
2025-07-18_nicusor-dan-despre-interferentele-rusesti-in-alegerile-prezi,2025-07-18,video-transcript,RUSIA,țară,2,0.865
2025-07-18_nicusor-dan-despre-interferentele-rusesti-in-alegerile-prezi,2025-07-18,video-transcript,UE,instituție internațională,1,0.839
2025-07-18_nicusor-dan-despre-interferentele-rusesti-in-alegerile-prezi,2025-07-18,video-transcript,NATO,instituție internațională,1,0.776
2025-07-18_nicusor-dan-despre-interferentele-rusesti-in-alegerile-prezi,2025-07-18,video-transcript,GERMANIA,țară,1,0.94
2025-07-18_nicusor-dan-despre-interferentele-rusesti-in-alegerile-prezi,2025-07-18,video-transcript,GUVERN,instituție națională,2,0.514
2025-07-18_nicusor-dan-despre-interferentele-rusesti-in-alegerile-prezi,2025-07-18,video-transcript,ROMÂNIA,țară,3,0.967
2025-07-18_nicusor-dan-despre-interferentele-rusesti-in-alegerile-prezi,2025-07-18,video-transcript,SUA,țară,4,0.962
2025-07-18_nicusor-dan-despre-interferentele-rusesti-in-alegerile-prezi,2025-07-18,video-transcript,UCRAINA,țară,1,0.685
2025-07-18_nicusor-dan-despre-interferentele-rusesti-in-alegerile-prezi,2025-07-18,video-transcript,STATUL ROMÂN,țară,1,0.578
2025-07-18_nicusor-dan-despre-interferentele-rusesti-in-alegerile-prezi,2025-07-18,video-transcript,CCR,instituție națională,3,0.83
2025-07-21_nicusor-dan-despre-influenta-rusiei-in-alegeri-anuntul-impor,2025-07-21,video-transcript,ROMÂNIA,țară,2,0.914
2025-07-21_nicusor-dan-despre-influenta-rusiei-in-alegeri-anuntul-impor,2025-07-21,video-transcript,NATO,instituție internațională,2,0.924
2025-07-21_nicusor-dan-despre-influenta-rusiei-in-alegeri-anuntul-impor,2025-07-21,video-transcript,UE,instituție internațională,2,0.88
2025-07-21_nicusor-dan-despre-influenta-rusiei-in-alegeri-anuntul-impor,2025-07-21,video-transcript,UK,țară,1,0.928
2025-07-21_nicusor-dan-despre-influenta-rusiei-in-alegeri-anuntul-impor,2025-07-21,video-transcript,RUSIA,țară,1,0.528
2025-07-30_nicusor-dan-propune-reguli-noi-privind-cererile-de-pensionar,2025-07-30,video-transcript,CSM,instituție națională,8,0.702
2025-07-30_nicusor-dan-propune-reguli-noi-privind-cererile-de-pensionar,2025-07-30,video-transcript,ROMÂNIA,țară,11,0.98
2025-07-30_nicusor-dan-propune-reguli-noi-privind-cererile-de-pensionar,2025-07-30,video-transcript,NATO,instituție internațională,1,0.569
2025-07-30_nicusor-dan-propune-reguli-noi-privind-cererile-de-pensionar,2025-07-30,video-transcript,UE,instituție internațională,1,0.628
2025-07-30_nicusor-dan-propune-reguli-noi-privind-cererile-de-pensionar,2025-07-30,video-transcript,R. MOLDOVA,țară,4,0.984
2025-07-30_nicusor-dan-propune-reguli-noi-privind-cererile-de-pensionar,2025-07-30,video-transcript,STATUL ROMÂN,instituție națională,1,0.56
2025-07-30_ora-14-presedintele-nicusor-dan-sustine-o-conferinta-de-pres,2025-07-30,video-transcript,CSM,instituție națională,10,0.72
2025-07-30_ora-14-presedintele-nicusor-dan-sustine-o-conferinta-de-pres,2025-07-30,video-transcript,ROMÂNIA,țară,19,0.98
2025-07-30_ora-14-presedintele-nicusor-dan-sustine-o-conferinta-de-pres,2025-07-30,video-transcript,CCR,instituție națională,1,0.56
2025-07-30_ora-14-presedintele-nicusor-dan-sustine-o-conferinta-de-pres,2025-07-30,video-transcript,NATO,instituție internațională,1,0.689
2025-07-30_ora-14-presedintele-nicusor-dan-sustine-o-conferinta-de-pres,2025-07-30,video-transcript,UE,instituție internațională,1,0.727
2025-07-30_ora-14-presedintele-nicusor-dan-sustine-o-conferinta-de-pres,2025-07-30,video-transcript,R. MOLDOVA,țară,4,0.979
2025-07-30_ora-14-presedintele-nicusor-dan-sustine-o-conferinta-de-pres,2025-07-30,video-transcript,STATUL ROMÂN,instituție națională,1,0.486
2025-07-30_ora-14-presedintele-nicusor-dan-sustine-o-conferinta-de-pres,2025-07-30,video-transcript,ONU,instituție internațională,1,0.892
2025-07-30_ora-14-presedintele-nicusor-dan-sustine-o-conferinta-de-pres,2025-07-30,video-transcript,SUA,țară,1,0.757
2025-07-30_ora-14-presedintele-nicusor-dan-sustine-o-conferinta-de-pres,2025-07-30,video-transcript,UCRAINA,țară,1,0.81
2025-07-30_ora-14-presedintele-nicusor-dan-sustine-o-conferinta-de-pres,2025-07-30,video-transcript,UK,țară,1,0.883
2025-07-31_conferinta-de-presa-sustinuta-de-presedintele-romaniei-nicus_nGAQ5B,2025-07-31,video-transcript,CSM,instituție națională,11,0.784
2025-07-31_conferinta-de-presa-sustinuta-de-presedintele-romaniei-nicus_nGAQ5B,2025-07-31,video-transcript,ROMÂNIA,țară,19,0.97
2025-07-31_conferinta-de-presa-sustinuta-de-presedintele-romaniei-nicus_nGAQ5B,2025-07-31,video-transcript,CCR,instituție națională,1,0.676
2025-07-31_conferinta-de-presa-sustinuta-de-presedintele-romaniei-nicus_nGAQ5B,2025-07-31,video-transcript,NATO,instituție internațională,1,0.743
2025-07-31_conferinta-de-presa-sustinuta-de-presedintele-romaniei-nicus_nGAQ5B,2025-07-31,video-transcript,UE,instituție internațională,1,0.771
2025-07-31_conferinta-de-presa-sustinuta-de-presedintele-romaniei-nicus_nGAQ5B,2025-07-31,video-transcript,R. MOLDOVA,țară,4,0.963
2025-07-31_conferinta-de-presa-sustinuta-de-presedintele-romaniei-nicus_nGAQ5B,2025-07-31,video-transcript,STATUL ROMÂN,instituție națională,1,0.518
2025-07-31_conferinta-de-presa-sustinuta-de-presedintele-romaniei-nicus_nGAQ5B,2025-07-31,video-transcript,ONU,instituție internațională,1,0.924
2025-07-31_conferinta-de-presa-sustinuta-de-presedintele-romaniei-nicus_nGAQ5B,2025-07-31,video-transcript,SUA,țară,1,0.764
2025-07-31_conferinta-de-presa-sustinuta-de-presedintele-romaniei-nicus_nGAQ5B,2025-07-31,video-transcript,UCRAINA,țară,1,0.786
2025-07-31_conferinta-de-presa-sustinuta-de-presedintele-romaniei-nicus_nGAQ5B,2025-07-31,video-transcript,UK,țară,1,0.885
2025-07-31_nicusor-dan-despre-valul-de-pensionari-din-justitie-ce-este,2025-07-31,video-transcript,CSM,instituție națională,1,0.471
2025-08-26_discursul-presedintelui-romaniei-nicusor-dan-cu-ocazia-reuni,2025-08-26,video-transcript,UE,instituție internațională,1,0.61
2025-08-26_discursul-presedintelui-romaniei-nicusor-dan-cu-ocazia-reuni,2025-08-26,video-transcript,NATO,instituție internațională,2,0.813
2025-08-26_discursul-presedintelui-romaniei-nicusor-dan-cu-ocazia-reuni,2025-08-26,video-transcript,SUA,instituție internațională,2,0.636
2025-08-26_discursul-presedintelui-romaniei-nicusor-dan-cu-ocazia-reuni,2025-08-26,video-transcript,ROMÂNIA,țară,11,0.989
2025-08-26_discursul-presedintelui-romaniei-nicusor-dan-cu-ocazia-reuni,2025-08-26,video-transcript,UCRAINA,țară,1,0.674
2025-08-26_discursul-presedintelui-romaniei-nicusor-dan-cu-ocazia-reuni,2025-08-26,video-transcript,R. MOLDOVA,țară,3,0.979
2025-08-26_discursul-presedintelui-romaniei-nicusor-dan-cu-ocazia-reuni,2025-08-26,video-transcript,OCDE,țară,1,0.69
2025-08-29_editie-speciala-nicusor-dan-reactioneaza-in-cazul-livratorul,2025-08-29,video-transcript,COMISIA EUROPEANĂ,instituție internațională,1,0.794
2025-08-31_nicusor-dan-sunteti-mai-europeni-decat-europenii-si-locul-du,2025-08-31,video-transcript,UE,instituție internațională,1,0.737
2025-09-02_conferinta-presedintele-romaniei-nicusor-dan-si-presedinta-c,2025-09-02,video-transcript,ROMÂNIA,țară,9,0.969
2025-09-02_conferinta-presedintele-romaniei-nicusor-dan-si-presedinta-c,2025-09-02,video-transcript,RUSIA,țară,1,0.71
2025-09-02_conferinta-presedintele-romaniei-nicusor-dan-si-presedinta-c,2025-09-02,video-transcript,UE,instituție internațională,1,0.647
2025-09-03_nicusor-dan-energia-nucleara-reprezinta-20-din-necesarul-de,2025-09-03,video-transcript,ROMÂNIA,țară,4,0.96
2025-09-03_nicusor-dan-energia-nucleara-reprezinta-20-din-necesarul-de,2025-09-03,video-transcript,ITALIA,țară,1,0.961
2025-09-03_nicusor-dan-energia-nucleara-reprezinta-20-din-necesarul-de,2025-09-03,video-transcript,SUA,țară,1,0.905
2025-09-05_nicusor-dan-despre-pensiile-specialilor-au-fost-suprasolicit,2025-09-05,video-transcript,CCR,instituție națională,2,0.889
2025-09-05_nicusor-dan-romania-nu-va-trimite-trupe-de-mentinere-a-pacii,2025-09-05,video-transcript,RUSIA,țară,2,0.968
2025-09-05_nicusor-dan-romania-nu-va-trimite-trupe-de-mentinere-a-pacii,2025-09-05,video-transcript,UCRAINA,țară,2,0.956
2025-09-10_alocutiunea-presedintelui-romaniei-nicusor-dan-sustinuta-in,2025-09-10,video-transcript,ROMÂNIA,țară,6,0.982
2025-09-10_alocutiunea-presedintelui-romaniei-nicusor-dan-sustinuta-in,2025-09-10,video-transcript,GUVERN,instituție națională,1,0.558
2025-09-10_alocutiunea-presedintelui-romaniei-nicusor-dan-sustinuta-in,2025-09-10,video-transcript,PARLAMENT,instituție națională,1,0.604
2025-09-10_alocutiunea-presedintelui-romaniei-nicusor-dan-sustinuta-in,2025-09-10,video-transcript,OCDE,instituție internațională,1,0.718
2025-09-10_alocutiunea-presedintelui-romaniei-nicusor-dan-sustinuta-in,2025-09-10,video-transcript,SUA,țară,1,0.725
2025-09-10_nicusor-dan-daca-se-va-intampla-si-la-noi-vom-reactiona-la-f,2025-09-10,video-transcript,POLONIA,țară,1,0.943
2025-09-10_nicusor-dan-daca-se-va-intampla-si-la-noi-vom-reactiona-la-f,2025-09-10,video-transcript,NATO,instituție internațională,1,0.645
2025-09-11_nicusor-dan-daca-ucraina-cedeaza-romania-ar-fi-vecina-direct,2025-09-11,video-transcript,UCRAINA,țară,5,0.972
2025-09-11_nicusor-dan-daca-ucraina-cedeaza-romania-ar-fi-vecina-direct,2025-09-11,video-transcript,ROMÂNIA,țară,3,0.966
2025-09-11_nicusor-dan-daca-ucraina-cedeaza-romania-ar-fi-vecina-direct,2025-09-11,video-transcript,RUSIA,țară,2,0.915
2025-09-11_nicusor-dan-daca-ucraina-cedeaza-romania-ar-fi-vecina-direct,2025-09-11,video-transcript,R. MOLDOVA,țară,1,0.833
2025-09-11_nicusor-dan-de-zece-ani-romania-e-in-razboiul-hibrid-al-fede,2025-09-11,video-transcript,ROMÂNIA,țară,6,0.992
2025-09-11_nicusor-dan-despre-cresterea-aur-in-sondaje-arata-ca-cei-40,2025-09-11,video-transcript,PSD,partid politic,1,0.965
2025-09-11_nicusor-dan-despre-cresterea-aur-in-sondaje-arata-ca-cei-40,2025-09-11,video-transcript,PNL,partid politic,1,0.979
2025-09-11_nicusor-dan-despre-cresterea-aur-in-sondaje-arata-ca-cei-40,2025-09-11,video-transcript,USR,partid politic,1,0.967
2025-09-11_nicusor-dan-despre-cresterea-aur-in-sondaje-arata-ca-cei-40,2025-09-11,video-transcript,RUSIA,țară,2,0.886
2025-09-11_nicusor-dan-despre-cresterea-aur-in-sondaje-arata-ca-cei-40,2025-09-11,video-transcript,R. MOLDOVA,țară,1,0.81
2025-09-11_nicusor-dan-despre-cresterea-aur-in-sondaje-arata-ca-cei-40,2025-09-11,video-transcript,PUTIN,persoană politică,1,0.616
2025-09-11_nicusor-dan-despre-cresterea-aur-in-sondaje-arata-ca-cei-40,2025-09-11,video-transcript,ROMÂNIA,țară,1,0.79
2025-09-16_nicusor-dan-reactie-dupa-incidentul-din-spatiul-aerian-roman,2025-09-16,video-transcript,PARLAMENT,instituție națională,1,0.533
2025-09-16_nicusor-dan-we-don-t-know-if-the-russian-drone-was-armed,2025-09-16,video-transcript,UCRAINA,țară,1,0.935
2025-09-25_nicusor-dan-au-fost-80-000-de-atacuri-cibernetice-in-perioad,2025-09-25,video-transcript,RUSIA,țară,1,0.824
2025-09-25_nicusor-dan-georgescu-nu-a-fost-un-calaret-singuratic-in-jur,2025-09-25,video-transcript,GEORGESCU,persoană politică,1,0.914
2025-09-25_nicusor-dan-nu-vad-rusia-capabila-sa-atace-nato-dar-provocar,2025-09-25,video-transcript,RUSIA,țară,1,0.963
2025-09-25_nicusor-dan-nu-vad-rusia-capabila-sa-atace-nato-dar-provocar,2025-09-25,video-transcript,NATO,țară,1,0.53
2025-09-25_nicusor-dan-primul-interviu-dupa-sedinta-csat-la-digi24,2025-09-25,video-transcript,ROMÂNIA,țară,10,0.989
2025-09-25_nicusor-dan-primul-interviu-dupa-sedinta-csat-la-digi24,2025-09-25,video-transcript,PSD,partid politic,2,0.976
2025-09-25_nicusor-dan-primul-interviu-dupa-sedinta-csat-la-digi24,2025-09-25,video-transcript,IOHANNIS,persoană politică,1,0.925
2025-09-25_nicusor-dan-primul-interviu-dupa-sedinta-csat-la-digi24,2025-09-25,video-transcript,CCR,instituție națională,4,0.881
2025-09-25_nicusor-dan-primul-interviu-dupa-sedinta-csat-la-digi24,2025-09-25,video-transcript,FRANȚA,țară,1,0.845
2025-09-25_nicusor-dan-primul-interviu-dupa-sedinta-csat-la-digi24,2025-09-25,video-transcript,UK,țară,1,0.922
2025-09-25_nicusor-dan-primul-interviu-dupa-sedinta-csat-la-digi24,2025-09-25,video-transcript,NATO,instituție internațională,1,0.491
2025-09-25_nicusor-dan-primul-interviu-dupa-sedinta-csat-la-digi24,2025-09-25,video-transcript,UE,instituție internațională,1,0.541
2025-09-25_nicusor-dan-primul-interviu-dupa-sedinta-csat-la-digi24,2025-09-25,video-transcript,RUSIA,țară,7,0.964
2025-09-25_nicusor-dan-primul-interviu-dupa-sedinta-csat-la-digi24,2025-09-25,video-transcript,GEORGESCU,persoană politică,3,0.947
2025-09-25_nicusor-dan-primul-interviu-dupa-sedinta-csat-rusia-ramane-i,2025-09-25,video-transcript,ROMÂNIA,țară,33,0.989
2025-09-25_nicusor-dan-primul-interviu-dupa-sedinta-csat-rusia-ramane-i,2025-09-25,video-transcript,UCRAINA,țară,3,0.983
2025-09-25_nicusor-dan-primul-interviu-dupa-sedinta-csat-rusia-ramane-i,2025-09-25,video-transcript,RUSIA,țară,11,0.985
2025-09-25_nicusor-dan-primul-interviu-dupa-sedinta-csat-rusia-ramane-i,2025-09-25,video-transcript,UE,instituție internațională,2,0.782
2025-09-25_nicusor-dan-primul-interviu-dupa-sedinta-csat-rusia-ramane-i,2025-09-25,video-transcript,NATO,instituție internațională,4,0.667
2025-09-25_nicusor-dan-primul-interviu-dupa-sedinta-csat-rusia-ramane-i,2025-09-25,video-transcript,R. MOLDOVA,țară,3,0.967
2025-09-25_nicusor-dan-primul-interviu-dupa-sedinta-csat-rusia-ramane-i,2025-09-25,video-transcript,POLONIA,țară,1,0.895
2025-09-25_nicusor-dan-primul-interviu-dupa-sedinta-csat-rusia-ramane-i,2025-09-25,video-transcript,PSD,partid politic,4,0.981
2025-09-25_nicusor-dan-primul-interviu-dupa-sedinta-csat-rusia-ramane-i,2025-09-25,video-transcript,IOHANNIS,persoană politică,1,0.961
2025-09-25_nicusor-dan-primul-interviu-dupa-sedinta-csat-rusia-ramane-i,2025-09-25,video-transcript,CCR,instituție națională,6,0.871
2025-09-25_nicusor-dan-primul-interviu-dupa-sedinta-csat-rusia-ramane-i,2025-09-25,video-transcript,FRANȚA,țară,1,0.871
2025-09-25_nicusor-dan-primul-interviu-dupa-sedinta-csat-rusia-ramane-i,2025-09-25,video-transcript,UK,țară,1,0.913
2025-09-25_nicusor-dan-primul-interviu-dupa-sedinta-csat-rusia-ramane-i,2025-09-25,video-transcript,GEORGESCU,persoană politică,4,0.945
2025-09-25_nicusor-dan-primul-interviu-dupa-sedinta-csat-rusia-ramane-i,2025-09-25,video-transcript,COMISIA EUROPEANĂ,instituție internațională,1,0.842
2025-09-25_nicusor-dan-primul-interviu-dupa-sedinta-csat-rusia-ramane-i,2025-09-25,video-transcript,OCDE,instituție internațională,2,0.763
2025-09-26_nicusor-dan-despre-influenta-sri-in-romania-stiri-b1tv-26-se,2025-09-26,video-transcript,STATUL ROMÂN,țară,1,0.786
2025-09-26_nicusor-dan-sri-a-intervenit-in-viata-politica-si-economica,2025-09-26,video-transcript,STATUL ROMÂN,țară,1,0.786
2025-09-30_nicusor-dan-a-anuntat-cand-va-desecretiza-sedinta-csat-si-ac,2025-09-30,video-transcript,RUSIA,țară,2,0.865
2025-09-30_nicusor-dan-a-anuntat-cand-va-desecretiza-sedinta-csat-si-ac,2025-09-30,video-transcript,ROMÂNIA,țară,3,0.96
2025-09-30_nicusor-dan-avem-dovada-cu-peschir-banuim-ca-au-fost-20-de-m,2025-09-30,video-transcript,RUSIA,țară,1,0.902
2025-09-30_nicusor-dan-despre-aderarea-moldovei-la-ue-poate-fi-facuta-c,2025-09-30,video-transcript,R. MOLDOVA,țară,4,0.97
2025-09-30_nicusor-dan-despre-aderarea-moldovei-la-ue-poate-fi-facuta-c,2025-09-30,video-transcript,UE,instituție internațională,1,0.587
2025-09-30_nicusor-dan-despre-aderarea-moldovei-la-ue-poate-fi-facuta-c,2025-09-30,video-transcript,UNGARIA,țară,1,0.944
2025-09-30_nicusor-dan-despre-aderarea-moldovei-la-ue-poate-fi-facuta-c,2025-09-30,video-transcript,UCRAINA,țară,2,0.938
2025-09-30_nicusor-dan-despre-aderarea-moldovei-la-ue-poate-fi-facuta-c,2025-09-30,video-transcript,ROMÂNIA,țară,1,0.933
2025-09-30_nicusor-dan-despre-anularea-alegerilor-avem-dovada-ca-au-fos,2025-09-30,video-transcript,RUSIA,țară,5,0.982
2025-09-30_nicusor-dan-despre-anularea-alegerilor-avem-dovada-ca-au-fos,2025-09-30,video-transcript,ROMÂNIA,țară,3,0.956
2025-09-30_nicusor-dan-despre-stagiul-militar-voluntar-romania-sa-aiba,2025-09-30,video-transcript,STATUL ROMÂN,țară,2,0.587
2025-09-30_nicusor-dan-despre-stagiul-militar-voluntar-romania-sa-aiba,2025-09-30,video-transcript,ROMÂNIA,țară,1,0.884
2025-10-02_nicusor-dan-amenin-area-nu-mai-este-o-chestiune-de-vecinatat,2025-10-02,video-transcript,RUSIA,țară,2,0.984
2025-10-02_nicusor-dan-zidul-anti-drone-ar-putea-fi-operational-in-cate,2025-10-02,video-transcript,R. MOLDOVA,țară,1,0.985
2025-10-02_nicusor-dan-zidul-anti-drone-ar-putea-fi-operational-in-cate,2025-10-02,video-transcript,UK,țară,1,0.983
2025-10-02_nicusor-dan-zidul-anti-drone-ar-putea-fi-operational-in-cate,2025-10-02,video-transcript,UCRAINA,țară,1,0.979
2025-10-21_nicusor-dan-in-principiu-imi-doresc-un-al-doilea-mandat-la-c,2025-10-21,video-transcript,ROMÂNIA,țară,1,0.872
2025-10-23_nicusor-dan-avem-un-razboi-hibrid-de-cel-putin-10-ani,2025-10-23,video-transcript,ROMÂNIA,țară,2,0.954
2025-10-23_nicusor-dan-avem-un-razboi-hibrid-de-cel-putin-10-ani,2025-10-23,video-transcript,UCRAINA,țară,5,0.976
2025-10-23_nicusor-dan-avem-un-razboi-hibrid-de-cel-putin-10-ani,2025-10-23,video-transcript,RUSIA,țară,5,0.976
2025-10-23_nicusor-dan-avem-un-razboi-hibrid-de-cel-putin-10-ani,2025-10-23,video-transcript,R. MOLDOVA,țară,1,0.888
2025-10-23_nicusor-dan-trebuie-sa-ne-echipam-ca-sa-descurajam-rusia-de,2025-10-23,video-transcript,RUSIA,țară,2,0.991
2025-10-27_nicusor-dan-catedrala-nationala-simbol-de-speranta-intr-o-pe,2025-10-27,video-transcript,ROMÂNIA,țară,1,0.738
2025-10-27_nicusor-dan-catedrala-nationala-simbol-de-speranta-intr-o-pe,2025-10-27,video-transcript,STATUL ROMÂN,instituție națională,1,0.462
2025-11-02_nicusor-dan-reactie-despre-reducerea-numarului-de-militari-a,2025-11-02,video-transcript,USR,partid politic,1,0.708
2025-11-02_nicusor-dan-reactie-despre-reducerea-numarului-de-militari-a,2025-11-02,video-transcript,ROMÂNIA,țară,8,0.987
2025-11-02_nicusor-dan-reactie-despre-reducerea-numarului-de-militari-a,2025-11-02,video-transcript,SUA,țară,3,0.905
2025-11-02_nicusor-dan-reactie-despre-reducerea-numarului-de-militari-a,2025-11-02,video-transcript,PARLAMENT,instituție națională,1,0.452
2025-11-06_rutte-nato-isi-va-juca-rolul-sau-nicusor-dan-reinarmarea-nu,2025-11-06,video-transcript,NATO,instituție internațională,8,0.944
2025-11-06_rutte-nato-isi-va-juca-rolul-sau-nicusor-dan-reinarmarea-nu,2025-11-06,video-transcript,ROMÂNIA,țară,7,0.974
2025-11-06_rutte-nato-isi-va-juca-rolul-sau-nicusor-dan-reinarmarea-nu,2025-11-06,video-transcript,UCRAINA,țară,2,0.742
2025-11-06_rutte-nato-isi-va-juca-rolul-sau-nicusor-dan-reinarmarea-nu,2025-11-06,video-transcript,RUSIA,țară,1,0.887
2025-11-07_nicusor-dan-despre-salariul-minim-sa-inghete,2025-11-07,video-transcript,ROMÂNIA,țară,1,0.921
2025-11-11_nicusor-dan-declaratia-oanei-gheorghiu-e-nefericita-reactia,2025-11-11,video-transcript,CSM,instituție națională,1,0.61
2025-11-12_ce-l-a-socat-pe-nicusor-dan-dupa-ce-a-ajuns-presedinte,2025-11-12,video-transcript,ROMÂNIA,țară,1,0.897
2025-11-12_conferinta-de-presa-sustinuta-de-presedintele-romaniei-nicus_6l2Eup,2025-11-12,video-transcript,ROMÂNIA,țară,21,0.978
2025-11-12_conferinta-de-presa-sustinuta-de-presedintele-romaniei-nicus_6l2Eup,2025-11-12,video-transcript,UCRAINA,țară,4,0.982
2025-11-12_conferinta-de-presa-sustinuta-de-presedintele-romaniei-nicus_6l2Eup,2025-11-12,video-transcript,UE,instituție internațională,1,0.62
2025-11-12_conferinta-de-presa-sustinuta-de-presedintele-romaniei-nicus_6l2Eup,2025-11-12,video-transcript,NATO,instituție internațională,1,0.687
2025-11-12_conferinta-de-presa-sustinuta-de-presedintele-romaniei-nicus_6l2Eup,2025-11-12,video-transcript,SUA,țară,3,0.914
2025-11-12_conferinta-de-presa-sustinuta-de-presedintele-romaniei-nicus_6l2Eup,2025-11-12,video-transcript,CSM,instituție națională,3,0.722
2025-11-12_conferinta-de-presa-sustinuta-de-presedintele-romaniei-nicus_6l2Eup,2025-11-12,video-transcript,STATUL ROMÂN,instituție națională,5,0.691
2025-11-12_conferinta-de-presa-sustinuta-de-presedintele-romaniei-nicus_6l2Eup,2025-11-12,video-transcript,RUSIA,țară,6,0.989
2025-11-12_conferinta-de-presa-sustinuta-de-presedintele-romaniei-nicus_6l2Eup,2025-11-12,video-transcript,GUVERN,instituție națională,1,0.487
2025-11-12_conferinta-de-presa-sustinuta-de-presedintele-romaniei-nicus_6l2Eup,2025-11-12,video-transcript,PARLAMENT,instituție națională,3,0.594
2025-11-12_conferinta-de-presa-sustinuta-de-presedintele-romaniei-nicus_6l2Eup,2025-11-12,video-transcript,CCR,instituție națională,4,0.647
2025-11-12_nicusor-dan-conferinta-de-presa-presedintele-prezinta-strate,2025-11-12,video-transcript,ROMÂNIA,țară,18,0.979
2025-11-12_nicusor-dan-conferinta-de-presa-presedintele-prezinta-strate,2025-11-12,video-transcript,UCRAINA,țară,1,0.72
2025-11-12_nicusor-dan-conferinta-de-presa-presedintele-prezinta-strate,2025-11-12,video-transcript,UE,instituție internațională,1,0.647
2025-11-12_nicusor-dan-conferinta-de-presa-presedintele-prezinta-strate,2025-11-12,video-transcript,NATO,instituție internațională,1,0.704
2025-11-12_nicusor-dan-conferinta-de-presa-presedintele-prezinta-strate,2025-11-12,video-transcript,CSM,instituție națională,1,0.717
2025-11-12_nicusor-dan-conferinta-de-presa-presedintele-prezinta-strate,2025-11-12,video-transcript,CHINA,țară,4,0.984
2025-11-12_nicusor-dan-conferinta-de-presa-presedintele-prezinta-strate,2025-11-12,video-transcript,DNA,instituție națională,1,0.717
2025-11-12_nicusor-dan-conferinta-de-presa-presedintele-prezinta-strate,2025-11-12,video-transcript,STATUL ROMÂN,instituție națională,3,0.759
2025-11-12_nicusor-dan-e-mai-bine-sa-fii-vecin-cu-ucraina-decat-cu-rusi,2025-11-12,video-transcript,UCRAINA,țară,3,0.99
2025-11-12_nicusor-dan-e-mai-bine-sa-fii-vecin-cu-ucraina-decat-cu-rusi,2025-11-12,video-transcript,ROMÂNIA,țară,1,0.864
2025-11-12_nicusor-dan-e-mai-bine-sa-fii-vecin-cu-ucraina-decat-cu-rusi,2025-11-12,video-transcript,RUSIA,țară,1,0.935
2025-11-12_nicusor-dan-nu-ne-dorim-sa-fim-vecini-cu-rusia,2025-11-12,video-transcript,UCRAINA,țară,3,0.99
2025-11-12_nicusor-dan-nu-ne-dorim-sa-fim-vecini-cu-rusia,2025-11-12,video-transcript,ROMÂNIA,țară,1,0.783
2025-11-12_nicusor-dan-nu-ne-dorim-sa-fim-vecini-cu-rusia,2025-11-12,video-transcript,RUSIA,țară,5,0.985
2025-11-12_nicusor-dan-nu-vrem-sa-aparam-statul-vrem-sa-aparam-cetateni,2025-11-12,video-transcript,ROMÂNIA,țară,11,0.978
2025-11-12_nicusor-dan-nu-vrem-sa-aparam-statul-vrem-sa-aparam-cetateni,2025-11-12,video-transcript,UCRAINA,țară,1,0.711
2025-11-12_nicusor-dan-nu-vrem-sa-aparam-statul-vrem-sa-aparam-cetateni,2025-11-12,video-transcript,UE,instituție internațională,1,0.646
2025-11-12_nicusor-dan-nu-vrem-sa-aparam-statul-vrem-sa-aparam-cetateni,2025-11-12,video-transcript,NATO,instituție internațională,1,0.699
2025-11-21_nicusor-dan-orice-plan-de-pace-trebuie-aprobat-de-ucraina,2025-11-21,video-transcript,STATUL ROMÂN,instituție națională,1,0.576
2025-11-21_nicusor-dan-orice-plan-de-pace-trebuie-aprobat-de-ucraina,2025-11-21,video-transcript,CSM,instituție națională,1,0.535
2025-11-21_nicusor-dan-orice-plan-de-pace-trebuie-aprobat-de-ucraina,2025-11-21,video-transcript,UCRAINA,țară,1,0.81
2025-11-26_nicusor-dan-declaratii-din-parlament-despre-problemele-inter,2025-11-26,video-transcript,ROMÂNIA,țară,10,0.99
2025-11-26_nicusor-dan-declaratii-din-parlament-despre-problemele-inter,2025-11-26,video-transcript,SUA,țară,2,0.904
2025-11-26_nicusor-dan-declaratii-din-parlament-despre-problemele-inter,2025-11-26,video-transcript,NATO,instituție internațională,4,0.899
2025-11-26_nicusor-dan-declaratii-din-parlament-despre-problemele-inter,2025-11-26,video-transcript,UE,instituție internațională,5,0.942
2025-11-26_nicusor-dan-declaratii-din-parlament-despre-problemele-inter,2025-11-26,video-transcript,R. MOLDOVA,țară,1,0.759
2025-11-26_nicusor-dan-declaratii-din-parlament-despre-problemele-inter,2025-11-26,video-transcript,UCRAINA,țară,1,0.804
2025-11-26_nicusor-dan-declaratii-din-parlament-despre-problemele-inter,2025-11-26,video-transcript,OCDE,instituție internațională,2,0.895
2025-11-26_nicusor-dan-declaratii-dupa-sustinerea-discursului-in-parlam,2025-11-26,video-transcript,GUVERN,instituție națională,2,0.646
2025-11-26_nicusor-dan-declaratii-dupa-sustinerea-discursului-in-parlam,2025-11-26,video-transcript,PARLAMENT,instituție națională,2,0.733
2025-11-26_nicusor-dan-drone-care-din-cand-in-cand-intra-pe-teritoriul,2025-11-26,video-transcript,RUSIA,țară,1,0.904
2025-11-26_nicusor-dan-vom-sustine-in-continuare-ucraina-si-republica-m,2025-11-26,video-transcript,R. MOLDOVA,țară,1,0.935
2025-11-26_nicusor-dan-vom-sustine-in-continuare-ucraina-si-republica-m,2025-11-26,video-transcript,UCRAINA,țară,1,0.942
2025-11-26_nicusor-dan-vom-sustine-in-continuare-ucraina-si-republica-m,2025-11-26,video-transcript,UE,instituție internațională,1,0.77
2025-12-01_nicusor-dan-mesaj-de-ziua-nationala-e-o-zi-de-sarbatoare-sa,2025-12-01,video-transcript,SUA,țară,1,0.974
2025-12-01_nicusor-dan-suntem-membri-ai-ue-dar-de-multe-ori-vocea-roman,2025-12-01,video-transcript,UE,instituție internațională,1,0.829
2025-12-01_nicusor-dan-suntem-membri-ai-ue-dar-de-multe-ori-vocea-roman,2025-12-01,video-transcript,ROMÂNIA,țară,4,0.985
2025-12-02_nicusor-dan-mesaj-de-1-decembrie-digi24-stiriledigi24,2025-12-02,video-transcript,ROMÂNIA,țară,2,0.98
2025-12-02_nicusor-dan-mesaj-de-1-decembrie-totusi-suntem-mai-putin-cor,2025-12-02,video-transcript,ROMÂNIA,țară,24,0.99
2025-12-02_nicusor-dan-mesaj-de-1-decembrie-totusi-suntem-mai-putin-cor,2025-12-02,video-transcript,RUSIA,țară,2,0.814
2025-12-02_nicusor-dan-mesaj-de-1-decembrie-totusi-suntem-mai-putin-cor,2025-12-02,video-transcript,UE,instituție internațională,1,0.611
2025-12-03_nicusor-dan-despre-criza-apei-potabile-din-prahova-vinova-ia,2025-12-03,video-transcript,USR,partid politic,1,0.965
2025-12-03_nicusor-dan-despre-criza-apei-potabile-din-prahova-vinova-ia,2025-12-03,video-transcript,ROMÂNIA,țară,1,0.933
2025-12-03_nicusor-dan-dupa-amenintarile-lui-putin-sunt-declaratii-pent,2025-12-03,video-transcript,PUTIN,persoană politică,1,0.912
2025-12-03_nicusor-dan-dupa-amenintarile-lui-putin-sunt-declaratii-pent,2025-12-03,video-transcript,RUSIA,țară,1,0.628
2025-12-03_nicusor-dan-dupa-amenintarile-lui-putin-sunt-declaratii-pent,2025-12-03,video-transcript,ROMÂNIA,țară,1,0.92
2025-12-04_nicusor-dan-despre-alegerile-anulate-au-aparut-suficiente-in,2025-12-04,video-transcript,RUSIA,țară,1,0.886
2025-12-04_nicusor-dan-despre-demisia-lui-mosteanu-intensitatea-critici,2025-12-04,video-transcript,USR,partid politic,1,0.975
2025-12-04_nicusor-dan-despre-demisia-lui-mosteanu-intensitatea-critici,2025-12-04,video-transcript,ROMÂNIA,țară,1,0.928
2025-12-04_nicusor-dan-vinovatia-este-la-apele-romane-newsroom-din-3-de,2025-12-04,video-transcript,USR,partid politic,1,0.969
2025-12-04_nicusor-dan-vinovatia-este-la-apele-romane-newsroom-din-3-de,2025-12-04,video-transcript,ROMÂNIA,țară,1,0.929
2025-12-07_presedintele-nicusor-dan-de-mult-nu-am-mai-votat-pentru-altc,2025-12-07,video-transcript,ROMÂNIA,țară,1,0.933
2025-12-10_nicusor-dan-nu-toti-votantii-aur-sunt-extremisti-stiri-b1tv,2025-12-10,video-transcript,ROMÂNIA,țară,2,0.96
2025-12-10_romania-lui-vitalie-nicusor-dan-despre-strategia-de-securita,2025-12-10,video-transcript,SUA,țară,11,0.95
2025-12-10_romania-lui-vitalie-nicusor-dan-despre-strategia-de-securita,2025-12-10,video-transcript,UE,instituție internațională,9,0.894
2025-12-10_romania-lui-vitalie-nicusor-dan-despre-strategia-de-securita,2025-12-10,video-transcript,ROMÂNIA,țară,2,0.907
2025-12-10_romania-lui-vitalie-nicusor-dan-despre-strategia-de-securita,2025-12-10,video-transcript,FRANȚA,țară,3,0.954
2025-12-10_romania-lui-vitalie-nicusor-dan-despre-strategia-de-securita,2025-12-10,video-transcript,UK,țară,2,0.869
2025-12-10_romania-lui-vitalie-nicusor-dan-despre-strategia-de-securita,2025-12-10,video-transcript,GERMANIA,țară,1,0.865
2025-12-10_romania-lui-vitalie-nicusor-dan-despre-strategia-de-securita,2025-12-10,video-transcript,ZELENSKI,persoană politică,2,0.706
2025-12-10_romania-lui-vitalie-nicusor-dan-despre-strategia-de-securita,2025-12-10,video-transcript,UCRAINA,țară,2,0.891
2025-12-10_romania-lui-vitalie-nicusor-dan-despre-strategia-de-securita,2025-12-10,video-transcript,PUTIN,persoană politică,1,0.881
2025-12-10_romania-lui-vitalie-nicusor-dan-despre-strategia-de-securita,2025-12-10,video-transcript,ORBAN,persoană politică,1,0.703
2025-12-15_nicusor-dan-anunturi-majore-in-scandalurile-momentului,2025-12-15,video-transcript,ROMÂNIA,țară,3,0.985
2025-12-16_nicusor-dan-declara-ca-rusia-va-continua-sa-fie-o-amenintare,2025-12-16,video-transcript,NATO,instituție internațională,1,0.796
2025-12-16_nicusor-dan-declara-ca-rusia-va-continua-sa-fie-o-amenintare,2025-12-16,video-transcript,UE,instituție internațională,1,0.843
2025-12-16_nicusor-dan-declara-ca-rusia-va-continua-sa-fie-o-amenintare,2025-12-16,video-transcript,ROMÂNIA,țară,4,0.976
2025-12-16_nicusor-dan-declara-ca-rusia-va-continua-sa-fie-o-amenintare,2025-12-16,video-transcript,CSM,instituție națională,1,0.669
2025-12-16_nicusor-dan-sunt-destul-de-pesimist-cu-privire-la-intentia-r,2025-12-16,video-transcript,UCRAINA,țară,2,0.947
2025-12-16_nicusor-dan-sunt-destul-de-pesimist-cu-privire-la-intentia-r,2025-12-16,video-transcript,RUSIA,țară,1,0.874
2025-12-16_nicusor-dan-trebuie-sa-fim-calmi-dar-sa-investim-in-aparare,2025-12-16,video-transcript,UCRAINA,țară,1,0.742
2025-12-16_nicusor-dan-trebuie-sa-fim-calmi-dar-sa-investim-in-aparare,2025-12-16,video-transcript,RUSIA,țară,1,0.826
2025-12-17_declaratia-presedintelui-romaniei-nicusor-dan-in-regatul-mar,2025-12-17,video-transcript,ROMÂNIA,țară,2,0.923
2025-12-17_nicusor-dan-sunt-probleme-la-modul-in-care-se-fac-promovaril,2025-12-17,video-transcript,GUVERN,instituție națională,2,0.709
2025-12-17_nicusor-dan-sunt-probleme-la-modul-in-care-se-fac-promovaril,2025-12-17,video-transcript,PARLAMENT,instituție națională,1,0.638
2025-12-17_nicusor-dan-sunt-probleme-la-modul-in-care-se-fac-promovaril,2025-12-17,video-transcript,ROMÂNIA,țară,1,0.784
2025-12-18_nicusor-dan-avem-atacuri-cibernetice-campanie-de-dezinformar,2025-12-18,video-transcript,ROMÂNIA,țară,3,0.962
2025-12-18_nicusor-dan-avem-atacuri-cibernetice-campanie-de-dezinformar,2025-12-18,video-transcript,POLONIA,țară,1,0.778
2025-12-18_nicusor-dan-avem-atacuri-cibernetice-campanie-de-dezinformar,2025-12-18,video-transcript,RUSIA,țară,1,0.942
2025-12-18_nicusor-dan-problema-fundamentala-este-de-ce-nu-reusim-in-15_wynkjt,2025-12-18,video-transcript,UCRAINA,țară,2,0.966
2025-12-18_nicusor-dan-problema-fundamentala-este-de-ce-nu-reusim-in-15_wynkjt,2025-12-18,video-transcript,ROMÂNIA,țară,1,0.47
2025-12-18_nicusor-dan-problema-fundamentala-este-de-ce-nu-reusim-in-15_wynkjt,2025-12-18,video-transcript,DNA,instituție națională,1,0.535
2025-12-18_nicusor-dan-sustinem-oricare-dintre-variantele-de-ajutor-fin,2025-12-18,video-transcript,UCRAINA,țară,5,0.985
2025-12-18_nicusor-dan-sustinem-oricare-dintre-variantele-de-ajutor-fin,2025-12-18,video-transcript,UNGARIA,țară,1,0.754
2025-12-18_nicusor-dan-sustinem-oricare-dintre-variantele-de-ajutor-fin,2025-12-18,video-transcript,ROMÂNIA,țară,1,0.606
2025-12-18_nicusor-dan-sustinem-oricare-dintre-variantele-de-ajutor-fin,2025-12-18,video-transcript,DNA,instituție națională,1,0.577
2025-12-21_declaratia-presedintelui-romaniei-nicusor-dan-pe-tema-proble,2025-12-21,video-transcript,ROMÂNIA,țară,1,0.827
2025-12-21_nicusor-dan-exista-magistrati-care-actioneaza-in-interesul-u_i-HYCW,2025-12-21,video-transcript,CSM,instituție națională,1,0.495
2025-12-22_discutii-publice-la-cotroceni-intre-presedintele-romaniei-ni_7lGgIp,2025-12-22,video-transcript,ROMÂNIA,țară,7,0.977
2025-12-22_discutii-publice-la-cotroceni-intre-presedintele-romaniei-ni_7lGgIp,2025-12-22,video-transcript,COMISIA EUROPEANĂ,instituție națională,1,0.55
2025-12-22_discutii-publice-la-cotroceni-intre-presedintele-romaniei-ni_7lGgIp,2025-12-22,video-transcript,PARLAMENT,instituție națională,3,0.65
2025-12-22_discutii-publice-la-cotroceni-intre-presedintele-romaniei-ni_7lGgIp,2025-12-22,video-transcript,CSM,instituție națională,21,0.778
2025-12-22_discutii-publice-la-cotroceni-intre-presedintele-romaniei-ni_7lGgIp,2025-12-22,video-transcript,UK,țară,1,0.843
2025-12-22_discutii-publice-la-cotroceni-intre-presedintele-romaniei-ni_7lGgIp,2025-12-22,video-transcript,UE,instituție internațională,1,0.91
2025-12-22_discutii-publice-la-cotroceni-intre-presedintele-romaniei-ni_7lGgIp,2025-12-22,video-transcript,ITALIA,țară,1,0.895
2025-12-22_discutii-publice-la-cotroceni-intre-presedintele-romaniei-ni_7lGgIp,2025-12-22,video-transcript,POLONIA,țară,1,0.946
2025-12-22_discutii-publice-la-cotroceni-intre-presedintele-romaniei-ni_7lGgIp,2025-12-22,video-transcript,DNA,instituție națională,5,0.661
2026-01-06_declaratia-presedintelui-romaniei-nicusor-dan-dupa-participa_iZQQF2,2026-01-06,video-transcript,UCRAINA,țară,8,0.988
2026-01-06_declaratia-presedintelui-romaniei-nicusor-dan-dupa-participa_iZQQF2,2026-01-06,video-transcript,SUA,țară,5,0.943
2026-01-06_declaratia-presedintelui-romaniei-nicusor-dan-dupa-participa_iZQQF2,2026-01-06,video-transcript,RUSIA,țară,1,0.451
2026-01-06_declaratia-presedintelui-romaniei-nicusor-dan-dupa-participa_iZQQF2,2026-01-06,video-transcript,ROMÂNIA,țară,14,0.992
2026-01-06_declaratia-presedintelui-romaniei-nicusor-dan-dupa-participa_iZQQF2,2026-01-06,video-transcript,BULGARIA,țară,1,0.948
2026-01-06_declaratia-presedintelui-romaniei-nicusor-dan-dupa-participa_iZQQF2,2026-01-06,video-transcript,FRANȚA,țară,1,0.664
2026-01-06_declaratia-presedintelui-romaniei-nicusor-dan-dupa-participa_iZQQF2,2026-01-06,video-transcript,CCR,instituție națională,1,0.721
2026-01-06_declaratia-presedintelui-romaniei-nicusor-dan-dupa-participa_iZQQF2,2026-01-06,video-transcript,PARLAMENT,instituție națională,3,0.727
2026-01-06_declaratia-presedintelui-romaniei-nicusor-dan-dupa-participa_iZQQF2,2026-01-06,video-transcript,PSD,partid politic,1,0.91
2026-01-06_nicusor-dan-declaratii-la-bordul-avionului-spartan-cu-care-a,2026-01-06,video-transcript,ROMÂNIA,țară,2,0.987
2026-01-06_nicusor-dan-suntem-intr-un-context-international-dificil,2026-01-06,video-transcript,ROMÂNIA,țară,2,0.955
2026-01-07_garantii-de-securitate-pentru-ucraina-si-mize-interne-nicuso,2026-01-07,video-transcript,UCRAINA,țară,7,0.983
2026-01-07_garantii-de-securitate-pentru-ucraina-si-mize-interne-nicuso,2026-01-07,video-transcript,SUA,țară,5,0.901
2026-01-07_garantii-de-securitate-pentru-ucraina-si-mize-interne-nicuso,2026-01-07,video-transcript,RUSIA,țară,1,0.465
2026-01-07_garantii-de-securitate-pentru-ucraina-si-mize-interne-nicuso,2026-01-07,video-transcript,ROMÂNIA,țară,13,0.975
2026-01-07_garantii-de-securitate-pentru-ucraina-si-mize-interne-nicuso,2026-01-07,video-transcript,BULGARIA,țară,1,0.908
2026-01-07_garantii-de-securitate-pentru-ucraina-si-mize-interne-nicuso,2026-01-07,video-transcript,FRANȚA,țară,1,0.769
2026-01-07_garantii-de-securitate-pentru-ucraina-si-mize-interne-nicuso,2026-01-07,video-transcript,CCR,instituție națională,1,0.78
2026-01-07_garantii-de-securitate-pentru-ucraina-si-mize-interne-nicuso,2026-01-07,video-transcript,PARLAMENT,instituție națională,3,0.586
2026-01-07_garantii-de-securitate-pentru-ucraina-si-mize-interne-nicuso,2026-01-07,video-transcript,PSD,partid politic,1,0.898
2026-01-07_garantii-de-securitate-pentru-ucraina-si-mize-interne-nicuso,2026-01-07,video-transcript,GUVERN,instituție națională,1,0.499
2026-01-07_nicusor-dan-e-nevoie-de-un-avion-prezidential,2026-01-07,video-transcript,FRANȚA,țară,1,0.919
2026-01-07_nicusor-dan-e-nevoie-de-un-avion-prezidential,2026-01-07,video-transcript,GERMANIA,țară,1,0.888
2026-01-07_nicusor-dan-mi-ar-fi-placut-mai-degraba-ca-taxele-sa-scada,2026-01-07,video-transcript,GUVERN,instituție națională,2,0.478
2026-01-07_nicusor-dan-mi-ar-fi-placut-mai-degraba-ca-taxele-sa-scada,2026-01-07,video-transcript,PARLAMENT,instituție națională,1,0.611
2026-01-15_nicusor-dan-romania-sustine-pacea-in-ucraina-si-integrarea-r,2026-01-15,video-transcript,ROMÂNIA,țară,26,0.993
2026-01-15_nicusor-dan-romania-sustine-pacea-in-ucraina-si-integrarea-r,2026-01-15,video-transcript,SUA,țară,5,0.98
2026-01-15_nicusor-dan-romania-sustine-pacea-in-ucraina-si-integrarea-r,2026-01-15,video-transcript,RUSIA,țară,3,0.851
2026-01-15_nicusor-dan-romania-sustine-pacea-in-ucraina-si-integrarea-r,2026-01-15,video-transcript,R. MOLDOVA,țară,4,0.967
2026-01-15_nicusor-dan-romania-sustine-pacea-in-ucraina-si-integrarea-r,2026-01-15,video-transcript,UE,instituție internațională,3,0.528
2026-01-15_nicusor-dan-romania-sustine-pacea-in-ucraina-si-integrarea-r,2026-01-15,video-transcript,UCRAINA,țară,3,0.916
2026-01-15_nicusor-dan-romania-sustine-pacea-in-ucraina-si-integrarea-r,2026-01-15,video-transcript,ONU,instituție internațională,1,0.825
2026-01-20_nicusor-dan-anunta-azi-daca-merge-la-davos-pentru-consiliul,2026-01-20,video-transcript,UE,instituție internațională,1,0.743
2026-01-20_nicusor-dan-anunta-azi-daca-merge-la-davos-pentru-consiliul,2026-01-20,video-transcript,ROMÂNIA,țară,1,0.95
2026-01-22_nicusor-dan-despre-pozitia-romaniei-cu-privire-la-groenlanda,2026-01-22,video-transcript,UCRAINA,țară,1,0.731
2026-01-22_nicusor-dan-despre-pozitia-romaniei-cu-privire-la-groenlanda,2026-01-22,video-transcript,ROMÂNIA,țară,4,0.951
2026-01-22_nicusor-dan-despre-pozitia-romaniei-cu-privire-la-groenlanda,2026-01-22,video-transcript,R. MOLDOVA,țară,1,0.671
2026-01-23_nicusor-dan-explica-ce-inseamna-ca-nu-a-mers-teleleu-la-davo,2026-01-23,video-transcript,STATUL ROMÂN,țară,1,0.846
2026-01-24_discursul-lui-nicusor-dan-de-la-iasi-bruiat-de-simpatizantii,2026-01-24,video-transcript,ROMÂNIA,țară,5,0.975
2026-01-24_huiduieli-si-aplauze-la-focsani-nicusor-dan-este-un-drept-pe,2026-01-24,video-transcript,ROMÂNIA,țară,2,0.92
2026-01-24_nicusor-dan-e-democratie-e-libertate-sa-spuna-fiecare-ce-vre,2026-01-24,video-transcript,ROMÂNIA,țară,16,0.978
2026-01-24_nicusor-dan-e-democratie-e-libertate-sa-spuna-fiecare-ce-vre,2026-01-24,video-transcript,FRANȚA,țară,2,0.97
2026-01-24_nicusor-dan-e-democratie-e-libertate-sa-spuna-fiecare-ce-vre,2026-01-24,video-transcript,PNL,partid politic,1,0.871
2026-01-24_nicusor-dan-e-democratie-e-libertate-sa-spuna-fiecare-ce-vre,2026-01-24,video-transcript,UCRAINA,țară,3,0.947
2026-01-24_nicusor-dan-la-multi-ani-dragi-focsaneni-care-huiduiti-autor,2026-01-24,video-transcript,ROMÂNIA,țară,2,0.914
2026-01-24_nicusor-dan-mae-analizeaza-participarea-romaniei-la-consiliu,2026-01-24,video-transcript,ROMÂNIA,țară,2,0.988
2026-01-24_nicusor-dan-nu-facem-comedii-din-relatia-intre-guvern-si-par,2026-01-24,video-transcript,ROMÂNIA,țară,1,0.937
2026-01-24_nicusor-dan-nu-facem-comedii-din-relatia-intre-guvern-si-par,2026-01-24,video-transcript,PNL,partid politic,2,0.985
2026-01-24_nicusor-dan-nu-facem-comedii-din-relatia-intre-guvern-si-par,2026-01-24,video-transcript,BOLOJAN,persoană politică,1,0.467
2026-01-24_ziua-unirii-principatelor-umbrita-de-proteste-discursul-lui,2026-01-24,video-transcript,ROMÂNIA,țară,2,0.938
2026-01-30_nicusor-dan-despre-numirile-la-sri-si-sie-digi24-stiriledigi,2026-01-30,video-transcript,PARLAMENT,instituție națională,1,0.573
2026-01-30_nicusor-dan-despre-tensiunile-din-coalitie-nu-exista-alterna,2026-01-30,video-transcript,PNL,partid politic,4,0.99
2026-01-30_nicusor-dan-despre-tensiunile-din-coalitie-nu-exista-alterna,2026-01-30,video-transcript,BOLOJAN,persoană politică,1,0.575
2026-01-30_nicusor-dan-despre-tensiunile-din-coalitie-nu-exista-alterna,2026-01-30,video-transcript,USR,partid politic,1,0.956
2026-01-30_nicusor-dan-despre-tensiunile-din-coalitie-nu-exista-alterna,2026-01-30,video-transcript,PSD,partid politic,2,0.925
2026-01-30_nicusor-dan-despre-tensiunile-din-coalitie-nu-exista-alterna,2026-01-30,video-transcript,ROMÂNIA,țară,12,0.98
2026-01-30_nicusor-dan-despre-tensiunile-din-coalitie-nu-exista-alterna,2026-01-30,video-transcript,UE,instituție internațională,5,0.749
2026-01-30_nicusor-dan-despre-tensiunile-din-coalitie-nu-exista-alterna,2026-01-30,video-transcript,GUVERN,instituție națională,3,0.852
2026-01-30_nicusor-dan-despre-tensiunile-din-coalitie-nu-exista-alterna,2026-01-30,video-transcript,STATUL ROMÂN,instituție națională,2,0.744
2026-01-30_nicusor-dan-despre-tensiunile-din-coalitie-nu-exista-alterna,2026-01-30,video-transcript,PARLAMENT,instituție națională,2,0.73
2026-01-30_nicusor-dan-despre-tensiunile-din-coalitie-nu-exista-alterna,2026-01-30,video-transcript,SUA,țară,9,0.958
2026-01-30_nicusor-dan-despre-tensiunile-din-coalitie-nu-exista-alterna,2026-01-30,video-transcript,TRUMP,persoană politică,1,0.966
2026-01-30_nicusor-dan-despre-tensiunile-din-coalitie-nu-exista-alterna,2026-01-30,video-transcript,FRANȚA,țară,2,0.983
2026-01-30_nicusor-dan-despre-tensiunile-din-coalitie-nu-exista-alterna,2026-01-30,video-transcript,GERMANIA,țară,1,0.966
2026-01-30_nicusor-dan-despre-tensiunile-din-coalitie-nu-exista-alterna,2026-01-30,video-transcript,COMISIA EUROPEANĂ,instituție internațională,1,0.685
2026-01-30_nicusor-dan-despre-tensiunile-din-coalitie-nu-exista-alterna_9sksTM,2026-01-30,video-transcript,BOLOJAN,persoană politică,2,0.97
2026-01-30_nicusor-dan-despre-tensiunile-din-coalitie-nu-exista-alterna_9sksTM,2026-01-30,video-transcript,PNL,partid politic,1,0.968
2026-01-30_nicusor-dan-despre-tensiunile-din-coalitie-nu-exista-alterna_9sksTM,2026-01-30,video-transcript,PSD,partid politic,1,0.922
2026-01-30_nicusor-dan-nu-exista-risc-de-crestere-de-taxe-in-viitorul-a,2026-01-30,video-transcript,GUVERN,instituție națională,2,0.709
2026-02-09_participa-sau-nu-romania-la-consiliul-pentru-pace-al-lui-tru,2026-02-09,video-transcript,ROMÂNIA,țară,1,0.955
2026-02-12_ce-spune-nicusor-dan-despre-participarea-romaniei-la-prima-e,2026-02-12,video-transcript,ROMÂNIA,țară,2,0.99
2026-02-12_declaratii-de-presa-sustinute-de-presedintele-romaniei-nicus,2026-02-12,video-transcript,SUA,țară,3,0.942
2026-02-12_declaratii-de-presa-sustinute-de-presedintele-romaniei-nicus,2026-02-12,video-transcript,ROMÂNIA,țară,4,0.982
2026-02-12_declaratii-de-presa-sustinute-de-presedintele-romaniei-nicus,2026-02-12,video-transcript,CHINA,țară,1,0.906
2026-02-12_declaratii-de-presa-sustinute-de-presedintele-romaniei-nicus,2026-02-12,video-transcript,UE,instituție internațională,2,0.537
2026-02-12_nicusor-dan-anunt-de-la-consiliul-european-il-refuza-din-nou,2026-02-12,video-transcript,ROMÂNIA,țară,4,0.911
2026-02-12_nicusor-dan-anunt-de-la-consiliul-european-il-refuza-din-nou,2026-02-12,video-transcript,SUA,țară,3,0.817
2026-02-12_nicusor-dan-anunt-de-la-consiliul-european-il-refuza-din-nou,2026-02-12,video-transcript,CHINA,țară,1,0.673
2026-02-12_nicusor-dan-anunt-de-la-consiliul-european-il-refuza-din-nou,2026-02-12,video-transcript,UE,instituție internațională,1,0.745
2026-02-12_nicusor-dan-dupa-summitul-din-belgia-comisia-europeana-va-pr,2026-02-12,video-transcript,ROMÂNIA,țară,5,0.963
2026-02-12_nicusor-dan-dupa-summitul-din-belgia-comisia-europeana-va-pr,2026-02-12,video-transcript,SUA,țară,5,0.946
2026-02-12_nicusor-dan-dupa-summitul-din-belgia-comisia-europeana-va-pr,2026-02-12,video-transcript,CHINA,țară,1,0.813
2026-02-12_nicusor-dan-dupa-summitul-din-belgia-comisia-europeana-va-pr,2026-02-12,video-transcript,NATO,instituție internațională,1,0.473
2026-02-12_nicusor-dan-dupa-summitul-din-belgia-comisia-europeana-va-pr,2026-02-12,video-transcript,UE,instituție internațională,1,0.684
2026-02-12_nicusor-dan-dupa-summitul-din-belgia-comisia-europeana-va-pr,2026-02-12,video-transcript,STATUL ROMÂN,țară,1,0.84
2026-02-12_nicusor-dan-dupa-summitul-din-belgia-comisia-europeana-va-pr,2026-02-12,video-transcript,PARLAMENT,instituție națională,1,0.625
2026-02-12_nicusor-dan-dupa-summitul-din-belgia-comisia-europeana-va-pr,2026-02-12,video-transcript,PARLAMENTUL EUROPEAN,instituție internațională,1,0.694
2026-02-12_nicusor-dan-pretul-energiei-este-o-chestiune-foarte-importan,2026-02-12,video-transcript,ROMÂNIA,țară,1,0.896
2026-02-12_nicusor-dan-pretul-energiei-este-o-chestiune-foarte-importan,2026-02-12,video-transcript,SUA,țară,1,0.844
2026-02-12_nicusor-dan-pretul-energiei-este-o-chestiune-foarte-importan,2026-02-12,video-transcript,CHINA,țară,1,0.944
2026-02-13_declaratiile-presedintelui-romaniei-nicusor-dan-dupa-reuniun,2026-02-13,video-transcript,ROMÂNIA,țară,5,0.962
2026-02-13_declaratiile-presedintelui-romaniei-nicusor-dan-dupa-reuniun,2026-02-13,video-transcript,SUA,țară,5,0.951
2026-02-13_declaratiile-presedintelui-romaniei-nicusor-dan-dupa-reuniun,2026-02-13,video-transcript,CHINA,țară,1,0.781
2026-02-13_declaratiile-presedintelui-romaniei-nicusor-dan-dupa-reuniun,2026-02-13,video-transcript,UE,instituție internațională,2,0.567
2026-02-13_declaratiile-presedintelui-romaniei-nicusor-dan-dupa-reuniun,2026-02-13,video-transcript,STATUL ROMÂN,țară,1,0.832
2026-02-13_declaratiile-presedintelui-romaniei-nicusor-dan-dupa-reuniun,2026-02-13,video-transcript,PARLAMENT,instituție națională,1,0.611
2026-02-13_declaratiile-presedintelui-romaniei-nicusor-dan-dupa-reuniun,2026-02-13,video-transcript,PARLAMENTUL EUROPEAN,instituție internațională,1,0.668
2026-02-13_nicusor-dan-in-ciuda-atacurilor-coalitia-functioneaza-mai-bi,2026-02-13,video-transcript,STATUL ROMÂN,țară,1,0.855
2026-02-17_nicusor-dan-prezenta-la-consiliul-de-pace-necesara-dupa-anul,2026-02-17,video-transcript,ROMÂNIA,țară,3,0.987
2026-02-17_nicusor-dan-prezenta-la-consiliul-de-pace-necesara-dupa-anul,2026-02-17,video-transcript,SUA,țară,1,0.76
2026-02-19_declaratii-de-presa-sustinute-de-presedintele-romaniei-nicus,2026-02-19,video-transcript,ROMÂNIA,țară,9,0.975
2026-02-19_declaratii-de-presa-sustinute-de-presedintele-romaniei-nicus,2026-02-19,video-transcript,SUA,țară,7,0.946
2026-02-19_declaratii-de-presa-sustinute-de-presedintele-romaniei-nicus,2026-02-19,video-transcript,UE,instituție internațională,3,0.777
2026-02-19_declaratii-de-presa-sustinute-de-presedintele-romaniei-nicus,2026-02-19,video-transcript,COMISIA EUROPEANĂ,instituție internațională,1,0.63
2026-02-19_interviu-exclusiv-cu-nicusor-dan-dupa-intalnirea-cu-trump,2026-02-19,video-transcript,ROMÂNIA,țară,12,0.984
2026-02-19_interviu-exclusiv-cu-nicusor-dan-dupa-intalnirea-cu-trump,2026-02-19,video-transcript,SUA,țară,7,0.972
2026-02-19_interviu-exclusiv-cu-nicusor-dan-dupa-intalnirea-cu-trump,2026-02-19,video-transcript,COMISIA EUROPEANĂ,instituție internațională,1,0.81
2026-02-19_interviu-exclusiv-cu-nicusor-dan-dupa-intalnirea-cu-trump,2026-02-19,video-transcript,UE,instituție internațională,2,0.812
2026-02-19_nicusor-dan-discurs-la-consiliul-pentru-pace-in-sua-avem-bur,2026-02-19,video-transcript,ROMÂNIA,țară,2,0.96
2026-02-19_prima-reactie-a-lui-nicusor-dan-dupa-ce-donald-trump-l-a-num,2026-02-19,video-transcript,ROMÂNIA,țară,1,0.916
2026-02-20_nicusor-dan-nu-alegem-intre-sua-si-ue-romania-trebuie-sa-fie,2026-02-20,video-transcript,SUA,țară,3,0.956
2026-02-20_nicusor-dan-nu-alegem-intre-sua-si-ue-romania-trebuie-sa-fie,2026-02-20,video-transcript,UE,instituție internațională,2,0.904
2026-02-20_nicusor-dan-nu-alegem-intre-sua-si-ue-romania-trebuie-sa-fie,2026-02-20,video-transcript,COMISIA EUROPEANĂ,instituție internațională,1,0.603
2026-02-20_presedintele-nicusor-dan-problema-legitimitatii-administrati,2026-02-20,video-transcript,TRUMP,persoană politică,3,0.945
2026-02-20_presedintele-nicusor-dan-problema-legitimitatii-administrati,2026-02-20,video-transcript,SUA,țară,9,0.955
2026-02-20_presedintele-nicusor-dan-problema-legitimitatii-administrati,2026-02-20,video-transcript,ROMÂNIA,țară,8,0.986
2026-02-20_presedintele-nicusor-dan-problema-legitimitatii-administrati,2026-02-20,video-transcript,COMISIA EUROPEANĂ,instituție internațională,1,0.59
2026-02-20_presedintele-nicusor-dan-problema-legitimitatii-administrati,2026-02-20,video-transcript,UE,instituție internațională,1,0.587
2026-02-24_nicusor-dan-explica-de-ce-nu-a-promulgat-legea-pensiilor-spe,2026-02-24,video-transcript,CCR,instituție națională,2,0.834
2026-03-05_acum-nicusor-dan-anunta-daca-romania-va-gazdui-arme-nucleare,2026-03-05,video-transcript,POLONIA,țară,6,0.991
2026-03-05_acum-nicusor-dan-anunta-daca-romania-va-gazdui-arme-nucleare,2026-03-05,video-transcript,ROMÂNIA,țară,9,0.985
2026-03-05_acum-nicusor-dan-anunta-daca-romania-va-gazdui-arme-nucleare,2026-03-05,video-transcript,OCDE,instituție internațională,1,0.544
2026-03-05_acum-nicusor-dan-anunta-daca-romania-va-gazdui-arme-nucleare,2026-03-05,video-transcript,R. MOLDOVA,țară,1,0.817
2026-03-05_acum-nicusor-dan-anunta-daca-romania-va-gazdui-arme-nucleare,2026-03-05,video-transcript,UCRAINA,țară,2,0.983
2026-03-05_nicusor-dan-conferinta-de-presa-in-polonia-stiri-b1tv-5-mar,2026-03-05,video-transcript,ROMÂNIA,țară,11,0.992
2026-03-05_nicusor-dan-conferinta-de-presa-in-polonia-stiri-b1tv-5-mar,2026-03-05,video-transcript,POLONIA,țară,7,0.994
2026-03-05_nicusor-dan-conferinta-de-presa-in-polonia-stiri-b1tv-5-mar,2026-03-05,video-transcript,UCRAINA,țară,1,0.771
2026-03-05_nicusor-dan-conferinta-de-presa-in-polonia-stiri-b1tv-5-mar,2026-03-05,video-transcript,R. MOLDOVA,țară,1,0.891
2026-03-05_nicusor-dan-conferinta-de-presa-in-polonia-stiri-b1tv-5-mar,2026-03-05,video-transcript,SUA,țară,1,0.854
2026-03-05_nicusor-dan-conferinta-de-presa-in-polonia-stiri-b1tv-5-mar,2026-03-05,video-transcript,FRANȚA,țară,1,0.771
2026-03-05_nicusor-dan-despre-umbrela-nucleara-propusa-de-franta-stiri,2026-03-05,video-transcript,ROMÂNIA,țară,3,0.946
2026-03-05_nicusor-dan-despre-umbrela-nucleara-propusa-de-franta-stiri,2026-03-05,video-transcript,NATO,instituție internațională,3,0.807
2026-03-05_nicusor-dan-despre-umbrela-nucleara-propusa-de-franta-stiri,2026-03-05,video-transcript,SUA,țară,1,0.835
2026-03-05_nicusor-dan-despre-umbrela-nucleara-propusa-de-franta-stiri,2026-03-05,video-transcript,FRANȚA,țară,1,0.707
2026-03-05_nicusor-dan-nu-o-sa-plangem-republica-islamica-iran,2026-03-05,video-transcript,ROMÂNIA,țară,1,0.5
2026-03-05_nicusor-dan-polonia-participa-la-brigada-multinationala-care,2026-03-05,video-transcript,ROMÂNIA,țară,2,0.977
2026-03-05_nicusor-dan-polonia-participa-la-brigada-multinationala-care,2026-03-05,video-transcript,POLONIA,țară,2,0.97
2026-03-05_nicusor-dan-polonia-si-romania-impreuna-au-multe-oportunitat,2026-03-05,video-transcript,ROMÂNIA,țară,16,0.99
2026-03-05_nicusor-dan-polonia-si-romania-impreuna-au-multe-oportunitat,2026-03-05,video-transcript,POLONIA,țară,7,0.989
2026-03-05_nicusor-dan-polonia-si-romania-impreuna-au-multe-oportunitat,2026-03-05,video-transcript,OCDE,instituție internațională,1,0.567
2026-03-05_nicusor-dan-polonia-si-romania-impreuna-au-multe-oportunitat,2026-03-05,video-transcript,R. MOLDOVA,țară,1,0.73
2026-03-05_nicusor-dan-polonia-si-romania-impreuna-au-multe-oportunitat,2026-03-05,video-transcript,UCRAINA,țară,2,0.978
2026-03-05_nicusor-dan-polonia-si-romania-impreuna-au-multe-oportunitat,2026-03-05,video-transcript,NATO,instituție internațională,3,0.802
2026-03-05_nicusor-dan-polonia-si-romania-impreuna-au-multe-oportunitat,2026-03-05,video-transcript,SUA,țară,1,0.775
2026-03-05_nicusor-dan-polonia-si-romania-impreuna-au-multe-oportunitat,2026-03-05,video-transcript,FRANȚA,țară,1,0.635
2026-03-05_nicusor-dan-romania-este-acoperita-de-o-umbrela-nucleara,2026-03-05,video-transcript,NATO,instituție internațională,1,0.541
2026-03-05_nicusor-dan-romania-este-acoperita-de-o-umbrela-nucleara,2026-03-05,video-transcript,ROMÂNIA,țară,2,0.988
2026-03-05_nicusor-dan-romania-este-acoperita-de-o-umbrela-nucleara,2026-03-05,video-transcript,FRANȚA,țară,1,0.91
2026-03-06_declaratii-de-presa-sustinute-de-presedintele-romaniei-nicus_Ry-ZYl,2026-03-06,video-transcript,POLONIA,țară,8,0.99
2026-03-06_declaratii-de-presa-sustinute-de-presedintele-romaniei-nicus_Ry-ZYl,2026-03-06,video-transcript,ROMÂNIA,țară,16,0.986
2026-03-06_declaratii-de-presa-sustinute-de-presedintele-romaniei-nicus_Ry-ZYl,2026-03-06,video-transcript,UE,instituție internațională,1,0.553
2026-03-06_declaratii-de-presa-sustinute-de-presedintele-romaniei-nicus_Ry-ZYl,2026-03-06,video-transcript,R. MOLDOVA,țară,1,0.718
2026-03-06_declaratii-de-presa-sustinute-de-presedintele-romaniei-nicus_Ry-ZYl,2026-03-06,video-transcript,UCRAINA,țară,2,0.974
2026-03-06_declaratii-de-presa-sustinute-de-presedintele-romaniei-nicus_Ry-ZYl,2026-03-06,video-transcript,NATO,instituție internațională,3,0.716
2026-03-06_declaratii-de-presa-sustinute-de-presedintele-romaniei-nicus_Ry-ZYl,2026-03-06,video-transcript,SUA,țară,1,0.826
2026-03-06_declaratii-de-presa-sustinute-de-presedintele-romaniei-nicus_Ry-ZYl,2026-03-06,video-transcript,FRANȚA,țară,1,0.879
2026-03-06_nicusor-dan-romania-nu-va-gazdui-focoase-nucleare-in-viitoru,2026-03-06,video-transcript,ROMÂNIA,țară,2,0.969
2026-03-06_nicusor-dan-romania-nu-va-gazdui-focoase-nucleare-in-viitoru,2026-03-06,video-transcript,NATO,instituție internațională,3,0.866
2026-03-06_nicusor-dan-romania-nu-va-gazdui-focoase-nucleare-in-viitoru,2026-03-06,video-transcript,SUA,țară,1,0.879
2026-03-06_nicusor-dan-romania-nu-va-gazdui-focoase-nucleare-in-viitoru,2026-03-06,video-transcript,FRANȚA,țară,1,0.75
2026-03-07_nicusor-dan-imi-voi-asuma-in-justitie-vin-din-societatea-civ,2026-03-07,video-transcript,ROMÂNIA,țară,1,0.921
2026-03-11_ce-trimite-sua-in-tara-noastra-declaratiile-lui-nicusor-dan,2026-03-11,video-transcript,ROMÂNIA,țară,4,0.983
2026-03-11_ce-trimite-sua-in-tara-noastra-declaratiile-lui-nicusor-dan,2026-03-11,video-transcript,PARLAMENT,instituție națională,1,0.584
2026-03-11_ce-trimite-sua-in-tara-noastra-declaratiile-lui-nicusor-dan,2026-03-11,video-transcript,SUA,țară,2,0.947
2026-03-11_declaratie-sustinuta-de-presedintele-romaniei-nicusor-dan-du,2026-03-11,video-transcript,ROMÂNIA,țară,7,0.98
2026-03-11_declaratie-sustinuta-de-presedintele-romaniei-nicusor-dan-du,2026-03-11,video-transcript,PARLAMENT,instituție națională,1,0.595
2026-03-11_declaratie-sustinuta-de-presedintele-romaniei-nicusor-dan-du,2026-03-11,video-transcript,SUA,țară,2,0.938
2026-03-12_nicusor-dan-we-will-produce-drones-in-romania-together-with,2026-03-12,video-transcript,ROMÂNIA,țară,5,0.984
2026-03-12_nicusor-dan-we-will-produce-drones-in-romania-together-with,2026-03-12,video-transcript,UCRAINA,țară,5,0.955
2026-03-12_nicusor-dan-we-will-produce-drones-in-romania-together-with,2026-03-12,video-transcript,UE,instituție internațională,1,0.606
2026-03-13_conferinta-sustinuta-de-presedintii-romaniei-si-ucrainei-nic,2026-03-13,video-transcript,ROMÂNIA,țară,12,0.984
2026-03-13_conferinta-sustinuta-de-presedintii-romaniei-si-ucrainei-nic,2026-03-13,video-transcript,UCRAINA,țară,10,0.968
2026-03-13_conferinta-sustinuta-de-presedintii-romaniei-si-ucrainei-nic,2026-03-13,video-transcript,UE,instituție internațională,1,0.468
2026-03-13_conferinta-sustinuta-de-presedintii-romaniei-si-ucrainei-nic,2026-03-13,video-transcript,COMISIA EUROPEANĂ,instituție națională,1,0.563
2026-03-19_conferinta-presedintelui-romaniei-nicusor-dan-si-a-secretaru,2026-03-19,video-transcript-diarizat,ROMÂNIA,țară,1,0.962
2026-03-19_nicusor-dan-romania-has-taken-a-clear-position-on-the-transa,2026-03-19,video-transcript,ROMÂNIA,țară,2,0.984
2026-03-19_nicusor-dan-romania-has-taken-a-clear-position-on-the-transa,2026-03-19,video-transcript,NATO,instituție internațională,1,0.459
2026-03-19_nicusor-dan-romania-has-taken-a-clear-position-on-the-transa,2026-03-19,video-transcript,UCRAINA,țară,4,0.981
2026-03-19_nicusor-dan-romania-has-taken-a-clear-position-on-the-transa_BurJvC,2026-03-19,video-transcript,ROMÂNIA,țară,5,0.972
2026-03-19_nicusor-dan-romania-has-taken-a-clear-position-on-the-transa_BurJvC,2026-03-19,video-transcript,NATO,instituție internațională,2,0.505
2026-03-19_nicusor-dan-romania-has-taken-a-clear-position-on-the-transa_BurJvC,2026-03-19,video-transcript,UCRAINA,țară,4,0.963
2026-03-30_o-posibila-iesire-a-psd-de-la-guvernare-nicusor-dan-nu-cred,2026-03-30,video-transcript,PARLAMENT,instituție națională,1,0.555
2026-03-30_o-posibila-iesire-a-psd-de-la-guvernare-nicusor-dan-nu-cred,2026-03-30,video-transcript,GUVERN,instituție națională,5,0.622
2026-03-30_o-posibila-iesire-a-psd-de-la-guvernare-nicusor-dan-nu-cred,2026-03-30,video-transcript,PSD,partid politic,1,0.957
2026-04-01_presedintele-nicusor-dan-trecerea-romaniei-la-euro-esentiala,2026-04-01,video-transcript,ROMÂNIA,țară,2,0.991
2026-04-01_presedintele-nicusor-dan-trecerea-romaniei-la-euro-esentiala,2026-04-01,video-transcript,COMISIA EUROPEANĂ,instituție internațională,1,0.629
2026-04-07_declaratiile-presedintelui-nicusor-dan-dupa-vizita-la-centru,2026-04-07,video-transcript,ROMÂNIA,țară,15,0.989
2026-04-07_declaratiile-presedintelui-nicusor-dan-dupa-vizita-la-centru,2026-04-07,video-transcript,UE,instituție internațională,1,0.649
2026-04-07_declaratiile-presedintelui-nicusor-dan-dupa-vizita-la-centru,2026-04-07,video-transcript,RUSIA,țară,1,0.879
2026-04-07_declaratiile-presedintelui-nicusor-dan-dupa-vizita-la-centru,2026-04-07,video-transcript,OCDE,instituție internațională,1,0.818
2026-04-07_declaratiile-presedintelui-nicusor-dan-dupa-vizita-la-centru,2026-04-07,video-transcript,BULGARIA,țară,1,0.934
2026-04-07_declaratiile-presedintelui-nicusor-dan-dupa-vizita-la-centru,2026-04-07,video-transcript,POLONIA,țară,1,0.945
2026-04-07_declaratiile-presedintelui-nicusor-dan-dupa-vizita-la-centru,2026-04-07,video-transcript,UCRAINA,țară,1,0.817
2026-04-07_nicusor-dan-despre-demisia-lui-bolojan-in-ce-calitate-sa-i-o,2026-04-07,video-transcript,BOLOJAN,persoană politică,1,0.955
2026-04-07_nicusor-dan-despre-demisia-lui-bolojan-in-ce-calitate-sa-i-o,2026-04-07,video-transcript,ROMÂNIA,țară,1,0.919
2026-04-07_nicusor-dan-intrebat-daca-ii-va-cere-demisia-lui-bolojan-eu,2026-04-07,video-transcript,OCDE,instituție internațională,1,0.92
2026-04-07_nicusor-dan-intrebat-daca-ii-va-cere-demisia-lui-bolojan-eu,2026-04-07,video-transcript,ROMÂNIA,țară,8,0.986
2026-04-07_nicusor-dan-intrebat-daca-ii-va-cere-demisia-lui-bolojan-eu,2026-04-07,video-transcript,BULGARIA,țară,1,0.951
2026-04-07_nicusor-dan-intrebat-daca-ii-va-cere-demisia-lui-bolojan-eu,2026-04-07,video-transcript,POLONIA,țară,1,0.977
2026-04-07_nicusor-dan-intrebat-daca-ii-va-cere-demisia-lui-bolojan-eu,2026-04-07,video-transcript,UCRAINA,țară,1,0.528
2026-04-07_nicusor-dan-nu-sunt-riscuri-acum-dar-avem-un-plan-de-criza-p,2026-04-07,video-transcript,ROMÂNIA,țară,2,0.993
2026-04-08_nicusor-dan-anunta-numiri-in-fruntea-parchetelor-astept-o-di,2026-04-08,video-transcript,CSM,instituție națională,6,0.661
2026-04-08_nicusor-dan-anunta-numiri-in-fruntea-parchetelor-astept-o-di,2026-04-08,video-transcript,DNA,instituție națională,2,0.637
2026-04-08_nicusor-dan-anunta-numiri-in-fruntea-parchetelor-astept-o-di,2026-04-08,video-transcript,GUVERN,instituție națională,1,0.465
2026-04-08_nicusor-dan-anunta-numiri-in-fruntea-parchetelor-astept-o-di,2026-04-08,video-transcript,ROMÂNIA,țară,6,0.971
2026-04-08_nicusor-dan-anunta-numiri-in-fruntea-parchetelor-astept-o-di,2026-04-08,video-transcript,UCRAINA,țară,1,0.939
2026-04-08_nicusor-dan-anunta-numiri-in-fruntea-parchetelor-astept-o-di,2026-04-08,video-transcript,UNGARIA,țară,2,0.98
2026-04-08_nicusor-dan-anunta-numiri-in-fruntea-parchetelor-astept-o-di,2026-04-08,video-transcript,STATUL ROMÂN,țară,1,0.675
2026-04-08_nicusor-dan-anunta-numiri-in-fruntea-parchetelor-astept-o-di,2026-04-08,video-transcript,UE,instituție internațională,1,0.674
2026-04-08_nicusor-dan-anunta-numiri-in-fruntea-parchetelor-astept-o-di,2026-04-08,video-transcript,PSD,partid politic,3,0.982
2026-04-08_nicusor-dan-i-was-happy-that-the-head-of-the-iasi-dna-is-run,2026-04-08,video-transcript,PSD,partid politic,3,0.977
2026-04-08_nicusor-dan-i-was-happy-that-the-head-of-the-iasi-dna-is-run,2026-04-08,video-transcript,ROMÂNIA,țară,7,0.914
2026-04-08_nicusor-dan-i-was-happy-that-the-head-of-the-iasi-dna-is-run,2026-04-08,video-transcript,DNA,instituție națională,6,0.734
2026-04-08_nicusor-dan-i-was-happy-that-the-head-of-the-iasi-dna-is-run,2026-04-08,video-transcript,CSM,instituție națională,3,0.724
2026-04-08_nicusor-dan-if-i-make-a-mistake-romanians-will-penalize-me,2026-04-08,video-transcript,CSM,instituție națională,2,0.861
2026-04-08_nicusor-dan-if-i-make-a-mistake-romanians-will-penalize-me,2026-04-08,video-transcript,ROMÂNIA,țară,3,0.92
2026-04-08_nicusor-dan-if-i-make-a-mistake-romanians-will-penalize-me,2026-04-08,video-transcript,UCRAINA,țară,1,0.822
2026-04-08_nicusor-dan-if-i-make-a-mistake-romanians-will-penalize-me,2026-04-08,video-transcript,UNGARIA,țară,2,0.893
2026-04-08_nicusor-dan-if-i-make-a-mistake-romanians-will-penalize-me,2026-04-08,video-transcript,STATUL ROMÂN,instituție națională,1,0.625
2026-04-08_nicusor-dan-respinge-acuzatiile-nu-sunt-propunerile-psd,2026-04-08,video-transcript,PSD,partid politic,2,0.972
2026-04-08_nicusor-dan-respinge-acuzatiile-nu-sunt-propunerile-psd,2026-04-08,video-transcript,ROMÂNIA,țară,1,0.803
2026-04-09_conferinta-de-presa-sustinuta-de-presedintele-romaniei-nicus_yJJ1E7,2026-04-09,video-transcript,PSD,partid politic,3,0.976
2026-04-09_conferinta-de-presa-sustinuta-de-presedintele-romaniei-nicus_yJJ1E7,2026-04-09,video-transcript,ROMÂNIA,țară,11,0.972
2026-04-09_conferinta-de-presa-sustinuta-de-presedintele-romaniei-nicus_yJJ1E7,2026-04-09,video-transcript,DNA,instituție națională,7,0.742
2026-04-09_conferinta-de-presa-sustinuta-de-presedintele-romaniei-nicus_yJJ1E7,2026-04-09,video-transcript,CSM,instituție națională,11,0.79
2026-04-09_conferinta-de-presa-sustinuta-de-presedintele-romaniei-nicus_yJJ1E7,2026-04-09,video-transcript,GUVERN,instituție națională,1,0.544
2026-04-09_conferinta-de-presa-sustinuta-de-presedintele-romaniei-nicus_yJJ1E7,2026-04-09,video-transcript,PARLAMENT,instituție națională,1,0.522
2026-04-09_conferinta-de-presa-sustinuta-de-presedintele-romaniei-nicus_yJJ1E7,2026-04-09,video-transcript,UCRAINA,țară,1,0.94
2026-04-09_conferinta-de-presa-sustinuta-de-presedintele-romaniei-nicus_yJJ1E7,2026-04-09,video-transcript,UNGARIA,țară,2,0.981
2026-04-09_conferinta-de-presa-sustinuta-de-presedintele-romaniei-nicus_yJJ1E7,2026-04-09,video-transcript,STATUL ROMÂN,țară,1,0.679
2026-04-09_conferinta-de-presa-sustinuta-de-presedintele-romaniei-nicus_yJJ1E7,2026-04-09,video-transcript,UE,instituție internațională,1,0.689
2026-04-17_nicusor-dan-calin-georgescu-a-fost-sustinut-de-o-infrastruct,2026-04-17,video-transcript,GEORGESCU,persoană politică,1,0.963
2026-04-17_nicusor-dan-calin-georgescu-a-fost-sustinut-de-o-infrastruct,2026-04-17,video-transcript,RUSIA,țară,1,0.932
2026-04-20_we-will-enter-political-turbulence-nicusor-dan-i-do-not-supp,2026-04-20,video-transcript,ROMÂNIA,țară,11,0.965
2026-04-20_we-will-enter-political-turbulence-nicusor-dan-i-do-not-supp,2026-04-20,video-transcript,PSD,partid politic,1,0.913
2026-04-20_we-will-enter-political-turbulence-nicusor-dan-i-do-not-supp,2026-04-20,video-transcript,PNL,partid politic,1,0.968
2026-04-20_we-will-enter-political-turbulence-nicusor-dan-i-do-not-supp,2026-04-20,video-transcript,PARLAMENT,instituție națională,4,0.718
2026-04-20_we-will-enter-political-turbulence-nicusor-dan-i-do-not-supp,2026-04-20,video-transcript,OCDE,instituție internațională,1,0.677
2026-04-20_we-will-enter-political-turbulence-nicusor-dan-i-do-not-supp,2026-04-20,video-transcript,GUVERN,instituție națională,1,0.455
2026-04-22_declaratie-de-presa-sustinuta-de-presedintele-romaniei-nicus,2026-04-22,video-transcript,ROMÂNIA,țară,2,0.968
2026-04-22_declaratie-de-presa-sustinuta-de-presedintele-romaniei-nicus,2026-04-22,video-transcript,OCDE,instituție internațională,1,0.829
2026-04-22_kelemen-hunor-at-the-end-of-discussions-with-nicusor-dan-we,2026-04-22,video-transcript,PSD,partid politic,1,0.937
2026-04-22_kelemen-hunor-at-the-end-of-discussions-with-nicusor-dan-we,2026-04-22,video-transcript,PNL,partid politic,1,0.965
2026-04-22_kelemen-hunor-at-the-end-of-discussions-with-nicusor-dan-we,2026-04-22,video-transcript,ROMÂNIA,țară,2,0.9
2026-04-22_kelemen-hunor-at-the-end-of-discussions-with-nicusor-dan-we,2026-04-22,video-transcript,PARLAMENT,instituție națională,1,0.54
2026-04-23_nicusor-dan-despre-situatia-demisiilor-ministrilor-psd-aprec,2026-04-23,video-transcript,UCRAINA,țară,1,0.885
2026-04-23_nicusor-dan-despre-situatia-demisiilor-ministrilor-psd-aprec,2026-04-23,video-transcript,ROMÂNIA,țară,4,0.984
2026-04-23_nicusor-dan-despre-situatia-demisiilor-ministrilor-psd-aprec,2026-04-23,video-transcript,NATO,instituție internațională,1,0.709
2026-04-23_nicusor-dan-despre-situatia-demisiilor-ministrilor-psd-aprec,2026-04-23,video-transcript,SUA,țară,1,0.586
2026-04-24_nicusor-dan-reacts-to-george-simion-s-new-discriminatory-sta,2026-04-24,video-transcript,ROMÂNIA,țară,4,0.953
2026-04-24_nicusor-dan-reacts-to-george-simion-s-new-discriminatory-sta,2026-04-24,video-transcript,UCRAINA,țară,7,0.992
2026-04-24_nicusor-dan-reacts-to-george-simion-s-new-discriminatory-sta,2026-04-24,video-transcript,UNGARIA,țară,1,0.817
2026-04-24_nicusor-dan-reacts-to-george-simion-s-new-discriminatory-sta,2026-04-24,video-transcript,GUVERN,instituție națională,2,0.636
2026-04-24_nicusor-dan-reacts-to-george-simion-s-new-discriminatory-sta,2026-04-24,video-transcript,CCR,instituție națională,1,0.796
2026-04-24_nicusor-dan-reacts-to-george-simion-s-new-discriminatory-sta,2026-04-24,video-transcript,PNL,partid politic,1,0.937
2026-04-24_nicusor-dan-reacts-to-george-simion-s-new-discriminatory-sta,2026-04-24,video-transcript,PSD,partid politic,1,0.927
2026-04-24_nicusor-dan-simion-s-statement-to-me-is-below-any-level-of-d,2026-04-24,video-transcript,ROMÂNIA,țară,1,0.906
2026-04-25_nicusor-dan-a-semnat-demisiile-ministrilor-psd-anuntul-facut,2026-04-25,video-transcript,AUR,partid politic,3,0.958
2026-04-25_nicusor-dan-a-semnat-demisiile-ministrilor-psd-anuntul-facut,2026-04-25,video-transcript,PARLAMENT,instituție națională,1,0.461
2026-04-25_nicusor-dan-a-semnat-demisiile-ministrilor-psd-anuntul-facut,2026-04-25,video-transcript,PNL,partid politic,1,0.892
2026-04-25_nicusor-dan-a-semnat-demisiile-ministrilor-psd-anuntul-facut,2026-04-25,video-transcript,PSD,partid politic,1,0.916
2026-04-29_nicusor-dan-i-wish-romania-would-be-governed-by-pro-western,2026-04-29,video-transcript,ROMÂNIA,țară,1,0.936
2026-04-29_nicusor-dan-i-wish-romania-would-be-governed-by-pro-western,2026-04-29,video-transcript,PARLAMENT,instituție națională,1,0.657
2026-04-29_nicusor-dan-i-wish-romania-would-be-governed-by-pro-western,2026-04-29,video-transcript,PSD,partid politic,1,0.938
2026-05-04_nicusor-dan-europa-isi-consolideaza-apararea-pe-fondul-reori,2026-05-04,video-transcript,SUA,țară,3,0.975
2026-05-04_nicusor-dan-regardless-of-what-happens-romania-will-continue,2026-05-04,video-transcript,R. MOLDOVA,țară,6,0.988
2026-05-04_nicusor-dan-regardless-of-what-happens-romania-will-continue,2026-05-04,video-transcript,UCRAINA,țară,7,0.978
2026-05-04_nicusor-dan-regardless-of-what-happens-romania-will-continue,2026-05-04,video-transcript,UNGARIA,țară,5,0.975
2026-05-04_nicusor-dan-regardless-of-what-happens-romania-will-continue,2026-05-04,video-transcript,UE,instituție internațională,5,0.844
2026-05-04_nicusor-dan-regardless-of-what-happens-romania-will-continue,2026-05-04,video-transcript,BULGARIA,țară,1,0.963
2026-05-04_nicusor-dan-regardless-of-what-happens-romania-will-continue,2026-05-04,video-transcript,ROMÂNIA,țară,7,0.985
2026-05-04_nicusor-dan-regardless-of-what-happens-romania-will-continue,2026-05-04,video-transcript,SUA,țară,4,0.956
2026-05-05_declaratii-de-presa-sustinute-de-presedintele-romaniei-nicus,2026-05-05,video-transcript,ROMÂNIA,țară,3,0.964
2026-05-05_declaratii-de-presa-sustinute-de-presedintele-romaniei-nicus,2026-05-05,video-transcript,OCDE,instituție internațională,1,0.736
2026-05-05_nicusor-dan-vom-avea-un-nou-guvern-pro-occidental-in-termen,2026-05-05,video-transcript,ROMÂNIA,țară,2,0.975
2026-05-06_usr-attack-on-nicusor-dan-he-was-totally-disinterested-in-th,2026-05-06,video-transcript,PSD,partid politic,2,0.991
2026-05-06_usr-attack-on-nicusor-dan-he-was-totally-disinterested-in-th,2026-05-06,video-transcript,USR,partid politic,2,0.99
2026-05-06_usr-attack-on-nicusor-dan-he-was-totally-disinterested-in-th,2026-05-06,video-transcript,PNL,partid politic,2,0.988
2026-05-09_mesajul-presedintelui-romaniei-nicusor-dan-cu-prilejul-zilei,2026-05-09,video-transcript,ROMÂNIA,țară,18,0.982
2026-05-09_mesajul-presedintelui-romaniei-nicusor-dan-cu-prilejul-zilei,2026-05-09,video-transcript,UE,instituție internațională,10,0.734
2026-05-09_mesajul-presedintelui-romaniei-nicusor-dan-cu-prilejul-zilei,2026-05-09,video-transcript,RUSIA,țară,1,0.79
2026-05-09_mesajul-presedintelui-romaniei-nicusor-dan-cu-prilejul-zilei,2026-05-09,video-transcript,R. MOLDOVA,țară,1,0.894
2026-05-09_nicusor-dan-we-will-continue-discussions-for-a-pro-western-g,2026-05-09,video-transcript,ROMÂNIA,țară,2,0.968
2026-05-09_nicusor-dan-we-will-continue-discussions-for-a-pro-western-g,2026-05-09,video-transcript,OCDE,instituție internațională,1,0.82
2026-05-12_nicusor-dan-daca-ne-referim-la-europa-asa-ca-la-o-icoana-nu,2026-05-12,video-transcript,ROMÂNIA,țară,4,0.975
2026-05-12_nicusor-dan-daca-ne-referim-la-europa-asa-ca-la-o-icoana-nu,2026-05-12,video-transcript,UCRAINA,țară,2,0.968
2026-05-12_nicusor-dan-daca-ne-referim-la-europa-asa-ca-la-o-icoana-nu,2026-05-12,video-transcript,SUA,țară,1,0.467
2026-05-12_nicusor-dan-daca-ne-referim-la-europa-asa-ca-la-o-icoana-nu,2026-05-12,video-transcript,NATO,instituție internațională,1,0.597
2026-05-12_nicusor-dan-suntem-intr-o-perioada-cu-provocari-statele-care,2026-05-12,video-transcript,ROMÂNIA,țară,4,0.969
2026-05-12_nicusor-dan-suntem-intr-o-perioada-cu-provocari-statele-care,2026-05-12,video-transcript,NATO,instituție internațională,5,0.728
2026-05-12_nicusor-dan-suntem-intr-o-perioada-cu-provocari-statele-care,2026-05-12,video-transcript,UE,instituție internațională,1,0.572
2026-05-12_nicusor-dan-suntem-intr-o-perioada-cu-provocari-statele-care,2026-05-12,video-transcript,UCRAINA,țară,1,0.784
2026-05-12_nicusor-dan-suntem-intr-o-perioada-cu-provocari-statele-care,2026-05-12,video-transcript,BULGARIA,țară,1,0.828
2026-05-13_nicusor-dan-am-discutat-cu-secretarul-general-al-nato-despre,2026-05-13,video-transcript,NATO,țară,7,0.607
2026-05-13_nicusor-dan-am-discutat-cu-secretarul-general-al-nato-despre,2026-05-13,video-transcript,RUSIA,țară,3,0.983
2026-05-13_nicusor-dan-am-discutat-cu-secretarul-general-al-nato-despre,2026-05-13,video-transcript,UCRAINA,țară,4,0.973
2026-05-13_nicusor-dan-am-discutat-cu-secretarul-general-al-nato-despre,2026-05-13,video-transcript,ROMÂNIA,țară,1,0.887
2026-05-13_nicusor-dan-am-discutat-cu-secretarul-general-al-nato-despre,2026-05-13,video-transcript,R. MOLDOVA,țară,4,0.985
2026-05-13_nicusor-dan-moldova-e-un-stat-pe-flancul-estic-amenintat-int,2026-05-13,video-transcript,SUA,țară,1,0.821
2026-05-13_nicusor-dan-moldova-e-un-stat-pe-flancul-estic-amenintat-int,2026-05-13,video-transcript,R. MOLDOVA,țară,4,0.995
2026-05-13_nicusor-dan-moldova-e-un-stat-pe-flancul-estic-amenintat-int,2026-05-13,video-transcript,RUSIA,țară,1,0.944
2026-05-13_nicusor-dan-moldova-e-un-stat-pe-flancul-estic-amenintat-int,2026-05-13,video-transcript,UCRAINA,țară,1,0.919
2026-05-13_summit-b9-la-bucuresti-nicusor-dan-trebuie-sa-sporim-cheltui,2026-05-13,video-transcript,SUA,țară,1,0.905
2026-05-13_summit-b9-la-bucuresti-nicusor-dan-trebuie-sa-sporim-cheltui,2026-05-13,video-transcript,UCRAINA,țară,2,0.959
2026-05-13_summit-b9-la-bucuresti-nicusor-dan-trebuie-sa-sporim-cheltui_VSRZ5y,2026-05-13,video-transcript,SUA,țară,1,0.883
2026-05-13_summit-b9-la-bucuresti-nicusor-dan-trebuie-sa-sporim-cheltui_VSRZ5y,2026-05-13,video-transcript,UCRAINA,țară,3,0.963
2026-05-13_summit-b9-la-bucuresti-nicusor-dan-trebuie-sa-sporim-cheltui_VSRZ5y,2026-05-13,video-transcript,R. MOLDOVA,țară,1,0.972
2026-05-15_nicusor-dan-majoritatea-parlamentara-va-fi-cheia-consultaril,2026-05-15,video-transcript,ROMÂNIA,țară,6,0.979
2026-05-15_nicusor-dan-majoritatea-parlamentara-va-fi-cheia-consultaril,2026-05-15,video-transcript,PARLAMENT,instituție națională,3,0.728
2026-05-15_nicusor-dan-majoritatea-parlamentara-va-fi-cheia-consultaril,2026-05-15,video-transcript,BOLOJAN,persoană politică,1,0.651
