status,confidence,topic,specificity,cluster_size,promise_text,verbatim_quote,source_date,source_doc_id,reasoning,supporting_evidence
NO_MENTION,high,justiție electorală,high,3,Voi candida independent la alegerile prezidențiale.,"Voi candida independent, sunt deschis la discuții cu partidele pro-europene pentru susținerea acestei candidaturi.",2024-12-16,2024-12-16_anunt-candidatura,"Niciuna dintre dovezile furnizate nu menționează în mod explicit dacă Nicușor Dan a candidat independent la alegerile prezidențiale sau dacă intenționează să facă acest lucru. Deși există referiri la campanii electorale și la candidaturi pentru funcții publice, nu se specifică statutul de 'independent' în contextul alegerilor prezidențiale.","Da, suntem în campania electorală și nu vreau să nu vreau să mă refer nominal la ceva. | Mi se pare mai interesant. Eu am candidat pentru mai multe funcții publice, încercând să cu maximă seriozitate încercând să rezolvăm problemele oamenilor și aici trebuie să fii evident personaj pozitiv."
IN_PROGRESS,high,R. Moldova,high,6,"Voi susține integrarea Republicii Moldova în Uniunea Europeană până în 2030, atât diplomatic, cât și operațional, împărtășind experiența preaderare.","Există un calendar până în 2030 pe care România trebuie să l susțină, atât din punct de vedere diplomatic, cât și din punct de vedere operațional. Avem o experiență preaderare pe care putem s o împărtășim cu Republica Moldova.",2025-05-22,2025-05-22_ce-spune-nicusor-dan-despre-relatiile-romaniei-cu-sua-si-ue,"Declarațiile lui Nicușor Dan confirmă în mod repetat susținerea integrării Republicii Moldova în Uniunea Europeană ca un obiectiv important al României. Deși nu există dovezi de acțiuni concrete finalizate pentru atingerea obiectivului până în 2030, discursurile indică o direcție clară și eforturi continue în acest sens, inclusiv discuții despre pași concreți pentru accelerarea procesului.","Vom sprijini extinderea Uniunii Europene cu accent pe aderarea Republicii Moldova. | Și pe partea de politică externă, aderarea Republicii Moldova la Uniunea Europeană este un obiectiv important al României și vom continua să acționăm pentru ca Moldova să intre în Uniunea Europeană. | Sprijinul nostru pentru Republica Moldova nu se oprește. Am discutat cu doamna Președinte Maia Sandu și partenerii europeni despre pașii concreți pentru accelerarea procesului de integrare europeană."
IN_PROGRESS,high,energie/UE,high,3,Voi extinde interconectarea energetică pentru ca Republica Moldova să fie conectată la sistemul energetic european.,"Este imperios să extindem interconectarea energetică, pentru ca Republica Moldova să fie conectată la sistemul energetic european.",2025-03-30,2025-03-30_astazi-am-discutat-cu-sustinatorii-din-chisinau-despre-impor,"Declarațiile lui Nicușor Dan menționează în mod repetat importanța proiectelor de interconectare energetică cu Republica Moldova și sprijinul pentru conectarea acesteia la sistemul energetic european. Deși se vorbește despre 'proiecte de interconectare' și 'consolidarea și extinderea proiectelor comune', nu există dovezi concrete că interconectarea a fost finalizată sau că Republica Moldova este deja conectată la sistemul energetic european, ci mai degrabă că aceste acțiuni sunt în desfășurare sau obiective urmărite.","Vorbim, cum ați spus, de domeniul energetic, proiectele de interconectare, vorbim de infrastructură pentru ca Republica Moldova să fie mai aproape de piața europeană cea mai importantă. | Avem multe proiecte majore care dau consistență tot mai semnificativă relației noastre bilaterale. Astfel, proiectele de interconectare transfrontalieră în domeniile energiei, infrastructurii, transporturilor și rețelelor digitale sunt deosebit de importante pentru a crește gradul de conectare a Republicii Moldova la Uniunea Europeană, prin România. | În ceea ce privește relația cu Republica Moldova, sprijinirea parcursului său european, consolidarea și extinderea proiectelor comune în domeniul infrastructurii energetice și de transport."
IN_PROGRESS,high,R. Moldova,medium,4,"Voi asigura că România va sprijini constant românii din Basarabia, Republica Moldova și diaspora în parcursul lor european, cu scopul de a fi împreună într-o bună zi.","Îi asigur că România va fi totdeauna tot timpul acolo pentru ei, pentru a-i ajuta în parcursul lor european și, într-o bună zi, pentru a fi împreună.",2025-05-19,2025-05-19_discurs-victorie,"Declarațiile lui ND confirmă un sprijin constant pentru Republica Moldova și integrarea sa europeană, precum și pentru românii din diaspora. Cu toate acestea, promisiunea de a fi 'împreună într-o bună zi' este un obiectiv pe termen lung, iar dovezile indică un proces continuu de sprijin, nu o finalizare a acestui obiectiv.","Prezența mea aici este o garanție a continuării sprijinului pe care România îl acordă Republicii Moldova. | Republica Moldova este și va rămâne o preocupare importantă pentru România. Vom continua să sprijinim integrarea sa în Uniunea Europeană și o integrare a celor două economii. | România rămâne cel mai sincer și ferm susținător al Republicii Moldova, pe toate palierele, în special în ceea ce privește modernizarea statului, reformele și integrarea europeană."
IN_PROGRESS,high,justiție electorală,high,3,Voi candida independent la alegerile prezidențiale din 2025 și sunt deschis la discuții cu partidele pro-europene pentru susținerea candidaturii.,voi candida Independent sunt deschis la discuții cu partidele Pro europene pentru susținerea acestei candidaturi,2024-12-16,2024-12-16_nicusor-dan-si-a-anuntat-candidatura-la-alegerile-prezidenti,"Deși promisiunea de a candida independent nu este menționată direct în extrase, există dovezi că ND a inițiat discuții cu partidele pro-europene, îndeplinind a doua parte a promisiunii. Aceste discuții sunt prezentate ca fiind în desfășurare sau planificate, indicând un status de 'în progres'.","În acel moment mă voi duce către partidele politice pentru o discuție preliminară ca să ca să evităm situația în care eventual eu aș propune și ei a respinge. | Îmi voi exercita în continuare rolul de mediator. Ca atare, i-am invitat, luni, pe liderii celor patru partide politice pro europene și pe liderul grupului parlamentar al minorităților naționale, pentru a avea o discuție tehnică și aplicată despre programele majore pentru România, precum SAFE și PNRR."
IN_PROGRESS,medium,sănătate,medium,2,Voi face din sănătatea fiecărui român o prioritate de stat.,"Sănătatea fiecărui român va fi o prioritate de stat, nu o povară pe umerii familiei.",2025-04-23,2025-04-23_sanatatea-e-un-drept-fundamental-in-romania-onesta-pe-care-o,"Deși promisiunea de a face din sănătatea fiecărui român o prioritate de stat nu este menționată explicit, există o declarație care indică o preocupare pentru o problemă specifică din sistemul de sănătate (infecțiile nosocomiale) și o solicitare către ministrul Sănătății de a elabora un plan. Aceasta sugerează că sănătatea este un subiect de interes, dar nu confirmă încă transformarea ei într-o prioritate de stat la nivel general, ci mai degrabă o acțiune punctuală.","Cer ministrului Sănătății, în primul rând, și Guvernului în ansamblu, să pună la punct un plan de combatere a infecțiilor nosocomiale din spitalele din România. Este o restanță a sistemului de sănătate care nu mai poate fi amânată."
KEPT,high,diplomație,medium,2,"Voi lucra pentru a consolida parteneriatul dintre România și Polonia, având în vedere că ambele sunt națiuni proeuropene.","România și Polonia sunt două națiuni proeuropene, iar ca președinte al României voi lucra pentru ca parteneriatul nostru să fie și mai puternic.",2025-05-25,2025-05-25_am-participat-astazi-cu-emotie-si-speranta-la-marsul-milionu,"Declarațiile lui ND după investitură confirmă în mod repetat și explicit consolidarea parteneriatului strategic cu Polonia, menționând acțiuni concrete precum discuții bilaterale și cooperare în diverse domenii. Se subliniază importanța Poloniei ca partener strategic și aliat în NATO și UE, reflectând direct promisiunea de campanie.","Polonia este un partener strategic al României, iar agenda întâlnirii noastre a vizat modalitățile de a consolida relațiile în zona bilaterală și de securitate. | România și Polonia rămân parteneri de încredere și aliați în NATO și UE. Relația noastră nu se bazează doar pe tratate, ci și pe legături interumane profunde și pe o prietenie puternică. | România și Polonia sunt legate de o lungă prietenie și de un parteneriat strategic solid. Într-un context internațional tot mai complicat, colaborarea dintre țările noastre rămâne esențială pentru securitatea și stabilitatea regiunii."
KEPT,high,justiție electorală,high,2,"Voi insista ca în spațiul public să se lămurească motivele anulării alegerilor din 24 noiembrie, pentru ca alegătorii să înțeleagă că a fost o măsură corectă și să aibă încredere în instituția alegerii.",trebuie să lămurim ca să fie foarte clar pentru toată lumea de ce s au anulat alegerile din 24 noiembrie Adică eu consider în continuare că a fost o măsură necesară a curții constituționale însă trebuie ca în spațiul public pentru alegătorii din toate categoriile simpatizanții tuturor competitorilor să înțeleagă foarte clar că aceasta a fost măsura corectă și pentru moment nu suntem la nu suntem la Momentul acela adică mai e nevoie de dovezi de a vedea ă Cine a fost în spatele candidaturii Câți bani au fost care au fost mecanismele pentru ca oamenii să fie lămuriți să aibă încredere în această instituție a alegerii care e fundamentală pentru statul din,2024-12-23,2024-12-23_nicusor-dan-despre-candidatura-lui-crin-antonescu-partidele,"Președintele Nicușor Dan a insistat în spațiul public pentru lămurirea motivelor anulării alegerilor, menționând că au apărut suficiente informații pentru a explica decizia și a restabili încrederea. A solicitat public ca motivarea să apară cât mai repede și a subliniat importanța corectării legii electorale în funcție de aceasta.","Vreau, îmi doresc ca motivarea să apară cât mai repede în spațiul public, în Monitorul Oficial și în funcție de asta îmi doresc și există, din ce am perceput disponibilitatea partidelor să corectăm legea în funcție de evident de motivarea Curții Constituționale, astfel încât să asigurăm transparența funcției publice. | După aceea, de la momentul respectiv și de la dubiul pe care, fără discuție o decizie ca asta l a dat și românilor și partenerilor noștri despre cât de viabilă e democrația noastră, cred că au apărut suficiente informații care să explice acea decizie."
IN_PROGRESS,high,NATO/apărare,high,2,Voi avea o discuție cu responsabilii pentru securitatea cibernetică pentru a face o evaluare proprie a situației.,"în primul rând trebuie să fac să am o discuție cu responsabilii, să am propria evaluare pe unde suntem. Principala amenințare în momentul acesta este securitatea cibernetică și aici din nou este nevoie de o evaluare.",2025-05-22,2025-05-22_ce-spune-nicusor-dan-despre-relatiile-romaniei-cu-sua-si-ue,"Deși există mențiuni despre evaluări și discuții pe teme de securitate, inclusiv cibernetică, nu există o confirmare explicită că discuția specifică cu responsabilii pentru securitatea cibernetică pentru o evaluare proprie a situației a fost finalizată. Declarațiile sugerează că aceste discuții sunt în curs sau urmează să aibă loc.","De asemenea, e o evaluare care a fost făcută pe chestiuni de securitate. | Da, sunt preocuparea asta abia începe. O să am discuții cu cu ministrul apărării, cu șeful statului major. | Desigur, la un moment dat o să avem această discuție aprofundată."
IN_PROGRESS,medium,diaspora,high,2,"Voi asigura un reprezentant activ al președintelui în relația cu diaspora, așa cum am promis.",În ceea ce ține de mine va exista un reprezentant activ al președintelui în relația cu diaspora. ceva ce am promis și o să facem.,2025-05-22,2025-05-22_nicusor-dan-despre-subventiile-pentru-partide-b1tv-22-mai-20,"Deși președintele menționează protejarea și promovarea drepturilor și intereselor cetățenilor români din afara granițelor ca o prioritate și intenționează inițiative pentru îmbunătățirea legăturii, nu există o mențiune explicită a numirii unui 'reprezentant activ al președintelui în relația cu diaspora'. Declarațiile indică o intenție de a acționa în acest domeniu, dar nu confirmă acțiunea specifică promisă.","Protejarea și promovarea drepturilor și intereselor cetățenilor români din afara granițelor reprezintă o prioritate a mandatului meu și pune și o punte solidă de legătură între țările noastre. | Protejarea și promovarea drepturilor și intereselor cetățenilor români din afara granițelor reprezintă o altă prioritate a mandatului meu și, de aceea, am în vedere mai multe inițiative pentru îmbunătățirea legăturii dintre statul român și comunitățile noastre din exterior."
IN_PROGRESS,high,București/local,high,1,Voi demara prezentarea publică și dezbaterile privind noile reglementări urbanistice odată ce faza de analiză a documentației PUG va fi încheiată.,"Odată încheiată faza de analiză, vom putea demara prezentarea publică și dezbaterile privind noile reglementări urbanistice.",2025-02-21,2025-02-21_ultimul-dintre-studiile-de-fundamentare-necesare-pentru-actu,"Nicușor Dan menționează în repetate rânduri că documentul (referindu-se la reglementările urbanistice sau codul urbanistic) va fi în dezbatere publică și că se așteaptă să ajungă în Parlament în februarie-martie. Acest lucru indică o intenție clară și o etapă avansată, dar nu o finalizare a procesului de prezentare publică și dezbateri.","Pe procedură această acest document va fi în dezbatere publică. | O să avem un cod urbanistic februarie, martie, estimarea mea, în Parlament și aici pare că ne îndreptăm spre centralizarea la primăria capitalei."
IN_PROGRESS,medium,economie,medium,1,"Dacă voi fi ales Președinte, mă voi asigura că programele de dezvoltare ale țării vor fi elaborate de profesioniști.","Dacă voi fi ales Președinte al României, voi avea grijă ca programele de dezvoltare a țării să fie elaborate de profesioniști.",2025-02-23,2025-02-23_am-discutat-in-acest-week-end-cu-oameni-din-ploiesti-brasov,"ND menționează în repetate rânduri importanța profesionalismului și a experților în elaborarea programelor și strategiilor țării, inclusiv pe partea economică. Deși există un angajament clar și numiri de consilieri profesioniști, nu există dovezi concrete că programele de dezvoltare ale țării au fost deja elaborate exclusiv de profesioniști, ci mai degrabă o intenție și un efort în această direcție.","Aceste numiri reflectă angajamentul meu pentru o administrație profesionistă, eficientă și în deplin acord cu prioritățile mandatului prezidențial. | Deci eu cred că putem să scoatem de data asta în condiții mult mai bune efortul ăsta la capăt și să vină niște miliarde în plus la buget, dar să lucrăm profesionist politic la început pe mandat și dup aia profesioniști și cu specialiști sub această nu acoperire, sub acest sprijin politic permanent pe care președintele și premierul trebuie să l dea. | Ca să faci un proiect de țară trebuie să ai contribuții de la multe categorii profesionale."
NO_MENTION,high,București/local,high,1,Voi deschide încă cel puțin 5 șantiere pentru consolidarea clădirilor vulnerabile până la finalul anului.,obiectivul nostru este să deschidem încă cel puțin 5 șantiere până la finalul anului.,2025-03-04,2025-03-04_astazi-se-implinesc-48-de-ani-de-la-cutremurul-devastator-ca,"Niciuna dintre dovezile furnizate nu menționează direct sau indirect deschiderea de șantiere pentru consolidarea clădirilor vulnerabile. Discuțiile se referă la aspecte tehnice legate de clădiri, legislație imobiliară, energie nucleară sau exerciții militare, dar nu la promisiunea specifică de consolidare.",
IN_PROGRESS,medium,legi/reformă instituțională,low,1,"Voi fi un președinte activ și implicat, care va folosi toate puterile constituționale pentru a determina Guvernul să pună în aplicare cele mai eficiente soluții pentru problemele cetățenilor.","Dacă voi avea încrederea românilor, voi fi un președinte activ și implicat, care va folosi toate puterile constituționale pentru a determina Guvernul să pună în aplicare cele mai eficiente soluții pentru problemele cetățenilor.",2025-02-26,2025-02-26_daca-voi-avea-increderea-romanilor-voi-fi-un-presedinte-acti,"Președintele Nicușor Dan menționează rolul său constituțional de mediator și intenția de a rezolva problemele oamenilor, dar evidența nu arată acțiuni concrete de 'a determina Guvernul să pună în aplicare cele mai eficiente soluții', ci mai degrabă consultări și numiri. Promisiunea de a fi un președinte 'activ și implicat' este susținută de declarații, dar nu și partea de 'a determina Guvernul'.","constituția îmi dă un rol de mediator pentru ce se întâmplă acum și ce eventual se va întâmpla mai încolo. | Eu am candidat pentru mai multe funcții publice, încercând să cu maximă seriozitate încercând să rezolvăm problemele oamenilor și aici trebuie să fii evident personaj pozitiv. | o să mă consult cu partidele, dar numirea în mod constituțional o face președintele."
IN_PROGRESS,medium,București/local,medium,1,"Dacă voi fi ales președinte, voi dedica timp și energie pentru rezolvarea problemelor de urbanism, inclusiv cele legate de construcții care afectează monumente istorice.","Dacă voi fi ales președinte, o să dedic timp și energie și pentru rezolvarea acestor probleme.",2025-02-27,2025-02-27_in-sibiu-am-descoperit-aceleasi-probleme-ca-la-bucuresti-cup,"Deși Nicușor Dan menționează în discursuri că își dorește să pună ordine în urbanism și să lupte împotriva 'mafiei imobiliare', nu există dovezi concrete de acțiuni întreprinse în calitate de președinte pentru rezolvarea problemelor de urbanism sau a celor legate de construcții care afectează monumente istorice. Declarațiile sale sunt mai degrabă la nivel de intenție și dorință.","Îmi doresc să fie evident, îmi doresc să fie cineva care să pune ordine în bani, în urbanism și să dezvolte infrastructura. | Eu sunt un bucureștean care are un vot și sunt un fost primar care evident că s a preocupat de orașul ăsta și și ar dori și ar dori ca investițiile să continue și și ar dori ca ăă mafia imobiliară care a operat să nu mai opereze."
IN_PROGRESS,medium,București/local,medium,1,"Voi întări blocuri de locuințe, monumente istorice, clădiri emblematice, muzee și case memoriale cu fondurile atrase.","Cu aceste fonduri, vom întări blocuri de locuințe, monumente istorice, clădiri emblematice, muzee și case memoriale, protejând astfel patrimoniul cultural al Bucureștiului și asigurându-i viitorul.",2025-03-04,2025-03-04_astazi-se-implinesc-48-de-ani-de-la-cutremurul-devastator-ca,"Deși există mențiuni despre restaurarea unei clădiri pentru Muzeul Holocaustului și reconstrucția de locuințe, precum și construirea de noi corpuri de spital, nu există dovezi clare că aceste acțiuni vizează întărirea (consolidarea) blocurilor de locuințe, monumentelor istorice sau clădirilor emblematice existente, așa cum promitea campania. Se vorbește mai mult de restaurare, reconstrucție și construcții noi, nu neapărat de întărirea structurilor vechi.","Am făcut o achiziție publică în care tema de proiect a fost ăă restaurarea respectivei clădiri și funcționalizarea ei ca Muzeu al Holocaustului. | Iar reconstrucția ă reconstrucția ăă are o componentă de ăă economică, să i spunem, da, reconstrucție, firme ăă ăă a reconstrui niște ă instalații, locuințe, ăă rețele și așa mai departe. | Dar vedem totuși primele corpuri noi de spital care sunt construite prin finanțare din PNRR."
NO_MENTION,high,București/local,high,1,"Voi asigura că în noua configurație, vor putea fi cazați 356 de căței, față de 196.","În noua configurație, vor putea fi cazați 356 de căței, față de 196, cât adăposteau țarcurile desființate.",2025-03-02,2025-03-02_marim-capacitatea-de-cazare-a-adapostului-de-caini-aspa-miha,"Niciuna dintre dovezile furnizate nu menționează direct sau indirect promisiunea de a crește capacitatea de cazare pentru căței de la 196 la 356. Discursurile se referă la subiecte complet diferite, cum ar fi numiri, strategii militare sau proiecte energetice.",
NO_MENTION,high,București/local,high,1,Voi mări capacitatea de cazare a adăpostului de câini ASPA Mihăilești cu 160 de locuri.,Mărim capacitatea de cazare a adăpostului de câini ASPA Mihăilești cu 160 de locuri.,2025-03-02,2025-03-02_marim-capacitatea-de-cazare-a-adapostului-de-caini-aspa-miha,"Niciuna dintre dovezile furnizate nu menționează adăpostul de câini ASPA Mihăilești, capacitatea de cazare a acestuia, sau orice subiect legat de animale de companie sau bunăstarea animalelor. Discursurile se concentrează pe cheltuieli militare și apărare.",
NO_MENTION,high,București/local,high,1,"Voi asigura că noile spații de cazare, moderne, vor oferi câinilor loc suficient pentru a se mișca liber, a se juca și a-și dezvolta natural comportamentele.","Noile spații de cazare, moderne, vor asigura câinilor loc suficient pentru a se mișca liber, a se juca și a-și dezvolta natural comportamentele.",2025-03-02,2025-03-02_marim-capacitatea-de-cazare-a-adapostului-de-caini-aspa-miha,"Niciuna dintre dovezile furnizate nu menționează direct sau indirect subiectul spațiilor de cazare pentru câini, condițiile acestora, sau bunăstarea animalelor. Declarațiile se referă la subiecte complet diferite, cum ar fi infrastructura energetică (Tarnița), sistemul judiciar (parchete), mediul în general (fără a detalia aspecte legate de animale), sau discuții generale.",
NO_MENTION,high,București/local,high,1,"Voi îmbunătăți experiența vizitatorilor în interacțiunea cu cățeii ASPA prin aceste spații noi, crescând astfel șansele de adopție.","Totodată, aceste spații noi vor îmbunătăți experiența vizitatorilor în interacțiunea cu cățeii ASPA, astfel că vor crește și șansele de adopție ale acestor câini.",2025-03-02,2025-03-02_marim-capacitatea-de-cazare-a-adapostului-de-caini-aspa-miha,"Niciuna dintre dovezile furnizate nu menționează câinii ASPA, spații noi pentru interacțiunea cu aceștia sau creșterea șanselor de adopție. Declarațiile se referă la subiecte precum relațiile externe, proiecte energetice, portaluri comunitare și sistemul judiciar.",
IN_PROGRESS,high,economie,medium,1,Mă angajez să sprijin dezvoltarea industriei locale și să încurajez investițiile în tehnologie și sustenabilitate.,"Ca viitor președinte, mă angajez să sprijin dezvoltarea industriei locale și să încurajez investițiile în tehnologie și sustenabilitate pentru a asigura un viitor prosper pentru România!",2025-03-06,2025-03-06_o-afacere-de-familie-infiintata-in-1995-in-bacau-a-crescut-s,"Declarațiile lui ND menționează în mod repetat sprijinul pentru inovație, tehnologie, antreprenoriat local și investiții durabile, indicând o aliniere cu promisiunea. Cu toate acestea, nu există dovezi concrete de acțiuni finalizate, ci mai degrabă intenții, discuții și obiective.","Inovarea, susținerea antreprenoriatului și construirea unei punți solide între diaspora și România rămân priorități pentru dezvoltarea durabilă a țării noastre. | Este în interesul ambelor țări să valorifice acest potențial prin parteneriate durabile în domenii precum infrastructura, energia, construcțiile și tehnologiile inovatoare. | Apoi am discutat cu antreprenorii locali despre cum putem susține inovația în România."
NO_MENTION,high,București/local,high,1,ALPAB va curăța lacurile din parcuri.,"De asemenea, ALPAB va curăța lacurile din parcuri.",2025-03-11,2025-03-11_facem-curatenia-de-primavara-in-parcurile-pe-care-le-adminis,"Niciuna dintre dovezile furnizate nu menționează ALPAB, curățarea lacurilor din parcuri sau orice altă acțiune specifică legată de întreținerea parcurilor sau a lacurilor din București. Declarațiile se referă la justiție, mediu la nivel național, gestionarea deșeurilor, irigații sau situații de urgență, dar nu la promisiunea specifică.",
NO_MENTION,high,București/local,high,1,"Vom efectua curățenia de primăvară în parcurile administrate de noi, incluzând toaletarea arborilor și arbuștilor, tunderea gardurilor vii, îngrijirea rondurilor de trandafiri, salubrizarea aleilor, mobilierului urban, locurilor de joacă și țarcurilor pentru câini, precum și repararea băncilor și gardurilor.","Facem curățenia de primăvară în parcurile pe care le administrăm. În lunile martie și aprilie, vom toaleta arborii și arbuștii, vom tunde gardurile vii, vom îngriji rondurile de trandafiri, vom salubriza aleile, mobilierul urban, locurile de joacă și țarcurile pentru câini și vom repara băncile și gardurile.",2025-03-11,2025-03-11_facem-curatenia-de-primavara-in-parcurile-pe-care-le-adminis,"Niciuna dintre dovezile furnizate nu menționează direct sau indirect curățenia de primăvară în parcuri, toaletarea arborilor, tunderea gardurilor vii, îngrijirea rondurilor de trandafiri, salubrizarea aleilor, mobilierului urban, locurilor de joacă, țarcurilor pentru câini sau repararea băncilor și gardurilor. Discursurile se referă la subiecte precum activitatea parchetelor, mediul la nivel general (reformarea instituțiilor, Garda de Mediu, Romsilva, gestionarea deșeurilor) sau infrastructură (pistă, Tarnița), dar nu la aspectele specifice ale promisiunii.",
NO_MENTION,high,București/local,high,1,Voi depune cererile de finanțare în luna iunie prin Programul Operațional Regional pentru reabilitarea celor 14 loturi de infrastructură de tramvai.,Vom depune cererile de finanțare în luna iunie prin Programul Operațional Regional pentru reabilitarea celor 14 loturi de infrastructură de tramvai.,2025-03-14,2025-03-14_am-avut-o-intalnire-importanta-la-sediul-primariei-capitalei,"Niciuna dintre dovezile furnizate nu menționează depunerea cererilor de finanțare pentru reabilitarea celor 14 loturi de infrastructură de tramvai prin Programul Operațional Regional, nici în luna iunie 2025, nici ulterior. Deși există discuții generale despre fonduri europene și infrastructură, nu există nicio referire specifică la promisiunea inițială.",
NO_MENTION,high,economie,medium,1,"Voi asigura că disciplina bugetară va începe de la președintele țării, respectând banul public.",Disciplina bugetară despre care vorbesc va începe de la președintele țării. Respectul pentru banul public trebuie să fie o regulă în administrația publică din România.,2025-03-18,2025-03-18_transparenta-cheltuirii-banilor-cetatenilor-trebuie-sa-devin,"Deși există numeroase mențiuni despre buget și stabilitate fiscală, niciuna dintre declarațiile președintelui nu face referire specifică la 'disciplina bugetară începând de la președintele țării' sau la 'respectarea banului public' în contextul propriului său rol sau al instituției prezidențiale. Discuțiile se concentrează pe bugetul național și pe acțiunile guvernului.",
IN_PROGRESS,medium,legi/reformă instituțională,medium,1,"Dacă voi fi ales Președintele României, voi face schimbări profunde în administrația publică din România, păstrând direcția occidentală.","Dacă voi fi ales Președintele României, voi face schimbări profunde în administrația publică din România păstrând însă direcția occidentală.",2025-03-15,2025-03-15_romania-trebuie-sa-se-dezvolte-mult-mai-echilibrat-si-sa-imp,"ND menționează în repetate rânduri necesitatea unei schimbări fundamentale în administrația publică și dorința de a acționa pentru o guvernare pro-occidentală. Cu toate acestea, dovezile nu indică acțiuni concrete sau finalizate, ci mai degrabă intenții și obiective.","Statul român are nevoie de o schimbare fundamentală, bineînțeles în limitele statului de drept, și vă invit să continuați să fiți implicați cu toată forța socială pe care ați dovedit-o pentru a pune presiunea pozitivă pe instituțiile statului român pentru ca acestea să se reformeze, și vă asigur că voi fi un președinte deschis la vocea societății și partener cu societatea. | Eu doresc și voi acționa pentru ca România să fie guvernată de forțe procidentale. | Da, eu cred că ăă ăă în România va fi o administrație nouă."
IN_PROGRESS,high,alt,low,1,Voi folosi perseverența mea pentru a contribui la o Românie mai puternică.,Voi folosi această perseverență pentru a face o Românie mai puternică.,2025-03-17,2025-03-17_unii-ma-considera-incapatanat-altii-ma-vad-perseverent-acest,"Promisiunea este foarte generală și se referă la o contribuție la o Românie mai puternică. Deși nu există acțiuni concrete finalizate menționate, discursurile lui Nicușor Dan indică o intenție clară de a lucra în această direcție, menționând eforturi pentru un stat mai eficient și o economie mai puternică, precum și credința în potențialul României.","Jur să mi dăruiesc toată puterea și priceperea pentru propășirea spirituală și materială a poporului român... | Va avea în mine un partener în efortul de a construi un stat mai eficient și o economie mai puternică pentru toți românii. | România are resurse, profesioniști, curaj. Dacă ne adunăm toate energiile, nu avem cum să nu reușim."
NO_MENTION,high,București/local,medium,1,Voi lucra la modernizarea liniilor de tramvai.,"Concomitent, lucrăm și la modernizarea liniilor de tramvai.",2025-03-23,2025-03-23_anul-acesta-continuam-investitiile-in-modernizarea-transport,"Niciuna dintre dovezile furnizate nu menționează direct sau indirect modernizarea liniilor de tramvai. Declarațiile se referă la transportul public în general, la energie nucleară sau la alte subiecte, fără a atinge specific promisiunea.",
NO_MENTION,high,București/local,high,1,"Voi achiziționa încă 250 de tramvaie noi, având documentația pregătită pentru fonduri nerambursabile.","Vom achiziționa încă 250 de tramvaie noi, avem documentația pregătită pentru accesarea fondurilor nerambursabile prin Programul Operațional Regional, așteptăm  lansarea ghidului în câteva luni.",2025-03-23,2025-03-23_anul-acesta-continuam-investitiile-in-modernizarea-transport,"Niciuna dintre dovezile furnizate nu menționează achiziția de tramvaie noi, fonduri nerambursabile pentru transportul public sau orice subiect legat de infrastructura de transport local din București. Discursurile se concentrează pe subiecte precum exerciții militare, bugetul multianual, pensii speciale, echipamente militare și finanțări PNRR pentru spitale.",
IN_PROGRESS,medium,legi/reformă instituțională,medium,1,"Dacă voi fi ales președinte, voi folosi experiența mea administrativă pentru a transforma România într-o țară eficientă.","Dacă voi fi ales președinte, voi pune în practică toată experiența acumulată în administrație în ultimii ani pentru a face din România o țară eficientă.",2025-03-20,2025-03-20_daca-voi-fi-ales-presedinte-voi-pune-in-practica-toata-exper,"Deși președintele ND menționează intenția de a construi un stat mai eficient și de a fi un partener în acest efort, dovezile prezentate nu indică acțiuni concrete sau reforme instituționale finalizate care să transforme România într-o țară eficientă. Declarațiile se axează mai mult pe intenții și colaborare, nu pe rezultate concrete ale experienței administrative promise.",Va avea în mine un partener în efortul de a construi un stat mai eficient și o economie mai puternică pentru toți românii. | Discut în mod frecvent cu liderii coaliției și în aceste discuții încerc inclusiv pe chestiuni care țin de să zicem de latura executivă să conving de niște lucruri care mi se par bune pentru România.
IN_PROGRESS,medium,economie,medium,1,Voi acționa ferm pentru a opri risipa banului public în calitate de Președinte al României.,Ca Președinte al României voi acționa ferm pentru a opri risipa banului public.,2025-03-23,2025-03-23_romania-se-confrunta-cu-o-criza-de-datorie-si-cheltuieli-far,"Deși promisiunea de a opri risipa banului public nu este menționată explicit, există declarații care indică o preocupare pentru utilizarea eficientă a fondurilor și respectarea angajamentelor fiscale, ceea ce se aliniază cu spiritul promisiunii. Acestea sunt însă obiective generale, nu acțiuni concrete de 'oprire a risipei'.","La rândul meu, l-am asigurat că vom depune toate eforturile pentru a folosi în mod eficient aceste fonduri, astfel încât fiecare euro să fie valorificat în beneficiul României. | Am discutat în special despre situația fiscal-bugetară a României, despre procedura de deficit excesiv și reformele și măsurile pe care Guvernul le ia. L-am asigurat că există toată determinarea de a face aceste reforme și de a avea stabilitatea politică și predictibilitatea necesare. | România își păstrează angajamentele pe deficit, își păstrează angajamentele pe obiectivele imediate corelate cu financiarul sfeife și PNRR și direcția procidentală."
NO_MENTION,high,București/local,high,1,Voi relua lucrările pentru finalizarea proiectului Prelungirea Ghencea – Domnești.,Vom relua lucrările pentru finalizarea proiectului Prelungirea Ghencea – Domnești.,2025-03-28,2025-03-28_vom-relua-lucrarile-pentru-finalizarea-proiectului-prelungir,"Niciuna dintre declarațiile furnizate nu menționează proiectul Prelungirea Ghencea – Domnești sau orice alt proiect de infrastructură rutieră specific Bucureștiului/local. Declarațiile se referă la proiecte energetice (Cernavodă, Tarnița), reforme PNRR sau inițiative generale, fără legătură cu promisiunea.",
KEPT,high,diplomație,high,1,Voi merge la Chișinău cu un mesaj de deschidere și încredere.,Cu acest mesaj de deschidere și încredere voi merge mâine la Chișinău.,2025-03-29,2025-03-29_aderarea-republicii-moldova-la-uniunea-europeana-este-o-prio,"Nicușor Dan a efectuat o vizită la Chișinău după învestire, așa cum a promis. Declarațiile sale confirmă prezența sa acolo și transmiterea unui mesaj de sprijin, îndeplinind astfel promisiunea de campanie.","Stimată doamnă președinte, doamnelor și domnilor, e o mare bucurie să fiu azi la Chișinău. | Mă bucur să mă aflu astăzi la #Chișinău, în prima mea vizită oficială în calitate de Președinte al României. Sunt aici să reconfirm sprijinul cuprinzător, sincer și constant al României pentru Republica Moldova🇲🇩, într-moment crucial al parcursului său european, al consolidării stabilității și rezilienței sale. Mesajul meu pentru cetățenii 🇲🇩 este acesta - Republica Moldova este parte a familiei europene, iar România va fi mereu alături de voi!"
IN_PROGRESS,high,R. Moldova,high,1,"În fiecare vizită oficială în capitalele europene, voi susține, cu argumente solide, obiectivul Guvernului de la Chișinău: aderarea la Uniunea Europeană până în 2030.","În fiecare vizită oficială în capitalele europene, voi susține, cu argumente solide, obiectivul Guvernului de la Chișinău: aderarea la Uniunea Europeană🇪🇺până în 2030.",2025-03-27,2025-03-27_astazi-27-martie-marcam-107-ani-de-la-un-moment-esential-in,"Deși există numeroase declarații care susțin aderarea Republicii Moldova la UE și angajamentul României în acest sens, nu există dovezi concrete că aceste susțineri au fost făcute 'în fiecare vizită oficială în capitalele europene' sau că au inclus 'argumente solide' pentru obiectivul specific al Guvernului de la Chișinău de aderare până în 2030. Declarațiile sunt generale, menționând sprijinul pentru aderare ca un obiectiv important, dar fără a detalia acțiunile specifice promise.","Vom sprijini extinderea Uniunii Europene cu accent pe aderarea Republicii Moldova. | Și pe partea de politică externă, aderarea Republicii Moldova la Uniunea Europeană este un obiectiv important al României și vom continua să acționăm pentru ca Moldova să intre în Uniunea Europeană. | Sprijinul nostru pentru Republica Moldova nu se oprește. Am discutat cu doamna Președinte Maia Sandu și partenerii europeni despre pașii concreți pentru accelerarea procesului de integrare europeană. Locul Republicii Moldova este in marea familie europeană și eforturile României vor continua sustinut în această direcție."
IN_PROGRESS,medium,sănătate,medium,1,"Voi continua să investesc în infrastructură, echipamente medicale și resursă umană în sistemul de sănătate din București, pentru a asigura servicii medicale de înaltă calitate.","De aceea, vom continua să investim în infrastructură, echipamente medicale şi resursă umană, astfel încât bucureștenii și ceilalți pacienți să beneficieze de servicii medicale de înaltă calitate și să aibă posibilitatea de a se trata în țară, în cadrul sistemului de sănătate la care contribuie lunar.",2025-03-29,2025-03-29_primul-transplant-hepatic-din-2025-a-fost-realizat-cu-succes,"Deși promisiunea se referă la București, dovezile indică o preocupare generală pentru investiții în sănătate și infrastructură la nivel național, precum și o mențiune specifică despre necesitatea spitalelor noi și investițiilor în secțiile de terapie intensivă. Nu există dovezi concrete de acțiuni finalizate sau planuri specifice pentru București, dar nici o contradicție directă.","România are nevoie de spitale noi, de investiții reale în secțiile de terapie intensivă și de protocoale ferme de prevenție și control al infecțiilor. | I-am transmis doamnei Mînzatu că, pentru România, este important ca bugetul UE să rămână unul consistent. Avem nevoie de o finanțare cel puțin la nivelul actual pentru a menține ritmul investițiilor în domenii strategice."
IN_PROGRESS,high,R. Moldova,medium,1,Voi prioritiza întărirea relațiilor bilaterale cu Republica Moldova pentru a valorifica potențialul turistic și economic al regiunii.,"În calitate de președinte, voi prioritiza întărirea relațiilor noastre bilaterale, astfel încât să valorificăm la maximum potențialul turistic, dar și cel economic, în beneficiul întregii regiuni.",2025-03-31,2025-03-31_am-vizitat-ieri-la-chisinau-cramele-cricova-un-adevarat-simb,"Declarațiile lui ND menționează în mod repetat prioritizarea relațiilor cu Republica Moldova, sprijinirea parcursului european și consolidarea proiectelor comune în domenii precum infrastructura energetică și de transport, precum și crearea unui fond de garantare. Acestea indică o intenție clară și acțiuni planificate, dar nu confirmă finalizarea sau valorificarea deplină a potențialului turistic și economic, ci mai degrabă pași spre atingerea acestui obiectiv.","În ceea ce privește relația cu Republica Moldova, sprijinirea parcursului său european, consolidarea și extinderea proiectelor comune în domeniul infrastructurii energetice și de transport, crearea fondului de garantare al investițiilor românești în Republica Moldova. | Republica Moldova trebuie să rămână o prioritate. Vom continua să susținem atât eforturile de integrare în uniune, cât și toate chestiunile concrete de care Republica Moldova au nevoie, transport, energie. cooperare economică. | Avem multe proiecte majore care dau consistență tot mai semnificativă relației noastre bilaterale. Astfel, proiectele de interconectare transfrontalieră în domeniile energiei, infrastructurii, transporturilor și rețelelor digitale sunt deosebit de importante pentru a crește gradul de conectare a Republicii Moldova la Uniunea Europeană, prin România."
NO_MENTION,high,București/local,medium,1,"Voi colabora cu organizatorii UNTOLD pentru a asigura desfășurarea festivalului în cele mai bune condiții, respectând normele de siguranță și mediu.","Vom colabora pentru a asigura desfășurarea în cele mai bune condiții, respectând toate normele de siguranță și mediu.",2025-04-03,2025-04-03_am-semnat-astazi-un-protocol-de-colaborare-cu-untold-univers,"Niciuna dintre dovezile furnizate nu menționează în mod specific festivalul UNTOLD, colaborarea cu organizatorii acestuia, sau desfășurarea festivalurilor în general. Deși există mențiuni despre protejarea mediului și siguranță, acestea sunt în contexte generale sau diferite (ex: magistrați, NATO, securitate energetică) și nu pot fi legate direct de promisiunea specifică privind UNTOLD.",
IN_PROGRESS,high,R. Moldova,high,1,"Voi întări relațiile dintre România și Republica Moldova prin schimburi economice, culturale și academice, prin simplificarea birocrației vamale și a procedurilor pentru redobândirea cetățeniei române, și prin crearea unui fond de garantare a investițiilor românești în Republica Moldova.","Relațiile dintre țările noastre trebuie întărite prin schimburi economice, culturale și academice, prin simplificarea birocrației vamale și a procedurilor pentru redobândirea cetățeniei române, dar și prin crearea unui fond de garantare a investițiilor românești în Republica Moldova, pentru noi oportunități de dezvoltare.",2025-03-30,2025-03-30_astazi-am-discutat-cu-sustinatorii-din-chisinau-despre-impor,"Promisiunea este menționată în mod repetat ca un obiectiv important, cu intenția de a crea fondul de garantare, de a continua schimburile și de a funcționaliza instituțiile. Cu toate acestea, dovezile nu indică acțiuni concrete finalizate, ci mai degrabă angajamente și intenții de a acționa.","crearea fondului de garantare al investițiilor românești în Republica Moldova. continuarea schimburilor și extinderea schimburilor culturale și academice și în cele din urmă funcționalizarea acelor instituții care produc dificultăți, vămile și Autoritatea Națională pentru cetățenie. | Am vorbit de asemenea de necesitatea ca ă companiile românești să investească mai mult în Republica Moldova și de acel fond de garantare pe care România îl promite mediului privat de mai mult timp pentru asta, de proiecte de comune de educație care să continue | Republica Moldova este și va rămâne o preocupare importantă pentru România. Vom continua să sprijinim integrarea sa în Uniunea Europeană și o integrare a celor două economii."
IN_PROGRESS,medium,economie,medium,1,Voi aplica la nivel național același angajament și pragmatism pe care le-am folosit pentru a reduce datoriile și a debloca investițiile la Primăria București.,Același angajament și același pragmatism le voi aplica și la nivel național.,2025-04-01,2025-04-01_situatia-financiara-actuala-a-romaniei-este-similara-cu-cea,"Declarațiile lui Nicușor Dan după investitură arată un angajament constant față de disciplina fiscală, reducerea deficitului și atragerea de investiții, în special prin PNRR și fonduri europene. Acestea reflectă o intenție clară de a aplica principii similare celor menționate în promisiune, dar nu oferă dovezi concrete ale unor rezultate finale, cum ar fi 'reducerea datoriilor' sau 'deblocarea investițiilor' la nivel național, ci mai degrabă pași și angajamente în această direcție.","România își păstrează angajamentele pe deficit, își păstrează angajamentele pe obiectivele imediate corelate cu financiarul sfeife și PNRR și direcția procidentală. | Am reafirmat, de asemenea, angajamentul ferm al României de a implementa Planul Național de Redresare și Reziliență și am reiterat concentrarea noastră pe disciplina fiscală, creșterea durabilă și investițiile strategice. | L-am asigurat că există toată determinarea de a face aceste reforme și de a avea stabilitatea politică și predictibilitatea necesare."
NO_MENTION,high,București/local,high,1,"Voi pune la dispoziția directorilor instituțiilor de cultură din subordinea PMB juriști și avocați specializați pentru a-i sprijini în identificarea și accesarea unor surse alternative de finanțare, inclusiv fonduri europene, sponsorizări sau parteneriate public-private.","În acest sens, punem la dispoziția directorilor instituțiilor de cultură din subordinea PMB juriști și avocați specializați, care să îi sprijine în identificarea și accesarea unor surse alternative de finanțare, inclusiv fonduri europene, sponsorizări sau parteneriate public-private.",2025-04-03,2025-04-03_am-avut-astazi-o-intalnire-cu-directori-ai-teatrelor-aflate,"Niciuna dintre dovezile furnizate nu menționează în mod specific punerea la dispoziția directorilor instituțiilor de cultură din subordinea PMB a juriștilor și avocaților specializați pentru a-i sprijini în identificarea și accesarea surselor alternative de finanțare. Deși există mențiuni despre fonduri europene și parteneriate public-private, acestea sunt la un nivel general și nu se leagă direct de promisiunea specifică privind instituțiile de cultură și sprijinul juridic specializat.",
NO_MENTION,high,București/local,high,1,"Voi amenaja pajiști urbane cu flori de câmp sălbatice și în alte zone ale Bucureștiului, similar cu cea din Parcul Tineretului.","În curând, vom amenaja astfel de pajiști urbane și în alte zone ale Bucureștiului.",2025-04-05,2025-04-05_prima-pajiste-urbana-cu-flori-de-camp-salbatice-din-bucurest,"Niciuna dintre dovezile furnizate nu menționează amenajarea de pajiști urbane cu flori de câmp sălbatice sau extinderea celei din Parcul Tineretului în alte zone ale Bucureștiului. Discuțiile se axează pe subiecte precum justiția, locuri vizitate, sau relația București-Paris, fără legătură cu promisiunea.",
IN_PROGRESS,high,NATO/apărare,medium,1,"Voi face totul pentru ca NATO să rămână principalul garant al păcii, stabilității și securității României.","NATO este în continuare, și ca președinte al României voi face totul să rămână așa, principalul garant al păcii, stabilității și securității țării noastre în contextul amenințărilor hibride ale Rusiei împotriva României și statelor europene, precum și al invaziei ilegale a Ucrainei de către Rusia.",2025-04-04,2025-04-04_aniversam-azi-intr-un-context-geopolitic-foarte-complicat-76,"Declarațiile lui Nicușor Dan subliniază angajamentul României față de NATO și rolul său de furnizor de securitate, precum și încrederea în NATO ca garant al apărării. Cu toate acestea, nu există dovezi concrete că NATO a rămas principalul garant al păcii, stabilității și securității României, ci mai degrabă o intenție și o acțiune continuă în acest sens.","Pe partea de securitate, evident, România va fi va continua să fie un aliat al NATO. | România își va îndeplini obligațiile pe care şi le-a asumat și va continua să fie un furnizor de securitate pentru spațiul euroatlantic. Avem aliați şi suntem bine protejați față de orice fel de potențială amenințare. | Avem încredere deplină că NATO și aliații de pe ambele maluri ale Atlanticului sunt angajați să apere fiecare centimetru alanței."
IN_PROGRESS,medium,diaspora,medium,1,"Voi trata diaspora cu respect și atenție, nu doar prin vorbe, ci prin acțiuni concrete și prezență.","ca președinte, voi trata diaspora cu respectul și atenția pe care le merită. Nu doar în discursuri, ci în fapte, în politici, în prezență.",2025-04-05,2025-04-05_interviu-la-radio-romanul-alaturi-de-romanii-din-diaspora-am,"ND menționează întâlniri cu reprezentanți ai diasporei și recunoaște problemele acestora, inclusiv subreprezentarea statului român. De asemenea, vorbește despre necesitatea unei strategii clare pentru colaborarea cu românii din străinătate, indicând că promisiunea este un obiectiv urmărit, dar nu încă finalizat prin acțiuni concrete demonstrate.","nu e prima oară când ne întâlnim cu reprezentanți ai diasporei și bineînțeles că sunt probleme consulare, sunt probleme cu limba română, dar în esență în esență ă reproșurile pe care oamenii din diaspora ni le aduc este că statul român este subrezentat față de așteptările lor. | În ceea ce privește Diaspora, trebuie să lucrăm la o strategie clară, cu obiective, bugete și termene de realizare, astfel încât colaborarea cu românii din străinătate să fie mai eficientă decât în prezent. | Am avut acum de ziua României o discuție cu mai multe asociații ale diasporei."
KEPT,high,justiție electorală,high,1,Voi sesiza autoritățile competente în legătură cu activitatea suspectă asupra conturilor mele de social media.,mâine dimineață vom sesiza și autoritățile competente.,2025-04-15,2025-04-15_activitatea-suspecta-asupra-conturilor-mele-de-social-media,"ND a declarat în repetate rânduri că este în contact cu autoritățile, inclusiv serviciile de informații și parchetele, în legătură cu activitatea suspectă. Aceasta confirmă că a sesizat autoritățile competente, îndeplinind promisiunea.",În momentul acesta sunt în contact cu autoritățile. | Da. Serviciile de informații culeg informații. Da. Controalele le fac reprezentanții ANAF ului și în măsura în care există suspiciuni de infracțiune pot să fie făcute de către parchete. | Și atunci eu cred că este datoria autorităților să intervină și în acest sens ă continuarea acțiunii penale și după momentul retragerii plângerii este o soluție din punctul meu de vedere pe termen scurt.
IN_PROGRESS,medium,legi/reformă instituțională,high,1,"Voi cere publicarea și desecretizarea tuturor documentelor legate de deciziile luate de Victor Ponta în timpul inundațiilor din 2014, pentru ca românii să cunoască baza hotărârii de a inunda satele românești.","De asemenea, îi cer lui Marcel Ciolacu publicarea și desecretizarea tuturor documentelor care stau la baza deciziilor luate de prim-ministrul Victor Ponta în momentul inundațiilor din 2014. Românii au dreptul să cunoască, transparent, pe ce s-a bazat hotărârea lui Victor Ponta de a inunda satele românești de pe malul Dunării.",2025-04-10,2025-04-10_later-edit-steven-seagal-este-emisar-special-al-ministerului,"Deși ND a susținut public demersul de desecretizare a documentelor oficiale și a cerut publicarea datelor relevante, aceste declarații sunt generale și nu se referă specific la documentele legate de deciziile lui Victor Ponta din timpul inundațiilor din 2014. Nu există dovezi concrete că a inițiat acțiuni specifice pentru desecretizarea documentelor menționate în promisiune, ci doar o susținere a principiului transparenței.","Susțin și eu demersul ăsta. Tot ce s a semnat de către oficiali ai statului român să fie făcut public. | Am solicitat instituțiilor responsabile să comunice toate datele relevante pe măsură ce le obțin. Nu putem aștepta ani de zile pentru o anchetă care să se încheie în uitare. Cetățenii României așteaptă adevărul și acțiuni concrete. | pe chestiunea cu vaccinurile, aștept ca actele oficiale semnate de oficiali ai statului român să fie făcute publice, pentru ca societatea în ansamblu să poată să aibă o opinie informată despre cine ce a semnat, cine n-a semnat."
IN_PROGRESS,high,anti-corupție,high,1,Mă voi asigura că procesul de numire a conducerii DNA și DIICOT este bazat pe criterii de integritate și competență profesională.,mă voi asigura că procesul de numire a conducerii acestor instituții este bazat pe criterii de integritate și competență profesională.,2025-04-14,2025-04-14_presedintele-absent-iohannis-si-tandemul-psd-pnl-au-tolerat,"Deși promisiunea se referă la numirea conducerii DNA și DIICOT, dovezile arată o preocupare generală pentru integritate și competență în numirile în funcții publice și în sistemul de justiție. Nu există dovezi concrete că procesul specific de numire a conducerii DNA și DIICOT a fost modificat sau că s-au luat măsuri directe în acest sens, ci mai degrabă declarații de principiu care susțin obiectivele promisiunii.","Trebuie să faci o optimizare între integritate și competență. | Avem nevoie de o cultură a integrității consolidată prin fapte. Acolo unde se administrează resurse publice, indiferent de domeniu, standardele trebuie să fie cele mai înalte, iar răspunderea clară și imediată. | Însă dincolo de această evaluare, este cert că angajările în pozițiile de conducere de la nivelul diferitelor autorități ale statului trebuie să se facă doar în baza criteriilor de competență."
IN_PROGRESS,high,anti-corupție,medium,1,Voi sprijini măsuri pentru a îmbunătăți capacitatea DNA și DIICOT de a investiga și aduce în justiție marea corupție.,Voi sprijini măsuri care să îmbunătățească capacitatea DNA & DIICOT de a investiga și a aduce în justiție marea corupție,2025-04-14,2025-04-14_presedintele-absent-iohannis-si-tandemul-psd-pnl-au-tolerat,"Nicușor Dan a menționat în repetate rânduri importanța combaterii corupției și necesitatea ca DNA și DIICOT să se concentreze pe marea corupție. A inclus lupta anticorupție în Strategia Națională de Apărare și a vorbit despre corectarea mecanismelor legislative, dar nu există dovezi concrete de acțiuni finalizate pentru îmbunătățirea capacității DNA și DIICOT, ci mai degrabă intenții și obiective.","Deci, corupția, fără discuție trebuie să fie un obiectiv și pentru DNA și pentru Parchetul General. | O altă vulnerabilitate, asupra căreia am insistat să fie în Strategie, este corupția, care slăbește coeziunea socială și are consecințe în economie. Am introdus necesitatea abordării integrate referitoare la corupție, în sensul de colaborare între toate instituțiile cu atribuții, precum și implicarea serviciilor de informații în culegerea de date cu privire la acest fenomen, fără amestesc în etapa de cercetare penală și în procesul de justiție. Se impune și corectarea mecanismelor legislative și administrative care întârzie realizarea actului de justiție în materie de corupție, pentru că întârzierea de ani în combaterea unor fenomene este una dintre principalele probleme pe care societatea le reclamă. | În ceea ce privește justiția, este nevoie ca parchetele să se focalizeze pe marile zone de corupție din societate, este nevoie de o reformă a unei instituții fundamentale, Inspecția Judiciară, este nevoie să reducem timpul de soluționare a dosarelor prin măsuri administrative și uneori legislative, este nevoie să redefinim procedurile de promovare a magistraților și este nevoie să reflectăm la legea Curții Constituționale."
IN_PROGRESS,high,educație,medium,1,"Voi susține o reformă profundă a educației, centrată pe respect, echitate și pregătirea pentru viitor.","Ca Președinte, voi susține o reformă profundă a educației, centrată pe respect, echitate și pregătirea pentru viitor.",2025-04-24,2025-04-24_educatia-este-temelia-unei-romanii-puternice-fiecare-copil-d,"ND menționează în repetate rânduri necesitatea unei reforme a educației și a unor schimbări în sistem, inclusiv stimularea gândirii critice și corelarea cu piața muncii. Deși vorbește despre 'schimbarea mentalității' și 'nevoia' de reformă, nu există dovezi concrete de acțiuni finalizate sau în execuție directă a unei reforme profunde, ci mai degrabă intenții și obiective.","Și asta e o chestiune de educație pe care în care trebuie să schimbăm puțin mentalitatea în cuprinsul parcursului educațional, inclusiv a profesorilor. | Dacă vorbim de educație, pentru că ăsta a fost subiectul, ăă Ucraina are o reformă a educației în care în linii mari comasează școli. | În ceea ce privește educația, este nevoie să stimulăm financiar personalul didactic, este nevoie ca în întreg sistemul educațional să stimulăm gândirea critică, este nevoie să corelăm învățământul cu piața muncii, este nevoie să investim în educația timpurie, adică în creșe și grădinițe, și este esențial să prevenim abandonul școlar."
IN_PROGRESS,medium,sănătate,medium,1,"Voi lupta pentru un stat care nu mai închide spitale, ci deschide accesul la tratamente.","Ca Președinte, voi lupta pentru un stat care nu mai închide spitale, ci deschide accesul la tratamente.",2025-04-23,2025-04-23_sanatatea-e-un-drept-fundamental-in-romania-onesta-pe-care-o,"Deși există mențiuni despre îmbunătățirea funcționării statului și a sistemului de sănătate, precum și o cerere pentru un plan de combatere a infecțiilor nosocomiale, nu există dovezi concrete despre deschiderea accesului la tratamente sau despre o luptă activă împotriva închiderii spitalelor. Declarațiile se concentrează mai mult pe eficientizarea statului și pe rezolvarea problemelor existente în sistemul de sănătate, fără a indica acțiuni directe legate de promisiunea specifică.","Cer ministrului Sănătății, în primul rând, și Guvernului în ansamblu, să pună la punct un plan de combatere a infecțiilor nosocomiale din spitalele din România. Este o restanță a sistemului de sănătate care nu mai poate fi amânată. | Mergem înainte cu un angajament ferm pentru un stat mai suplu, mai eficient și mai aproape de oameni."
KEPT,high,legi/reformă instituțională,high,1,"Voi garanta libertatea de exprimare a cetățenilor, organizațiilor neguvernamentale și a societății civile.","„Voi garanta libertatea de exprimare a cetățenilor, organizațiilor neguvernamentale și a societății civile”.",2025-04-24,2025-04-24_am-semnat-astazi-declaratia-universitatii-din-bucuresti-un-a,"Declarațiile lui Nicușor Dan după investitură confirmă angajamentul său față de libertatea de exprimare, menționând respectarea Constituției și a legilor țării, apărarea drepturilor și libertăților fundamentale ale cetățenilor, și recunoașterea protestelor non-violente ca fiind în limitele libertății de exprimare. De asemenea, el subliniază că libertatea de exprimare implică responsabilitate.","Să respect Constituția și legile țării, să apăr democrația, drepturile și libertățile fundamentale ale cetățenilor, suveranitatea, independența, unitatea și integritatea teritorială a României. | Atâta timp cât cât protestele nu sunt violente, orice manifestare este în limitele libertății de exprimare. | Nu, nu. Libertatea de exprimare este a spune ce gândești și cum gândești, dar cu sens de răspundere."
IN_PROGRESS,medium,sănătate,medium,1,"Voi lupta pentru un sistem de sănătate care nu mai umilește pacienții, ci îi respectă.","Pentru un sistem care nu mai umilește pacienții, ci îi respectă.",2025-04-23,2025-04-23_sanatatea-e-un-drept-fundamental-in-romania-onesta-pe-care-o,"Deși există declarații care vizează îmbunătățirea sistemului de sănătate și respectul față de pacienți, acestea se referă la obiective și planuri, nu la acțiuni concrete finalizate care să demonstreze că umilința pacienților a fost eliminată. Se menționează 'creșterea calității și eficienței serviciilor' și 'combaterea infecțiilor nosocomiale' ca 'restanță a sistemului de sănătate care nu mai poate fi amânată', indicând o problemă existentă și o intenție de rezolvare.","Aplicarea acestei legi va crește calitatea și eficiența serviciilor pentru că reforma înseamnă corectitudine, transparență sporită în folosirea fondurilor publice, obiectivul final fiind un act medical mai bun pentru fiecare cetățean. | Cer ministrului Sănătății, în primul rând, și Guvernului în ansamblu, să pună la punct un plan de combatere a infecțiilor nosocomiale din spitalele din România. Este o restanță a sistemului de sănătate care nu mai poate fi amânată."
KEPT,high,diplomație,high,1,"Voi afirma fără echivoc angajamentul pentru apartenența României la Uniunea Europeană și la NATO, precum și pentru Parteneriatul strategic cu SUA.","„Voi afirma fără echivoc angajamentul pentru apartenența României la Uniunea Europeană și la NATO, precum și pentru Parteneriatul strategic cu SUA”.",2025-04-24,2025-04-24_am-semnat-astazi-declaratia-universitatii-din-bucuresti-un-a,"ND a reiterat în mod repetat și fără echivoc angajamentul României față de Uniunea Europeană, NATO și Parteneriatul strategic cu SUA, prin declarații directe și prin menționarea rolului activ al României în aceste structuri. Declarațiile acoperă toate cele trei componente ale promisiunii.","Am reiterat angajamentul ferm al României de a colabora strâns cu instituțiile europene și cu statele membre pentru consolidarea unei Uniuni Europene mai puternice, mai sigure și mai competitive. | De asemenea, România își reafirmă angajamentul pentru cooperarea cu SUA și Uniunea Europeană, bazat pe dialog constant și transparent. | Pe partea de securitate, evident, România va fi va continua să fie un aliat al NATO."
IN_PROGRESS,medium,educație,high,1,"Voi susține neclintit autonomia reală a universităților, atât în planul libertății academice, cât și al unei finanțări adecvate, avansând rolul lor strategic în dezvoltarea societății românești.","„Voi susține neclintit autonomia reală a universităților, în planul libertății academice, dar și al unei finanțări adecvate, avansând rolul lor strategic în dezvoltarea societății românești”.",2025-04-24,2025-04-24_am-semnat-astazi-declaratia-universitatii-din-bucuresti-un-a,"Deși există o mențiune clară a importanței mediului academic și a necesității de a-l integra în deciziile statului, nu există dovezi concrete de acțiuni finalizate privind autonomia reală a universităților sau finanțarea adecvată. Declarațiile se concentrează mai mult pe recunoașterea rolului strategic al universităților, fără a detalia implementarea promisiunii.","Cred cu tărie că mediul academic trebuie să fie mai prezent în marile decizii ale statului, de la buget și politici economice, până la viziunea europeană a României. Este timpul să construim o legătură reală între cercetare, educație și decizia publică."
NO_MENTION,high,justiție electorală,high,1,"Voi participa la toate cele trei dezbateri cu candidații la alegerile prezidențiale organizate de Digi24, TVR și Antena 3.","Voi participa la toate cele trei dezbateri cu candidații la alegerile prezidențiale organizate de Digi24, TVR și Antena 3.",2025-04-28,2025-04-28_voi-participa-la-toate-cele-trei-dezbateri-cu-candidatii-la,"Niciuna dintre dovezile furnizate nu menționează participarea la dezbateri cu candidații la alegerile prezidențiale organizate de Digi24, TVR și Antena 3. Declarațiile se referă la consultări cu partidele, conferințe de presă sau ședințe CSM, dar nu la dezbateri electorale specifice.",
NO_MENTION,high,București/local,high,1,"Voi finaliza Planul Urbanistic General (PUG) al Capitalei până la finalul acestui an, împreună cu Consorțiul condus de Universitatea de Arhitectură și Urbanism „Ion Mincu”, și îl voi propune spre avizare după etapele de consultare publică.","Până la finalul acestui an, din punctul de vedere al Primăriei și al Consorțiului condus de Universitatea de Arhitectură și Urbanism „Ion Mincu”, Planul Urbanistic General va fi finalizat, va trece prin etapele de consultare publică și va fi propus spre avizare.",2025-04-25,2025-04-25_bucurestiul-a-facut-un-pas-important-spre-un-urbanism-respon,"Niciuna dintre declarațiile lui Nicușor Dan nu menționează Planul Urbanistic General (PUG) al Capitalei, finalizarea acestuia, colaborarea cu Universitatea de Arhitectură și Urbanism „Ion Mincu” sau propunerea spre avizare. Deși există referiri la un 'cod urbanistic' sau 'legea urbanismului', acestea par să se refere la legislația națională, nu la PUG-ul specific al Bucureștiului.",
NO_MENTION,high,justiție electorală,high,1,"Voi participa la dezbaterea de la Euronews mâine seară, așteptându-l pe George Simion.",Voi merge mâine seară la Euronews unde îl aștept pe George Simion.,2025-05-07,2025-05-07_eu-sunt-aici-pentru-dezbateri-asa-cum-am-fost-si-in-primul-t,"Niciuna dintre dovezile furnizate nu menționează participarea la o dezbatere la Euronews, așteptându-l pe George Simion, sau topicul specific al justiției electorale. Deși există mențiuni despre 'discuții' sau 'participare', acestea sunt generale și nu se referă la contextul specific al promisiunii.",
IN_PROGRESS,medium,NATO/apărare,medium,1,"Dacă voi fi ales președinte, voi acorda o atenție deosebită structurilor militare și poliției.","Iar dacă voi fi ales președinte, voi acorda o atenție deosebită structurilor militare și poliției.",2025-05-10,2025-05-10_o-tara-care-isi-doreste-sa-fie-sigura-si-in-care-legea-este,"Deși există mențiuni despre siguranța națională, securitate și atribuțiile președintelui în acest domeniu, nu există dovezi concrete de acțiuni specifice sau de 'atenție deosebită' acordată direct structurilor militare și poliției, ci mai degrabă o abordare generală a securității naționale și a instituțiilor statului.","Întăvri statului de drept și lupta anticorupție sunt priorități ale acestui mandat, incluse, după cum știți, în noua strategie națională de Apărare a țării... | O să fie una din preocupările mele pentru că e ă unul din atributele importante ale ale președintelui. | Cu cunoașterea pe care o am în momentul de față, cred că instituțiile, serviciile trebuie să prevină atunci când există un risc la securitate națională."
KEPT,high,justiție electorală,high,1,"Voi accepta toate invitațiile la dezbateri primite pentru săptămâna viitoare, de luni până vineri.","Iar luni, marți, miercuri, joi și vineri, săptămâna viitoare, voi da curs tuturor invitațiilor primite.",2025-05-07,2025-05-07_eu-sunt-aici-pentru-dezbateri-asa-cum-am-fost-si-in-primul-t,"Deși promisiunea se referea la o săptămână specifică ('săptămâna viitoare'), declarațiile lui ND arată o disponibilitate constantă și concretă de a participa la dezbateri și discuții publice, inclusiv invitând activ la acestea și stabilind termene. Acesta a acceptat invitații și a inițiat el însuși discuții, demonstrând respectarea spiritului promisiunii.","Încă o dată, mulțumesc pentru invitație. Sunt convins că o să aveți discuții fructuoase și sunt convins de utilitatea dezbaterilor dumneavoastră. | Este o primă discuție, da? Deci este o dezbatere care ă e util să continue. | Invit toți magistrații care vor să reclame probleme în sistemul de justiție la o discuție fără limită de timp luni, 22 decembrie, începând cu ora 10:00."
KEPT,high,legi/reformă instituțională,medium,1,"Mă angajez să fiu un președinte care apără democrația, drepturile fundamentale și statul de drept.","Promit să fiu un președinte care apără democrația, drepturile fundamentale și statul de drept.",2025-05-22,2025-05-22_astazi-am-primit-validarea-mandatului-de-presedinte-al-roman,"Președintele ND a făcut multiple declarații după învestitură, reafirmând angajamentul său de a apăra democrația, drepturile fundamentale și statul de drept. Aceste declarații includ acțiuni concrete, cum ar fi sesizarea Curții Constituționale și numirea de profesioniști în funcții cheie, demonstrând o implementare activă a promisiunii.","În limitele atribuțiilor mele constituționale, voi acționa pentru apărarea independenței justiției și a statului de drept. Statul de drept nu este negociabil. | Mi-am exercitat rolul constituțional de a veghea la respectarea legii fundamentale și voi continua să intervin ori de câte ori este nevoie pentru ca legislația să respecte Constituția și angajamentele internaționale ale României. | Am ținut ca prin nominalizarea unei personalități recunoscută în domeniul dreptului administrativ și european să îmi reafirm angajamentul față de buna funcționare a autorităților publice, independența justiției și respectarea statului de drept."
IN_PROGRESS,medium,alt,low,1,Voi face tot ce pot pentru a onora încrederea acordată.,voi face tot ce pot ca să o onorez.,2025-05-24,2025-05-24_romania-continuam-pe-drumul-democratic-pro-european-si-trans,"Promisiunea este foarte generală și dificil de evaluat concret. Deși există declarații care indică o intenție de a menține încrederea și de a se ține de cuvânt, nu există dovezi concrete de acțiuni finalizate care să demonstreze onorarea încrederii, ci mai degrabă o aspirație continuă.",Sper ca prin tot ce fac aici să am în continuare încrederea lor. | Ne ținem de cuvânt și asta face bine alianței.
IN_PROGRESS,medium,social,low,1,"Voi lucra cu hotărâre pentru ca fiecare cetățean să se simtă protejat, respectat și liber.","Voi lucra cu hotărâre pentru ca fiecare cetățean să se simtă protejat, respectat și liber.",2025-05-22,2025-05-22_astazi-am-primit-validarea-mandatului-de-presedinte-al-roman,"Deși promisiunea este una generală, declarațiile lui Nicușor Dan subliniază în mod repetat angajamentul de a apăra cetățeanul și statul de drept, ceea ce se aliniază cu ideea de a se simți protejat, respectat și liber. Totuși, nu există dovezi concrete de acțiuni finalizate, ci mai degrabă de intenții și obiective.","Adică nu vrem să apărăm statul, ci vrem să apărăm cetățeanul care trăiește, locuiește în acest stat. | Eu cred că un principiu al democrației este că cetățenii au dreptate, nu? | Justiția nu e pentru magistrați, e pentru orice cetățean al acestei țări."
IN_PROGRESS,medium,educație,medium,1,"Voi fi un partener pentru toți actorii din educație (studenți, profesori, administrație) în efortul de a transforma potențialul educațional în realitate.","Invit toți actorii din Educație – studenți, profesori, administrație – să lucreze împreună pentru a transforma acest potențial în realitate, iar eu le voi fi un partener în acest efort.",2025-05-24,2025-05-24_investitia-in-educatia-tinerilor-ii-va-ajuta-pe-ei-sa-creasc,"Promisiunea de a fi un partener pentru toți actorii din educație este menționată ca un obiectiv general, cu accent pe stimularea financiară a personalului didactic și pe schimbarea mentalității. Deși există o recunoaștere a importanței educației și a rolului mediului academic, nu există dovezi concrete de acțiuni de parteneriat cu toți actorii menționați (studenți, profesori, administrație) pentru a transforma potențialul educațional în realitate, ci mai degrabă direcții generale de acțiune.","În ceea ce privește educația, este nevoie să stimulăm financiar personalul didactic. | Și asta e o chestiune de educație pe care în care trebuie să schimbăm puțin mentalitatea în cuprinsul parcursului educațional, inclusiv a profesorilor. | Cred cu tărie că mediul academic trebuie să fie mai prezent în marile decizii ale statului, de la buget și politici economice, până la viziunea europeană a României. Este timpul să construim o legătură reală între cercetare, educație și decizia publică."
NO_MENTION,high,social,medium,1,Voi asigura că tinerii români de pretutindeni vor fi mereu ascultați.,veți fi mereu ascultați.,2025-05-24,2025-05-24_romania-continuam-pe-drumul-democratic-pro-european-si-trans,"Deși există mențiuni despre românii din Ucraina și minoritățile românești, precum și despre importanța dialogului și a susținerii, niciuna dintre dovezile furnizate nu se referă în mod specific la 'tinerii români de pretutindeni' sau la asigurarea că aceștia vor fi 'mereu ascultați'. Promisiunea vizează o categorie demografică specifică ('tineri') și o acțiune specifică ('ascultați'), care nu sunt abordate direct în extrase.",
NO_MENTION,high,R. Moldova,medium,1,"Vom fi uniți cu frații și surorile de peste Prut și la bine, nu doar la greu.",vom fi și la bine.,2025-05-24,2025-05-24_romania-continuam-pe-drumul-democratic-pro-european-si-trans,"Deși există mențiuni despre 'unitate', 'împreună' și 'români', niciunul dintre extrasele din discursul lui ND nu face referire specifică la 'frații și surorile de peste Prut' sau la Republica Moldova. Promisiunea vizează o unire cu R. Moldova, iar dovezile se referă la unitatea internă sau la alianțe generale.","Mulțumesc pentru încredere. Mergem mai departe, împreună! La mulți ani, români! | 2025 ne-a reamintit că adevărata noastră forță stă în unitate, în capacitatea de a rămâne împreună chiar și atunci când drumul este dificil, cu dorința comună de a construi un viitor pe baze solide."
IN_PROGRESS,high,diaspora,medium,1,"Mă angajez să creez punți între ideile, proiectele, aspirațiile și nevoile românilor de pretutindeni și deciziile luate în România, asumându-mi acest mandat cu maximă responsabilitate.","Rolul meu, ca președinte al țării, este să creez punți între ideile și proiectele voastre, aspirațiile și nevoile pe care le aveți și deciziile de aici, din România, iar acest mandat mi-l asum cu maximă responsabilitate.",2025-05-25,2025-05-25_cu-ocazia-zilei-romanilor-de-pretutindeni-gandurile-mele-se,"Președintele Nicușor Dan a menționat în discursurile sale că protejarea și promovarea drepturilor și intereselor cetățenilor români din afara granițelor reprezintă o prioritate a mandatului său și că are în vedere inițiative pentru îmbunătățirea legăturii cu comunitățile din exterior. Aceste declarații indică o intenție clară de a acționa conform promisiunii, dar nu oferă detalii despre acțiuni concrete deja finalizate.","Protejarea și promovarea drepturilor și intereselor cetățenilor români din afara granițelor reprezintă o altă prioritate a mandatului meu și, de aceea, am în vedere mai multe inițiative pentru îmbunătățirea legăturii dintre statul român și comunitățile noastre din exterior. | Protejarea și promovarea drepturilor și intereselor cetățenilor români din afara granițelor reprezintă o prioritate a mandatului meu și pune și o punte solidă de legătură între țările noastre."
IN_PROGRESS,high,legi/reformă instituțională,medium,1,Voi propune o Românie onestă în care vom reconstrui instituțiile statului pentru a funcționa în beneficiul cetățenilor.,Vă propun o Românie onestă în care să reconstruim instituțiile statului astfel încât ele să funcționeze pentru oameni.,2025-02-03,2025-02-03_lansare-campanie-romania-onesta,"Nicușor Dan menționează în discursurile sale de după învestitură necesitatea unei schimbări fundamentale și a reformării instituțiilor statului, inclusiv a procesului de acces și promovare în funcția publică, precum și a sistemului administrativ și electoral. Aceste declarații indică faptul că promisiunea este un obiectiv urmărit, dar nu există dovezi de acțiuni concrete finalizate, ci mai degrabă o recunoaștere a nevoii de reformă.","Statul român are nevoie de o schimbare fundamentală, bineînțeles în limitele statului de drept și vă invit să continuați să fiți implicați cu toată forța socială pe care ați dovedit o. pentru a pune presiunea pozitivă pe instituțiile statului român pentru ca acestea să se reformeze și vă asigur că voi fi un președinte deschis la vocea societății și partener cu societatea. | E nevoie ca România să reformeze procesul de acces și promovare în funcția publică. | În ceea ce privește sistemul administrativ, e nevoie ca România să reducă birocrația și să digitalizeze, e nevoie ca România să reformeze procesul de acces și promovare în funcția publică, e nevoie de o reformă administrativ-teritorială și e nevoie de o reformă a sistemului electoral."
KEPT,high,diplomație,medium,1,"Mă angajez să fac tot ce îmi va fi cerut în legătură cu decizia importantă privind rămânerea în Uniunea Europeană și NATO, deoarece este o alegere crucială pentru societate.",nu am Nu am făcut absolut nimic în momentul în care mi se va cere ceva o să fac pentru că e o într adevăr este o decizie foarte importantă pentru care pe care urmează s o luăm toți ca societate ă și nu e o alegere între două persoane cum multă lume a spus este o alegere între a rămâne în Uniunea Europeană și Nato și cu toate problemele pe care le avem și clasa politică și societatea și a alege un președinte care vrea opusul care pune în discuție Scutul de la deveselul toate trăsnăile astea Deci e o chestiune foarte serioasă și foarte bine că oamenii de afaceri au au intrat au intervenit în această discuție pentru că de fapt toate instituțiile statului trăiesc Din banii pe care ei îi produc,2024-12-04,2024-12-04_political-studio-nicusor-dan-the-signal-is-good-even-if-it-i,"Declarațiile președintelui ND după investitură arată un angajament ferm și acțiuni concrete în direcția menținerii și întăririi parteneriatelor cu Uniunea Europeană și NATO, inclusiv participarea la coaliții și reafirmarea priorităților de apărare europeană în complementaritate cu NATO. Acestea demonstrează că promisiunea de a face tot ce îi va fi cerut în legătură cu decizia privind rămânerea în UE și NATO a fost respectată prin acțiuni diplomatice și strategice.","Participăm la coaliția de voință, de exemplu, pentru că ne interesează securitatea Europei și e important să fim acolo unde se iau decizii. | Am reafirmat angajamentul ferm al României de a avansa agenda europeană în toate dimensiunile sale. | Am subliniat importanța întăririi apărării europene, în deplină complementaritate cu NATO, precum și necesitatea de a continua eforturile începute la Consiliul European din octombrie. | Evident, trebuie să păstrăm parteneriatele, trebuie să ne manifestăm interesele în cadrul Uniunii Europene, în cadrul NATO, parteneriatul cu Statele Unite."
IN_PROGRESS,high,măsuri fiscale,high,1,"Dacă toți vom agrea ca domnul Ciolacu să fie următorul premier, voi pune pe masă câteva reforme foarte clare, inclusiv reducerea cheltuielilor statului, care ar trebui implementate rapid, în șase luni.",nu exclud în momentul de față dacă toți am agrea ca Domnul ciolacu să fie următorul Premier trebuie să punem pe masă câteva reforme foarte clare care urmează să fie făcute Adică trebuie să reducem din cheltuielile statului avem un deficit bugetar mare și ar trebui să convenim pe câteva reforme care să fie făcute foarte repede la anul în șase luni ar trebui deja să să le facem ceea ce este foarte dificil și sunt sigură că Domnul ciolacu va agrea asta,2024-12-04,2024-12-04_political-studio-nicusor-dan-the-signal-is-good-even-if-it-i,"Nicușor Dan menționează în mod repetat necesitatea reformelor fiscale și a reducerii cheltuielilor statului, indicând că acestea sunt o urgență și că se lucrează la un set de măsuri și acte normative. Cu toate acestea, nu există dovezi că reformele au fost implementate sau finalizate în cele șase luni promise, ci mai degrabă că sunt în faza de analiză și pregătire pentru aplicare ulterioară.","Urgența este să avem un guvern cu majoritate parlamentară care să care să care să asume niște măsuri de reformă fiscală. | e nevoie de o mică analiză și atunci ce vrem noi să facem este ca până la 30 iunie să vedem să venim cu un set de măsuri, inclusiv un pachet de acte normative care să dea garanția mediului financiar că suntem serioși și că reducem deficitul, urmând ca în perioada imediat următoare guvernul care va fi format să vină cu ajustări ale aparatului de stat care să fie aplicate de la 1 ianuarie 2026. | Am promis că facem reforme, le vom face pentru ca situația financiară a României să se redreseze."
IN_PROGRESS,medium,diplomație,medium,1,"Voi aprofunda chestiunile specifice de politică externă până la momentul alegerilor, pentru a avea răspunsuri complete în fața oamenilor.",în mod onest pos să le aprofundez până la momentul alegerilor astfel încât în momentul în care vom fi în fața oamenilor să am răspunsul la aceste Toate aceste întrebări,2024-12-18,2024-12-18_nicusor-dan-iesirea-unui-partid-din-coalitie-ne-ar-lasa-cu-u,"Declarațiile lui Nicușor Dan arată o preocupare pentru aprofundarea subiectelor de politică externă și pentru a lua decizii informate, menționând dezbateri ale specialiștilor și necesitatea unor răspunsuri complete. Cu toate acestea, nu există dovezi concrete că aprofundarea a fost finalizată sau că răspunsurile complete au fost deja formulate și prezentate publicului până la momentul alegerilor, ci mai degrabă că procesul este în desfășurare.","Astea sunt întrebările mari și bineînțeles și pe chestiunea pe care m ați întrebat precis, după dezbaterea specialiștilor trebuie ca politicul să ia o decizie | adică care este formatul discuției și eventualii observatori care este rolul lor în această ședință și în funcție de răspunsul părții americane decidem dacă să mergem sau să nu mergem."
IN_PROGRESS,high,legi/reformă instituțională,high,1,"Voi influența decisiv mecanismele administrative pentru a eficientiza funcționarea întregului ansamblu administrativ național, astfel încât lumea să respecte legea.",sunt mecanisme Administrative care pot să fie influențate decisiv de președinte pentru ca funcționarea administrativă a întregului ansamblu administrativ Național să fie e mai eficientă și atunci și Primarului din București îi va fi mai mai simplu decât mi a fost mie,2024-12-18,2024-12-18_nicusor-dan-iesirea-unui-partid-din-coalitie-ne-ar-lasa-cu-u,"ND menționează în repetate rânduri necesitatea eficientizării administrației publice și a respectării legii, precum și intenția de a interveni pentru a asigura acest lucru. Cu toate acestea, declarațiile se referă la procese de durată și la obiective viitoare, fără a indica acțiuni concrete finalizate care să demonstreze o influență decisivă deja exercitată.","Chiar dacă va fi un proces de durată, eficientizarea administrației publice este obligatorie pentru ca statul să își poată îndeplini misiunea de a fi în slujba cetățenilor. | Mi-am exercitat rolul constituțional de a veghea la respectarea legii fundamentale și voi continua să intervin ori de câte ori este nevoie pentru ca legislația să respecte Constituția și angajamentele internaționale ale României. | Întăvri statului de drept și lupta anticorupție sunt priorități ale acestui mandat, incluse, după cum știți, în noua strategie națională de Apărare a țării, pentru că doar un sistem judiciar independent și eficient și împreună cu o administrație onestă și profesionistă vor putea să îmbunătățească funcționarea instituțiilor statului și mai ales să ducă la recăpătarea încrederii cetățenilor în instituțiile statului"
IN_PROGRESS,high,legi/reformă instituțională,medium,1,"Voi face tot ce ține de mine pentru ca modificările rezultate din referendumurile bucureștene să fie realizate, contând pe buna credință a parlamentarilor.",o să facem tot ce ține de noi Și bineînțeles contăm pe buna credință a parlamentarilor pentru ca aceste modificări să fie realizate,2024-12-16,2024-12-16_nicusor-dan-si-a-anuntat-candidatura-la-alegerile-prezidenti,"Nicușor Dan menționează în repetate rânduri intenția de a transpune rezultatele referendumului și necesitatea susținerii parlamentare pentru aceasta, indicând că este un obiectiv urmărit activ, dar nu finalizat. Declarațiile sale subliniază eforturile de a obține sprijin politic, dar nu confirmă adoptarea efectivă a modificărilor.","Deci astea sunt cele două lucruri, transpunerea referendumului în care eu cred că pot să ajut foarte mult bucureștenii. | Este nevoie de și aici este nevoie de voință politică este nevoie de un vot vot în Parlament de susținere a acestor modificări. | Și înțelegerea pe care am avut-o cu partidele este ca referendumul din București să se reflecte în această lege."
IN_PROGRESS,high,legi/reformă instituțională,high,1,Prioritatea mea este să realizez dialogul cu Parlamentul care se va forma pe chestiunile care țin de referendumul pe care l-am avut.,acum în acest moment prioritatea noastră este să reușim să realizăm să avem dialogul cu Parlamentul care se va forma pe chestiunile care țin de referendumul pe care l am avut,2024-12-16,2024-12-16_nicusor-dan-si-a-anuntat-candidatura-la-alegerile-prezidenti,"Nicușor Dan menționează în repetate rânduri intenția de a discuta cu Parlamentul, inclusiv despre referendum și numiri, dar nu există dovezi concrete că dialogul a fost inițiat sau finalizat. Declarațiile indică o intenție clară de a respecta promisiunea, dar nu și acțiuni concrete finalizate.","Dimpotrivă, vom discuta astfel încât numirile să fie validate de Parlament. | Toate toate lucrurile astea vor fi discutate. Urgența este să avem Urgența este să avem un guvern cu majoritate parlamentară care să care să care să asume niște măsuri de reformă fiscală. | Ăă pe acel referendum, consultare de care vorbeați."
IN_PROGRESS,high,justiție electorală,high,1,Voi informa cele patru partide din coaliția pro-occidentală despre intenția mea de a candida la prezidențiale.,Eu am avut mi s a părut corect să informez cele patru partide din această coaliție de intenția mea,2024-12-16,2024-12-16_nicusor-dan-si-a-anuntat-candidatura-la-alegerile-prezidenti,"Deși Nicușor Dan menționează în repetate rânduri intenția de a discuta cu partidele și de a le convoca, nu există dovezi concrete că ar fi informat deja cele patru partide din coaliția pro-occidentală despre intenția sa de a candida la prezidențiale. Declarațiile indică o intenție viitoare de a iniția aceste discuții, nu o acțiune deja realizată.","În acel moment mă voi duce către partidele politice pentru o discuție preliminară ca să ca să evităm situația în care eventual eu aș propune și ei a respinge. | O să chem toate partidele, așa cum spune constituția. | Ce vreau eu să spun este că o să împing cu toate puterile ca cele patru partide procidentale să continue să colaboreze."
KEPT,high,justiție electorală,high,1,Voi menține candidatura mea la Președinția României.,eu mențin mențin candidatura și o să vedem,2024-12-23,2024-12-23_nicusor-dan-despre-candidatura-lui-crin-antonescu-partidele,"Promisiunea de a menține candidatura la Președinția României este confirmată de declarația lui Nicușor Dan după investitură, unde afirmă că va fi președintele tuturor românilor, ceea ce implică faptul că a candidat și a câștigat. De asemenea, o altă declarație menționează că 'Asta a declarat președintele', indicând că el este deja în funcția de președinte.",Voi fi președintele tuturor românilor oriunde s-ar afla. 🇷🇴 | Asta a declarat președintele.
NO_MENTION,high,București/local,high,1,"Vom prelungi tramvaiul care ajunge acum lângă Aeroportul Băneasa până în centrul comercial și vom extinde tramvaiul pe București-Târgoviște până la centrul comercial, folosind parcările acestora ca Park and Ride.",Vom face încă 50 de km,2025-02-16,2025-02-16_nicusor-dan-vrem-sa-cumparam-inca-250-de-tramvaie-si-sa-mode,"Niciuna dintre declarațiile furnizate nu menționează prelungirea tramvaiului până la centrul comercial de lângă Aeroportul Băneasa sau extinderea tramvaiului pe București-Târgoviște până la un centru comercial, nici utilizarea parcărilor acestora ca Park and Ride. Declarațiile se referă la transportul public în general, infrastructura națională de transport și porturi, dar nu la detaliile specifice ale promisiunii.",
NO_MENTION,high,București/local,high,1,"Vom reabilita încă 50 de km de linii de tramvai în București, având contractele semnate și proiectarea făcută, așteptând lansarea programului operațional Regional pe București-Ilfov pentru finanțare.",Cam în doi ani toate liniile de tramvai pe care le cunoașteți în București vor fi reabilitate adică vom face încă 50 de km,2025-02-16,2025-02-16_nicusor-dan-vrem-sa-cumparam-inca-250-de-tramvaie-si-sa-mode,"Niciuna dintre declarațiile furnizate nu menționează reabilitarea liniilor de tramvai în București, contracte semnate, proiectare făcută sau programul operațional Regional pe București-Ilfov pentru finanțare. Deși există mențiuni generale despre transportul public și infrastructură, acestea nu se referă specific la promisiunea dată.",
IN_PROGRESS,high,legi/reformă instituțională,medium,1,"Mă angajez să contribui la o discuție despre modalitățile de reformare a statului, pentru a-l face funcțional și puternic.",Eu cred că o să fie o o discuție despre modalitățile în care putem răspunde așteptărilor oamenilor de reforma statului de a face din acest stat unul funcțional puternic,2024-12-23,2024-12-23_nicusor-dan-despre-candidatura-lui-crin-antonescu-partidele,"ND a menționat în repetate rânduri necesitatea reformei statului, a sistemului administrativ-teritorial și electoral, și a vorbit despre restructurări și eliminarea sinecurilor. Deși există voință și discuții despre reformă, nu există dovezi de acțiuni concrete finalizate, ci mai degrabă un proces de reflecție și demarare a reformelor.","E nevoie de o reformă administrativ teritorială și o nevoie de o reformă a sistemului electoral. | Și atunci e foarte important ca în procesul de reflecție despre cum să facem această reformă, mediul privat să fie implicat și de asta dialogul cu dumneavoastră este ăă foarte important. | Da. Adică ăă trebuie să facem acele restructurări ale ăă aparatului de stat care sunt normale, că trebuie să reducem idemnizațiile oamenilor care sunt în diferite consilii de administrații, că trebuie să tăiem tot felul de sinecuri. | Deci da, există voință de reformă. Dacă ne uităm însă la cum ă mai avem de lucrat puțin la asta. | Reformele administrative și fiscale demarate anul trecut vor consolida statul și acest efort conjugat, cetățeni, sector privat, instituții publice, trebuie valorificat prin politici publice care să facă posibilă relansare economică."
IN_PROGRESS,medium,București/local,high,1,"Vom cumpăra încă 250 de tramvaie noi pentru București, astfel încât flota să fie practic nouă, așteptând lansarea programului operațional Regional pe București-Ilfov pentru a accesa fonduri europene.",vrem să cumpărăm încă 250 de trav e noi astfel încât flota să fie practic nouă toată și pentru asta așteptăm lansarea programului operațional Regional pe București Ilfov avem documentația pregătită pentru a accesa banii europeni,2025-02-16,2025-02-16_nicusor-dan-vrem-sa-cumparam-inca-250-de-tramvaie-si-sa-mode,"Deși nu există o mențiune directă despre achiziția celor 250 de tramvaie noi, Nicușor Dan subliniază importanța transportului public pentru București și menționează accesarea fondurilor europene pentru investiții în infrastructură, ceea ce ar putea include și tramvaiele. Nu există însă o acțiune concretă finalizată sau în execuție directă a promisiunii.","Evident că îmi doresc îmi doresc o continuitate și special în zona de transport public pentru că e principala problemă a Bucureștiului azi e traficul și singura soluție e transportul public. | Pentru toate investițiile din infrastructură, fondurile de coeziune rămân esențiale pentru noi."
IN_PROGRESS,medium,justiție electorală,medium,1,"Voi susține modificarea legilor electorale pentru a reduce marja de apreciere a Curții Constituționale în privința candidaturilor, pentru alegerile viitoare.",pentru alegerile viitoare trebuie În opinia mea să modificăm legile astfel încât marja de apreciere a curții constituționale să să fie foarte foarte redusă,2025-03-07,2025-03-07_nicusor-dan-fata-de-aceasta-decizie-a-ccr-ne-invartim-in-cee,"ND menționează disponibilitatea partidelor de a corecta legea electorală în funcție de motivarea Curții Constituționale și vorbește despre necesitatea de a reduce atitudinea discreționară în anumite procese, dar nu există dovezi concrete de acțiuni legislative finalizate sau în curs pentru a reduce marja de apreciere a CCR în privința candidaturilor.","Vreau, îmi doresc ca motivarea să apară cât mai repede în spațiul public, în Monitorul Oficial și în funcție de asta îmi doresc și există, din ce am perceput disponibilitatea partidelor să corectăm legea în funcție de evident de motivarea Curții Constituționale, astfel încât să asigurăm transparența funcției publice. | Eu aș zice că da. Cine este cine face parte din colegiile de conducere ale instanțelor și toată lumea din aceste sesizări spun că acești oameni trebuie aleși prin vot de către colegii lor și nu impuși și modul în care se fac delegări, detașări să fie mult mai precis formulat astfel încât posibilitatea de atitudine discreționară să fie mult redusă."
IN_PROGRESS,medium,București/local,medium,1,"Voi fi un partener pentru primarul Bucureștiului, indiferent cine va fi acesta, dacă voi fi președinte, având în vedere experiența mea și problemele cu care m-am confruntat în relația cu autoritățile naționale.",primarul oricare o să fie el o să aibă un partener în mine dacă voi fi președinte,2025-03-14,2025-03-14_buna-romania-nicusor-dan-romania-e-un-stat-bolnav-bec-trebui,"Deși există mențiuni despre susținerea orașelor europene și întâlniri cu reprezentanți ai partidelor pe București, nu există o declarație explicită care să confirme un parteneriat direct și concret cu primarul Bucureștiului, indiferent de persoană, așa cum a fost promis. Declarațiile sunt mai generale, referindu-se la un parteneriat cu 'statul mai eficient', 'societatea' sau 'toți românii'.","Am resimțit direct aceste dificultăți în perioada în care am fost primarul Bucureștiului. Astăzi, în calitate de președinte, îmi propun să susțin, în cadrul Consiliului European, ca asociațiile de orașe să aibă un rol mai puternic în procesul decizional european. | M-am întâlnit cu reprezentanții partidelor pe București pentru a discuta de primărie. | Voi fi un președinte deschis la vocea societății și partener al ei."
IN_PROGRESS,medium,NATO/apărare,medium,1,"Voi fi un președinte care se va preocupa de problemele României, în special de securitatea țării, care este legată de economie și justiție.",nu veți fi Un președinte care să aibă îngăduinței O să fie un președinte care o să se preocupe de problemele României cea mai importantă problemă a României în acest context este propria sa securitate dar ca să ai securitate trebuie să ai economie ca să ai economie trebuie să ai justiție Deci Astea sunt,2025-03-14,2025-03-14_buna-romania-nicusor-dan-romania-e-un-stat-bolnav-bec-trebui,"Promisiunea se referă la preocuparea pentru securitatea țării, legată de economie și justiție. Deși există declarații generale despre a fi un președinte preocupat de problemele României, de o economie mai puternică și de un stat mai eficient, nu există mențiuni explicite despre securitatea țării sau justiție în extrasele furnizate. Declarațiile se concentrează mai mult pe cetățenii români din afara granițelor și pe formarea unui guvern pro-occidental, care ar putea fi tangențial legat de securitate, dar nu direct.","Voi fi un președinte care se va preocupa de problemele României, în special de securitatea țării, care este legată de economie și justiție. | 🤝 Va avea în mine un partener în efortul de a construi un stat mai eficient și o economie mai puternică pentru toți românii. | Eu doresc și voi acționa pentru ca România să fie guvernată de forțe procidentale."
IN_PROGRESS,medium,justiție electorală,medium,1,"Voi asigura că procesul electoral va fi corect și nealterat, în special după alegeri anulate, prin discuții cu instituțiile relevante.",unul din atributele președintelui este să se asigure după niște alegeri anulate că alegerile care urmează nu vor fi în vreun fel alterate,2025-03-19,2025-03-19_nicusor-dan-am-discutat-cu-bolojan-la-cotroceni-despre-alege,"ND menționează necesitatea de a discuta cu instituțiile relevante despre legislația electorală și despre asigurarea corectitudinii procesului, inclusiv în contextul anulării alegerilor. Deși există discuții și intenții clare, nu sunt prezentate acțiuni concrete finalizate care să confirme respectarea deplină a promisiunii.","Voi asigura că procesul electoral va fi corect și nealterat, în special după alegeri anulate, prin discuții cu instituțiile relevante. | De aceea trebuie mare grijă cu ce vom păstra în materie de legislație privind alegerile de la CSM... | Așa cum am spus, e o chestiune strâns legată de întrebarea precedentă legată de anularea alegerilor din noiembrie. | Dimpotrivă, vom discuta astfel încât numirile să fie validate de Parlament."
IN_PROGRESS,high,legi/reformă instituțională,high,1,"Dacă voi intra în turul doi, voi face apel la toate forțele pro-occidentale din România să mă susțină.","În ipoteza în care voi intra în turul doi, voi face voi face apel la toate forțele pro occidentale din România să mă susțină.",2025-05-04,2025-05-04_nicusor-dan-o-sa-fie-o-disputa-intre-un-candidat-pro-occiden,"Deși ND menționează în repetate rânduri dorința ca România să fie guvernată de forțe pro-occidentale și acționează în acest sens, nu există dovezi concrete că a făcut un apel explicit la toate forțele pro-occidentale din România să-l susțină în turul doi, așa cum a promis. Declarațiile indică o direcție generală și o intenție, dar nu o acțiune specifică de apel în contextul turului doi.","Eu doresc și voi acționa pentru ca România să fie guvernată de forțe procidentale. | De asemenea, este interesul României ca în majoritatea care susține guvernul, forțele politice să colaboreze și am încredere că o vor face."
IN_PROGRESS,high,legi/reformă instituțională,high,1,"Dacă nu voi intra în turul doi, voi susține candidatul pro-occidental fără condiții.","În ipoteza în care nu voi intra în turul doi, fără condiții voi susține candidatul preoccidental.",2025-05-04,2025-05-04_nicusor-dan-o-sa-fie-o-disputa-intre-un-candidat-pro-occiden,"Deși promisiunea inițială se referea la susținerea unui candidat pro-occidental în turul doi, dovezile ulterioare investiturii lui ND arată un efort constant de a forma și susține un guvern și o majoritate parlamentară pro-occidentală. Aceasta este o extensie a spiritului promisiunii, dar nu o acțiune directă de susținere a unui candidat în turul doi, ci mai degrabă o acțiune de susținere a unei direcții politice pro-occidentale în general.","Exclud deci scenariul alegerilor anticipate și subliniez la capătul acestor proceduri vom avea un guvern pro occidental. | Deci ceea ce eu vreau să evit, ceea ce justific, ceea ce și justifică faptul că am tăcut de multe ori când mi s a cerut opinia pe diferite subiecte este că cu toate diferențele între partidele pro occidentale, ele trebuie să dea o majoritate pro occidentală. | Ce vreau eu să spun este că o să împing cu toate puterile ca cele patru partide procidentale să continue să colaboreze. | De asta eu îmi doresc ca cele patru partide prooccidentale să fie în guvern, să avem o majoritate stabilă."
IN_PROGRESS,high,anti-corupție,high,1,"Voi identifica zonele de corupție, cum ar fi cea imobiliară, a pădurilor și a evaziunii fiscale, și mă voi asigura că managementul parchetelor alocă resurse pentru cazurile cu mize mari.",Un președinte ar Identifica în mod corect Care sunt zonele de corupție eu pot să vă spun câteva una este cea imobiliară una este cea de păduri una este cea de mare evaziune fiscală și să se asigure că managementul parchetului face în așa fel încât să existe niște resurse care să fie alocate pe cazurile astea,2025-02-05,2025-02-05_nicusor-dan-despre-scandalul-nordis-mult-din-ce-se-construie,"ND a menționat în repetate rânduri necesitatea ca parchetele să se concentreze pe marile zone de corupție și a discutat despre planurile de management ale șefilor de parchete, inclusiv alocarea de resurse. Cu toate acestea, dovezile nu indică acțiuni concrete finalizate, ci mai degrabă intenții și discuții viitoare.","Sunt zone întregi de corupție care sunt neglijate de statul român și imediat ce o să terminăm cu chestiunea asta a deficitului și a formării guvernului, partea de justiție o să fie principala mea preocupare, inclusiv discuții cu șefii parchetelor, inclusiv ăă discuții despre despre ă planurile de management ale noilor șefi de ai parchetelor care vor avea un mandat începând de la începutul anului 2026. | Deci, primul și în primul rând, managementul în parchete cu țintirea unor zone de corupție pe care noi le vedem. și doi, o tot o chestiune de management în ceea ce privește instanțele, pentru că și aici suntem cumva supraîncărcați de dosare și nu există mintea limpede care să simplifice tot procesul. | În momentul în care corupția este bine definită, în modul lor de acțiune și în alocarea de resurse, ea va ocupa un loc mai important."
IN_PROGRESS,high,București/local,high,1,"Voi promova un plan urbanistic general care să impună condiția ca zonele destructurate să fie urbanizate înainte de a se acorda autorizații de construire, asigurând infrastructura necesară (apă, gaz, drumuri).",asta e ceva ce vrem să impunem în planul urbanistic General pentru zonele astea care sunt destructurate să cerem condiția ca ele să fie urbanizate înainte să putem să dăm autorizații de construire,2025-02-05,2025-02-05_nicusor-dan-despre-scandalul-nordis-mult-din-ce-se-construie,"Nicușor Dan menționează în discursuri că se va implica în legea urbanismului și în codul urbanismului, indicând o preocupare pentru dezvoltarea urbană. De asemenea, el estimează că un cod urbanistic va ajunge în Parlament în februarie-martie, ceea ce ar putea include aspecte legate de planul urbanistic general și condițiile de urbanizare. Cu toate acestea, nu există dovezi concrete că planul urbanistic general care impune condiția urbanizării zonelor destructurate înainte de autorizații de construire a fost deja promovat sau implementat.","O să avem un cod urbanistic februarie, martie, estimarea mea, în Parlament și aici pare că ne îndreptăm spre centralizarea la primăria capitalei. | Una care ține de legea urbanismului, de codul urbanismului pe în care mă voi implica. | În ceea ce privește mediul, este nevoie de o reformare a instituțiilor de autorizare și control, de extinderea activității Gărzii de Mediu, de o reformă la Romsilva, de o preocupare cu privire la dezvoltarea urbană, care afectează viitorul localităților noastre, și de o stimulare a gestionării eficiente a deșeurilor."
IN_PROGRESS,high,București/local,medium,1,"Voi susține o împărțire corectă a banilor între Primăria Capitalei și primăriile de sector, conform voinței bucureștenilor exprimată prin referendum.",o să susțin că această împărțire între primăria capitalei și primăriile de sector este total defectuasă și nu ține cont de nu ține cont de Voința bucureștenilor,2025-02-05,2025-02-05_nicusor-dan-despre-scandalul-nordis-mult-din-ce-se-construie,"Nicușor Dan menționează în repetate rânduri necesitatea punerii în practică a referendumului privind distribuția taxelor și impozitelor bucureștenilor și se așteaptă ca o lege să reflecte acest lucru. Deși vorbește despre o înțelegere cu partidele și despre așteptări, nu există dovezi că împărțirea corectă a banilor a fost deja implementată sau că o lege a fost adoptată în acest sens, indicând că este un obiectiv urmărit, dar nu finalizat.","Este obligatorie punerea în practică a referendumului de anul trecut: distribuția taxelor și impozitelor bucureștenilor la nivelul Consiliului General, nu la Parlament, și toate autorizațiile la Primarul General, nu la sectoare, pentru o unică responsabilitate pe urbanism. | Și înțelegerea pe care am avut-o cu partidele este ca referendumul din București să se reflecte în această lege. | Există un articol legat la București și eu mă aștept să spună din impozitul pe venit colectat de la bucureșteni, un anume procent se duce la primăria municipiului București, urmând ca Primăria Municipiului București, prin Consiliul General să decidă împărțirea acestor bani între cele șapte primării din București."
IN_PROGRESS,high,economie,medium,1,"Voi defini o direcție de țară clară, cu strategii pe termen lung și investiții pe următorii 10 ani, în domenii esențiale precum sănătatea și economia, pentru a eficientiza sistemul și a răspunde nevoilor cetățenilor.",cred că președintele una din în modalitatea de definit direcția că noi nu avem o direcție de țară fie că ne uităm la colectarea taxelor fie că ne uităm la sănătate Noi nu avem în mod real o direcție de țară și atunci este rolul președintelui și cumva că am exercițiul ăsta de primar în fiecare zi se întâmplă ceva Trebuie să răspunzi se blochează conturi au venit să autorizații și nu ai timp să gândești președintele are atuul ăsta că fiind nefiind în actul zilnic de guvernare are un spațiu de timp în care poate să reflecteze asupra unor direcții esențiale pe care România trebuie să le urmeze,2025-02-05,2025-02-05_nicusor-dan-despre-scandalul-nordis-mult-din-ce-se-construie,"ND a menționat în repetate rânduri elaborarea unei strategii naționale și a unui plan de implementare cu termene și indicatori clari, inclusiv pentru dimensiunea economică. Deși strategia a fost votată, implementarea este încă în faza de planificare și nu există dovezi de acțiuni concrete finalizate.","Ulterior adoptării acestei Strategii, va fi elaborat un plan de implementare care va avea termene și indicatori clari. | Sunt trei direcții principale pe care se va concentra activitatea noastră - securitate, dimensiune economică și românii din afara granițelor. | Aceasta este o strategie. Ea va fi urmată de un plan de implementare, așa spune legea, așa o să facem, care nu va avea un caracter public, dar în care toate atribuțiile, termenele, atribuțiile instituțiilor, termene de realizare vor fi prevăzute."
KEPT,high,justiție electorală,high,1,"Voi lansa o campanie prezidențială independentă, bazată pe donații de la oameni și pe voluntariat, respectând legea finanțării campaniilor.",am lansat Aseară am lansat site ul de campanie nicusordan ro și care are trei secțiuni importante una de donații pentru că sunt un Independent și vreau să fac o campanie bazată pe bani pe care i strâng de la oameni la locale am strâns 500000 € 2 milioane ca să facem o campanie decentă,2025-02-05,2025-02-05_nicusor-dan-despre-scandalul-nordis-mult-din-ce-se-construie,"Deși nu există o declarație explicită 'am lansat o campanie independentă bazată pe donații', există multiple referințe la campania electorală prezidențială, la donații și la cheltuielile rambursate de la Autoritatea Electorală, ceea ce sugerează că o astfel de campanie a avut loc și a respectat legea finanțării. Faptul că menționează 'cheltuielile pe care le am făcut în turul întâi 20 de milioane jumate de RON pentru care am solicitat rambursarea de la Autoritatea Electorală' indică o campanie finanțată și raportată conform legii.","A fost o întrebare în timpul campaniei. Cine au fost persoanele care au donat sume mai mari? | Iar în campania pentru campania cele 30 plus 30 de zile plus cele două săptămâni, turul doi pentru alegerile prezidențiale, cheltuielile pe care le am făcut în turul întâi 20 de milioane jumate de RON pentru care am solicitat rambursarea de la Autoritatea Electorală."
IN_PROGRESS,medium,justiție electorală,medium,1,"Voi coordona instituțiile statului, în special serviciile de informații, pentru a preveni fenomenele care pot duce la anularea alegerilor și pentru a explica transparent situațiile de criză electorală.",Un președinte el singur nu trebuie să facă decât să coordoneze aceste instituții și în special serviciile de informații care sunt în în coordonarea sa în primul rând noi Trebuia să vedem noi ca stat trebuia să vedem acest fenomen înainte ca el să apară și să n ajungem să anulăm alegerile din cauza asta și Dacă tot am fost în situația asta și am eșuat trebuia foarte repede rugându-i pe noștri Occidentali care au competențe digitale poate mai bune decât ale noastre să explicăm Ce s a întâmplat astfel încât oamenii să fie convinși că măsura anulării A fost una corectă,2025-02-05,2025-02-05_nicusor-dan-despre-scandalul-nordis-mult-din-ce-se-construie,"ND menționează necesitatea ca instituțiile să comunice fenomene de corupție și evaziune fiscală, ceea ce se aliniază cu prevenirea fenomenelor care pot duce la anularea alegerilor. De asemenea, vorbește despre crearea unui stat care să lucreze cu date, sugerând o abordare transparentă. Cu toate acestea, nu există dovezi concrete de coordonare activă a serviciilor de informații sau de explicare transparentă a situațiilor de criză electorală, ci mai degrabă intenții și cereri adresate altor entități.","Ele trebuie să comunice instituțiilor, să le spunem civile, zonele prin care pe prin specificul muncii lor observă că se întâmplă fenomene de corupție, evaziune fiscală sau ceea ce va spune ceea ce va spune strategia. | Da. Ăsta a fost mesajul meu. Eu sper să creăm un stat care în timp să și producă toate și inclusiv am spus azi în conferință că eu vreau o administrație care să lucreze cu date și să nu se întâmple cum inclusiv când discutam de formarea guvernului și discutam de reducerea deficitului azi avem niște date și peste o săptămână datele alea să fie 50% din datele inițiale."
NO_MENTION,high,legi/reformă instituțională,high,1,"Voi susține inițiative legislative pentru parteneriatul civil, având în vedere că am semnat deja o astfel de inițiativă ca parlamentar.",eu în 2018 sau 2019 fiind parlamentar am semnat o inițiativă legislativă Pentru parteneriatul civil,2025-02-05,2025-02-05_nicusor-dan-despre-scandalul-nordis-mult-din-ce-se-construie,"Niciuna dintre dovezile furnizate nu menționează în mod specific parteneriatul civil, inițiative legislative legate de acesta, sau vreo acțiune a lui ND în acest sens. Discursurile se referă la inițiative legislative generale, acorduri de coaliție și promulgări de legi, dar nu la subiectul promisiunii.",
IN_PROGRESS,high,sănătate,medium,1,"Voi promova o abordare integrată pentru sistemul sanitar, eficientizând spitalele și încurajând soluții precum ambulatoriile pentru a reduce internările inutile.",nu am asta însă Ce pot să văd din experiența mea de primar al unui oraș mare și complicat nu avem o să ne uităm la zona sanitară Da avem doar în București avem 50 de spitale din care noi gestionăm 19 fiecare dintre aceste spitale din cele 50 de spitale în mod legitim directorii managerii lor vin și spun Mama am nevoie de de aparatul ăla Vreau să mă extind să mai fac o clădire aici ca să fac un ambulatoriu sau nu știu ce dar nu există o viziune integrată despre cum să eficientizăm sistemul asta cum să facem ca oamenii să nu mai blocheze și să blocheze resurse în spital și să se ducă într un ambulatoriu și să rezolve într o jumătate de zi ce pot să facă în trei zile de de internare ăsta este tipul de abordare și de și de proiecte cu termene cu investiții pe următorii 10 ani Pe care Un președinte trebuie să le să le promoveze,2025-02-05,2025-02-05_nicusor-dan-despre-scandalul-nordis-mult-din-ce-se-construie,"ND a menționat în discursuri necesitatea unei echilibrări între medicina primară/ambulatorie și sistemul de spitale, precum și eficientizarea serviciilor. De asemenea, a promulgat o lege care permite medicilor de familie să deschidă mai ușor puncte de lucru în localități mici și oferă servicii spitalicești de zi decontate integral pentru pacienții cu boli grave, ceea ce susține o abordare integrată și reducerea internărilor inutile. Cu toate acestea, nu există dovezi concrete ale unei implementări complete sau a unor rezultate finale, ci mai degrabă inițiative și obiective.","În ceea ce privește sistemul de sănătate, este nevoie de digitalizarea întregului sistem, de o echilibrare între medicină primară și ambulatorie și sistemul de spitale... | Aplicarea acestei legi va crește calitatea și eficiența serviciilor pentru că reforma înseamnă corectitudine, transparență sporită în folosirea fondurilor publice, obiectivul final fiind un act medical mai bun pentru fiecare cetățean. | Prin noile reglementări, medicii de familie vor putea deschide mai ușor puncte de lucru în localități mici, pacienții cu boli grave (HIV/SIDA, tuberculoză, cancer) vor beneficia de servicii spitalicești decontate integral în regim de spitalizare de zi."
IN_PROGRESS,high,social,medium,1,"Voi atenua conflictele sociale și voi valida aspectele legitime, invalidând exagerările, pentru a construi o societate în care oamenii înțeleg opiniile diferite și pot lua decizii pe chestiuni care îi unesc.",este rolul președintelui să atenueze conflictele inevitabile între categorii sociale să valideze lucrurile care sunt legitime și să invalideze prin poziția sa exagerările de o parte sau de alta și în felul ăsta o societate în care oamenii înțeleg ce spun celelalte categorii socio profesionale e o societate care poate să ia decizii pe chestiuni care le care îi unesc,2025-02-05,2025-02-05_nicusor-dan-despre-scandalul-nordis-mult-din-ce-se-construie,"Declarațiile lui Nicușor Dan arată o preocupare constantă pentru atenuarea conflictelor și promovarea dialogului civilizat, solicitând calm și echilibru. Cu toate acestea, ele se concentrează pe îndemnuri și obiective, fără a descrie acțiuni concrete sau rezultate finale care să indice o promisiune pe deplin respectată.","Dimpotrivă, eu vreau să avem o discuție așezată, civilizată, astfel încât să luăm cea mai bună cea mai bună decizie legat de coaliție. | În discuțiile de astăzi, le-am cerut partidelor să dezescaladeze retorica publică și să se uite la soluții mai mult decât la probleme pentru că, în orice formulă politică, majoritară sau minoritară, vom avea nevoie de dialog între forțele politice pro-occidentale. | Da. Îndemnul meu este la calm, echilibru, luciditate pentru toate părțile implicate, astfel încât să reușim să găsim o soluție. | Deci trebuie să realizăm o pace socială cu privire la chestiunea asta. | Totul este să fim să fim calmi și să încercăm să găsim justul echilibru între între necesitățile uneori divergențe divergente ale părților din societate."
KEPT,high,Ucraina/Rusia,medium,1,"Voi milita ca România să fie parte din procesul de reconstrucție al Ucrainei, asigurând un rol corect pentru România în acest proces.",o să militez ca o ă în procesul de reconstrucție România să fie ăă ăă în acest proces de reconstrucție rolul părților să fie corect. inclusiv pentru România.,2025-05-07,2025-05-07_interviu-nicusor-dan-despre-criza-economica-in-care-poate-in,"Declarațiile lui Nicușor Dan confirmă implicarea directă a României în procesul de reconstrucție al Ucrainei și susținerea integrării acesteia în UE, îndeplinind promisiunea de a milita pentru un rol corect al României în acest proces.","România se va implica în procesul de reconstrucție al Ucrainei direct, dar și prin încurajarea procesului profund de modernizare presupus de integrarea în Uniunea Europeană. | Am vorbit de integrarea Ucrainei în Uniunea Europeană și am reafirmat sprijinul României pentru acest proces."
KEPT,high,diplomație,medium,1,"Voi urmări interesul de securitate al României în dialogul cu administrația americană și toate celelalte interese, inclusiv vizavi de vize.",ce pot să promit este că în toate în tot dialogul cu administrația americană voi urmări interesul României cel mai important de securitate și după aceea toate celelalte inclusiv vizav.,2025-05-07,2025-05-07_interviu-nicusor-dan-despre-criza-economica-in-care-poate-in,"Declarațiile lui Nicușor Dan după investitură arată o preocupare constantă pentru interesul de securitate al României în dialogul cu SUA, menționând prezența militară americană și relația transatlantică. Deși vizele nu sunt menționate explicit în majoritatea dovezilor, există o referire la discuții diplomatice pe 'toate canalele' pentru progrese, inclusiv pe tema vizelor, imediat după investitură.","Iar noi, România, avem interesul și din perspectivă economică și mai ales din perspectivă de securitate ca această relație să fie cât mai puternică. | Pentru România, Statele Unite ale Americii reprezintă un partener strategic esențial pentru securitatea noastră și acționăm în consecință. | Faptul că avem soldați americani în România este foarte bine pentru România în acest context de securitate global care este complicat. Deci cel mai important lucru pentru România în momentul acesta în relația bilaterală este continuarea prezenței militare a Statelor Unite în România. | sunt discuții pe canale diplomatice cu administrația american ambasadorul României discuții pe toate canalele diplomatice pentru că e să fie acolo o vizită poate la administrația Trump în America discuție oricum sub orice bun sunt sunt progrese diplomate pe care vă voi informa în momentul în care ele că președintele României are nevoie ca ministrul de externe să fie totuși recomandat de noul președinte al României?"
IN_PROGRESS,high,măsuri fiscale,high,1,Voi combate marea evaziune fiscală la nivel național.,Sunt patru lucruri foarte importante pe care trebuie să le facem. să combatem marea evaziune fiscală,2025-05-07,2025-05-07_interviu-nicusor-dan-despre-criza-economica-in-care-poate-in,"Nicușor Dan menționează în repetate rânduri marea evaziune fiscală ca un fenomen important și nociv, discutând despre necesitatea de a concentra mai multe forțe ale statului și de a modifica strategia națională de apărare pentru a o combate. Deși există discuții și intenții clare, nu sunt prezentate acțiuni concrete finalizate sau în execuție directă, ci mai degrabă demersuri de planificare și evaluare a strategiilor.","În privința marii evaziuni fiscale, ăă am avut chiar aseară o discuție cu domnul prim ministru interimar, domnul Predoiu, ăă și a spus că verifică dacă trebuie în strategia națională de Apărare să aducem o modificare astfel încât să concentrăm mai multe forțe ale statului pe combaterea acestui fenomen. | De asta spun, deci dacă stabilim o agendă națională de combatere a evaziunii, asta va fi tratată special și cu preponderență de toate instituțiile, inclusiv s ar putea să fie nevoie să modificăm nu sentințe, pedepse, să le facem mai aspre. | Și eu cred, da, că e important. Eu cred că corupția este un fenomen important, nociv pentru societatea noastră. evaziunea fiscală de asemenea pentru că dezechilibrează bugetul."
IN_PROGRESS,medium,economie,medium,1,Voi analiza companiile de stat unde managementul este politic și puțin profesionist.,să ne uităm la companiile statului care unde managementul din păcate este foarte politic și foarte puțin profesionist.,2025-05-07,2025-05-07_interviu-nicusor-dan-despre-criza-economica-in-care-poate-in,"ND recunoaște existența problemelor de management politic și lipsă de profesionalism în companiile de stat și în administrația publică, dar declarațiile sale se limitează la constatarea situației și la exprimarea intenției de a remedia, fără a menționa acțiuni concrete de analiză sau intervenție directă asupra acestor companii.","Sunt probleme mari de management la companiile de stat. | E vorba de incompetență. și am văzut că sunt amante prin conducerea acelor instituții puse pe criterii politici este ăă eu am spus de mai multe ori despre calitatea oamenilor care lucrează în diferite instituții ale statului și este va fi un lung proces până când o să ajungem să avem în instituțiile statului lui angajări pe și mai ales la poziții de conducere, că aici este cea | În ceea ce privește riscurile și vulnerabilitățile interne, aș insista pe capacitatea redusă a administrației publice pe multiple planuri"
IN_PROGRESS,high,economie,high,1,Voi accesa mai rapid fondurile europene.,să accesăm în sfârșit și mai rapid fonduri europene,2025-05-07,2025-05-07_interviu-nicusor-dan-despre-criza-economica-in-care-poate-in,"Declarațiile lui Nicușor Dan menționează în mod repetat intenția de a accesa și fructifica fondurile europene, precum și discuții cu oficiali europeni pe această temă. Cu toate acestea, nu există dovezi concrete ale unei accelerări efective a accesării fondurilor, ci mai degrabă exprimări de optimism și obiective viitoare.","Sunt foarte, foarte optimist că în acest format o să reușim să fructificăm oportunitățile care vin din programele europene. | I-am spus comisarului european Apostolos Tzitzikostas că, dată fiind poziția geostrategică a României, inclusiv pentru implementarea Coridorului vertical, țara noastră trebuie să acceseze mai mult din fondurile europene suplimentare destinate interconectivității. | Am vorbit concret despre cum putem atrage și folosi mai eficient fondurile europene pentru proiecte sociale care să producă rezultate vizibile pentru oameni."
IN_PROGRESS,high,măsuri fiscale,high,1,Voi limita cheltuielile statului.,să limităm cheltuielile statului,2025-05-07,2025-05-07_interviu-nicusor-dan-despre-criza-economica-in-care-poate-in,"Nicușor Dan a menționat în repetate rânduri intenția de a tăia cheltuielile statului și a inițiat discuții și comisii pentru a identifica aceste reduceri. Cu toate acestea, dovezile nu indică finalizarea sau implementarea concretă a acestor măsuri, ci mai degrabă că sunt în curs de analiză și planificare.","Mai întâi vorbește de tăierea unor cheltuieli inutile ale statului. | Au fost discuții tehnice pentru a găsi locuri în care să putem să tăiem din cheltuielile statului. | Fiecare dintre ele a înțeles că e nevoie să facem reduceri bugetare, inclusiv reduceri de cheltuieli ale statului și am agreat ca doi oameni de la fiecare din partidă să înceapă să lucreze începând de azi la o comisie de tăiere a cheltuielilor."
IN_PROGRESS,medium,legi/reformă instituțională,high,1,"Voi angaja oameni la Ministerul Culturii și instituțiile subordonate pentru a eficientiza procesele, în special în zona construcțiilor.",Acolo este un loc unde trebuie să angajăm oamenii.,2025-05-07,2025-05-07_interviu-nicusor-dan-despre-criza-economica-in-care-poate-in,"Deși promisiunea specifică de a angaja oameni la Ministerul Culturii și instituțiile subordonate pentru eficientizarea proceselor în construcții nu este menționată direct, există declarații generale despre reforma instituțiilor și necesitatea unui management competent. Acestea sugerează o intenție de a îmbunătăți funcționarea instituțiilor, dar nu confirmă acțiuni concrete legate de angajări specifice în domeniul culturii și construcțiilor.","Reforma instituțiilor reprezintă o prioritate a mandatului meu, astfel încât acestea să poată pune bazele unei creșteri economice solide. Calitatea instituțiilor și modul în care acestea influențează prosperitatea tuturor românilor sunt esențiale. | Da. Și noi trebuie să facem să reușim să ducem un să le facem să funcționeze pe principii de economie pe de o parte și pe de altă parte strâns legat să reușim să ducem un management competent acolo."
NO_MENTION,high,justiție electorală,high,1,Voi răspunde invitațiilor posturilor de televiziune pentru o dezbatere cu contracandidatul meu.,"Da, voi răspunde invitațiilor posturilor de televiziune pentru o dezbatere cu contracandidatul și e o veste bună că domnia sa vrea să accepte.",2025-05-07,2025-05-07_editie-speciala-nicusor-dan-anunta-ca-accepta-invitatia-lui,"Niciuna dintre dovezile furnizate nu menționează direct sau indirect participarea la dezbateri televizate cu contracandidații. Discuțiile menționate sunt cu partidele politice sau se referă la conferințe de presă, nu la dezbateri electorale cu un contracandidat.",În în momentul potrivit discuția va avea loc între mine și partide. | Înțelegeți doar că în momentul potrivit discuția va avea loc între mine și partide. | În acel moment mă voi duce către partidele politice pentru o discuție preliminară ca să ca să evităm situația în care eventual eu aș propune și ei a respinge.
NO_MENTION,high,justiție electorală,high,1,Voi merge la dezbateri organizate de trusturi de televiziune care să fie profesionist organizate în aceste două săptămâni.,Am fost la toate cele trei dezbateri organizate în primul tur de către trusturi de televiziune și fără discuție că vom merge la dezbateri organizate de trusturi de televiziune care să fie profesionist organizate pentru aceste două săptămâni.,2025-05-07,2025-05-07_editie-speciala-nicusor-dan-anunta-ca-accepta-invitatia-lui,"Niciuna dintre dovezile furnizate nu menționează participarea la dezbateri organizate de trusturi de televiziune în cele două săptămâni premergătoare alegerilor sau după investitură. Deși există referiri la discuții și conferințe de presă, acestea nu se leagă direct de promisiunea specifică privind dezbaterile televizate.",
NO_MENTION,high,București/local,high,1,Nu voi face vreo susținere pentru vreunul din candidații la Primăria Capitalei.,"Nu voi face o vreo susținere pentru vreunul din candidații la Primăria Capitalei, iar până atunci vreau să ne concentrăm pe 18 mai.",2025-05-07,2025-05-07_editie-speciala-nicusor-dan-anunta-ca-accepta-invitatia-lui,"Niciuna dintre dovezile furnizate nu face referire directă sau indirectă la susținerea candidaților la Primăria Capitalei. Declarațiile se referă la echipa de campanie, relațiile din coaliție sau alte subiecte, fără legătură cu promisiunea specifică.",
KEPT,high,justiție electorală,high,1,Voi solicita împrumuturi de la persoane fizice pentru a cheltui banii din momentul în care voi fi oficial în turul doi.,Pentru că sunt un candidat independent o să solicit împrumuturi de la persoane fizice ă bani pe care o să putem să i cheltuim din momentul în care în mod oficial o să fim în turul doi după validarea turului întâi de către Curtea Constituțională.,2025-05-07,2025-05-07_editie-speciala-nicusor-dan-anunta-ca-accepta-invitatia-lui,"Nicușor Dan a declarat explicit că s-a împrumutat de la persoane fizice pentru cheltuielile din turul doi, menționând suma și numărul de persoane. Aceasta confirmă direct îndeplinirea promisiunii.","Cheltuielile totale din turul 2, 40 de milioane, asta era limita legală pentru care m am împrumutat cu 38 de milioane și jumătate de la 239 de persoane. | În campania din 2024 pentru alegeri locale am cheltuit 6600 RON, care e suma maximă pe 100 de lege pentru care m am împrumutat de 4800 RON și suma de 6600 mi a fost rambursată de Autoritatea Electorală și eu am rambursat aceste împrumuturi care au venit de la o bancă și de la trei persoane fizice pe care le aveți în hârtie."
KEPT,high,justiție electorală,medium,1,Voi da curs invitațiilor la posturile de televiziune.,"În această seară nu am primit o invitație la postul de care menționat, dar evident că o să fie niște invitații la care o să dau curs.",2025-05-07,2025-05-07_editie-speciala-nicusor-dan-anunta-ca-accepta-invitatia-lui,Declarațiile lui Nicușor Dan după investitură confirmă în mod repetat că a răspuns invitațiilor la posturile de televiziune și că intenționează să continue acest tip de interacțiune. Expresii precum 'am răspuns' și 'sunt gata să avem același tip de interacțiune' indică respectarea promisiunii.,"Da. Deci au fost niște invitații, am răspuns. | Imediat ce colegii noștri din presă ne vor lăsa. sunt gata să avem același tip de interacțiune cât de directă vă doriți."
IN_PROGRESS,high,legi/reformă instituțională,low,1,Voi depune toate eforturile pentru ca statul român să servească în sfârșit cetățenii acestei țări.,voi face tot ce ține de mine ca statul român în sfârșit să slujească cetățenii acestei țări.,2025-05-18,2025-05-18_alegeri-prezidentiale-2025-mesajul-lui-nicusor-dan-dupa-apar,"Deși promisiunea este una generală, discursurile lui Nicușor Dan după investitură arată o intenție clară de a reforma statul și de a-l face să servească cetățenii. Declarațiile subliniază necesitatea unei schimbări fundamentale și angajamentul de a fi un președinte deschis la vocea societății, indicând că eforturile sunt în curs de desfășurare, dar fără a menționa acțiuni concrete finalizate.","Eu cred că autoritățile statului român trebuie să facă tot ce țin de ele, astfel încât românii să respecte statul român. | Statul român are nevoie de o schimbare fundamentală, bineînțeles în limitele statului de drept, și vă invit să continuați să fiți implicați cu toată forța socială pe care ați dovedit-o pentru a pune presiunea pozitivă pe instituțiile statului român pentru ca acestea să se reformeze, și vă asigur că voi fi un președinte deschis la vocea societății și partener cu societatea. | Protejarea și promovarea drepturilor și intereselor cetățenilor români din afara granițelor reprezintă o prioritate a mandatului meu și pune și o punte solidă de legătură între țările noastre."
IN_PROGRESS,medium,educație,medium,1,"Voi fi un partener pentru studenți în eforturile lor de a îmbunătăți mediul universitar, în limita bugetului disponibil.","O să aveți în mine un partener în încercările dumneavoastră de a schimba, de a îmbunătăți ăă mediul universitar în limita bugetului",2025-05-24,2025-05-24_nicusor-dan-e-un-deficit-de-implicare-in-politica-statul-est,"Deși Nicușor Dan menționează importanța mediului universitar și a educației, precum și dorința de a fi un partener pentru diverse instituții, nu există dovezi concrete că a acționat ca partener specific pentru studenți în eforturile lor de a îmbunătăți mediul universitar. Declarațiile se referă mai degrabă la rolul general al mediului academic în societate și la stimularea personalului didactic.","Mai am o fost stimulat de revenirea într un mediu universitar, o reflecție despre rolul universității în societate. | Cred cu tărie că mediul academic trebuie să fie mai prezent în marile decizii ale statului, de la buget și politici economice, până la viziunea europeană a României. Este timpul să construim o legătură reală între cercetare, educație și decizia publică. | În ceea ce privește educația, este nevoie să stimulăm financiar personalul didactic."
CONTRADICTED,high,București/local,high,1,"Imediat ce mă voi instala la Cotroceni, unul dintre viceprimari va deveni primar interimar al Capitalei.",Imediat ce eu mă instalez la Cotroceni o să unul din viceprimari va deveni primar interimar și se va ocupa de Întâmplător este de la în fine este de la PSD și va fi obligat domnul Vigheciu e va fi noul primar.,2025-05-20,2025-05-20_nicusor-dan-despre-planurile-pentru-romania-stiri-b1tv-20-ma,"Promisiunea era ca un viceprimar să devină primar interimar al Capitalei imediat după instalarea la Cotroceni. Nicușor Dan, în calitate de președinte, a felicitat un primar ales (Ciprian Ciucu) și a menționat că bucureștenii vor alege un primar, ceea ce contrazice ideea unui primar interimar numit. Mai mult, a declarat că viceprimarii nu contează, diminuând rolul pe care l-ar fi putut avea un viceprimar în această schemă.","Felicitări și succes lui Ciprian Ciucu. Un oraș complex, restanțe deja istorice și o relație complexă cu celelalte autorități ale statului. Bucureștenii au ales un primar, trebuie să-i dăm acum mijloacele de a guverna orașul. | Asta înseamnă Asta înseamnă că bucureștenii, în mod democratic vor alege un primar cu care evident că eu ca președinte voi | Da, așa cum viceprimarul nu contează de fapt și n o să știți să mi dați un viceprimar din România din anii '90 sau din anii 2000. să spuneți 100 de primari, dar viceprimari pentru că decizia nu este la ei."
IN_PROGRESS,high,legi/reformă instituțională,medium,1,Voi lupta pentru consolidarea instituțiilor statului.,Voi lupta pentru consolidarea instituțiilor statului.,2025-05-22,2025-05-22_nicusor-dan-urmeaza-un-nou-capitol-in-istoria-recenta-si-con,"ND menționează în repetate rânduri necesitatea consolidării statului și a instituțiilor, precum și demararea unor reforme administrative și fiscale în acest scop. Cu toate acestea, nu există dovezi concrete de acțiuni finalizate, ci mai degrabă de obiective și eforturi în curs.","Da. Deci noi trebuie să consolidăm statul ăsta. | Reformele administrative și fiscale demarate anul trecut vor consolida statul și acest efort conjugat, cetățeni, sector privat, instituții publice, trebuie valorificat prin politici publice care să facă posibilă relansare economică. | Întăvri statului de drept și lupta anticorupție sunt priorități ale acestui mandat, incluse, după cum știți, în noua strategie națională de Apărare a țării, pentru că doar un sistem judiciar independent și eficient și împreună cu o administrație onestă și profesionistă vor putea să îmbunătățească funcționarea instituțiilor statului și mai ales să ducă la recăpătarea încrederii cetățenilor în instituțiile statului"
IN_PROGRESS,high,economie,medium,1,Voi lupta pentru prosperitatea economică a țării.,Voi lupta de asemenea pentru prosperitatea economică a țării,2025-05-22,2025-05-22_nicusor-dan-urmeaza-un-nou-capitol-in-istoria-recenta-si-con,"ND menționează în mod repetat prosperitatea economică și eforturile pentru o economie mai puternică ca obiective, dar dovezile nu indică acțiuni concrete finalizate, ci mai degrabă intenții și parteneriate pentru atingerea acestor scopuri.","Va avea în mine un partener în efortul de a construi un stat mai eficient și o economie mai puternică pentru toți românii. | Aceste proiecte sunt despre prosperitatea și securitatea țării noastre și interesează toți cetățenii în egală măsură indiferent de preferințele lor electorale. | Bineînțeles că prosperitatea asta o să vină, trebuie mai întâi să vină companiile, ele trebuie să dea de lucru."
KEPT,high,social,medium,1,Voi fi un garant al libertăților cetățenești.,și voi fi un garant al libertăților cetățenești.,2025-05-22,2025-05-22_nicusor-dan-urmeaza-un-nou-capitol-in-istoria-recenta-si-con,"Declarațiile lui Nicușor Dan după investitură arată un angajament constant și acțiuni concrete în apărarea libertăților cetățenești, a statului de drept și a Constituției, exercitându-și rolul constituțional de garant. Acesta subliniază că rolul său este de a apăra cetățeanul și de a veghea la respectarea legii fundamentale.","În limitele atribuțiilor mele constituționale, voi acționa pentru apărarea independenței justiției și a statului de drept. Statul de drept nu este negociabil. | Mi-am exercitat rolul constituțional de a veghea la respectarea legii fundamentale și voi continua să intervin ori de câte ori este nevoie pentru ca legislația să respecte Constituția și angajamentele internaționale ale României. | Adică nu vrem să apărăm statul, ci vrem să apărăm cetățeanul care trăiește, locuiește în acest stat."
KEPT,high,economie,medium,1,Voi fi un partener al mediului de afaceri.,și voi fi un partener al mediului de afaceri,2025-05-22,2025-05-22_nicusor-dan-urmeaza-un-nou-capitol-in-istoria-recenta-si-con,"Nicușor Dan a menționat în mod explicit întâlniri cu reprezentanții mediului de afaceri și a exprimat deschiderea de a lucra împreună, indicând o acțiune concretă în direcția parteneriatului promis. De asemenea, a mulțumit organizatorilor pentru punerea în contact a industriei de apărare cu potențiali investitori, ceea ce demonstrează un rol activ în facilitarea mediului de afaceri.","Da, avem o întâlnire la nouă cu reprezentanții mediului de afaceri. | Cam atât vreau să vă transmit optimismul meu pentru perioada și pentru anii care urmează și toată deschiderea de a lucra împreună. | Vreau să mulțumesc organizatorilor că pun în contact industria noastră de apărare cu potențiali investitori și este un domeniu de care o să vorbim ani de zile de acum încolo."
IN_PROGRESS,high,diplomație,medium,1,Voi continua și extinde parteneriatul strategic cu Statele Unite ale Americii.,"în primul rând așa cum am spus, noi avem un parteneriat strategic pe care dorim să l continuăm și să l extindem.",2025-05-22,2025-05-22_ce-spune-nicusor-dan-despre-relatiile-romaniei-cu-sua-si-ue,"Declarațiile lui ND confirmă intenția de a continua și extinde parteneriatul strategic cu SUA, menționând propuneri pentru o agendă consistentă de proiecte economice și consolidarea cooperării în securitate și apărare. Cu toate acestea, nu există dovezi de acțiuni concrete finalizate, ci mai degrabă planuri și obiective pentru viitor.","Vom extinde și adapta parteneriatul strategic cu SUA la necesitățile stringente ale prezentului pe baza unei agende consistente de proiecte economice pe câteva linii definitorii: apărare, securitate energetică, materii prime rare și tehnologii de frontieră. | Pentru a extinde și adapta parteneriatul nostru la necesitățile stringente ale prezentului, vom propune Statelor Unite o agendă consistentă de proiecte economice, benefice pentru ambele părți... | Parteneriatul strategic cu Statele Unite va continua să fie o linie fundamentală de acțiune a politicii noastre externe în 2026."
KEPT,high,Ucraina/Rusia,high,1,Voi continua ajutorul pentru Ucraina.,lucru ajutorul pentru Ucraina va continua.,2025-05-22,2025-05-22_ce-spune-nicusor-dan-despre-relatiile-romaniei-cu-sua-si-ue,"Declarațiile lui Nicușor Dan după investitură confirmă în mod repetat și consistent angajamentul de a continua sprijinul pentru Ucraina, menționând asistență militară, sprijin diplomatic și susținere pentru integrarea în UE. Acestea indică acțiuni concrete și o direcție clară de menținere a promisiunii.","Vom sprijini în continuare Ucraina. Vom susține de asemenea | Președintele a anunțat că țara noastră va continua să ajute Ucraina în războiul împotriva Rusiei. | Evident, continuarea sprijinului pentru Ucraina și colaborarea cu partenerii noștri pentru asta, pentru că e vorba de securitatea noastră însăși. | România va continua să sprijine ferm Ucraina în a se apăra. Am reafirmat susținerea noastră diplomatică în toate formatele în care putem să o exercităm în Uniunea Europeană, în NATO, pentru o poziție corectă și pentru un sprijin pe care toate aceste organisme să-l aducă Ucrainei în războiul pe care îl duce."
IN_PROGRESS,high,R. Moldova,high,1,Voi crea un fond de garantare al investițiilor românești în Republica Moldova pentru a stimula conectarea economică.,Este necesar și ăă se propune de mult timp o conectare economică printr un fond de garantare al investițiilor românești în Republica Moldova. este ceva ce trebuie să facem,2025-05-22,2025-05-22_ce-spune-nicusor-dan-despre-relatiile-romaniei-cu-sua-si-ue,"Președintele Nicușor Dan a menționat în repetate rânduri crearea fondului de garantare al investițiilor românești în Republica Moldova ca un obiectiv important și o promisiune, inclusiv imediat după învestitură și în discuții ulterioare. Cu toate acestea, dovezile nu indică finalizarea sau implementarea concretă a acestui fond, ci mai degrabă intenția de a-l crea și de a-l promite mediului privat.","În ceea ce privește relația cu Republica Moldova, sprijinirea parcursului său european, consolidarea și extinderea proiectelor comune în domeniul infrastructurii energetice și de transport. crearea Fondului de Garantare al investițiilor românești în Republica Moldova... | Am vorbit de asemenea de necesitatea ca ă companiile românești să investească mai mult în Republica Moldova și de acel fond de garantare pe care România îl promite mediului privat de mai mult timp pentru asta..."
IN_PROGRESS,high,Ucraina/Rusia,medium,1,Voi participa la efortul de reconstrucție a Ucrainei după ce se va ajunge la o pace rezonabilă.,"Și după ce vom avea asta, bineînțeles că suntem foarte deschiși la a participa la efortul de reconstrucția lucrai.",2025-05-22,2025-05-22_ce-spune-nicusor-dan-despre-relatiile-romaniei-cu-sua-si-ue,"ND a declarat în mod repetat că România va sprijini eforturile de reconstrucție și integrare europeană a Ucrainei, precum și procesul de pace. Cu toate acestea, dovezile nu indică acțiuni concrete de reconstrucție deja începute, ci mai degrabă o intenție fermă și participarea la discuții și coaliții care vizează pacea și securitatea Ucrainei.","We will also assist Ukraine's reconstruction efforts and towards European integration. | Au fost abordate și perspectivele de pace în Ucraina, România fiind gata să susțină acest proces. | Coția de voință, vă aduc aminte, este o reuniune a statelor care își propun să ajute Ucraina, marea lor majoritate europene, fie că sunt în Uniune, fie că nu sunt, cum e Norvegia, fie că sunt în NATO, fie că nu sunt și câteva alte țări care sunt pe aceeași direcție, cum ar fi Canada, Australia, Japonia și obiect Obiectivul acestei coaliții este a fost principalul obiectiv să contureze garanții de securitate pentru Ucraina din momentul în care pacea va fi obținută, astfel încât să existe garanția că Ucraina va fi nu va mai fi în situația în care a fost odată cu începerea războiului acum patru ani."
IN_PROGRESS,high,R. Moldova,high,1,Voi rezolva problemele funcționale legate de timpul petrecut în vămile dintre România și Republica Moldova și circuitul pentru obținerea cetățeniei române.,Avem două probleme funcționale aparent banale timpul petrecut în în vămile dintre cele două state și circuitul pentru obținerea cetățeniei române. Aceste două chestiuni trebuie rezolvate,2025-05-22,2025-05-22_ce-spune-nicusor-dan-despre-relatiile-romaniei-cu-sua-si-ue,"Deși promisiunea specifică de a rezolva problemele funcționale legate de vămile dintre România și Republica Moldova și circuitul pentru obținerea cetățeniei române este menționată explicit în discursul de învestitură, dovezile ulterioare se concentrează mai mult pe eficientizarea generală a procedurilor consulare și sprijinirea diasporei, fără a detalia acțiuni concrete sau rezultate specifice pentru cele două probleme menționate inițial. Menționarea 'funcționalizarea acelor instituții care produc dificultăți, vămile și Autoritatea Națională pentru Cetățenie' indică o recunoaștere a problemei și o intenție de acțiune, dar nu și o rezolvare.","Vămile și Autoritatea Națională pentru Cetățenie. În ceea ce i privește pentru în ceea ce i privește pe românii din diaspora, e nevoie să eficientizăm procedurile și serviciile consulare... | În ceea ce privește relația cu Republica Moldova, sprijinirea parcursului său european, consolidarea și extinderea proiectelor comune în domeniul infrastructurii energetice și de transport, crearea fondului de garantare al investițiilor românești în Republica Moldova, continuarea și extinderea schimburilor culturale și academice, și, în cele din urmă, funcționalizarea acelor instituții care produc dificultăți, vămile și Autoritatea Națională pentru Cetățenie. | În ceea ce i privește pentru în ceea ce i privește pe românii din diaspora, e nevoie să eficientizăm procedurile și serviciile consulare, să creăm o structură dedicată celor care doresc să se întoarcă acasă și în special celor care doresc să se întoarcă pentru a investi în România..."
IN_PROGRESS,medium,R. Moldova,medium,1,Voi continua și voi intensifica schimburile culturale și academice cu Republica Moldova.,și bineînțeles schimburile culturale și academice trebuie să continue poate la un nivel mai mare decât până acum.,2025-05-22,2025-05-22_ce-spune-nicusor-dan-despre-relatiile-romaniei-cu-sua-si-ue,"Deși promisiunea de a continua și intensifica schimburile culturale și academice cu Republica Moldova este menționată în discursurile de după investitură, nu există dovezi concrete de acțiuni finalizate sau de intensificare. Mențiunile se referă la 'continuarea și extinderea schimburilor culturale și academice' ca un obiectiv, nu ca o acțiune deja întreprinsă sau finalizată. Prezența reprezentanților mediului universitar din Republica Moldova la un eveniment nu indică o intensificare a schimburilor, ci doar o continuare a relațiilor existente.","continuarea schimburilor și extinderea schimburilor culturale și academice și în cele din urmă funcționalizarea acelor instituții care produc dificultăți, vămile și Autoritatea Națională pentru cetățenie. | continuarea și extinderea schimburilor culturale și academice, și, în cele din urmă, funcționalizarea acelor instituții care produc dificultăți, vămile și Autoritatea Națională pentru Cetățenie. | Mă bucur, de asemenea, de prezența reprezentanților mediului universitar din Republica Moldova."
KEPT,high,energie/UE,high,1,Voi exprima în numele României continuarea direcției proeuropene.,Eu am exprimat în numele României continuarea Direcției Proeuropene,2025-05-22,2025-05-22_ce-spune-nicusor-dan-despre-relatiile-romaniei-cu-sua-si-ue,"ND a făcut multiple declarații după investitură care reconfirmă angajamentul României față de direcția pro-europeană, inclusiv prin susținerea extinderii UE și colaborarea strânsă cu instituțiile europene. Aceste declarații demonstrează o continuare activă a direcției promise.","Angajamentul meu este de a întări și mai mult direcția pro-europeană a României, pe baza valorilor și principiilor în care credem. | În Uniunea Europeană, România va continua să fie un promotor al unității de viziune și acțiunea a statelor membre și a instituțiilor comunitare. | România este și va rămâne un susținător activ al procesului de extindere a Uniunii Europene."
KEPT,high,diplomație,medium,1,Voi lămuri dubiile neoficiale privind relația cu administrația americană și sunt convins că parteneriatul nostru va continua.,"O să lămurim dubiile care au existat nu oficial din partea administrației, ci din partea unor persoane de acolo și sunt convins că parteneriatul nostru va continua.",2025-05-22,2025-05-22_ce-spune-nicusor-dan-despre-relatiile-romaniei-cu-sua-si-ue,"Promisiunea de a lămuri dubiile și de a continua parteneriatul cu administrația americană a fost respectată. Declarațiile lui Nicușor Dan după investitură confirmă în mod repetat că parteneriatul strategic cu Statele Unite este esențial, continuă și se află în coordonate bune, fără a menționa existența unor dubii neoficiale care să necesite lămuriri suplimentare.","Lucrul cel mai important după această discuție este că parteneriatul nostru va continua. | Evident, parteneriatul strategic cu Statele Unite rămâne esențial. | Relațiile cu America sunt în coordonate bune. | Parteneriatul strategic cu Statele Unite va continua să fie o linie fundamentală de acțiune a politicii noastre externe în 2026."
KEPT,high,legi/reformă instituțională,high,1,Îmi doresc să avem un guvern sprijinit de cele patru partide pro-occidentale din Parlament și de minoritățile naționale.,"Îmi doresc foarte tare ca să avem un guvern, să avem un guvern sprijinit de cele patru partide pro occidentale din Parlament și de minoritățile naționale.",2025-05-22,2025-05-22_ce-spune-nicusor-dan-despre-relatiile-romaniei-cu-sua-si-ue,"Nicușor Dan a declarat în repetate rânduri după investitură că a numit un guvern susținut de cele patru partide pro-occidentale și de minoritățile naționale, confirmând îndeplinirea promisiunii.",Asta a fost opinia mea. Am numit un guvern susținut în Parlament de patru partide și de minorități. | E foarte bine că aceste patru partide pus plus minoritățile naționale au acceptat să fie la guvernare într un moment în care pentru fiecare dintre ele ar fi fost mai simplu să fie opoziție și ăă acolo unde suntem azi în relația dintre aceste partide este că ele doresc să continue.
KEPT,high,legi/reformă instituțională,high,1,"În discuțiile pentru formarea guvernului, programul va fi mai important decât numele miniștrilor, iar chestiunea deficitului va fi centrală.",în discuțiile pe care le voi le voi avea pentru cu partidele pentru formarea guvernului programul o să fie mult mai important decât decât numele miniștrilor și în cadrul discuției pe program chestiunea deficitului care este foarte foarte importantă.,2025-05-22,2025-05-22_ce-spune-nicusor-dan-despre-relatiile-romaniei-cu-sua-si-ue,"Declarațiile lui ND confirmă că discuțiile pentru formarea guvernului s-au concentrat exclusiv pe programul de guvernare, fără a discuta nume de miniștri, și că deficitul bugetar a fost o preocupare majoră, cu un grup de lucru dedicat. Aceasta indică o acțiune concretă în direcția respectării promisiunii.","În ceea ce privește procesul de formare a Guvernului, remarc participarea partidelor parlamentare la discuții. Acestea s-au concentrat, până în prezent, exclusiv pe conținutul programului de guvernare. Nu au fost discutate nume. | Deficitul bugetar rămâne o preocupare majoră. Grupul de lucru constituit săptămâna trecută își desfășoară activitatea zilnic. O primă formă a propunerilor – inclusiv cele asupra cărora nu s-a ajuns la un consens – va fi prezentată mâine liderilor politici."
KEPT,high,București/local,high,1,Voi semna ultimele acte la Primăria Capitalei în calitate de primar în weekend și luni la amiază voi prelua oficial mandatul de președinte.,Ziua de mâine în mare parte va fi dedicată ultimelor acte pe care am să le semnez la primăria capitalei în calitate de primar în weekend de asemenea și luni la amiază voi prelua oficial mandatul,2025-05-22,2025-05-22_ce-spune-nicusor-dan-despre-relatiile-romaniei-cu-sua-si-ue,"Nicușor Dan a depus jurământul ca Președinte al României pe 26 mai 2025, o zi de luni, așa cum a promis. De asemenea, a semnat acte în calitate de președinte, indicând preluarea efectivă a mandatului.",🇷🇴 Astăzi am depus jurământul în fața Parlamentului României ca Președinte al țării. | Am semnat astăzi decretul pentru trecerea în rezervă a doamnei general Florentina Ioniță.
IN_PROGRESS,medium,diplomație,high,1,"Voi avea întâlniri cu ministrul de finanțe și ministrul fondurilor europene, urmate de telefoane internaționale.",voi avea întâlniri cu cei doi miniștri și după care voi avea niște telefoane internaționale.,2025-05-22,2025-05-22_ce-spune-nicusor-dan-despre-relatiile-romaniei-cu-sua-si-ue,"ND menționează întâlniri cu ministrul de finanțe și discuții despre fonduri europene, dar nu există dovezi clare că a avut întâlniri cu ministrul fondurilor europene sau că a efectuat telefoane internaționale în contextul specific al promisiunii. Promisiunea este menționată ca obiectiv urmărit, dar fără acțiune finalizată.","Ă pe de altă parte ăă ă pe buget se lucrează, adică ministrul de finanțe s a întâlnit cu toate instituțiile reprezentative, au discutat pe o anvelopă pe fiecare instituție și săptămâna viitoare vor începe discuțiile tehnice. | Din acel moment va începe o foarte lungă dezbatere între Comisie, Parlament și statele membre pe cum vor arăta fondurile europene pentru 2028 2034. | Ministrul de Finanțe este pregătit să vină să spună decidenților politici pe unde suntem dacă nu facem nimic și ei să decidă de unde să mai să mai tăiem."
KEPT,high,legi/reformă instituțională,high,1,Voi începe discuțiile cu partidele imediat după preluarea mandatului prezidențial.,și imediat după vor începe discuțiile cu partidele.,2025-05-22,2025-05-22_ce-spune-nicusor-dan-despre-relatiile-romaniei-cu-sua-si-ue,"Președintele Nicușor Dan a început discuțiile cu partidele imediat după preluarea mandatului, conform declarațiilor din iunie 2025, care menționează o primă schiță a programului de guvernare și începerea discuțiilor pe acordul de guvernare.","Ne dorim ca luni să avem o primă schiță a programului de guvernare și de aici să înceapă discuțiile pe acordul de guvernare. | O primă schiță de propuneri, inclusiv cele în care nu există acord, își propun să ne o s-o prezinte liderilor mâine, joi și bineînțeles că de aici va începe discuția politică."
IN_PROGRESS,medium,NATO/apărare,high,1,"Voi avea discuții cu structurile de securitate din România cam într-o săptămână, după ce voi clarifica direcția politicii fiscale cu partidele.","Probabil că voi face lucrul ăsta cam într-o săptămână din momentul ăsta, după ce va fi clar pentru mine și după discuțiile cu partide, care este direcția pe care o s-o luăm pe politica fiscală.",2025-05-22,2025-05-22_ce-spune-nicusor-dan-despre-relatiile-romaniei-cu-sua-si-ue,"Promisiunea avea două componente: discuții cu structurile de securitate și clarificarea politicii fiscale cu partidele. Deși există dovezi că ND a avut discuții cu partidele pe tema programului de guvernare și a deficitului bugetar (politica fiscală), nu există dovezi clare că a avut discuții cu structurile de securitate în intervalul specificat sau imediat după clarificarea fiscală. Mențiunile despre discuții cu 'oameni care se pricep la asta' legate de securitate sunt mult mai târzii și nu se leagă direct de promisiunea inițială.","Astăzi am prezentat principalele teme care se află pe agenda internă și externă a României pentru perioada imediat următoare: 🟢 În ceea ce privește procesul de formare a Guvernului, remarc participarea partidelor parlamentare la discuții. Acestea s-au concentrat, până în prezent, exclusiv pe conținutul programului de guvernare. Nu au fost discutate nume. 📉 Deficitul bugetar rămâne o preocupare majoră. Grupul de lucru constituit săptămâna trecută își desfășoară activitatea zilnic. O primă formă a propunerilor – inclusiv cele asupra cărora nu s-a ajuns la un consens – va fi prezentată mâine liderilor politici. Suntem pe deplin conștienți de dimensiunea problemei și tratăm acest subiect cu toată seriozitatea. | Este este o chestiune care mă preocupă, pentru care avem deja discuții cu oameni care se pricep la asta și probabil că nu strategie, dar măcar o direcție de acțiune cam într o jumătate de ani de acum încolo ar trebui să să avem legat de și cumva a doua jumătate a întrebării Ce se ce cred eu că trebuie să facem în cuprinsul anului 2026 în România, printre altele, da, foarte important să vedem care este proiectul nostru pe fondurile europene 2028 2034, adică în cursul anului 2026 noi vom avea aici în interiorul Uniunii vom Vom avea o negociere despre cum să fie bugetul Uniunii și deci cum să fie fondurile europene care vor reveni României."
IN_PROGRESS,high,măsuri fiscale,high,1,"Voi face corecții la deficit, preferabil din cheltuieli.",e nevoie e nevoie să facem niște corecții. Eu mi le doresc să le facem din cheltuieli.,2025-05-22,2025-05-22_ce-spune-nicusor-dan-despre-relatiile-romaniei-cu-sua-si-ue,"Nicușor Dan menționează în repetate rânduri necesitatea reducerii deficitului și a cheltuielilor publice, indicând că este un obiectiv urmărit. Cu toate acestea, nu există dovezi de acțiuni concrete finalizate, ci mai degrabă discuții și analize în curs.","A fost o analiză pe deficit și cum facem ca din anumite taxe să reducem acest deficit. | Eu sunt convins că o să ajungem la reduceri de cheltuieli în sectorul public, numai că discuțiile sunt dificile. | Mai întâi vorbește de tăierea unor cheltuieli inutile ale statului."
KEPT,high,NATO/apărare,high,1,Voi colabora strâns cu marile firme de tehnologie și cu partenerii europeni pentru a aborda securitatea cibernetică și războiul hibrid.,"în opinia mea trebuie să colaborăm foarte bine cu marile firme de tehnologie pe care, din fericire, le avem și bineînțeles cu partenerii europeni care sunt că au aceleași îngrijorări ca și noi, legate de securitatea cibernetică și de războiul hibrid.",2025-05-22,2025-05-22_ce-spune-nicusor-dan-despre-relatiile-romaniei-cu-sua-si-ue,"Declarațiile lui ND arată o colaborare strânsă cu parteneri europeni (Marea Britanie, Franța, UE, NATO) și menționează explicit firme de tehnologie (companii franceze, industria IT din România) pentru abordarea securității cibernetice și a amenințărilor hibride, inclusiv prin investiții comune și programe europene.","Am discutat despre consolidarea cooperării în domeniul securității și apărării, precum și despre coordonarea strânsă privind contracararea amenințărilor hibride și cibernetice, cu un accent deosebit asupra regiunii Mării Negre. | Multe companii franceze au deja planuri avansate de cooperare și investiții alături de firme românești. În domeniul tehnologiilor emergente, inteligență artificială și securitate cibernetică, Franța este lider european, iar colaborarea cu industria IT din România are deja rădăcini solide. | Este important să avansăm în implementarea proiectelor de securitate și apărare în strânsă coordonare UE-NATO."
KEPT,high,NATO/apărare,high,1,"Voi susține o creștere graduală a cheltuielilor militare, aliniindu-mă la necesitățile de securitate ale României.",Am spus că e nevoie de o creștere graduală a cheltuielilor militare și că România se va alinia pentru că e vorba de propria sa securitate.,2025-05-22,2025-05-22_ce-spune-nicusor-dan-despre-relatiile-romaniei-cu-sua-si-ue,"Declarațiile lui Nicușor Dan după investitură confirmă angajamentul României de a crește cheltuielile militare la 2,24% din PIB în 2025 și de a menține o tendință ascendentă, aliniindu-se la necesitățile de securitate și la angajamentele NATO. Se menționează și transformarea acestor bani în capabilități și dezvoltarea infrastructurii conexe.","România, la fel ca și ceilalți aliați, s-a angajat la o țintă de 2,24% din PIB în 2025, și va cheltui acești bani. Vom menține tendința ascendentă direct corelată cu amenințările de securitate. | Mărirea treptată a procentului din PIB pentru apărare în acord cu partenerii noștri. | deciziile pe care ni le am asumat au fost respectarea angajamentelor de suplimentare a cheltuielilor militare, transformarea acestor bani în capabilități care să facă o alianță mai bine pregătită pentru amenințări"
IN_PROGRESS,medium,diplomație,high,1,Voi cunoaște personal omologii din zona noastră.,"Prezența mea acolo o să fie și ca să cunosc, să-i cunosc personal pe omologi din zona noastră, pe omologii din zona noastră",2025-05-22,2025-05-22_ce-spune-nicusor-dan-despre-relatiile-romaniei-cu-sua-si-ue,"Deși există mențiuni despre contacte, consultări și întâlniri periodice cu 'oameni din sfera asta' sau 'șefii acestor instituții', nu există o confirmare explicită că ND a cunoscut personal 'omologii din zona noastră' în sens diplomatic. Declarațiile sugerează mai degrabă intenția de a stabili sau de a continua aceste contacte.","Desigur, că am contacte, vă dați seama, cu ăă oameni din sfera asta. | De asemenea, ce pot să vă [muzică] spun este că periodic mă voi întâlni cu ei, cu șefii acestor instituții. | Și evident că o să mă și consult cu fine oamenii care mă urmăresc."
IN_PROGRESS,high,măsuri fiscale,medium,1,Voi discuta cu partidele și sper să mențin prima opțiune (referitor la politica fiscală).,O să discut cu partidele și sper în continuare pe prima opțiune.,2025-05-22,2025-05-22_ce-spune-nicusor-dan-despre-relatiile-romaniei-cu-sua-si-ue,"Nicușor Dan a declarat în repetate rânduri că va discuta cu partidele politice despre prioritățile fiscale și formarea guvernării, confirmând intenția de a iniția dialogul promis. Cu toate acestea, nu există dovezi că discuțiile s-au finalizat sau că s-a ajuns la o decizie privind 'prima opțiune' fiscală, indicând că promisiunea este în curs de îndeplinire.",În acel moment mă voi duce către partidele politice pentru o discuție preliminară ca să ca să evităm situația în care eventual eu aș propune și ei a respinge. | În în momentul potrivit discuția va avea loc între mine și partide. | intențiile fiecăruia dintre partidele care formează guvernare este să rezolve măcar în parte această problemă a prețurilor.
