doc_id,date,tip,period,canonical,label,count,max_score
2025-05-08_dezbatere-euronews-simion,2025-05-08,dezbatere-electorala,2025Q2 campanie + investitură,românia,țară,3,0.994
2025-05-08_dezbatere-euronews-simion,2025-05-08,dezbatere-electorala,2025Q2 campanie + investitură,sua,țară,1,0.898
2025-05-08_dezbatere-euronews-simion,2025-05-08,dezbatere-electorala,2025Q2 campanie + investitură,nato,instituție internațională,1,0.877
2025-05-08_dezbatere-euronews-simion,2025-05-08,dezbatere-electorala,2025Q2 campanie + investitură,ue,instituție internațională,1,0.874
2025-05-08_dezbatere-euronews-simion,2025-05-08,dezbatere-electorala,2025Q2 campanie + investitură,trump,persoană politică,1,0.923
2024-12-16_anunt-candidatura,2024-12-16,anunt-candidatura,2024Q4-2025Q1 candidatură-precampanie,românia,țară,5,0.988
2024-12-16_anunt-candidatura,2024-12-16,anunt-candidatura,2024Q4-2025Q1 candidatură-precampanie,partidele pro-europene,partid politic,1,0.501
2025-02-03_lansare-campanie-romania-onesta,2025-02-03,lansare-campanie,2024Q4-2025Q1 candidatură-precampanie,românia,țară,3,0.977
2025-02-03_lansare-campanie-romania-onesta,2025-02-03,lansare-campanie,2024Q4-2025Q1 candidatură-precampanie,instituțiile statului,instituție națională,2,0.555
2025-02-03_lansare-campanie-romania-onesta,2025-02-03,lansare-campanie,2024Q4-2025Q1 candidatură-precampanie,președinte,persoană politică,2,0.782
2025-02-03_lansare-campanie-romania-onesta,2025-02-03,lansare-campanie,2024Q4-2025Q1 candidatură-precampanie,românie,țară,1,0.706
2025-05-19_discurs-victorie,2025-05-19,discurs-victorie,2025Q2 campanie + investitură,românia,țară,7,0.992
2025-05-19_discurs-victorie,2025-05-19,discurs-victorie,2025Q2 campanie + investitură,românie,țară,2,0.942
2025-05-19_discurs-victorie,2025-05-19,discurs-victorie,2025Q2 campanie + investitură,româniei,țară,1,0.93
2025-05-19_discurs-victorie,2025-05-19,discurs-victorie,2025Q2 campanie + investitură,r. moldova,țară,1,0.673
2025-05-26_discurs-investitura,2025-05-26,discurs-investitura,2025Q2 campanie + investitură,românia,țară,15,0.99
2025-05-26_discurs-investitura,2025-05-26,discurs-investitura,2025Q2 campanie + investitură,r. moldova,țară,4,0.976
2025-05-26_discurs-investitura,2025-05-26,discurs-investitura,2025Q2 campanie + investitură,statul român,instituție națională,2,0.607
2025-05-26_discurs-investitura,2025-05-26,discurs-investitura,2025Q2 campanie + investitură,președinte,persoană politică,1,0.554
2025-05-26_discurs-investitura,2025-05-26,discurs-investitura,2025Q2 campanie + investitură,partidelor politice,partid politic,1,0.463
2025-05-26_discurs-investitura,2025-05-26,discurs-investitura,2025Q2 campanie + investitură,româniei,țară,4,0.938
2025-05-26_discurs-investitura,2025-05-26,discurs-investitura,2025Q2 campanie + investitură,inspecția judiciară,instituție națională,1,0.698
2025-05-26_discurs-investitura,2025-05-26,discurs-investitura,2025Q2 campanie + investitură,sua,țară,1,0.685
2025-05-26_discurs-investitura,2025-05-26,discurs-investitura,2025Q2 campanie + investitură,nato,instituție internațională,2,0.685
2025-05-26_discurs-investitura,2025-05-26,discurs-investitura,2025Q2 campanie + investitură,ue,instituție națională,1,0.511
2025-05-26_discurs-investitura,2025-05-26,discurs-investitura,2025Q2 campanie + investitură,uniunii europene,instituție națională,1,0.527
2025-05-26_discurs-investitura,2025-05-26,discurs-investitura,2025Q2 campanie + investitură,autoritatea națională pentru cetățenie,instituție națională,1,0.605
2025-06-04_conferinta-presa-cotroceni,2025-06-04,conferinta-presa,2025Q3 deficit + reforma economică,sri,instituție națională,1,0.617
2025-06-04_conferinta-presa-cotroceni,2025-06-04,conferinta-presa,2025Q3 deficit + reforma economică,sie,instituție națională,1,0.479
2025-09-04_autoevaluare-100-zile,2025-09-04,interviu-autoevaluare,2025Q4 stabilizare + diplomație,europa,instituție internațională,1,0.574
2025-09-04_autoevaluare-100-zile,2025-09-04,interviu-autoevaluare,2025Q4 stabilizare + diplomație,românia,țară,1,0.914
2025-09-04_autoevaluare-100-zile,2025-09-04,interviu-autoevaluare,2025Q4 stabilizare + diplomație,coaliția,instituție națională,2,0.545
2025-09-04_autoevaluare-100-zile,2025-09-04,interviu-autoevaluare,2025Q4 stabilizare + diplomație,președinte-guvern-parlament,persoană politică,1,0.599
2025-12-31_mesaj-anul-nou,2025-12-31,mesaj-anul-nou,2025Q4-2026Q1 reformă judiciară,românia,țară,2,0.992
2025-12-31_mesaj-anul-nou,2025-12-31,mesaj-anul-nou,2025Q4-2026Q1 reformă judiciară,românie,țară,1,0.921
2024-12-04_political-studio-nicusor-dan-the-signal-is-good-even-if-it-i,2024-12-04,video-transcript,2024Q4-2025Q1 candidatură-precampanie,parlament,instituție internațională,1,0.506
2024-12-04_political-studio-nicusor-dan-the-signal-is-good-even-if-it-i,2024-12-04,video-transcript,2024Q4-2025Q1 candidatură-precampanie,nato,instituție internațională,3,0.927
2024-12-04_political-studio-nicusor-dan-the-signal-is-good-even-if-it-i,2024-12-04,video-transcript,2024Q4-2025Q1 candidatură-precampanie,ue,instituție internațională,2,0.953
2024-12-04_political-studio-nicusor-dan-the-signal-is-good-even-if-it-i,2024-12-04,video-transcript,2024Q4-2025Q1 candidatură-precampanie,parlament,instituție națională,6,0.882
2024-12-04_political-studio-nicusor-dan-the-signal-is-good-even-if-it-i,2024-12-04,video-transcript,2024Q4-2025Q1 candidatură-precampanie,pro europene,partid politic,2,0.896
2024-12-04_political-studio-nicusor-dan-the-signal-is-good-even-if-it-i,2024-12-04,video-transcript,2024Q4-2025Q1 candidatură-precampanie,președintele,persoană politică,2,0.859
2024-12-04_political-studio-nicusor-dan-the-signal-is-good-even-if-it-i,2024-12-04,video-transcript,2024Q4-2025Q1 candidatură-precampanie,statul român,țară,2,0.631
2024-12-04_political-studio-nicusor-dan-the-signal-is-good-even-if-it-i,2024-12-04,video-transcript,2024Q4-2025Q1 candidatură-precampanie,georgescu,persoană politică,4,0.792
2024-12-04_political-studio-nicusor-dan-the-signal-is-good-even-if-it-i,2024-12-04,video-transcript,2024Q4-2025Q1 candidatură-precampanie,președinte,persoană politică,2,0.763
2024-12-04_political-studio-nicusor-dan-the-signal-is-good-even-if-it-i,2024-12-04,video-transcript,2024Q4-2025Q1 candidatură-precampanie,domnul ciolacu,persoană politică,2,0.858
2024-12-04_political-studio-nicusor-dan-the-signal-is-good-even-if-it-i,2024-12-04,video-transcript,2024Q4-2025Q1 candidatură-precampanie,psd,partid politic,1,0.89
2024-12-04_political-studio-nicusor-dan-the-signal-is-good-even-if-it-i,2024-12-04,video-transcript,2024Q4-2025Q1 candidatură-precampanie,pnl,partid politic,1,0.94
2024-12-04_political-studio-nicusor-dan-the-signal-is-good-even-if-it-i,2024-12-04,video-transcript,2024Q4-2025Q1 candidatură-precampanie,dominic friț,persoană politică,1,0.851
2024-12-04_political-studio-nicusor-dan-the-signal-is-good-even-if-it-i,2024-12-04,video-transcript,2024Q4-2025Q1 candidatură-precampanie,cătălin drulă,persoană politică,1,0.87
2024-12-04_political-studio-nicusor-dan-the-signal-is-good-even-if-it-i,2024-12-04,video-transcript,2024Q4-2025Q1 candidatură-precampanie,partidul,partid politic,1,0.524
2024-12-04_political-studio-nicusor-dan-the-signal-is-good-even-if-it-i,2024-12-04,video-transcript,2024Q4-2025Q1 candidatură-precampanie,elena lasconi,persoană politică,1,0.802
2024-12-04_political-studio-nicusor-dan-the-signal-is-good-even-if-it-i,2024-12-04,video-transcript,2024Q4-2025Q1 candidatură-precampanie,românia,țară,2,0.953
2024-12-04_political-studio-nicusor-dan-the-signal-is-good-even-if-it-i,2024-12-04,video-transcript,2024Q4-2025Q1 candidatură-precampanie,venezuela,țară,2,0.913
2024-12-04_political-studio-nicusor-dan-the-signal-is-good-even-if-it-i,2024-12-04,video-transcript,2024Q4-2025Q1 candidatură-precampanie,pro nato,instituție națională,1,0.551
2024-12-04_political-studio-nicusor-dan-the-signal-is-good-even-if-it-i,2024-12-04,video-transcript,2024Q4-2025Q1 candidatură-precampanie,parlamentul,instituție națională,1,0.786
2024-12-04_political-studio-nicusor-dan-the-signal-is-good-even-if-it-i,2024-12-04,video-transcript,2024Q4-2025Q1 candidatură-precampanie,guvernul,instituție națională,1,0.473
2024-12-04_political-studio-nicusor-dan-the-signal-is-good-even-if-it-i,2024-12-04,video-transcript,2024Q4-2025Q1 candidatură-precampanie,domnia sa,persoană politică,1,0.536
2024-12-04_political-studio-nicusor-dan-the-signal-is-good-even-if-it-i,2024-12-04,video-transcript,2024Q4-2025Q1 candidatură-precampanie,ucraina,țară,1,0.862
2024-12-16_nicusor-dan-despre-calin-georgescu-in-ceea-ce-priveste-conte,2024-12-16,video-transcript,2024Q4-2025Q1 candidatură-precampanie,româniei,țară,1,0.95
2024-12-16_nicusor-dan-despre-calin-georgescu-in-ceea-ce-priveste-conte,2024-12-16,video-transcript,2024Q4-2025Q1 candidatură-precampanie,ue,instituție internațională,1,0.901
2024-12-16_nicusor-dan-despre-calin-georgescu-in-ceea-ce-priveste-conte,2024-12-16,video-transcript,2024Q4-2025Q1 candidatură-precampanie,nato,instituție internațională,1,0.827
2024-12-16_nicusor-dan-despre-calin-georgescu-in-ceea-ce-priveste-conte,2024-12-16,video-transcript,2024Q4-2025Q1 candidatură-precampanie,doamna șoșoacă,persoană politică,1,0.675
2024-12-16_nicusor-dan-despre-calin-georgescu-in-ceea-ce-priveste-conte,2024-12-16,video-transcript,2024Q4-2025Q1 candidatură-precampanie,parchetul,instituție națională,1,0.487
2024-12-16_nicusor-dan-intentionez-sa-candidez-ca-independent-la-aleger,2024-12-16,video-transcript,2024Q4-2025Q1 candidatură-precampanie,românia,țară,11,0.989
2024-12-16_nicusor-dan-intentionez-sa-candidez-ca-independent-la-aleger,2024-12-16,video-transcript,2024Q4-2025Q1 candidatură-precampanie,românii,persoană politică,1,0.474
2024-12-16_nicusor-dan-intentionez-sa-candidez-ca-independent-la-aleger,2024-12-16,video-transcript,2024Q4-2025Q1 candidatură-precampanie,președintelui,persoană politică,4,0.871
2024-12-16_nicusor-dan-intentionez-sa-candidez-ca-independent-la-aleger,2024-12-16,video-transcript,2024Q4-2025Q1 candidatură-precampanie,româniei,țară,1,0.874
2024-12-16_nicusor-dan-intentionez-sa-candidez-ca-independent-la-aleger,2024-12-16,video-transcript,2024Q4-2025Q1 candidatură-precampanie,independent,partid politic,1,0.511
2024-12-16_nicusor-dan-intentionez-sa-candidez-ca-independent-la-aleger,2024-12-16,video-transcript,2024Q4-2025Q1 candidatură-precampanie,președinte,persoană politică,1,0.603
2024-12-16_nicusor-dan-si-a-anuntat-candidatura-la-alegerile-prezidenti,2024-12-16,video-transcript,2024Q4-2025Q1 candidatură-precampanie,românia,țară,11,0.981
2024-12-16_nicusor-dan-si-a-anuntat-candidatura-la-alegerile-prezidenti,2024-12-16,video-transcript,2024Q4-2025Q1 candidatură-precampanie,președintelui,persoană politică,2,0.751
2024-12-16_nicusor-dan-si-a-anuntat-candidatura-la-alegerile-prezidenti,2024-12-16,video-transcript,2024Q4-2025Q1 candidatură-precampanie,româniei,țară,4,0.941
2024-12-16_nicusor-dan-si-a-anuntat-candidatura-la-alegerile-prezidenti,2024-12-16,video-transcript,2024Q4-2025Q1 candidatură-precampanie,curtea constituțională,instituție națională,2,0.892
2024-12-16_nicusor-dan-si-a-anuntat-candidatura-la-alegerile-prezidenti,2024-12-16,video-transcript,2024Q4-2025Q1 candidatură-precampanie,cele patru partide,partid politic,1,0.465
2024-12-16_nicusor-dan-si-a-anuntat-candidatura-la-alegerile-prezidenti,2024-12-16,video-transcript,2024Q4-2025Q1 candidatură-precampanie,autoritatea electorală permanentă,instituție națională,1,0.734
2024-12-16_nicusor-dan-si-a-anuntat-candidatura-la-alegerile-prezidenti,2024-12-16,video-transcript,2024Q4-2025Q1 candidatură-precampanie,agenția pentru protecția mediului,instituție națională,1,0.579
2024-12-16_nicusor-dan-si-a-anuntat-candidatura-la-alegerile-prezidenti,2024-12-16,video-transcript,2024Q4-2025Q1 candidatură-precampanie,garda de mediu,instituție națională,1,0.578
2024-12-16_nicusor-dan-si-a-anuntat-candidatura-la-alegerile-prezidenti,2024-12-16,video-transcript,2024Q4-2025Q1 candidatură-precampanie,pro occidentală,partid politic,1,0.625
2024-12-16_nicusor-dan-si-a-anuntat-candidatura-la-alegerile-prezidenti,2024-12-16,video-transcript,2024Q4-2025Q1 candidatură-precampanie,ue,instituție internațională,1,0.763
2024-12-16_nicusor-dan-si-a-anuntat-candidatura-la-alegerile-prezidenti,2024-12-16,video-transcript,2024Q4-2025Q1 candidatură-precampanie,nato,instituție internațională,1,0.711
2024-12-16_nicusor-dan-si-a-anuntat-candidatura-la-alegerile-prezidenti,2024-12-16,video-transcript,2024Q4-2025Q1 candidatură-precampanie,doamna șoșoacă,persoană politică,1,0.697
2024-12-16_nicusor-dan-si-a-anuntat-candidatura-la-alegerile-prezidenti,2024-12-16,video-transcript,2024Q4-2025Q1 candidatură-precampanie,parchetul,instituție națională,1,0.453
2024-12-16_nicusor-dan-si-a-anuntat-candidatura-la-alegerile-prezidenti,2024-12-16,video-transcript,2024Q4-2025Q1 candidatură-precampanie,pro europene,partid politic,1,0.726
2024-12-16_nicusor-dan-si-a-anuntat-candidatura-la-alegerile-prezidenti,2024-12-16,video-transcript,2024Q4-2025Q1 candidatură-precampanie,pro occidentale,partid politic,2,0.821
2024-12-18_nicusor-dan-iesirea-unui-partid-din-coalitie-ne-ar-lasa-cu-u,2024-12-18,video-transcript,2024Q4-2025Q1 candidatură-precampanie,partidele prooccidentale,partid politic,6,0.956
2024-12-18_nicusor-dan-iesirea-unui-partid-din-coalitie-ne-ar-lasa-cu-u,2024-12-18,video-transcript,2024Q4-2025Q1 candidatură-precampanie,românia,țară,9,0.963
2024-12-18_nicusor-dan-iesirea-unui-partid-din-coalitie-ne-ar-lasa-cu-u,2024-12-18,video-transcript,2024Q4-2025Q1 candidatură-precampanie,usr,partid politic,2,0.845
2024-12-18_nicusor-dan-iesirea-unui-partid-din-coalitie-ne-ar-lasa-cu-u,2024-12-18,video-transcript,2024Q4-2025Q1 candidatură-precampanie,partidelor,partid politic,1,0.623
2024-12-18_nicusor-dan-iesirea-unui-partid-din-coalitie-ne-ar-lasa-cu-u,2024-12-18,video-transcript,2024Q4-2025Q1 candidatură-precampanie,partidele,partid politic,4,0.798
2024-12-18_nicusor-dan-iesirea-unui-partid-din-coalitie-ne-ar-lasa-cu-u,2024-12-18,video-transcript,2024Q4-2025Q1 candidatură-precampanie,guvernului,instituție națională,1,0.476
2024-12-18_nicusor-dan-iesirea-unui-partid-din-coalitie-ne-ar-lasa-cu-u,2024-12-18,video-transcript,2024Q4-2025Q1 candidatură-precampanie,curtea constituțională,instituție națională,1,0.588
2024-12-18_nicusor-dan-iesirea-unui-partid-din-coalitie-ne-ar-lasa-cu-u,2024-12-18,video-transcript,2024Q4-2025Q1 candidatură-precampanie,ce,instituție națională,1,0.683
2024-12-18_nicusor-dan-iesirea-unui-partid-din-coalitie-ne-ar-lasa-cu-u,2024-12-18,video-transcript,2024Q4-2025Q1 candidatură-precampanie,georgescu,persoană politică,2,0.897
2024-12-18_nicusor-dan-iesirea-unui-partid-din-coalitie-ne-ar-lasa-cu-u,2024-12-18,video-transcript,2024Q4-2025Q1 candidatură-precampanie,autoritatea electorală permanentă,instituție națională,2,0.831
2024-12-18_nicusor-dan-iesirea-unui-partid-din-coalitie-ne-ar-lasa-cu-u,2024-12-18,video-transcript,2024Q4-2025Q1 candidatură-precampanie,servicii secrete,instituție națională,1,0.596
2024-12-18_nicusor-dan-iesirea-unui-partid-din-coalitie-ne-ar-lasa-cu-u,2024-12-18,video-transcript,2024Q4-2025Q1 candidatură-precampanie,oameni politici,persoană politică,1,0.512
2024-12-18_nicusor-dan-iesirea-unui-partid-din-coalitie-ne-ar-lasa-cu-u,2024-12-18,video-transcript,2024Q4-2025Q1 candidatură-precampanie,rusia,țară,1,0.945
2024-12-18_nicusor-dan-iesirea-unui-partid-din-coalitie-ne-ar-lasa-cu-u,2024-12-18,video-transcript,2024Q4-2025Q1 candidatură-precampanie,domnia sa,persoană politică,1,0.544
2024-12-18_nicusor-dan-iesirea-unui-partid-din-coalitie-ne-ar-lasa-cu-u,2024-12-18,video-transcript,2024Q4-2025Q1 candidatură-precampanie,domnul greblă,persoană politică,1,0.744
2024-12-18_nicusor-dan-iesirea-unui-partid-din-coalitie-ne-ar-lasa-cu-u,2024-12-18,video-transcript,2024Q4-2025Q1 candidatură-precampanie,româniei,țară,1,0.949
2024-12-18_nicusor-dan-iesirea-unui-partid-din-coalitie-ne-ar-lasa-cu-u,2024-12-18,video-transcript,2024Q4-2025Q1 candidatură-precampanie,președintele,persoană politică,2,0.521
2024-12-18_nicusor-dan-iesirea-unui-partid-din-coalitie-ne-ar-lasa-cu-u,2024-12-18,video-transcript,2024Q4-2025Q1 candidatură-precampanie,parlament,instituție națională,1,0.566
2024-12-18_nicusor-dan-iesirea-unui-partid-din-coalitie-ne-ar-lasa-cu-u,2024-12-18,video-transcript,2024Q4-2025Q1 candidatură-precampanie,partidele din coaliția prooccidentală,partid politic,1,0.512
2024-12-18_nicusor-dan-iesirea-unui-partid-din-coalitie-ne-ar-lasa-cu-u,2024-12-18,video-transcript,2024Q4-2025Q1 candidatură-precampanie,partidelor prooccidentale,partid politic,1,0.632
2024-12-18_nicusor-dan-iesirea-unui-partid-din-coalitie-ne-ar-lasa-cu-u,2024-12-18,video-transcript,2024Q4-2025Q1 candidatură-precampanie,cr,partid politic,1,0.663
2024-12-18_nicusor-dan-iesirea-unui-partid-din-coalitie-ne-ar-lasa-cu-u,2024-12-18,video-transcript,2024Q4-2025Q1 candidatură-precampanie,pro occidentali,partid politic,1,0.739
2024-12-18_nicusor-dan-iesirea-unui-partid-din-coalitie-ne-ar-lasa-cu-u,2024-12-18,video-transcript,2024Q4-2025Q1 candidatură-precampanie,franța,țară,2,0.932
2024-12-18_nicusor-dan-iesirea-unui-partid-din-coalitie-ne-ar-lasa-cu-u,2024-12-18,video-transcript,2024Q4-2025Q1 candidatură-precampanie,sua,țară,2,0.882
2024-12-18_nicusor-dan-iesirea-unui-partid-din-coalitie-ne-ar-lasa-cu-u,2024-12-18,video-transcript,2024Q4-2025Q1 candidatură-precampanie,victor orban,persoană politică,1,0.882
2024-12-18_nicusor-dan-iesirea-unui-partid-din-coalitie-ne-ar-lasa-cu-u,2024-12-18,video-transcript,2024Q4-2025Q1 candidatură-precampanie,trump,persoană politică,1,0.907
2024-12-18_nicusor-dan-iesirea-unui-partid-din-coalitie-ne-ar-lasa-cu-u,2024-12-18,video-transcript,2024Q4-2025Q1 candidatură-precampanie,nato,instituție internațională,1,0.474
2024-12-18_nicusor-dan-iesirea-unui-partid-din-coalitie-ne-ar-lasa-cu-u,2024-12-18,video-transcript,2024Q4-2025Q1 candidatură-precampanie,rusiei,țară,1,0.541
2024-12-18_nicusor-dan-iesirea-unui-partid-din-coalitie-ne-ar-lasa-cu-u,2024-12-18,video-transcript,2024Q4-2025Q1 candidatură-precampanie,președinte,persoană politică,1,0.667
2024-12-18_nicusor-dan-iesirea-unui-partid-din-coalitie-ne-ar-lasa-cu-u,2024-12-18,video-transcript,2024Q4-2025Q1 candidatură-precampanie,primarului din bucurești,persoană politică,1,0.517
2024-12-19_nicusor-dan-dupa-retragerea-psd-de-la-negocieri-sunt-surprin,2024-12-19,video-transcript,2024Q4-2025Q1 candidatură-precampanie,partide,partid politic,1,0.542
2024-12-19_nicusor-dan-dupa-retragerea-psd-de-la-negocieri-sunt-surprin,2024-12-19,video-transcript,2024Q4-2025Q1 candidatură-precampanie,partidele,partid politic,2,0.73
2024-12-19_nicusor-dan-dupa-retragerea-psd-de-la-negocieri-sunt-surprin,2024-12-19,video-transcript,2024Q4-2025Q1 candidatură-precampanie,românia,țară,1,0.94
2024-12-19_nicusor-dan-dupa-retragerea-psd-de-la-negocieri-sunt-surprin,2024-12-19,video-transcript,2024Q4-2025Q1 candidatură-precampanie,parlament,instituție națională,3,0.781
2024-12-19_nicusor-dan-dupa-retragerea-psd-de-la-negocieri-sunt-surprin,2024-12-19,video-transcript,2024Q4-2025Q1 candidatură-precampanie,patru partide prooccidentale,partid politic,1,0.641
2024-12-19_nicusor-dan-dupa-retragerea-psd-de-la-negocieri-sunt-surprin,2024-12-19,video-transcript,2024Q4-2025Q1 candidatură-precampanie,tim,persoană politică,1,0.731
2024-12-19_nicusor-dan-dupa-retragerea-psd-de-la-negocieri-sunt-surprin,2024-12-19,video-transcript,2024Q4-2025Q1 candidatură-precampanie,georgescu,persoană politică,1,0.62
2024-12-19_nicusor-dan-dupa-retragerea-psd-de-la-negocieri-sunt-surprin,2024-12-19,video-transcript,2024Q4-2025Q1 candidatură-precampanie,autoritate electorală permanentă,instituție națională,1,0.633
2024-12-19_nicusor-dan-dupa-retragerea-psd-de-la-negocieri-sunt-surprin,2024-12-19,video-transcript,2024Q4-2025Q1 candidatură-precampanie,româniei,țară,1,0.727
2024-12-23_nicusor-dan-despre-candidatura-lui-crin-antonescu-partidele,2024-12-23,video-transcript,2024Q4-2025Q1 candidatură-precampanie,partidele,partid politic,1,0.503
2024-12-23_nicusor-dan-despre-candidatura-lui-crin-antonescu-partidele,2024-12-23,video-transcript,2024Q4-2025Q1 candidatură-precampanie,partidelor,partid politic,1,0.464
2024-12-23_nicusor-dan-despre-candidatura-lui-crin-antonescu-partidele,2024-12-23,video-transcript,2024Q4-2025Q1 candidatură-precampanie,doamna gabriela firea,persoană politică,1,0.542
2024-12-23_nicusor-dan-despre-candidatura-lui-crin-antonescu-partidele,2024-12-23,video-transcript,2024Q4-2025Q1 candidatură-precampanie,ue,instituție internațională,1,0.605
2024-12-23_nicusor-dan-despre-candidatura-lui-crin-antonescu-partidele,2024-12-23,video-transcript,2024Q4-2025Q1 candidatură-precampanie,independent,partid politic,1,0.846
2024-12-23_nicusor-dan-despre-candidatura-lui-crin-antonescu-partidele,2024-12-23,video-transcript,2024Q4-2025Q1 candidatură-precampanie,georgescu,persoană politică,1,0.775
2024-12-23_nicusor-dan-despre-candidatura-lui-crin-antonescu-partidele,2024-12-23,video-transcript,2024Q4-2025Q1 candidatură-precampanie,curții constituționale,instituție națională,1,0.452
2024-12-23_nicusor-dan-despre-candidatura-lui-crin-antonescu-partidele,2024-12-23,video-transcript,2024Q4-2025Q1 candidatură-precampanie,politician,persoană politică,1,0.658
2024-12-23_nicusor-dan-despre-candidatura-lui-crin-antonescu-partidele,2024-12-23,video-transcript,2024Q4-2025Q1 candidatură-precampanie,românia,țară,1,0.957
2024-12-25_mesajul-lui-nicusor-dan-pentru-romani-stiri-b1tv-25-dec-2024,2024-12-25,video-transcript,2024Q4-2025Q1 candidatură-precampanie,româniei,țară,1,0.944
2024-12-25_mesajul-lui-nicusor-dan-pentru-romani-stiri-b1tv-25-dec-2024,2024-12-25,video-transcript,2024Q4-2025Q1 candidatură-precampanie,românia,țară,2,0.955
2024-12-30_nicusor-dan-candidez-indiferent-de-ce-va-fi-stiri-b1tv-30-de,2024-12-30,video-transcript,2024Q4-2025Q1 candidatură-precampanie,românia,țară,4,0.956
2024-12-30_nicusor-dan-despre-calin-georgescu-stiri-b1tv-30-dec-2024,2024-12-30,video-transcript,2024Q4-2025Q1 candidatură-precampanie,curtea constituțională,instituție națională,1,0.755
2024-12-30_nicusor-dan-despre-calin-georgescu-stiri-b1tv-30-dec-2024,2024-12-30,video-transcript,2024Q4-2025Q1 candidatură-precampanie,curtea de apel bucurești,instituție națională,1,0.691
2024-12-30_nicusor-dan-despre-calin-georgescu-stiri-b1tv-30-dec-2024,2024-12-30,video-transcript,2024Q4-2025Q1 candidatură-precampanie,georgescu,persoană politică,4,0.976
2024-12-30_nicusor-dan-despre-calin-georgescu-stiri-b1tv-30-dec-2024,2024-12-30,video-transcript,2024Q4-2025Q1 candidatură-precampanie,tiktok,partid politic,2,0.684
2024-12-30_nicusor-dan-despre-calin-georgescu-stiri-b1tv-30-dec-2024,2024-12-30,video-transcript,2024Q4-2025Q1 candidatură-precampanie,președintelui,persoană politică,1,0.509
2025-01-09_nicusor-dan-critica-decizia-coalitiei-privind-data-alegerilo,2025-01-09,video-transcript,2024Q4-2025Q1 candidatură-precampanie,autoritatea electorală,instituție națională,1,0.608
2025-01-09_nicusor-dan-critica-decizia-coalitiei-privind-data-alegerilo,2025-01-09,video-transcript,2024Q4-2025Q1 candidatură-precampanie,româniei,țară,2,0.898
2025-01-09_nicusor-dan-critica-decizia-coalitiei-privind-data-alegerilo,2025-01-09,video-transcript,2024Q4-2025Q1 candidatură-precampanie,românia,țară,6,0.989
2025-01-09_nicusor-dan-critica-decizia-coalitiei-privind-data-alegerilo,2025-01-09,video-transcript,2024Q4-2025Q1 candidatură-precampanie,usr,partid politic,1,0.844
2025-01-09_nicusor-dan-critica-decizia-coalitiei-privind-data-alegerilo,2025-01-09,video-transcript,2024Q4-2025Q1 candidatură-precampanie,pnl,partid politic,1,0.91
2025-01-09_nicusor-dan-critica-decizia-coalitiei-privind-data-alegerilo,2025-01-09,video-transcript,2024Q4-2025Q1 candidatură-precampanie,ue,instituție internațională,1,0.607
2025-01-09_nicusor-dan-critica-decizia-coalitiei-privind-data-alegerilo,2025-01-09,video-transcript,2024Q4-2025Q1 candidatură-precampanie,nato,instituție internațională,1,0.63
2025-01-18_nicusor-dan-cere-explicatii-pentru-anulare-stiri-b1tv-18-ian,2025-01-18,video-transcript,2024Q4-2025Q1 candidatură-precampanie,iohannis,persoană politică,3,0.968
2025-01-18_nicusor-dan-cere-explicatii-pentru-anulare-stiri-b1tv-18-ian,2025-01-18,video-transcript,2024Q4-2025Q1 candidatură-precampanie,nicolae ciucă,persoană politică,1,0.639
2025-01-18_nicusor-dan-cere-explicatii-pentru-anulare-stiri-b1tv-18-ian,2025-01-18,video-transcript,2024Q4-2025Q1 candidatură-precampanie,pnl,partid politic,1,0.956
2025-01-18_nicusor-dan-cere-explicatii-pentru-anulare-stiri-b1tv-18-ian,2025-01-18,video-transcript,2024Q4-2025Q1 candidatură-precampanie,internațională,instituție internațională,1,0.517
2025-01-30_nicusor-dan-despre-alegerile-prezidentiale-daca-va-castiga-g,2025-01-30,video-transcript,2024Q4-2025Q1 candidatură-precampanie,georgescu,persoană politică,1,0.5
2025-01-30_nicusor-dan-despre-alegerile-prezidentiale-daca-va-castiga-g,2025-01-30,video-transcript,2024Q4-2025Q1 candidatură-precampanie,nicușor dan,persoană politică,1,0.833
2025-02-04_nicusor-dan-declara-iar-ca-nu-se-retrage-din-cursa-in-turul,2025-02-04,video-transcript,2024Q4-2025Q1 candidatură-precampanie,cin antonescu,persoană politică,1,0.798
2025-02-04_nicusor-dan-declara-iar-ca-nu-se-retrage-din-cursa-in-turul,2025-02-04,video-transcript,2024Q4-2025Q1 candidatură-precampanie,românia,țară,1,0.954
2025-02-05_nicusor-dan-cand-statul-se-imprumuta-ca-sa-plateasca-deficit,2025-02-05,video-transcript,2024Q4-2025Q1 candidatură-precampanie,românia,țară,2,0.978
2025-02-05_nicusor-dan-cand-statul-se-imprumuta-ca-sa-plateasca-deficit,2025-02-05,video-transcript,2024Q4-2025Q1 candidatură-precampanie,româniei,țară,1,0.717
2025-02-05_nicusor-dan-cand-statul-se-imprumuta-ca-sa-plateasca-deficit,2025-02-05,video-transcript,2024Q4-2025Q1 candidatură-precampanie,guvernul,instituție națională,1,0.466
2025-02-05_nicusor-dan-cand-statul-se-imprumuta-ca-sa-plateasca-deficit,2025-02-05,video-transcript,2024Q4-2025Q1 candidatură-precampanie,parlamentul,instituție națională,1,0.548
2025-02-05_nicusor-dan-despre-scandalul-nordis-mult-din-ce-se-construie,2025-02-05,video-transcript,2024Q4-2025Q1 candidatură-precampanie,primarului general,persoană politică,2,0.598
2025-02-05_nicusor-dan-despre-scandalul-nordis-mult-din-ce-se-construie,2025-02-05,video-transcript,2024Q4-2025Q1 candidatură-precampanie,statele occidentale,țară,1,0.774
2025-02-05_nicusor-dan-despre-scandalul-nordis-mult-din-ce-se-construie,2025-02-05,video-transcript,2024Q4-2025Q1 candidatură-precampanie,ciolacu,persoană politică,1,0.833
2025-02-05_nicusor-dan-despre-scandalul-nordis-mult-din-ce-se-construie,2025-02-05,video-transcript,2024Q4-2025Q1 candidatură-precampanie,inspectoratul de stat în construcție,instituție națională,1,0.492
2025-02-05_nicusor-dan-despre-scandalul-nordis-mult-din-ce-se-construie,2025-02-05,video-transcript,2024Q4-2025Q1 candidatură-precampanie,inspectoratul de stat în construcții,instituție națională,2,0.817
2025-02-05_nicusor-dan-despre-scandalul-nordis-mult-din-ce-se-construie,2025-02-05,video-transcript,2024Q4-2025Q1 candidatură-precampanie,președinte,persoană politică,2,0.7
2025-02-05_nicusor-dan-despre-scandalul-nordis-mult-din-ce-se-construie,2025-02-05,video-transcript,2024Q4-2025Q1 candidatură-precampanie,președintele,persoană politică,8,0.855
2025-02-05_nicusor-dan-despre-scandalul-nordis-mult-din-ce-se-construie,2025-02-05,video-transcript,2024Q4-2025Q1 candidatură-precampanie,csm,instituție națională,2,0.763
2025-02-05_nicusor-dan-despre-scandalul-nordis-mult-din-ce-se-construie,2025-02-05,video-transcript,2024Q4-2025Q1 candidatură-precampanie,primarul sectorului 3,persoană politică,1,0.534
2025-02-05_nicusor-dan-despre-scandalul-nordis-mult-din-ce-se-construie,2025-02-05,video-transcript,2024Q4-2025Q1 candidatură-precampanie,doamna cocoru,persoană politică,1,0.481
2025-02-05_nicusor-dan-despre-scandalul-nordis-mult-din-ce-se-construie,2025-02-05,video-transcript,2024Q4-2025Q1 candidatură-precampanie,românia,țară,12,0.976
2025-02-05_nicusor-dan-despre-scandalul-nordis-mult-din-ce-se-construie,2025-02-05,video-transcript,2024Q4-2025Q1 candidatură-precampanie,primar general,persoană politică,1,0.539
2025-02-05_nicusor-dan-despre-scandalul-nordis-mult-din-ce-se-construie,2025-02-05,video-transcript,2024Q4-2025Q1 candidatură-precampanie,pnl,partid politic,1,0.832
2025-02-05_nicusor-dan-despre-scandalul-nordis-mult-din-ce-se-construie,2025-02-05,video-transcript,2024Q4-2025Q1 candidatură-precampanie,udmr,partid politic,1,0.886
2025-02-05_nicusor-dan-despre-scandalul-nordis-mult-din-ce-se-construie,2025-02-05,video-transcript,2024Q4-2025Q1 candidatură-precampanie,psd,partid politic,1,0.618
2025-02-05_nicusor-dan-despre-scandalul-nordis-mult-din-ce-se-construie,2025-02-05,video-transcript,2024Q4-2025Q1 candidatură-precampanie,parlamentul,instituție națională,1,0.553
2025-02-05_nicusor-dan-despre-scandalul-nordis-mult-din-ce-se-construie,2025-02-05,video-transcript,2024Q4-2025Q1 candidatură-precampanie,guvernul,instituție națională,1,0.49
2025-02-05_nicusor-dan-despre-scandalul-nordis-mult-din-ce-se-construie,2025-02-05,video-transcript,2024Q4-2025Q1 candidatură-precampanie,parlamentului,instituție națională,1,0.703
2025-02-05_nicusor-dan-despre-scandalul-nordis-mult-din-ce-se-construie,2025-02-05,video-transcript,2024Q4-2025Q1 candidatură-precampanie,guvernului,instituție națională,1,0.498
2025-02-05_nicusor-dan-despre-scandalul-nordis-mult-din-ce-se-construie,2025-02-05,video-transcript,2024Q4-2025Q1 candidatură-precampanie,primăria capitalei,instituție națională,3,0.63
2025-02-05_nicusor-dan-despre-scandalul-nordis-mult-din-ce-se-construie,2025-02-05,video-transcript,2024Q4-2025Q1 candidatură-precampanie,claudiu năsui,persoană politică,1,0.774
2025-02-05_nicusor-dan-despre-scandalul-nordis-mult-din-ce-se-construie,2025-02-05,video-transcript,2024Q4-2025Q1 candidatură-precampanie,georgescu,persoană politică,4,0.936
2025-02-05_nicusor-dan-despre-scandalul-nordis-mult-din-ce-se-construie,2025-02-05,video-transcript,2024Q4-2025Q1 candidatură-precampanie,curtea constituțională,instituție națională,1,0.737
2025-02-05_nicusor-dan-despre-scandalul-nordis-mult-din-ce-se-construie,2025-02-05,video-transcript,2024Q4-2025Q1 candidatură-precampanie,președintelui iohannis,persoană politică,1,0.691
2025-02-05_nicusor-dan-despre-scandalul-nordis-mult-din-ce-se-construie,2025-02-05,video-transcript,2024Q4-2025Q1 candidatură-precampanie,autoritatea electorală permanentă,instituție națională,1,0.714
2025-02-05_nicusor-dan-despre-scandalul-nordis-mult-din-ce-se-construie,2025-02-05,video-transcript,2024Q4-2025Q1 candidatură-precampanie,anaf,instituție națională,1,0.517
2025-02-05_nicusor-dan-despre-scandalul-nordis-mult-din-ce-se-construie,2025-02-05,video-transcript,2024Q4-2025Q1 candidatură-precampanie,partidul comunist chinez,partid politic,1,0.893
2025-02-05_nicusor-dan-despre-scandalul-nordis-mult-din-ce-se-construie,2025-02-05,video-transcript,2024Q4-2025Q1 candidatură-precampanie,independent,partid politic,1,0.529
2025-02-05_nicusor-dan-despre-scandalul-nordis-mult-din-ce-se-construie,2025-02-05,video-transcript,2024Q4-2025Q1 candidatură-precampanie,voluntari,partid politic,1,0.784
2025-02-05_nicusor-dan-despre-scandalul-nordis-mult-din-ce-se-construie,2025-02-05,video-transcript,2024Q4-2025Q1 candidatură-precampanie,candidat,persoană politică,2,0.608
2025-02-05_nicusor-dan-despre-scandalul-nordis-mult-din-ce-se-construie,2025-02-05,video-transcript,2024Q4-2025Q1 candidatură-precampanie,nato,instituție internațională,1,0.631
2025-02-05_nicusor-dan-despre-scandalul-nordis-mult-din-ce-se-construie,2025-02-05,video-transcript,2024Q4-2025Q1 candidatură-precampanie,usr,partid politic,1,0.973
2025-02-05_nicusor-dan-despre-scandalul-nordis-mult-din-ce-se-construie,2025-02-05,video-transcript,2024Q4-2025Q1 candidatură-precampanie,simona halep,persoană politică,1,0.559
2025-02-05_nicusor-dan-despre-scandalul-nordis-mult-din-ce-se-construie,2025-02-05,video-transcript,2024Q4-2025Q1 candidatură-precampanie,președintelui,persoană politică,2,0.876
2025-02-05_nicusor-dan-despre-scandalul-nordis-mult-din-ce-se-construie,2025-02-05,video-transcript,2024Q4-2025Q1 candidatură-precampanie,româniei,țară,2,0.891
2025-02-05_nicusor-dan-despre-scandalul-nordis-mult-din-ce-se-construie,2025-02-05,video-transcript,2024Q4-2025Q1 candidatură-precampanie,direcția de țară,instituție națională,1,0.63
2025-02-05_nicusor-dan-despre-scandalul-nordis-mult-din-ce-se-construie,2025-02-05,video-transcript,2024Q4-2025Q1 candidatură-precampanie,direcție de țară,instituție națională,1,0.454
2025-02-05_nicusor-dan-despre-scandalul-nordis-mult-din-ce-se-construie,2025-02-05,video-transcript,2024Q4-2025Q1 candidatură-precampanie,stat,instituție națională,2,0.51
2025-02-05_nicusor-dan-despre-scandalul-nordis-mult-din-ce-se-construie,2025-02-05,video-transcript,2024Q4-2025Q1 candidatură-precampanie,politicienii,persoană politică,2,0.68
2025-02-05_nicusor-dan-despre-scandalul-nordis-mult-din-ce-se-construie,2025-02-05,video-transcript,2024Q4-2025Q1 candidatură-precampanie,crin antonescu,persoană politică,2,0.83
2025-02-05_nicusor-dan-despre-scandalul-nordis-mult-din-ce-se-construie,2025-02-05,video-transcript,2024Q4-2025Q1 candidatură-precampanie,simion,persoană politică,1,0.761
2025-02-05_nicusor-dan-despre-scandalul-nordis-mult-din-ce-se-construie,2025-02-05,video-transcript,2024Q4-2025Q1 candidatură-precampanie,trei patru,partid politic,1,0.502
2025-02-05_nicusor-dan-despre-scandalul-nordis-mult-din-ce-se-construie,2025-02-05,video-transcript,2024Q4-2025Q1 candidatură-precampanie,domnul antonescu,persoană politică,1,0.53
2025-02-05_nicusor-dan-despre-scandalul-nordis-mult-din-ce-se-construie,2025-02-05,video-transcript,2024Q4-2025Q1 candidatură-precampanie,parlament,instituție națională,1,0.647
2025-02-05_nicusor-dan-despre-scandalul-nordis-mult-din-ce-se-construie,2025-02-05,video-transcript,2024Q4-2025Q1 candidatură-precampanie,parlamentar,persoană politică,1,0.472
2025-02-08_nicusor-dan-reactie-in-scandalul-cu-lasconi-stiri-b1tv-8-feb,2025-02-08,video-transcript,2024Q4-2025Q1 candidatură-precampanie,românia,țară,3,0.986
2025-02-08_nicusor-dan-reactie-in-scandalul-cu-lasconi-stiri-b1tv-8-feb,2025-02-08,video-transcript,2024Q4-2025Q1 candidatură-precampanie,partid politic,partid politic,1,0.798
2025-02-08_nicusor-dan-reactie-in-scandalul-cu-lasconi-stiri-b1tv-8-feb,2025-02-08,video-transcript,2024Q4-2025Q1 candidatură-precampanie,partidului,partid politic,1,0.476
2025-02-24_nicusor-dan-despre-demisia-lui-ciolacu-stiri-b1tv-24-febr-20,2025-02-24,video-transcript,2024Q4-2025Q1 candidatură-precampanie,premierului ciolacu,persoană politică,1,0.773
2025-02-24_nicusor-dan-despre-demisia-lui-ciolacu-stiri-b1tv-24-febr-20,2025-02-24,video-transcript,2024Q4-2025Q1 candidatură-precampanie,românia,țară,3,0.96
2025-02-24_nicusor-dan-despre-demisia-lui-ciolacu-stiri-b1tv-24-febr-20,2025-02-24,video-transcript,2024Q4-2025Q1 candidatură-precampanie,premierul ciolacu,persoană politică,1,0.819
2025-02-24_nicusor-dan-despre-demisia-lui-ciolacu-stiri-b1tv-24-febr-20,2025-02-24,video-transcript,2024Q4-2025Q1 candidatură-precampanie,româniei,țară,1,0.882
2025-02-24_nicusor-dan-despre-demisia-lui-ciolacu-stiri-b1tv-24-febr-20,2025-02-24,video-transcript,2024Q4-2025Q1 candidatură-precampanie,partidele prooccidentale,partid politic,1,0.697
2025-02-26_nicusor-dan-despre-dovezile-pe-care-vrea-sa-le-vada-in-legat,2025-02-26,video-transcript,2024Q4-2025Q1 candidatură-precampanie,ue,instituție internațională,1,0.741
2025-02-26_nicusor-dan-despre-dovezile-pe-care-vrea-sa-le-vada-in-legat,2025-02-26,video-transcript,2024Q4-2025Q1 candidatură-precampanie,turcia,țară,1,0.859
2025-02-26_nicusor-dan-despre-dovezile-pe-care-vrea-sa-le-vada-in-legat,2025-02-26,video-transcript,2024Q4-2025Q1 candidatură-precampanie,românia,țară,1,0.855
2025-02-27_nicusor-dan-despre-inculparea-lui-calin-georgescu-trebuie-sa,2025-02-27,video-transcript,2024Q4-2025Q1 candidatură-precampanie,georgescu,persoană politică,3,0.949
2025-02-27_nicusor-dan-despre-inculparea-lui-calin-georgescu-trebuie-sa,2025-02-27,video-transcript,2024Q4-2025Q1 candidatură-precampanie,românia,țară,2,0.926
2025-02-27_nicusor-dan-despre-inculparea-lui-calin-georgescu-trebuie-sa,2025-02-27,video-transcript,2024Q4-2025Q1 candidatură-precampanie,autoritatea electorală permanentă,instituție națională,1,0.64
2025-02-27_nicusor-dan-despre-inculparea-lui-calin-georgescu-trebuie-sa,2025-02-27,video-transcript,2024Q4-2025Q1 candidatură-precampanie,parchetul,instituție națională,1,0.596
2025-02-27_nicusor-dan-despre-inculparea-lui-calin-georgescu-trebuie-sa,2025-02-27,video-transcript,2024Q4-2025Q1 candidatură-precampanie,parchet,instituție națională,1,0.481
2025-02-27_nicusor-dan-despre-inculparea-lui-calin-georgescu-trebuie-sa,2025-02-27,video-transcript,2024Q4-2025Q1 candidatură-precampanie,parchetului,instituție națională,1,0.55
2025-02-27_sume-uriase-si-tehnologie-avansata-nicusor-dan-despre-campan,2025-02-27,video-transcript,2024Q4-2025Q1 candidatură-precampanie,românia,țară,1,0.917
2025-02-27_sume-uriase-si-tehnologie-avansata-nicusor-dan-despre-campan,2025-02-27,video-transcript,2024Q4-2025Q1 candidatură-precampanie,georgescu,persoană politică,1,0.711
2025-03-07_nicusor-dan-candidatura-mea-este-candidatura-celor-240-de-mi,2025-03-07,video-transcript,2025Q2 campanie + investitură,românia,țară,1,0.966
2025-03-07_nicusor-dan-candidatura-mea-este-candidatura-celor-240-de-mi,2025-03-07,video-transcript,2025Q2 campanie + investitură,curtea constituțională,instituție națională,2,0.799
2025-03-07_nicusor-dan-fata-de-aceasta-decizie-a-ccr-ne-invartim-in-cee,2025-03-07,video-transcript,2025Q2 campanie + investitură,curtea constituțională,instituție națională,3,0.882
2025-03-07_nicusor-dan-fata-de-aceasta-decizie-a-ccr-ne-invartim-in-cee,2025-03-07,video-transcript,2025Q2 campanie + investitură,dianei șoșoacă,persoană politică,1,0.836
2025-03-07_nicusor-dan-fata-de-aceasta-decizie-a-ccr-ne-invartim-in-cee,2025-03-07,video-transcript,2025Q2 campanie + investitură,georgescu,persoană politică,1,0.794
2025-03-07_nicusor-dan-fata-de-aceasta-decizie-a-ccr-ne-invartim-in-cee,2025-03-07,video-transcript,2025Q2 campanie + investitură,șoșoacă,persoană politică,1,0.93
2025-03-07_nicusor-dan-primul-candidat-care-s-a-inscris-oficial-la-prez,2025-03-07,video-transcript,2025Q2 campanie + investitură,românia,țară,1,0.967
2025-03-07_nicusor-dan-primul-candidat-care-s-a-inscris-oficial-la-prez,2025-03-07,video-transcript,2025Q2 campanie + investitură,curtea constituțională,instituție națională,2,0.793
2025-03-14_buna-romania-nicusor-dan-romania-e-un-stat-bolnav-bec-trebui,2025-03-14,video-transcript,2025Q2 campanie + investitură,românia,țară,7,0.963
2025-03-14_buna-romania-nicusor-dan-romania-e-un-stat-bolnav-bec-trebui,2025-03-14,video-transcript,2025Q2 campanie + investitură,georgescu,persoană politică,11,0.93
2025-03-14_buna-romania-nicusor-dan-romania-e-un-stat-bolnav-bec-trebui,2025-03-14,video-transcript,2025Q2 campanie + investitură,curtea constituțională,instituție națională,1,0.525
2025-03-14_buna-romania-nicusor-dan-romania-e-un-stat-bolnav-bec-trebui,2025-03-14,video-transcript,2025Q2 campanie + investitură,româniei,țară,8,0.911
2025-03-14_buna-romania-nicusor-dan-romania-e-un-stat-bolnav-bec-trebui,2025-03-14,video-transcript,2025Q2 campanie + investitură,nicușor dan,persoană politică,1,0.63
2025-03-14_buna-romania-nicusor-dan-romania-e-un-stat-bolnav-bec-trebui,2025-03-14,video-transcript,2025Q2 campanie + investitură,pnl,partid politic,2,0.976
2025-03-14_buna-romania-nicusor-dan-romania-e-un-stat-bolnav-bec-trebui,2025-03-14,video-transcript,2025Q2 campanie + investitură,pisa r oglu,persoană politică,1,0.498
2025-03-14_buna-romania-nicusor-dan-romania-e-un-stat-bolnav-bec-trebui,2025-03-14,video-transcript,2025Q2 campanie + investitură,ancom,instituție națională,1,0.507
2025-03-14_buna-romania-nicusor-dan-romania-e-un-stat-bolnav-bec-trebui,2025-03-14,video-transcript,2025Q2 campanie + investitură,statul român,instituție națională,1,0.465
2025-03-14_buna-romania-nicusor-dan-romania-e-un-stat-bolnav-bec-trebui,2025-03-14,video-transcript,2025Q2 campanie + investitură,voluntari,persoană politică,2,0.657
2025-03-14_buna-romania-nicusor-dan-romania-e-un-stat-bolnav-bec-trebui,2025-03-14,video-transcript,2025Q2 campanie + investitură,pmp,partid politic,1,0.944
2025-03-14_buna-romania-nicusor-dan-romania-e-un-stat-bolnav-bec-trebui,2025-03-14,video-transcript,2025Q2 campanie + investitură,ciolacu,persoană politică,1,0.565
2025-03-14_buna-romania-nicusor-dan-romania-e-un-stat-bolnav-bec-trebui,2025-03-14,video-transcript,2025Q2 campanie + investitură,președinte interimar,persoană politică,1,0.571
2025-03-14_buna-romania-nicusor-dan-romania-e-un-stat-bolnav-bec-trebui,2025-03-14,video-transcript,2025Q2 campanie + investitură,președinte,persoană politică,1,0.686
2025-03-14_buna-romania-nicusor-dan-romania-e-un-stat-bolnav-bec-trebui,2025-03-14,video-transcript,2025Q2 campanie + investitură,pro occidentale,partid politic,1,0.532
2025-03-14_buna-romania-nicusor-dan-romania-e-un-stat-bolnav-bec-trebui,2025-03-14,video-transcript,2025Q2 campanie + investitură,guvern,instituție națională,1,0.479
2025-03-14_buna-romania-nicusor-dan-romania-e-un-stat-bolnav-bec-trebui,2025-03-14,video-transcript,2025Q2 campanie + investitură,președintele,persoană politică,3,0.935
2025-03-14_buna-romania-nicusor-dan-romania-e-un-stat-bolnav-bec-trebui,2025-03-14,video-transcript,2025Q2 campanie + investitură,guvernul,instituție națională,4,0.659
2025-03-14_buna-romania-nicusor-dan-romania-e-un-stat-bolnav-bec-trebui,2025-03-14,video-transcript,2025Q2 campanie + investitură,primul ministru,persoană politică,2,0.842
2025-03-14_buna-romania-nicusor-dan-romania-e-un-stat-bolnav-bec-trebui,2025-03-14,video-transcript,2025Q2 campanie + investitură,guvernului,instituție națională,1,0.46
2025-03-14_buna-romania-nicusor-dan-romania-e-un-stat-bolnav-bec-trebui,2025-03-14,video-transcript,2025Q2 campanie + investitură,usr,partid politic,4,0.983
2025-03-14_buna-romania-nicusor-dan-romania-e-un-stat-bolnav-bec-trebui,2025-03-14,video-transcript,2025Q2 campanie + investitură,parlament,instituție națională,5,0.8
2025-03-14_buna-romania-nicusor-dan-romania-e-un-stat-bolnav-bec-trebui,2025-03-14,video-transcript,2025Q2 campanie + investitură,psd,partid politic,6,0.988
2025-03-14_buna-romania-nicusor-dan-romania-e-un-stat-bolnav-bec-trebui,2025-03-14,video-transcript,2025Q2 campanie + investitură,ponta,persoană politică,1,0.846
2025-03-14_buna-romania-nicusor-dan-romania-e-un-stat-bolnav-bec-trebui,2025-03-14,video-transcript,2025Q2 campanie + investitură,partidul,partid politic,2,0.862
2025-03-14_buna-romania-nicusor-dan-romania-e-un-stat-bolnav-bec-trebui,2025-03-14,video-transcript,2025Q2 campanie + investitură,biroul electoral central,instituție națională,1,0.558
2025-03-14_buna-romania-nicusor-dan-romania-e-un-stat-bolnav-bec-trebui,2025-03-14,video-transcript,2025Q2 campanie + investitură,inspectoratul de stat în construcții,instituție națională,1,0.599
2025-03-14_buna-romania-nicusor-dan-romania-e-un-stat-bolnav-bec-trebui,2025-03-14,video-transcript,2025Q2 campanie + investitură,rusia,țară,1,0.736
2025-03-14_buna-romania-nicusor-dan-romania-e-un-stat-bolnav-bec-trebui,2025-03-14,video-transcript,2025Q2 campanie + investitură,domnul ciolacu,persoană politică,1,0.463
2025-03-14_buna-romania-nicusor-dan-romania-e-un-stat-bolnav-bec-trebui,2025-03-14,video-transcript,2025Q2 campanie + investitură,doamna lasconi,persoană politică,1,0.499
2025-03-14_nicusor-dan-despre-premierul-ciolacu-este-evident-ca-toata-l,2025-03-14,video-transcript,2025Q2 campanie + investitură,ciolacu,persoană politică,1,0.605
2025-03-14_nicusor-dan-despre-premierul-ciolacu-este-evident-ca-toata-l,2025-03-14,video-transcript,2025Q2 campanie + investitură,românia,țară,2,0.962
2025-03-14_nicusor-dan-despre-premierul-ciolacu-este-evident-ca-toata-l,2025-03-14,video-transcript,2025Q2 campanie + investitură,președinte interimar,persoană politică,1,0.577
2025-03-14_nicusor-dan-despre-premierul-ciolacu-este-evident-ca-toata-l,2025-03-14,video-transcript,2025Q2 campanie + investitură,președinte,persoană politică,1,0.699
2025-03-14_nicusor-dan-despre-premierul-ciolacu-este-evident-ca-toata-l,2025-03-14,video-transcript,2025Q2 campanie + investitură,pro occidentale,partid politic,1,0.512
2025-03-14_nicusor-dan-despre-premierul-ciolacu-este-evident-ca-toata-l,2025-03-14,video-transcript,2025Q2 campanie + investitură,președintele,persoană politică,3,0.917
2025-03-14_nicusor-dan-despre-premierul-ciolacu-este-evident-ca-toata-l,2025-03-14,video-transcript,2025Q2 campanie + investitură,guvernul,instituție națională,2,0.576
2025-03-14_nicusor-dan-despre-premierul-ciolacu-este-evident-ca-toata-l,2025-03-14,video-transcript,2025Q2 campanie + investitură,primul ministru,persoană politică,2,0.799
2025-03-14_nicusor-dan-despre-premierul-ciolacu-este-evident-ca-toata-l,2025-03-14,video-transcript,2025Q2 campanie + investitură,usr,partid politic,1,0.672
2025-03-19_nicusor-dan-am-discutat-cu-bolojan-la-cotroceni-despre-alege,2025-03-19,video-transcript,2025Q2 campanie + investitură,simion,persoană politică,2,0.671
2025-03-19_nicusor-dan-am-discutat-cu-bolojan-la-cotroceni-despre-alege,2025-03-19,video-transcript,2025Q2 campanie + investitură,domnul antonescu,persoană politică,3,0.73
2025-03-19_nicusor-dan-am-discutat-cu-bolojan-la-cotroceni-despre-alege,2025-03-19,video-transcript,2025Q2 campanie + investitură,psd,partid politic,2,0.988
2025-03-19_nicusor-dan-am-discutat-cu-bolojan-la-cotroceni-despre-alege,2025-03-19,video-transcript,2025Q2 campanie + investitură,domnul ponta,persoană politică,2,0.683
2025-03-19_nicusor-dan-am-discutat-cu-bolojan-la-cotroceni-despre-alege,2025-03-19,video-transcript,2025Q2 campanie + investitură,elena,persoană politică,1,0.836
2025-03-19_nicusor-dan-am-discutat-cu-bolojan-la-cotroceni-despre-alege,2025-03-19,video-transcript,2025Q2 campanie + investitură,usr,partid politic,1,0.938
2025-03-19_nicusor-dan-am-discutat-cu-bolojan-la-cotroceni-despre-alege,2025-03-19,video-transcript,2025Q2 campanie + investitură,primăria capitalei,instituție națională,1,0.582
2025-03-19_nicusor-dan-am-discutat-cu-bolojan-la-cotroceni-despre-alege,2025-03-19,video-transcript,2025Q2 campanie + investitură,românia,țară,1,0.913
2025-03-19_nicusor-dan-am-discutat-cu-bolojan-la-cotroceni-despre-alege,2025-03-19,video-transcript,2025Q2 campanie + investitură,dacian cioloș,persoană politică,2,0.932
2025-03-19_nicusor-dan-am-discutat-cu-bolojan-la-cotroceni-despre-alege,2025-03-19,video-transcript,2025Q2 campanie + investitură,reper,partid politic,3,0.923
2025-03-19_nicusor-dan-am-discutat-cu-bolojan-la-cotroceni-despre-alege,2025-03-19,video-transcript,2025Q2 campanie + investitură,domnul bolojan,persoană politică,2,0.562
2025-03-19_nicusor-dan-am-discutat-cu-bolojan-la-cotroceni-despre-alege,2025-03-19,video-transcript,2025Q2 campanie + investitură,bolojan,persoană politică,1,0.879
2025-03-19_nicusor-dan-am-discutat-cu-bolojan-la-cotroceni-despre-alege,2025-03-19,video-transcript,2025Q2 campanie + investitură,partidului,partid politic,2,0.874
2025-03-19_nicusor-dan-am-discutat-cu-bolojan-la-cotroceni-despre-alege,2025-03-19,video-transcript,2025Q2 campanie + investitură,ludovic orban,persoană politică,1,0.694
2025-04-01_nicusor-dan-criticat-dur-dupa-declaratia-despre-introducerea,2025-04-01,video-transcript,2025Q2 campanie + investitură,florin negruțiu,persoană politică,1,0.618
2025-04-01_nicusor-dan-criticat-dur-dupa-declaratia-despre-introducerea,2025-04-01,video-transcript,2025Q2 campanie + investitură,guvernul,instituție națională,2,0.659
2025-04-01_nicusor-dan-criticat-dur-dupa-declaratia-despre-introducerea,2025-04-01,video-transcript,2025Q2 campanie + investitură,nicușor dan,persoană politică,2,0.704
2025-04-01_nicusor-dan-criticat-dur-dupa-declaratia-despre-introducerea,2025-04-01,video-transcript,2025Q2 campanie + investitură,guvern,instituție națională,1,0.493
2025-04-01_nicusor-dan-criticat-dur-dupa-declaratia-despre-introducerea,2025-04-01,video-transcript,2025Q2 campanie + investitură,franța,țară,1,0.763
2025-04-01_nicusor-dan-criticat-dur-dupa-declaratia-despre-introducerea,2025-04-01,video-transcript,2025Q2 campanie + investitură,sua,țară,1,0.786
2025-04-01_nicusor-dan-criticat-dur-dupa-declaratia-despre-introducerea,2025-04-01,video-transcript,2025Q2 campanie + investitură,președinte,persoană politică,1,0.48
2025-04-01_nicusor-dan-criticat-dur-dupa-declaratia-despre-introducerea,2025-04-01,video-transcript,2025Q2 campanie + investitură,traian băsescu,persoană politică,1,0.774
2025-04-01_nicusor-dan-criticat-dur-dupa-declaratia-despre-introducerea,2025-04-01,video-transcript,2025Q2 campanie + investitură,claudiu târziu,persoană politică,2,0.857
2025-04-01_nicusor-dan-criticat-dur-dupa-declaratia-despre-introducerea,2025-04-01,video-transcript,2025Q2 campanie + investitură,laudiu târziu,persoană politică,1,0.74
2025-04-01_nicusor-dan-criticat-dur-dupa-declaratia-despre-introducerea,2025-04-01,video-transcript,2025Q2 campanie + investitură,psd,partid politic,1,0.729
2025-04-01_nicusor-dan-criticat-dur-dupa-declaratia-despre-introducerea,2025-04-01,video-transcript,2025Q2 campanie + investitură,eugen simion,persoană politică,1,0.853
2025-04-01_nicusor-dan-criticat-dur-dupa-declaratia-despre-introducerea,2025-04-01,video-transcript,2025Q2 campanie + investitură,simion,persoană politică,2,0.872
2025-04-01_nicusor-dan-criticat-dur-dupa-declaratia-despre-introducerea,2025-04-01,video-transcript,2025Q2 campanie + investitură,nențov,persoană politică,1,0.525
2025-04-01_nicusor-dan-criticat-dur-dupa-declaratia-despre-introducerea,2025-04-01,video-transcript,2025Q2 campanie + investitură,românia,țară,3,0.852
2025-04-01_nicusor-dan-criticat-dur-dupa-declaratia-despre-introducerea,2025-04-01,video-transcript,2025Q2 campanie + investitură,marin leopen,persoană politică,3,0.823
2025-04-01_nicusor-dan-criticat-dur-dupa-declaratia-despre-introducerea,2025-04-01,video-transcript,2025Q2 campanie + investitură,dragnea,persoană politică,3,0.747
2025-04-01_nicusor-dan-criticat-dur-dupa-declaratia-despre-introducerea,2025-04-01,video-transcript,2025Q2 campanie + investitură,parlamentul european,instituție națională,3,0.707
2025-04-01_nicusor-dan-criticat-dur-dupa-declaratia-despre-introducerea,2025-04-01,video-transcript,2025Q2 campanie + investitură,georgescu,persoană politică,1,0.657
2025-04-01_nicusor-dan-criticat-dur-dupa-declaratia-despre-introducerea,2025-04-01,video-transcript,2025Q2 campanie + investitură,roosevelt,persoană politică,2,0.764
2025-04-02_nicusor-dan-ar-putea-fi-un-presedinte-care-sa-aduca-prestigi,2025-04-02,video-transcript,2025Q2 campanie + investitură,bogdan suditu,persoană politică,1,0.525
2025-04-02_nicusor-dan-ar-putea-fi-un-presedinte-care-sa-aduca-prestigi,2025-04-02,video-transcript,2025Q2 campanie + investitură,universitatea din bucurești,instituție națională,1,0.577
2025-04-02_nicusor-dan-ar-putea-fi-un-presedinte-care-sa-aduca-prestigi,2025-04-02,video-transcript,2025Q2 campanie + investitură,carol i,persoană politică,1,0.673
2025-04-02_nicusor-dan-ar-putea-fi-un-presedinte-care-sa-aduca-prestigi,2025-04-02,video-transcript,2025Q2 campanie + investitură,țării,țară,3,0.707
2025-04-02_nicusor-dan-ar-putea-fi-un-presedinte-care-sa-aduca-prestigi,2025-04-02,video-transcript,2025Q2 campanie + investitură,spiru haret,instituție națională,1,0.457
2025-04-02_nicusor-dan-ar-putea-fi-un-presedinte-care-sa-aduca-prestigi,2025-04-02,video-transcript,2025Q2 campanie + investitură,nicușor dan,persoană politică,1,0.496
2025-04-02_nicusor-dan-ar-putea-fi-un-presedinte-care-sa-aduca-prestigi,2025-04-02,video-transcript,2025Q2 campanie + investitură,sorbona,instituție națională,1,0.518
2025-04-08_crin-antonescu-il-troleaza-pe-nicusor-dan-nu-mananc-medenele,2025-04-08,video-transcript,2025Q2 campanie + investitură,românia,țară,1,0.939
2025-04-11_lasconi-arata-mesajul-de-la-nicusor-dan-cand-ii-cere-sa-se-v,2025-04-11,video-transcript,2025Q2 campanie + investitură,moldova,țară,1,0.678
2025-04-11_lasconi-arata-mesajul-de-la-nicusor-dan-cand-ii-cere-sa-se-v,2025-04-11,video-transcript,2025Q2 campanie + investitură,doamna lasconi,persoană politică,1,0.772
2025-04-11_lasconi-arata-mesajul-de-la-nicusor-dan-cand-ii-cere-sa-se-v,2025-04-11,video-transcript,2025Q2 campanie + investitură,usr,partid politic,1,0.969
2025-05-02_nicusor-dan-mesaj-pentru-romani-sa-aleaga-pe-cei-care-au-dov,2025-05-02,video-transcript,2025Q2 campanie + investitură,sua,țară,1,0.902
2025-05-02_nicusor-dan-mesaj-pentru-romani-sa-aleaga-pe-cei-care-au-dov,2025-05-02,video-transcript,2025Q2 campanie + investitură,osce,instituție internațională,1,0.657
2025-05-02_nicusor-dan-mesaj-pentru-romani-sa-aleaga-pe-cei-care-au-dov,2025-05-02,video-transcript,2025Q2 campanie + investitură,românia,țară,3,0.933
2025-05-02_nicusor-dan-mesaj-pentru-romani-sa-aleaga-pe-cei-care-au-dov,2025-05-02,video-transcript,2025Q2 campanie + investitură,ponta,persoană politică,1,0.925
2025-05-04_nicusor-dan-am-votat-pentru-speranta-si-pentru-un-nou-incepu,2025-05-04,video-transcript,2025Q2 campanie + investitură,speranță,partid politic,1,0.603
2025-05-04_nicusor-dan-am-votat-pentru-speranta-si-pentru-un-nou-incepu,2025-05-04,video-transcript,2025Q2 campanie + investitură,românia,țară,5,0.988
2025-05-04_nicusor-dan-am-votat-pentru-speranta-si-pentru-un-nou-incepu,2025-05-04,video-transcript,2025Q2 campanie + investitură,r. moldova,țară,1,0.911
2025-05-04_nicusor-dan-o-sa-fie-o-disputa-intre-un-candidat-pro-occiden,2025-05-04,video-transcript,2025Q2 campanie + investitură,româniei,țară,1,0.902
2025-05-04_nicusor-dan-o-sa-fie-o-disputa-intre-un-candidat-pro-occiden,2025-05-04,video-transcript,2025Q2 campanie + investitură,ue,instituție internațională,1,0.924
2025-05-04_nicusor-dan-o-sa-fie-o-disputa-intre-un-candidat-pro-occiden,2025-05-04,video-transcript,2025Q2 campanie + investitură,nato,instituție internațională,1,0.816
2025-05-04_nicusor-dan-o-sa-fie-o-disputa-intre-un-candidat-pro-occiden,2025-05-04,video-transcript,2025Q2 campanie + investitură,românia,țară,1,0.831
2025-05-04_nicusor-dan-o-sa-fie-o-disputa-intre-un-candidat-pro-occiden,2025-05-04,video-transcript,2025Q2 campanie + investitură,partidul mișcarea populară,partid politic,1,0.922
2025-05-04_nicusor-dan-o-sa-fie-o-disputa-intre-un-candidat-pro-occiden,2025-05-04,video-transcript,2025Q2 campanie + investitură,forța dreptei drept,partid politic,1,0.828
2025-05-04_nicusor-dan-o-sa-fie-o-disputa-intre-un-candidat-pro-occiden,2025-05-04,video-transcript,2025Q2 campanie + investitură,reper,partid politic,1,0.831
2025-05-04_nicusor-dan-o-sa-fie-o-disputa-intre-un-candidat-pro-occiden,2025-05-04,video-transcript,2025Q2 campanie + investitură,sens,partid politic,1,0.82
2025-05-04_nicusor-dan-o-sa-fie-o-disputa-intre-un-candidat-pro-occiden,2025-05-04,video-transcript,2025Q2 campanie + investitură,pnț,partid politic,1,0.64
2025-05-04_nicusor-dan-o-sa-fie-o-disputa-intre-un-candidat-pro-occiden,2025-05-04,video-transcript,2025Q2 campanie + investitură,usr,partid politic,4,0.954
2025-05-04_nicusor-dan-o-sa-fie-o-disputa-intre-un-candidat-pro-occiden,2025-05-04,video-transcript,2025Q2 campanie + investitură,usr ul,partid politic,2,0.981
2025-05-04_nicusor-dan-o-sa-fie-o-disputa-intre-un-candidat-pro-occiden,2025-05-04,video-transcript,2025Q2 campanie + investitură,elena lasconi,persoană politică,1,0.966
2025-05-04_nicusor-dan-o-sa-fie-o-disputa-intre-un-candidat-pro-occiden,2025-05-04,video-transcript,2025Q2 campanie + investitură,parlament,instituție națională,2,0.644
2025-05-04_nicusor-dan-o-sa-fie-o-disputa-intre-un-candidat-pro-occiden,2025-05-04,video-transcript,2025Q2 campanie + investitură,psd,partid politic,2,0.989
2025-05-04_nicusor-dan-o-sa-fie-o-disputa-intre-un-candidat-pro-occiden,2025-05-04,video-transcript,2025Q2 campanie + investitură,pnl,partid politic,1,0.956
2025-05-04_nicusor-dan-o-sa-fie-o-disputa-intre-un-candidat-pro-occiden,2025-05-04,video-transcript,2025Q2 campanie + investitură,udmr,partid politic,1,0.937
2025-05-04_nicusor-dan-sa-ne-raportam-cu-pruden-a-la-rezultatele-exit-p,2025-05-04,video-transcript,2025Q2 campanie + investitură,nicușor,persoană politică,1,0.753
2025-05-04_nicusor-dan-sa-ne-raportam-cu-pruden-a-la-rezultatele-exit-p,2025-05-04,video-transcript,2025Q2 campanie + investitură,românia,țară,1,0.917
2025-05-05_exclusiv-nicusor-dan-dupa-turul-i-al-prezidentialelor-urmeaz,2025-05-05,video-transcript,2025Q2 campanie + investitură,românie,țară,2,0.817
2025-05-05_exclusiv-nicusor-dan-dupa-turul-i-al-prezidentialelor-urmeaz,2025-05-05,video-transcript,2025Q2 campanie + investitură,românia,țară,2,0.976
2025-05-05_exclusiv-nicusor-dan-dupa-turul-i-al-prezidentialelor-urmeaz,2025-05-05,video-transcript,2025Q2 campanie + investitură,româniei,țară,1,0.956
2025-05-05_nicusor-dan-despre-turul-doi-ii-chem-pe-toti-romanii-sa-fie,2025-05-05,video-transcript,2025Q2 campanie + investitură,românia,țară,5,0.979
2025-05-05_nicusor-dan-despre-turul-doi-ii-chem-pe-toti-romanii-sa-fie,2025-05-05,video-transcript,2025Q2 campanie + investitură,r. moldova,țară,1,0.828
2025-05-05_nicusor-dan-despre-turul-doi-ii-chem-pe-toti-romanii-sa-fie,2025-05-05,video-transcript,2025Q2 campanie + investitură,direcția prooccidentală,instituție națională,1,0.513
2025-05-06_apelul-lui-nicusor-dan-dupa-evolutiile-pietei-financiare-din,2025-05-06,video-transcript,2025Q2 campanie + investitură,românia,țară,4,0.981
2025-05-06_apelul-lui-nicusor-dan-dupa-evolutiile-pietei-financiare-din,2025-05-06,video-transcript,2025Q2 campanie + investitură,banca națională,instituție națională,1,0.632
2025-05-06_apelul-lui-nicusor-dan-dupa-evolutiile-pietei-financiare-din,2025-05-06,video-transcript,2025Q2 campanie + investitură,primăria capitalei,instituție națională,1,0.519
2025-05-07_editie-speciala-nicusor-dan-anunta-ca-accepta-invitatia-lui,2025-05-07,video-transcript,2025Q2 campanie + investitură,românia,țară,28,0.98
2025-05-07_editie-speciala-nicusor-dan-anunta-ca-accepta-invitatia-lui,2025-05-07,video-transcript,2025Q2 campanie + investitură,banca națională,instituție națională,1,0.625
2025-05-07_editie-speciala-nicusor-dan-anunta-ca-accepta-invitatia-lui,2025-05-07,video-transcript,2025Q2 campanie + investitură,primăria capitalei,instituție națională,2,0.553
2025-05-07_editie-speciala-nicusor-dan-anunta-ca-accepta-invitatia-lui,2025-05-07,video-transcript,2025Q2 campanie + investitură,gabrielei firea,persoană politică,2,0.933
2025-05-07_editie-speciala-nicusor-dan-anunta-ca-accepta-invitatia-lui,2025-05-07,video-transcript,2025Q2 campanie + investitură,ponta,persoană politică,1,0.927
2025-05-07_editie-speciala-nicusor-dan-anunta-ca-accepta-invitatia-lui,2025-05-07,video-transcript,2025Q2 campanie + investitură,ciolacu,persoană politică,3,0.93
2025-05-07_editie-speciala-nicusor-dan-anunta-ca-accepta-invitatia-lui,2025-05-07,video-transcript,2025Q2 campanie + investitură,parlament,instituție națională,1,0.507
2025-05-07_editie-speciala-nicusor-dan-anunta-ca-accepta-invitatia-lui,2025-05-07,video-transcript,2025Q2 campanie + investitură,româniei,țară,2,0.888
2025-05-07_editie-speciala-nicusor-dan-anunta-ca-accepta-invitatia-lui,2025-05-07,video-transcript,2025Q2 campanie + investitură,germania,țară,2,0.935
2025-05-07_editie-speciala-nicusor-dan-anunta-ca-accepta-invitatia-lui,2025-05-07,video-transcript,2025Q2 campanie + investitură,vadim tudor,persoană politică,2,0.942
2025-05-07_editie-speciala-nicusor-dan-anunta-ca-accepta-invitatia-lui,2025-05-07,video-transcript,2025Q2 campanie + investitură,partidul național liberal,partid politic,1,0.844
2025-05-07_editie-speciala-nicusor-dan-anunta-ca-accepta-invitatia-lui,2025-05-07,video-transcript,2025Q2 campanie + investitură,udmr,partid politic,1,0.841
2025-05-07_editie-speciala-nicusor-dan-anunta-ca-accepta-invitatia-lui,2025-05-07,video-transcript,2025Q2 campanie + investitură,psd,partid politic,8,0.964
2025-05-07_editie-speciala-nicusor-dan-anunta-ca-accepta-invitatia-lui,2025-05-07,video-transcript,2025Q2 campanie + investitură,nicușor dan,persoană politică,1,0.863
2025-05-07_editie-speciala-nicusor-dan-anunta-ca-accepta-invitatia-lui,2025-05-07,video-transcript,2025Q2 campanie + investitură,simion,persoană politică,2,0.903
2025-05-07_editie-speciala-nicusor-dan-anunta-ca-accepta-invitatia-lui,2025-05-07,video-transcript,2025Q2 campanie + investitură,doamna lăzărescu,persoană politică,1,0.503
2025-05-07_editie-speciala-nicusor-dan-anunta-ca-accepta-invitatia-lui,2025-05-07,video-transcript,2025Q2 campanie + investitură,ue,instituție internațională,3,0.871
2025-05-07_editie-speciala-nicusor-dan-anunta-ca-accepta-invitatia-lui,2025-05-07,video-transcript,2025Q2 campanie + investitură,uniunii europene,instituție internațională,1,0.78
2025-05-07_editie-speciala-nicusor-dan-anunta-ca-accepta-invitatia-lui,2025-05-07,video-transcript,2025Q2 campanie + investitură,estonia,țară,1,0.49
2025-05-07_editie-speciala-nicusor-dan-anunta-ca-accepta-invitatia-lui,2025-05-07,video-transcript,2025Q2 campanie + investitură,ion iliescu,persoană politică,1,0.71
2025-05-07_editie-speciala-nicusor-dan-anunta-ca-accepta-invitatia-lui,2025-05-07,video-transcript,2025Q2 campanie + investitură,domnul masc,persoană politică,1,0.68
2025-05-07_editie-speciala-nicusor-dan-anunta-ca-accepta-invitatia-lui,2025-05-07,video-transcript,2025Q2 campanie + investitură,afd,partid politic,2,0.932
2025-05-07_interviu-nicusor-dan-despre-criza-economica-in-care-poate-in,2025-05-07,video-transcript,2025Q2 campanie + investitură,româniei,țară,6,0.968
2025-05-07_interviu-nicusor-dan-despre-criza-economica-in-care-poate-in,2025-05-07,video-transcript,2025Q2 campanie + investitură,candidatul simion,persoană politică,1,0.512
2025-05-07_interviu-nicusor-dan-despre-criza-economica-in-care-poate-in,2025-05-07,video-transcript,2025Q2 campanie + investitură,simion,persoană politică,3,0.942
2025-05-07_interviu-nicusor-dan-despre-criza-economica-in-care-poate-in,2025-05-07,video-transcript,2025Q2 campanie + investitură,partidul aur,partid politic,1,0.743
2025-05-07_interviu-nicusor-dan-despre-criza-economica-in-care-poate-in,2025-05-07,video-transcript,2025Q2 campanie + investitură,georgescu,persoană politică,1,0.812
2025-05-07_interviu-nicusor-dan-despre-criza-economica-in-care-poate-in,2025-05-07,video-transcript,2025Q2 campanie + investitură,patru partide pro occidentale,partid politic,1,0.736
2025-05-07_interviu-nicusor-dan-despre-criza-economica-in-care-poate-in,2025-05-07,video-transcript,2025Q2 campanie + investitură,parlament,instituție națională,1,0.616
2025-05-07_interviu-nicusor-dan-despre-criza-economica-in-care-poate-in,2025-05-07,video-transcript,2025Q2 campanie + investitură,românia,țară,20,0.991
2025-05-07_interviu-nicusor-dan-despre-criza-economica-in-care-poate-in,2025-05-07,video-transcript,2025Q2 campanie + investitură,premier,persoană politică,1,0.544
2025-05-07_interviu-nicusor-dan-despre-criza-economica-in-care-poate-in,2025-05-07,video-transcript,2025Q2 campanie + investitură,sua,țară,2,0.876
2025-05-07_interviu-nicusor-dan-despre-criza-economica-in-care-poate-in,2025-05-07,video-transcript,2025Q2 campanie + investitură,statelor unite,țară,1,0.487
2025-05-07_interviu-nicusor-dan-despre-criza-economica-in-care-poate-in,2025-05-07,video-transcript,2025Q2 campanie + investitură,ue,instituție internațională,2,0.525
2025-05-07_interviu-nicusor-dan-despre-criza-economica-in-care-poate-in,2025-05-07,video-transcript,2025Q2 campanie + investitură,republicii moldova,țară,1,0.798
2025-05-07_interviu-nicusor-dan-despre-criza-economica-in-care-poate-in,2025-05-07,video-transcript,2025Q2 campanie + investitură,ucraina,țară,1,0.727
2025-05-07_interviu-nicusor-dan-despre-criza-economica-in-care-poate-in,2025-05-07,video-transcript,2025Q2 campanie + investitură,administrație publică,instituție națională,1,0.468
2025-05-07_interviu-nicusor-dan-despre-criza-economica-in-care-poate-in,2025-05-07,video-transcript,2025Q2 campanie + investitură,direcția de urbanism,instituție națională,1,0.555
2025-05-07_interviu-nicusor-dan-despre-criza-economica-in-care-poate-in,2025-05-07,video-transcript,2025Q2 campanie + investitură,ministerul culturii,instituție națională,1,0.696
2025-05-07_interviu-nicusor-dan-despre-criza-economica-in-care-poate-in,2025-05-07,video-transcript,2025Q2 campanie + investitură,primăria capitalei,instituție națională,1,0.509
2025-05-07_nicusor-dan-interviu-exclusiv-pentru-euronews-romania,2025-05-07,video-transcript,2025Q2 campanie + investitură,patru partide pro occidentale,partid politic,1,0.534
2025-05-07_nicusor-dan-interviu-exclusiv-pentru-euronews-romania,2025-05-07,video-transcript,2025Q2 campanie + investitură,parlament,instituție națională,1,0.694
2025-05-07_nicusor-dan-interviu-exclusiv-pentru-euronews-romania,2025-05-07,video-transcript,2025Q2 campanie + investitură,românia,țară,1,0.954
2025-05-07_nicusor-dan-interviu-exclusiv-pentru-euronews-romania,2025-05-07,video-transcript,2025Q2 campanie + investitură,primul ministru,persoană politică,1,0.463
2025-05-07_nicusor-dan-romania-are-nevoie-de-schimbare-dar-nu-una-care,2025-05-07,video-transcript,2025Q2 campanie + investitură,românia,țară,3,0.992
2025-05-07_nicusor-dan-romania-are-nevoie-de-schimbare-dar-nu-una-care_yMbfqR,2025-05-07,video-transcript,2025Q2 campanie + investitură,românia,țară,3,0.992
2025-05-10_nicusor-dan-nu-poti-sa-dai-afara-500-000-de-oameni-e-imposib,2025-05-10,video-transcript,2025Q2 campanie + investitură,administrația centrală,instituție națională,1,0.518
2025-05-14_nicusor-dan-dau-in-scris-ca-tva-nu-va-creste,2025-05-14,video-transcript,2025Q2 campanie + investitură,statul,instituție națională,2,0.643
2025-05-15_educatia-e-o-problema-de-securitate-nationala-nicusor-dan-ce,2025-05-15,video-transcript,2025Q2 campanie + investitură,statul român,instituție națională,2,0.605
2025-05-15_educatia-e-o-problema-de-securitate-nationala-nicusor-dan-ce,2025-05-15,video-transcript,2025Q2 campanie + investitură,românia,țară,2,0.948
2025-05-15_nicusor-dan-nu-sunt-izolationist-sunt-suveranist-ce-a-spus-c,2025-05-15,video-transcript,2025Q2 campanie + investitură,nicușordan,persoană politică,1,0.566
2025-05-15_nicusor-dan-nu-sunt-izolationist-sunt-suveranist-ce-a-spus-c,2025-05-15,video-transcript,2025Q2 campanie + investitură,micuțu cosmin nedelcu,persoană politică,1,0.767
2025-05-15_nicusor-dan-nu-sunt-izolationist-sunt-suveranist-ce-a-spus-c,2025-05-15,video-transcript,2025Q2 campanie + investitură,simion,persoană politică,1,0.813
2025-05-15_nicusor-dan-nu-sunt-izolationist-sunt-suveranist-ce-a-spus-c,2025-05-15,video-transcript,2025Q2 campanie + investitură,româniei,țară,1,0.892
2025-05-15_nicusor-dan-prima-reactie-dupa-jignirea-lui-simion-n-dan-con,2025-05-15,video-transcript,2025Q2 campanie + investitură,românia,țară,2,0.976
2025-05-15_nicusor-dan-vs-george-simion-cele-mai-importante-momente-din,2025-05-15,video-transcript,2025Q2 campanie + investitură,simion,persoană politică,3,0.824
2025-05-15_nicusor-dan-vs-george-simion-cele-mai-importante-momente-din,2025-05-15,video-transcript,2025Q2 campanie + investitură,parlament,instituție națională,1,0.474
2025-05-15_nicusor-dan-vs-george-simion-cele-mai-importante-momente-din,2025-05-15,video-transcript,2025Q2 campanie + investitură,george becali,persoană politică,1,0.844
2025-05-15_nicusor-dan-vs-george-simion-cele-mai-importante-momente-din,2025-05-15,video-transcript,2025Q2 campanie + investitură,statul român,instituție națională,2,0.501
2025-05-15_nicusor-dan-vs-george-simion-cele-mai-importante-momente-din,2025-05-15,video-transcript,2025Q2 campanie + investitură,chelaru,persoană politică,1,0.507
2025-05-15_nicusor-dan-vs-george-simion-cele-mai-importante-momente-din,2025-05-15,video-transcript,2025Q2 campanie + investitură,mugur mihăiescu,persoană politică,1,0.836
2025-05-15_nicusor-dan-vs-george-simion-cele-mai-importante-momente-din,2025-05-15,video-transcript,2025Q2 campanie + investitură,lasca,persoană politică,1,0.517
2025-05-15_nicusor-dan-vs-george-simion-cele-mai-importante-momente-din,2025-05-15,video-transcript,2025Q2 campanie + investitură,ciolacu,persoană politică,1,0.835
2025-05-15_nicusor-dan-vs-george-simion-cele-mai-importante-momente-din,2025-05-15,video-transcript,2025Q2 campanie + investitură,georgescu,persoană politică,1,0.807
2025-05-15_nicusor-dan-vs-george-simion-cele-mai-importante-momente-din,2025-05-15,video-transcript,2025Q2 campanie + investitură,româniei,țară,1,0.693
2025-05-15_nicusor-dan-vs-george-simion-cele-mai-importante-momente-din,2025-05-15,video-transcript,2025Q2 campanie + investitură,matei păun,persoană politică,1,0.62
2025-05-15_nicusor-dan-vs-george-simion-cele-mai-importante-momente-din,2025-05-15,video-transcript,2025Q2 campanie + investitură,ucraina,țară,3,0.98
2025-05-15_nicusor-dan-vs-george-simion-cele-mai-importante-momente-din,2025-05-15,video-transcript,2025Q2 campanie + investitură,românia,țară,4,0.975
2025-05-15_nicusor-dan-vs-george-simion-cele-mai-importante-momente-din,2025-05-15,video-transcript,2025Q2 campanie + investitură,trump,persoană politică,4,0.905
2025-05-15_nicusor-dan-vs-george-simion-cele-mai-importante-momente-din,2025-05-15,video-transcript,2025Q2 campanie + investitură,uk,țară,1,0.984
2025-05-15_nicusor-dan-vs-george-simion-cele-mai-importante-momente-din,2025-05-15,video-transcript,2025Q2 campanie + investitură,franța,țară,1,0.984
2025-05-15_nicusor-dan-vs-george-simion-cele-mai-importante-momente-din,2025-05-15,video-transcript,2025Q2 campanie + investitură,germania,țară,1,0.987
2025-05-15_nicusor-dan-vs-george-simion-cele-mai-importante-momente-din,2025-05-15,video-transcript,2025Q2 campanie + investitură,spania,țară,1,0.985
2025-05-16_fiul-lui-ratiu-mesaj-pentru-nicusor-dan-b1tv-16-mai-2025,2025-05-16,video-transcript,2025Q2 campanie + investitură,nicușodan,persoană politică,1,0.775
2025-05-18_alegeri-prezidentiale-2025-mesajul-lui-nicusor-dan-dupa-apar,2025-05-18,video-transcript,2025Q2 campanie + investitură,româniei,țară,2,0.961
2025-05-18_alegeri-prezidentiale-2025-mesajul-lui-nicusor-dan-dupa-apar,2025-05-18,video-transcript,2025Q2 campanie + investitură,românia,țară,5,0.961
2025-05-18_alegeri-prezidentiale-2025-mesajul-lui-nicusor-dan-dupa-apar,2025-05-18,video-transcript,2025Q2 campanie + investitură,românie,țară,1,0.916
2025-05-18_nicusor-dan-dupa-ce-a-castigat-alegerile-prezidentiale-e-vic,2025-05-18,video-transcript,2025Q2 campanie + investitură,românia,țară,7,0.986
2025-05-18_nicusor-dan-dupa-ce-a-castigat-alegerile-prezidentiale-e-vic,2025-05-18,video-transcript,2025Q2 campanie + investitură,românie,țară,1,0.476
2025-05-18_nicusor-dan-dupa-ce-a-castigat-alegerile-prezidentiale-e-vic,2025-05-18,video-transcript,2025Q2 campanie + investitură,româniei,țară,1,0.898
2025-05-18_nicusor-dan-dupa-ce-a-castigat-alegerile-prezidentiale-e-vic,2025-05-18,video-transcript,2025Q2 campanie + investitură,r. moldova,țară,1,0.73
2025-05-18_nicusor-dan-incepem-o-noua-etapa-de-maine-la-munca-sustinato,2025-05-18,video-transcript,2025Q2 campanie + investitură,românia,țară,8,0.984
2025-05-18_nicusor-dan-incepem-o-noua-etapa-de-maine-la-munca-sustinato,2025-05-18,video-transcript,2025Q2 campanie + investitură,românie,țară,1,0.645
2025-05-18_nicusor-dan-incepem-o-noua-etapa-de-maine-la-munca-sustinato,2025-05-18,video-transcript,2025Q2 campanie + investitură,româniei,țară,1,0.902
2025-05-18_nicusor-dan-incepem-o-noua-etapa-de-maine-la-munca-sustinato,2025-05-18,video-transcript,2025Q2 campanie + investitură,r. moldova,țară,1,0.933
2025-05-18_romania-alege-cu-l-chiriac-discursul-presedintelui-nicusor-d,2025-05-18,video-transcript,2025Q2 campanie + investitură,româniei,țară,2,0.927
2025-05-18_romania-alege-cu-l-chiriac-discursul-presedintelui-nicusor-d,2025-05-18,video-transcript,2025Q2 campanie + investitură,românia,țară,9,0.983
2025-05-18_romania-alege-cu-l-chiriac-discursul-presedintelui-nicusor-d,2025-05-18,video-transcript,2025Q2 campanie + investitură,președintele ăsta,persoană politică,1,0.621
2025-05-18_romania-alege-cu-l-chiriac-discursul-presedintelui-nicusor-d,2025-05-18,video-transcript,2025Q2 campanie + investitură,românie,țară,1,0.686
2025-05-18_romania-alege-cu-l-chiriac-discursul-presedintelui-nicusor-d,2025-05-18,video-transcript,2025Q2 campanie + investitură,r. moldova,țară,1,0.733
2025-05-19_nicusor-dan-despre-scenariul-unei-victorii-a-lui-george-simi,2025-05-19,video-transcript,2025Q2 campanie + investitură,românia,țară,5,0.986
2025-05-19_nicusor-dan-despre-scenariul-unei-victorii-a-lui-george-simi,2025-05-19,video-transcript,2025Q2 campanie + investitură,simion,persoană politică,1,0.93
2025-05-19_nicusor-dan-despre-scenariul-unei-victorii-a-lui-george-simi,2025-05-19,video-transcript,2025Q2 campanie + investitură,moldova,țară,1,0.649
2025-05-19_nicusor-dan-despre-scenariul-unei-victorii-a-lui-george-simi,2025-05-19,video-transcript,2025Q2 campanie + investitură,ucraina,țară,1,0.812
2025-05-19_nicusor-dan-despre-scenariul-unei-victorii-a-lui-george-simi,2025-05-19,video-transcript,2025Q2 campanie + investitură,ungaria,țară,1,0.907
2025-05-19_nicusor-dan-despre-scenariul-unei-victorii-a-lui-george-simi,2025-05-19,video-transcript,2025Q2 campanie + investitură,ce,instituție internațională,1,0.859
2025-05-19_nicusor-dan-despre-scenariul-unei-victorii-a-lui-george-simi,2025-05-19,video-transcript,2025Q2 campanie + investitură,domniei sale,persoană politică,1,0.534
2025-05-19_nicusor-dan-despre-scenariul-unei-victorii-a-lui-george-simi,2025-05-19,video-transcript,2025Q2 campanie + investitură,tite,persoană politică,1,0.806
2025-05-19_nicusor-dan-despre-viitorul-premier-bolojan-ramane-optiunea,2025-05-19,video-transcript,2025Q2 campanie + investitură,dominic friț,persoană politică,1,0.843
2025-05-19_nicusor-dan-despre-viitorul-premier-bolojan-ramane-optiunea,2025-05-19,video-transcript,2025Q2 campanie + investitură,kelemen hunor,persoană politică,1,0.849
2025-05-19_nicusor-dan-despre-viitorul-premier-bolojan-ramane-optiunea,2025-05-19,video-transcript,2025Q2 campanie + investitură,udmr,partid politic,1,0.914
2025-05-19_nicusor-dan-despre-viitorul-premier-bolojan-ramane-optiunea,2025-05-19,video-transcript,2025Q2 campanie + investitură,psd,partid politic,1,0.849
2025-05-19_nicusor-dan-despre-viitorul-premier-bolojan-ramane-optiunea,2025-05-19,video-transcript,2025Q2 campanie + investitură,curții constituționale,instituție națională,1,0.527
2025-05-20_nicusor-dan-despre-planurile-pentru-romania-stiri-b1tv-20-ma,2025-05-20,video-transcript,2025Q2 campanie + investitură,românia,țară,1,0.96
2025-05-20_nicusor-dan-despre-planurile-pentru-romania-stiri-b1tv-20-ma,2025-05-20,video-transcript,2025Q2 campanie + investitură,guvern,instituție națională,2,0.453
2025-05-20_nicusor-dan-despre-planurile-pentru-romania-stiri-b1tv-20-ma,2025-05-20,video-transcript,2025Q2 campanie + investitură,guvernul,instituție națională,1,0.533
2025-05-20_nicusor-dan-despre-planurile-pentru-romania-stiri-b1tv-20-ma,2025-05-20,video-transcript,2025Q2 campanie + investitură,psd,partid politic,2,0.977
2025-05-20_nicusor-dan-despre-planurile-pentru-romania-stiri-b1tv-20-ma,2025-05-20,video-transcript,2025Q2 campanie + investitură,vigheciu,persoană politică,1,0.5
2025-05-22_ce-spune-nicusor-dan-despre-relatiile-romaniei-cu-sua-si-ue,2025-05-22,video-transcript,2025Q2 campanie + investitură,românia,țară,15,0.988
2025-05-22_ce-spune-nicusor-dan-despre-relatiile-romaniei-cu-sua-si-ue,2025-05-22,video-transcript,2025Q2 campanie + investitură,nato,instituție internațională,1,0.647
2025-05-22_ce-spune-nicusor-dan-despre-relatiile-romaniei-cu-sua-si-ue,2025-05-22,video-transcript,2025Q2 campanie + investitură,ue,instituție internațională,1,0.878
2025-05-22_ce-spune-nicusor-dan-despre-relatiile-romaniei-cu-sua-si-ue,2025-05-22,video-transcript,2025Q2 campanie + investitură,sua,țară,2,0.794
2025-05-22_ce-spune-nicusor-dan-despre-relatiile-romaniei-cu-sua-si-ue,2025-05-22,video-transcript,2025Q2 campanie + investitură,româniei,țară,4,0.975
2025-05-22_ce-spune-nicusor-dan-despre-relatiile-romaniei-cu-sua-si-ue,2025-05-22,video-transcript,2025Q2 campanie + investitură,ucraina,țară,3,0.977
2025-05-22_ce-spune-nicusor-dan-despre-relatiile-romaniei-cu-sua-si-ue,2025-05-22,video-transcript,2025Q2 campanie + investitură,republicii moldova,țară,4,0.963
2025-05-22_ce-spune-nicusor-dan-despre-relatiile-romaniei-cu-sua-si-ue,2025-05-22,video-transcript,2025Q2 campanie + investitură,ucrainei,țară,1,0.582
2025-05-22_ce-spune-nicusor-dan-despre-relatiile-romaniei-cu-sua-si-ue,2025-05-22,video-transcript,2025Q2 campanie + investitură,r. moldova,țară,7,0.992
2025-05-22_ce-spune-nicusor-dan-despre-relatiile-romaniei-cu-sua-si-ue,2025-05-22,video-transcript,2025Q2 campanie + investitură,doamna mețola,persoană politică,1,0.783
2025-05-22_ce-spune-nicusor-dan-despre-relatiile-romaniei-cu-sua-si-ue,2025-05-22,video-transcript,2025Q2 campanie + investitură,psd,partid politic,1,0.879
2025-05-22_ce-spune-nicusor-dan-despre-relatiile-romaniei-cu-sua-si-ue,2025-05-22,video-transcript,2025Q2 campanie + investitură,parlament,instituție națională,1,0.612
2025-05-22_ce-spune-nicusor-dan-despre-relatiile-romaniei-cu-sua-si-ue,2025-05-22,video-transcript,2025Q2 campanie + investitură,curtea constituțională,instituție națională,2,0.843
2025-05-22_ce-spune-nicusor-dan-despre-relatiile-romaniei-cu-sua-si-ue,2025-05-22,video-transcript,2025Q2 campanie + investitură,primar,persoană politică,1,0.474
2025-05-22_ce-spune-nicusor-dan-despre-relatiile-romaniei-cu-sua-si-ue,2025-05-22,video-transcript,2025Q2 campanie + investitură,partidele,partid politic,1,0.499
2025-05-22_ce-spune-nicusor-dan-despre-relatiile-romaniei-cu-sua-si-ue,2025-05-22,video-transcript,2025Q2 campanie + investitură,primar interimar,persoană politică,1,0.451
2025-05-22_nicusor-dan-daca-sunt-amenintari-institutiile-isi-vor-face-d,2025-05-22,video-transcript,2025Q2 campanie + investitură,românia,țară,2,0.99
2025-05-22_nicusor-dan-daca-sunt-amenintari-institutiile-isi-vor-face-d,2025-05-22,video-transcript,2025Q2 campanie + investitură,președinte,persoană politică,1,0.538
2025-05-22_nicusor-dan-despre-cum-va-evita-romania-atacurile-hibride-tr,2025-05-22,video-transcript,2025Q2 campanie + investitură,ministerul afacerilor externe,instituție națională,1,0.686
2025-05-22_nicusor-dan-despre-cum-va-evita-romania-atacurile-hibride-tr,2025-05-22,video-transcript,2025Q2 campanie + investitură,românia,țară,1,0.953
2025-05-22_nicusor-dan-despre-subventiile-pentru-partide-b1tv-22-mai-20,2025-05-22,video-transcript,2025Q2 campanie + investitură,românia,țară,3,0.969
2025-05-22_nicusor-dan-despre-subventiile-pentru-partide-b1tv-22-mai-20,2025-05-22,video-transcript,2025Q2 campanie + investitură,statul român,instituție națională,1,0.483
2025-05-22_nicusor-dan-despre-subventiile-pentru-partide-b1tv-22-mai-20,2025-05-22,video-transcript,2025Q2 campanie + investitură,președintelui,persoană politică,2,0.712
2025-05-22_nicusor-dan-statul-roman-trebuie-sa-rezolve-obstacolele-pe-c,2025-05-22,video-transcript,2025Q2 campanie + investitură,președintelui,persoană politică,2,0.701
2025-05-22_nicusor-dan-statul-roman-trebuie-sa-rezolve-obstacolele-pe-c,2025-05-22,video-transcript,2025Q2 campanie + investitură,românia,țară,2,0.959
2025-05-22_nicusor-dan-statul-roman-trebuie-sa-rezolve-obstacolele-pe-c,2025-05-22,video-transcript,2025Q2 campanie + investitură,penes,persoană politică,1,0.628
2025-05-22_nicusor-dan-trebuie-sa-lamurim-anularea-alegerilor-de-anul-t,2025-05-22,video-transcript,2025Q2 campanie + investitură,președinte,persoană politică,1,0.452
2025-05-22_nicusor-dan-trebuie-sa-lamurim-anularea-alegerilor-de-anul-t,2025-05-22,video-transcript,2025Q2 campanie + investitură,americană,țară,1,0.454
2025-05-22_nicusor-dan-urmeaza-un-nou-capitol-in-istoria-recenta-si-con,2025-05-22,video-transcript,2025Q2 campanie + investitură,românia,țară,1,0.942
2025-05-24_nicusor-dan-e-un-deficit-de-implicare-in-politica-statul-est,2025-05-24,video-transcript,2025Q2 campanie + investitură,statul român,instituție națională,1,0.503
2025-05-24_nicusor-dan-e-un-deficit-de-implicare-in-politica-statul-est,2025-05-24,video-transcript,2025Q2 campanie + investitură,românia,țară,1,0.933
2025-05-26_live-investirea-lui-nicusor-dan-juramantul-de-la-parlament-s,2025-05-26,video-transcript,2025Q2 campanie + investitură,românia,țară,15,0.98
2025-05-26_live-investirea-lui-nicusor-dan-juramantul-de-la-parlament-s,2025-05-26,video-transcript,2025Q2 campanie + investitură,uniunii europene,instituție internațională,3,0.698
2025-05-26_live-investirea-lui-nicusor-dan-juramantul-de-la-parlament-s,2025-05-26,video-transcript,2025Q2 campanie + investitură,româniei,țară,8,0.949
2025-05-26_live-investirea-lui-nicusor-dan-juramantul-de-la-parlament-s,2025-05-26,video-transcript,2025Q2 campanie + investitură,sua,țară,1,0.765
2025-05-26_live-investirea-lui-nicusor-dan-juramantul-de-la-parlament-s,2025-05-26,video-transcript,2025Q2 campanie + investitură,nato,instituție internațională,2,0.664
2025-05-26_live-investirea-lui-nicusor-dan-juramantul-de-la-parlament-s,2025-05-26,video-transcript,2025Q2 campanie + investitură,ue,instituție internațională,2,0.628
2025-05-26_live-investirea-lui-nicusor-dan-juramantul-de-la-parlament-s,2025-05-26,video-transcript,2025Q2 campanie + investitură,r. moldova,țară,3,0.977
2025-05-26_live-investirea-lui-nicusor-dan-juramantul-de-la-parlament-s,2025-05-26,video-transcript,2025Q2 campanie + investitură,autoritatea națională pentru cetățenie,instituție națională,1,0.547
2025-05-26_live-investirea-lui-nicusor-dan-juramantul-de-la-parlament-s,2025-05-26,video-transcript,2025Q2 campanie + investitură,nicușoran,persoană politică,1,0.785
2025-05-26_live-investirea-lui-nicusor-dan-juramantul-de-la-parlament-s,2025-05-26,video-transcript,2025Q2 campanie + investitură,ternescu,persoană politică,1,0.652
2025-05-26_live-investirea-lui-nicusor-dan-juramantul-de-la-parlament-s,2025-05-26,video-transcript,2025Q2 campanie + investitură,ce,instituție națională,1,0.793
2025-05-26_live-investirea-lui-nicusor-dan-juramantul-de-la-parlament-s,2025-05-26,video-transcript,2025Q2 campanie + investitură,comisiei europene,instituție internațională,1,0.658
2025-05-26_live-investirea-lui-nicusor-dan-juramantul-de-la-parlament-s,2025-05-26,video-transcript,2025Q2 campanie + investitură,președintele putin,persoană politică,1,0.777
2025-05-26_live-investirea-lui-nicusor-dan-juramantul-de-la-parlament-s,2025-05-26,video-transcript,2025Q2 campanie + investitură,putin,persoană politică,1,0.617
2025-05-26_live-investirea-lui-nicusor-dan-juramantul-de-la-parlament-s,2025-05-26,video-transcript,2025Q2 campanie + investitură,președintele trump,persoană politică,1,0.824
2025-05-26_live-investirea-lui-nicusor-dan-juramantul-de-la-parlament-s,2025-05-26,video-transcript,2025Q2 campanie + investitură,președintelui putin,persoană politică,1,0.788
2025-05-26_live-investirea-lui-nicusor-dan-juramantul-de-la-parlament-s,2025-05-26,video-transcript,2025Q2 campanie + investitură,președintelui zelenschi,persoană politică,1,0.539
2025-05-26_live-investirea-lui-nicusor-dan-juramantul-de-la-parlament-s,2025-05-26,video-transcript,2025Q2 campanie + investitură,polonia,țară,3,0.992
2025-05-26_live-investirea-lui-nicusor-dan-juramantul-de-la-parlament-s,2025-05-26,video-transcript,2025Q2 campanie + investitură,trump,persoană politică,1,0.577
2025-05-26_live-investirea-lui-nicusor-dan-juramantul-de-la-parlament-s,2025-05-26,video-transcript,2025Q2 campanie + investitură,domnia sa,persoană politică,1,0.514
2025-05-26_live-investirea-lui-nicusor-dan-juramantul-de-la-parlament-s,2025-05-26,video-transcript,2025Q2 campanie + investitură,nicușor dan,persoană politică,1,0.913
2025-05-26_live-investirea-lui-nicusor-dan-juramantul-de-la-parlament-s,2025-05-26,video-transcript,2025Q2 campanie + investitură,partidul social democrat,partid politic,4,0.988
2025-05-26_live-investirea-lui-nicusor-dan-juramantul-de-la-parlament-s,2025-05-26,video-transcript,2025Q2 campanie + investitură,partidul național liberal,partid politic,1,0.968
2025-05-26_live-investirea-lui-nicusor-dan-juramantul-de-la-parlament-s,2025-05-26,video-transcript,2025Q2 campanie + investitură,parlament,instituție națională,1,0.578
2025-05-26_live-investirea-lui-nicusor-dan-juramantul-de-la-parlament-s,2025-05-26,video-transcript,2025Q2 campanie + investitură,bolojan,persoană politică,1,0.853
2025-05-26_nicusor-dan-oficial-presedintele-romaniei-ceremonia-de-inves,2025-05-26,video-transcript,2025Q2 campanie + investitură,româniei,țară,10,0.968
2025-05-26_nicusor-dan-oficial-presedintele-romaniei-ceremonia-de-inves,2025-05-26,video-transcript,2025Q2 campanie + investitură,românia,țară,19,0.991
2025-05-26_nicusor-dan-oficial-presedintele-romaniei-ceremonia-de-inves,2025-05-26,video-transcript,2025Q2 campanie + investitură,r. moldova,țară,4,0.936
2025-05-26_nicusor-dan-oficial-presedintele-romaniei-ceremonia-de-inves,2025-05-26,video-transcript,2025Q2 campanie + investitură,președinte,persoană politică,1,0.529
2025-05-26_nicusor-dan-oficial-presedintele-romaniei-ceremonia-de-inves,2025-05-26,video-transcript,2025Q2 campanie + investitură,partidelor politice,partid politic,1,0.465
2025-05-26_nicusor-dan-oficial-presedintele-romaniei-ceremonia-de-inves,2025-05-26,video-transcript,2025Q2 campanie + investitură,inspecția judiciară,instituție națională,1,0.721
2025-05-26_nicusor-dan-oficial-presedintele-romaniei-ceremonia-de-inves,2025-05-26,video-transcript,2025Q2 campanie + investitură,sua,țară,1,0.825
2025-05-26_nicusor-dan-oficial-presedintele-romaniei-ceremonia-de-inves,2025-05-26,video-transcript,2025Q2 campanie + investitură,nato,instituție internațională,2,0.555
2025-05-26_nicusor-dan-oficial-presedintele-romaniei-ceremonia-de-inves,2025-05-26,video-transcript,2025Q2 campanie + investitură,ue,instituție internațională,1,0.636
2025-05-26_nicusor-dan-oficial-presedintele-romaniei-ceremonia-de-inves,2025-05-26,video-transcript,2025Q2 campanie + investitură,uniunii europene,instituție internațională,1,0.497
2025-05-26_nicusor-dan-oficial-presedintele-romaniei-ceremonia-de-inves,2025-05-26,video-transcript,2025Q2 campanie + investitură,psd,partid politic,1,0.957
2025-05-26_nicusor-dan-oficial-presedintele-romaniei-ceremonia-de-inves,2025-05-26,video-transcript,2025Q2 campanie + investitură,muzică,persoană politică,2,0.716
2025-05-26_nicusor-dan-oficial-presedintele-romaniei-ceremonia-de-inves,2025-05-26,video-transcript,2025Q2 campanie + investitură,ce,instituție internațională,1,0.884
2025-05-26_nicusor-dan-oficial-presedintele-romaniei-ceremonia-de-inves,2025-05-26,video-transcript,2025Q2 campanie + investitură,pnrr,partid politic,1,0.583
2025-05-26_nicusor-dan-oficial-presedintele-romaniei-ceremonia-de-inves,2025-05-26,video-transcript,2025Q2 campanie + investitură,președintele,persoană politică,1,0.534
2025-05-26_nicusor-dan-oficial-presedintele-romaniei-ceremonia-de-inves,2025-05-26,video-transcript,2025Q2 campanie + investitură,comisiei europene,instituție internațională,1,0.783
2025-05-26_nicusor-dan-oficial-presedintele-romaniei-ceremonia-de-inves,2025-05-26,video-transcript,2025Q2 campanie + investitură,statul român,instituție națională,1,0.624
2025-05-26_nicusor-dan-oficial-presedintele-romaniei-ceremonia-de-inves,2025-05-26,video-transcript,2025Q2 campanie + investitură,statului român,instituție națională,1,0.563
2025-05-26_nicusor-dan-oficial-presedintele-romaniei-ceremonia-de-inves,2025-05-26,video-transcript,2025Q2 campanie + investitură,nicușor dan,persoană politică,1,0.918
2025-05-26_nicusor-dan-oficial-presedintele-romaniei-ceremonia-de-inves,2025-05-26,video-transcript,2025Q2 campanie + investitură,parlament,instituție națională,1,0.496
2025-05-26_nicusor-dan-reformele-fiscale-sunt-inevitabile-e-obligatoriu,2025-05-26,video-transcript,2025Q2 campanie + investitură,guvern,instituție națională,2,0.625
2025-05-26_nicusor-dan-reformele-fiscale-sunt-inevitabile-e-obligatoriu,2025-05-26,video-transcript,2025Q2 campanie + investitură,românia,țară,2,0.863
2025-05-26_nicusor-dan-reformele-fiscale-sunt-inevitabile-e-obligatoriu,2025-05-26,video-transcript,2025Q2 campanie + investitură,româniei,țară,2,0.932
2025-05-26_nicusor-dan-reformele-fiscale-sunt-inevitabile-e-obligatoriu,2025-05-26,video-transcript,2025Q2 campanie + investitură,pnrr,partid politic,2,0.766
2025-05-26_nicusor-dan-reformele-fiscale-sunt-inevitabile-e-obligatoriu,2025-05-26,video-transcript,2025Q2 campanie + investitură,ce,instituție internațională,1,0.825
2025-05-26_nicusor-dan-reformele-fiscale-sunt-inevitabile-e-obligatoriu,2025-05-26,video-transcript,2025Q2 campanie + investitură,președintele,persoană politică,1,0.615
2025-05-26_nicusor-dan-reformele-fiscale-sunt-inevitabile-e-obligatoriu,2025-05-26,video-transcript,2025Q2 campanie + investitură,comisiei europene,instituție internațională,1,0.833
2025-05-26_stirile-kanal-d-exclusiv-nicusor-dan-primul-discurs-ca-prese,2025-05-26,video-transcript,2025Q2 campanie + investitură,româniei,țară,2,0.969
2025-05-26_stirile-kanal-d-exclusiv-nicusor-dan-primul-discurs-ca-prese,2025-05-26,video-transcript,2025Q2 campanie + investitură,românia,țară,12,0.992
2025-05-26_stirile-kanal-d-exclusiv-nicusor-dan-primul-discurs-ca-prese,2025-05-26,video-transcript,2025Q2 campanie + investitură,r. moldova,țară,1,0.472
2025-05-26_stirile-kanal-d-exclusiv-nicusor-dan-primul-discurs-ca-prese,2025-05-26,video-transcript,2025Q2 campanie + investitură,statul român,instituție națională,2,0.64
2025-05-26_stirile-kanal-d-exclusiv-nicusor-dan-primul-discurs-ca-prese,2025-05-26,video-transcript,2025Q2 campanie + investitură,președinte,persoană politică,1,0.633
2025-05-26_stirile-kanal-d-exclusiv-nicusor-dan-primul-discurs-ca-prese,2025-05-26,video-transcript,2025Q2 campanie + investitură,partidelor politice,partid politic,2,0.662
2025-05-26_stirile-kanal-d-exclusiv-nicusor-dan-primul-discurs-ca-prese,2025-05-26,video-transcript,2025Q2 campanie + investitură,inspecția judiciară,instituție națională,1,0.687
2025-05-27_nicusor-dan-despre-fetita-sa-mi-a-zis-ca-m-am-plictisit-la-d,2025-05-27,video-transcript,2025Q2 campanie + investitură,româniei,țară,1,0.862
2025-05-27_nicusor-dan-despre-fetita-sa-mi-a-zis-ca-m-am-plictisit-la-d,2025-05-27,video-transcript,2025Q2 campanie + investitură,președinte,persoană politică,1,0.591
2025-05-29_nicusor-dan-explica-de-ce-nu-vrea-un-premier-tehnocrat-in-vi,2025-05-29,video-transcript,2025Q2 campanie + investitură,ministrul apărării,persoană politică,1,0.613
2025-05-29_nicusor-dan-explica-de-ce-nu-vrea-un-premier-tehnocrat-in-vi,2025-05-29,video-transcript,2025Q2 campanie + investitură,șeful statului major,persoană politică,1,0.456
2025-05-29_nicusor-dan-explica-de-ce-nu-vrea-un-premier-tehnocrat-in-vi,2025-05-29,video-transcript,2025Q2 campanie + investitură,guvern,instituție națională,1,0.457
2025-05-29_nicusor-dan-explica-de-ce-nu-vrea-un-premier-tehnocrat-in-vi,2025-05-29,video-transcript,2025Q2 campanie + investitură,președintelui,persoană politică,1,0.541
2025-05-30_nicusor-dan-dupa-decizia-ccr-privind-declaratiile-de-avere-d,2025-05-30,video-transcript,2025Q2 campanie + investitură,ccr,instituție națională,2,0.783
2025-05-30_nicusor-dan-dupa-decizia-ccr-privind-declaratiile-de-avere-d,2025-05-30,video-transcript,2025Q2 campanie + investitură,parlamentul,instituție națională,1,0.495
2025-05-30_presedintele-nicusor-dan-l-am-invitat-pe-donald-trump-in-rom,2025-05-30,video-transcript,2025Q2 campanie + investitură,consiliul european,instituție internațională,1,0.78
2025-05-30_presedintele-nicusor-dan-l-am-invitat-pe-donald-trump-in-rom,2025-05-30,video-transcript,2025Q2 campanie + investitură,statelor unite,țară,1,0.774
2025-06-02_briefing-nicusor-dan-avem-un-stat-disfunctional-si-trebuie-s,2025-06-02,video-transcript,2025Q3 deficit + reforma economică,boloș,persoană politică,1,0.463
2025-06-02_briefing-nicusor-dan-avem-un-stat-disfunctional-si-trebuie-s,2025-06-02,video-transcript,2025Q3 deficit + reforma economică,ceche,persoană politică,1,0.451
2025-06-02_briefing-nicusor-dan-avem-un-stat-disfunctional-si-trebuie-s,2025-06-02,video-transcript,2025Q3 deficit + reforma economică,patru partide prooccidentale,partid politic,1,0.497
2025-06-02_briefing-nicusor-dan-avem-un-stat-disfunctional-si-trebuie-s,2025-06-02,video-transcript,2025Q3 deficit + reforma economică,stat român,țară,1,0.743
2025-06-02_briefing-nicusor-dan-avem-un-stat-disfunctional-si-trebuie-s,2025-06-02,video-transcript,2025Q3 deficit + reforma economică,guvernului,instituție națională,1,0.458
2025-06-02_briefing-nicusor-dan-avem-un-stat-disfunctional-si-trebuie-s,2025-06-02,video-transcript,2025Q3 deficit + reforma economică,domnul simion,persoană politică,2,0.582
2025-06-02_briefing-nicusor-dan-avem-un-stat-disfunctional-si-trebuie-s,2025-06-02,video-transcript,2025Q3 deficit + reforma economică,pis,partid politic,1,0.872
2025-06-02_briefing-nicusor-dan-avem-un-stat-disfunctional-si-trebuie-s,2025-06-02,video-transcript,2025Q3 deficit + reforma economică,simion,persoană politică,3,0.954
2025-06-02_briefing-nicusor-dan-avem-un-stat-disfunctional-si-trebuie-s,2025-06-02,video-transcript,2025Q3 deficit + reforma economică,poloniei,țară,1,0.9
2025-06-02_briefing-nicusor-dan-avem-un-stat-disfunctional-si-trebuie-s,2025-06-02,video-transcript,2025Q3 deficit + reforma economică,polonia,țară,3,0.944
2025-06-02_briefing-nicusor-dan-avem-un-stat-disfunctional-si-trebuie-s,2025-06-02,video-transcript,2025Q3 deficit + reforma economică,partidele democratice,partid politic,1,0.944
2025-06-02_briefing-nicusor-dan-avem-un-stat-disfunctional-si-trebuie-s,2025-06-02,video-transcript,2025Q3 deficit + reforma economică,georgescu,persoană politică,2,0.821
2025-06-02_briefing-nicusor-dan-avem-un-stat-disfunctional-si-trebuie-s,2025-06-02,video-transcript,2025Q3 deficit + reforma economică,țara noastră,țară,1,0.61
2025-06-02_briefing-nicusor-dan-avem-un-stat-disfunctional-si-trebuie-s,2025-06-02,video-transcript,2025Q3 deficit + reforma economică,șoșoacă,persoană politică,1,0.486
2025-06-02_briefing-nicusor-dan-avem-un-stat-disfunctional-si-trebuie-s,2025-06-02,video-transcript,2025Q3 deficit + reforma economică,ana maria gavrilă,persoană politică,1,0.82
2025-06-02_briefing-nicusor-dan-avem-un-stat-disfunctional-si-trebuie-s,2025-06-02,video-transcript,2025Q3 deficit + reforma economică,româniei,țară,1,0.637
2025-06-02_conferinta-presa-nicusor-dan-concluzii-summit-si-situatia-di,2025-06-02,video-transcript,2025Q3 deficit + reforma economică,româniei,țară,2,0.927
2025-06-02_conferinta-presa-nicusor-dan-concluzii-summit-si-situatia-di,2025-06-02,video-transcript,2025Q3 deficit + reforma economică,poloniei,țară,2,0.94
2025-06-02_conferinta-presa-nicusor-dan-concluzii-summit-si-situatia-di,2025-06-02,video-transcript,2025Q3 deficit + reforma economică,nato,instituție internațională,2,0.492
2025-06-02_conferinta-presa-nicusor-dan-concluzii-summit-si-situatia-di,2025-06-02,video-transcript,2025Q3 deficit + reforma economică,românia,țară,5,0.987
2025-06-02_conferinta-presa-nicusor-dan-concluzii-summit-si-situatia-di,2025-06-02,video-transcript,2025Q3 deficit + reforma economică,sua,țară,2,0.818
2025-06-02_conferinta-presa-nicusor-dan-concluzii-summit-si-situatia-di,2025-06-02,video-transcript,2025Q3 deficit + reforma economică,ucraina,țară,5,0.987
2025-06-02_conferinta-presa-nicusor-dan-concluzii-summit-si-situatia-di,2025-06-02,video-transcript,2025Q3 deficit + reforma economică,polonia,țară,3,0.991
2025-06-02_conferinta-presa-nicusor-dan-concluzii-summit-si-situatia-di,2025-06-02,video-transcript,2025Q3 deficit + reforma economică,rusiei,țară,2,0.879
2025-06-02_conferinta-presa-nicusor-dan-concluzii-summit-si-situatia-di,2025-06-02,video-transcript,2025Q3 deficit + reforma economică,duda,persoană politică,1,0.558
2025-06-02_conferinta-presa-nicusor-dan-concluzii-summit-si-situatia-di,2025-06-02,video-transcript,2025Q3 deficit + reforma economică,rusia,țară,1,0.955
2025-06-02_conferinta-presa-nicusor-dan-concluzii-summit-si-situatia-di,2025-06-02,video-transcript,2025Q3 deficit + reforma economică,belarus,țară,1,0.937
2025-06-02_conferinta-presa-nicusor-dan-concluzii-summit-si-situatia-di,2025-06-02,video-transcript,2025Q3 deficit + reforma economică,grupul popular european,partid politic,1,0.767
2025-06-02_conferinta-presa-nicusor-dan-concluzii-summit-si-situatia-di,2025-06-02,video-transcript,2025Q3 deficit + reforma economică,ce,instituție internațională,1,0.833
2025-06-02_conferinta-presa-nicusor-dan-concluzii-summit-si-situatia-di,2025-06-02,video-transcript,2025Q3 deficit + reforma economică,parlament,instituție națională,3,0.747
2025-06-02_conferinta-presa-nicusor-dan-concluzii-summit-si-situatia-di,2025-06-02,video-transcript,2025Q3 deficit + reforma economică,predoiu,persoană politică,1,0.452
2025-06-02_conferinta-presa-nicusor-dan-concluzii-summit-si-situatia-di,2025-06-02,video-transcript,2025Q3 deficit + reforma economică,primar al bucureștiului,persoană politică,1,0.522
2025-06-02_conferinta-presa-nicusor-dan-concluzii-summit-si-situatia-di,2025-06-02,video-transcript,2025Q3 deficit + reforma economică,comisia,instituție națională,2,0.581
2025-06-02_conferinta-presa-nicusor-dan-concluzii-summit-si-situatia-di,2025-06-02,video-transcript,2025Q3 deficit + reforma economică,pnrr,partid politic,1,0.764
2025-06-02_conferinta-presa-nicusor-dan-concluzii-summit-si-situatia-di,2025-06-02,video-transcript,2025Q3 deficit + reforma economică,președinte,persoană politică,1,0.516
2025-06-03_nicusor-dan-anunturi-de-ultima-ora-despre-situatia-economica,2025-06-03,video-transcript,2025Q3 deficit + reforma economică,ce,instituție internațională,1,0.827
2025-06-03_nicusor-dan-anunturi-de-ultima-ora-despre-situatia-economica,2025-06-03,video-transcript,2025Q3 deficit + reforma economică,comisiei europene,instituție internațională,1,0.592
2025-06-03_nicusor-dan-anunturi-de-ultima-ora-despre-situatia-economica,2025-06-03,video-transcript,2025Q3 deficit + reforma economică,românia,țară,1,0.942
2025-06-03_nicusor-dan-anunturi-de-ultima-ora-despre-situatia-economica,2025-06-03,video-transcript,2025Q3 deficit + reforma economică,dobrovskis,persoană politică,1,0.532
2025-06-03_nicusor-dan-anunturi-de-ultima-ora-despre-situatia-economica,2025-06-03,video-transcript,2025Q3 deficit + reforma economică,pnrr,partid politic,1,0.745
2025-06-03_nicusor-dan-cere-implicarea-serviciilor-secrete-pentru-a-com,2025-06-03,video-transcript,2025Q3 deficit + reforma economică,sri,instituție națională,3,0.798
2025-06-03_nicusor-dan-cere-implicarea-serviciilor-secrete-pentru-a-com,2025-06-03,video-transcript,2025Q3 deficit + reforma economică,anaf,instituție națională,1,0.504
2025-06-03_romania-lui-vitalie-nicusor-dan-cere-implicarea-serviciilor,2025-06-03,video-transcript,2025Q3 deficit + reforma economică,sri,instituție națională,3,0.814
2025-06-03_romania-lui-vitalie-nicusor-dan-cere-implicarea-serviciilor,2025-06-03,video-transcript,2025Q3 deficit + reforma economică,anaf,instituție națională,5,0.89
2025-06-03_romania-lui-vitalie-nicusor-dan-cere-implicarea-serviciilor,2025-06-03,video-transcript,2025Q3 deficit + reforma economică,fosta securitate,instituție națională,2,0.677
2025-06-03_romania-lui-vitalie-nicusor-dan-cere-implicarea-serviciilor,2025-06-03,video-transcript,2025Q3 deficit + reforma economică,românia,țară,4,0.981
2025-06-03_romania-lui-vitalie-nicusor-dan-cere-implicarea-serviciilor,2025-06-03,video-transcript,2025Q3 deficit + reforma economică,franța,țară,1,0.879
2025-06-03_romania-lui-vitalie-nicusor-dan-cere-implicarea-serviciilor,2025-06-03,video-transcript,2025Q3 deficit + reforma economică,italia,țară,1,0.912
2025-06-03_romania-lui-vitalie-nicusor-dan-cere-implicarea-serviciilor,2025-06-03,video-transcript,2025Q3 deficit + reforma economică,traian băsescu,persoană politică,2,0.849
2025-06-03_romania-lui-vitalie-nicusor-dan-cere-implicarea-serviciilor,2025-06-03,video-transcript,2025Q3 deficit + reforma economică,premier,persoană politică,2,0.646
2025-06-03_romania-lui-vitalie-nicusor-dan-cere-implicarea-serviciilor,2025-06-03,video-transcript,2025Q3 deficit + reforma economică,guvern,instituție națională,1,0.647
2025-06-03_romania-lui-vitalie-nicusor-dan-cere-implicarea-serviciilor,2025-06-03,video-transcript,2025Q3 deficit + reforma economică,guvernul,instituție națională,2,0.728
2025-06-03_romania-lui-vitalie-nicusor-dan-cere-implicarea-serviciilor,2025-06-03,video-transcript,2025Q3 deficit + reforma economică,guvernului,instituție națională,1,0.614
2025-06-03_romania-lui-vitalie-nicusor-dan-cere-implicarea-serviciilor,2025-06-03,video-transcript,2025Q3 deficit + reforma economică,anafu,instituție națională,1,0.582
2025-06-03_romania-lui-vitalie-nicusor-dan-cere-implicarea-serviciilor,2025-06-03,video-transcript,2025Q3 deficit + reforma economică,ministerul de finanțe,instituție națională,1,0.489
2025-06-03_romania-lui-vitalie-nicusor-dan-cere-implicarea-serviciilor,2025-06-03,video-transcript,2025Q3 deficit + reforma economică,marshall,persoană politică,4,0.863
2025-06-03_romania-lui-vitalie-nicusor-dan-cere-implicarea-serviciilor,2025-06-03,video-transcript,2025Q3 deficit + reforma economică,președintele,persoană politică,3,0.733
2025-06-03_romania-lui-vitalie-nicusor-dan-cere-implicarea-serviciilor,2025-06-03,video-transcript,2025Q3 deficit + reforma economică,premierul,persoană politică,3,0.802
2025-06-03_romania-lui-vitalie-nicusor-dan-cere-implicarea-serviciilor,2025-06-03,video-transcript,2025Q3 deficit + reforma economică,nicușordan,persoană politică,1,0.688
2025-06-03_romania-lui-vitalie-nicusor-dan-cere-implicarea-serviciilor,2025-06-03,video-transcript,2025Q3 deficit + reforma economică,doamna chier,persoană politică,2,0.721
2025-06-03_romania-lui-vitalie-nicusor-dan-cere-implicarea-serviciilor,2025-06-03,video-transcript,2025Q3 deficit + reforma economică,ministerului justiției,instituție națională,1,0.608
2025-06-03_romania-lui-vitalie-nicusor-dan-cere-implicarea-serviciilor,2025-06-03,video-transcript,2025Q3 deficit + reforma economică,ministerul educației,instituție națională,1,0.889
2025-06-03_romania-lui-vitalie-nicusor-dan-cere-implicarea-serviciilor,2025-06-03,video-transcript,2025Q3 deficit + reforma economică,ministerului educației,instituție națională,1,0.835
2025-06-03_romania-lui-vitalie-nicusor-dan-cere-implicarea-serviciilor,2025-06-03,video-transcript,2025Q3 deficit + reforma economică,doamna secretar de stat,persoană politică,1,0.559
2025-06-03_romania-lui-vitalie-nicusor-dan-cere-implicarea-serviciilor,2025-06-03,video-transcript,2025Q3 deficit + reforma economică,ministerul de interne,instituție națională,2,0.745
2025-06-03_romania-lui-vitalie-nicusor-dan-cere-implicarea-serviciilor,2025-06-03,video-transcript,2025Q3 deficit + reforma economică,doamnei chier,persoană politică,1,0.487
2025-06-03_romania-lui-vitalie-nicusor-dan-cere-implicarea-serviciilor,2025-06-03,video-transcript,2025Q3 deficit + reforma economică,secretariatul general al guvernului,instituție națională,1,0.484
2025-06-03_romania-lui-vitalie-nicusor-dan-cere-implicarea-serviciilor,2025-06-03,video-transcript,2025Q3 deficit + reforma economică,premierul interimar,persoană politică,1,0.724
2025-06-04_conferinta-de-presa-sustinuta-de-presedintele-romaniei-nicus_74PzSE,2025-06-04,video-transcript,2025Q3 deficit + reforma economică,psd,partid politic,1,0.971
2025-06-04_conferinta-de-presa-sustinuta-de-presedintele-romaniei-nicus_74PzSE,2025-06-04,video-transcript,2025Q3 deficit + reforma economică,pnl,partid politic,1,0.983
2025-06-04_conferinta-de-presa-sustinuta-de-presedintele-romaniei-nicus_74PzSE,2025-06-04,video-transcript,2025Q3 deficit + reforma economică,usr,partid politic,1,0.977
2025-06-04_conferinta-de-presa-sustinuta-de-presedintele-romaniei-nicus_74PzSE,2025-06-04,video-transcript,2025Q3 deficit + reforma economică,udmr,partid politic,1,0.972
2025-06-04_conferinta-de-presa-sustinuta-de-presedintele-romaniei-nicus_74PzSE,2025-06-04,video-transcript,2025Q3 deficit + reforma economică,românia,țară,9,0.962
2025-06-04_conferinta-de-presa-sustinuta-de-presedintele-romaniei-nicus_74PzSE,2025-06-04,video-transcript,2025Q3 deficit + reforma economică,ce,instituție internațională,4,0.91
2025-06-04_conferinta-de-presa-sustinuta-de-presedintele-romaniei-nicus_74PzSE,2025-06-04,video-transcript,2025Q3 deficit + reforma economică,ucraina,țară,4,0.797
2025-06-04_conferinta-de-presa-sustinuta-de-presedintele-romaniei-nicus_74PzSE,2025-06-04,video-transcript,2025Q3 deficit + reforma economică,anaf,instituție națională,2,0.575
2025-06-04_conferinta-de-presa-sustinuta-de-presedintele-romaniei-nicus_74PzSE,2025-06-04,video-transcript,2025Q3 deficit + reforma economică,ce,instituție națională,1,0.79
2025-06-04_conferinta-de-presa-sustinuta-de-presedintele-romaniei-nicus_74PzSE,2025-06-04,video-transcript,2025Q3 deficit + reforma economică,parlamentului,instituție națională,1,0.65
2025-06-04_conferinta-de-presa-sustinuta-de-presedintele-romaniei-nicus_74PzSE,2025-06-04,video-transcript,2025Q3 deficit + reforma economică,parlamentul,instituție națională,1,0.777
2025-06-04_conferinta-de-presa-sustinuta-de-presedintele-romaniei-nicus_74PzSE,2025-06-04,video-transcript,2025Q3 deficit + reforma economică,guvernul,instituție națională,1,0.486
2025-06-04_conferinta-de-presa-sustinuta-de-presedintele-romaniei-nicus_74PzSE,2025-06-04,video-transcript,2025Q3 deficit + reforma economică,statul român,instituție națională,2,0.676
2025-06-04_conferinta-de-presa-sustinuta-de-presedintele-romaniei-nicus_74PzSE,2025-06-04,video-transcript,2025Q3 deficit + reforma economică,sri,instituție națională,3,0.678
2025-06-04_conferinta-de-presa-sustinuta-de-presedintele-romaniei-nicus_74PzSE,2025-06-04,video-transcript,2025Q3 deficit + reforma economică,statului român,țară,1,0.475
2025-06-04_conferinta-de-presa-sustinuta-de-presedintele-romaniei-nicus_74PzSE,2025-06-04,video-transcript,2025Q3 deficit + reforma economică,csat,instituție internațională,1,0.691
2025-06-04_conferinta-de-presa-sustinuta-de-presedintele-romaniei-nicus_74PzSE,2025-06-04,video-transcript,2025Q3 deficit + reforma economică,republicii moldova,țară,2,0.775
2025-06-04_conferinta-de-presa-sustinuta-de-presedintele-romaniei-nicus_74PzSE,2025-06-04,video-transcript,2025Q3 deficit + reforma economică,statelor unite,instituție internațională,1,0.57
2025-06-04_conferinta-de-presa-sustinuta-de-presedintele-romaniei-nicus_74PzSE,2025-06-04,video-transcript,2025Q3 deficit + reforma economică,rusia,țară,2,0.912
2025-06-04_conferinta-de-presa-sustinuta-de-presedintele-romaniei-nicus_74PzSE,2025-06-04,video-transcript,2025Q3 deficit + reforma economică,ministrul economiei,persoană politică,1,0.525
2025-06-04_conferinta-de-presa-sustinuta-de-presedintele-romaniei-nicus_74PzSE,2025-06-04,video-transcript,2025Q3 deficit + reforma economică,sua,țară,1,0.769
2025-06-04_conferinta-de-presa-sustinuta-de-presedintele-romaniei-nicus_74PzSE,2025-06-04,video-transcript,2025Q3 deficit + reforma economică,președintele zelenschi,persoană politică,1,0.623
2025-06-04_conferinta-de-presa-sustinuta-de-presedintele-romaniei-nicus_74PzSE,2025-06-04,video-transcript,2025Q3 deficit + reforma economică,ucrainei,țară,2,0.802
2025-06-04_conferinta-de-presa-sustinuta-de-presedintele-romaniei-nicus_74PzSE,2025-06-04,video-transcript,2025Q3 deficit + reforma economică,serviciile de informații,instituție națională,1,0.552
2025-06-04_conferinta-de-presa-sustinuta-de-presedintele-romaniei-nicus_74PzSE,2025-06-04,video-transcript,2025Q3 deficit + reforma economică,președintelui,persoană politică,1,0.621
2025-06-04_conferinta-de-presa-sustinuta-de-presedintele-romaniei-nicus_74PzSE,2025-06-04,video-transcript,2025Q3 deficit + reforma economică,româniei,țară,2,0.917
2025-06-04_conferinta-de-presa-sustinuta-de-presedintele-romaniei-nicus_74PzSE,2025-06-04,video-transcript,2025Q3 deficit + reforma economică,domnul bolojan,persoană politică,1,0.456
2025-06-04_conferinta-de-presa-sustinuta-de-presedintele-romaniei-nicus_74PzSE,2025-06-04,video-transcript,2025Q3 deficit + reforma economică,curții constituționale,instituție națională,2,0.631
2025-06-04_conferinta-de-presa-sustinuta-de-presedintele-romaniei-nicus_74PzSE,2025-06-04,video-transcript,2025Q3 deficit + reforma economică,institutul de matematică al academiei,instituție națională,1,0.531
2025-06-04_conferinta-de-presa-sustinuta-de-presedintele-romaniei-nicus_74PzSE,2025-06-04,video-transcript,2025Q3 deficit + reforma economică,ministerul agriculturii,instituție națională,1,0.761
2025-06-04_conferinta-de-presa-sustinuta-de-presedintele-romaniei-nicus_74PzSE,2025-06-04,video-transcript,2025Q3 deficit + reforma economică,ministrul de resort,persoană politică,1,0.453
2025-06-04_conferinta-de-presa-sustinuta-de-presedintele-romaniei-nicus_74PzSE,2025-06-04,video-transcript,2025Q3 deficit + reforma economică,statul român,țară,1,0.593
2025-06-04_conferinta-de-presa-sustinuta-de-presedintele-romaniei-nicus_74PzSE,2025-06-04,video-transcript,2025Q3 deficit + reforma economică,bulgaria,țară,1,0.92
2025-06-04_conferinta-de-presa-sustinuta-de-presedintele-romaniei-nicus_74PzSE,2025-06-04,video-transcript,2025Q3 deficit + reforma economică,turcia,țară,1,0.933
2025-06-04_conferinta-de-presa-sustinuta-de-presedintele-romaniei-nicus_74PzSE,2025-06-04,video-transcript,2025Q3 deficit + reforma economică,institutul de matematică,instituție națională,2,0.805
2025-06-04_conferinta-de-presa-sustinuta-de-presedintele-romaniei-nicus_74PzSE,2025-06-04,video-transcript,2025Q3 deficit + reforma economică,academiei române,instituție națională,1,0.767
2025-06-04_conferinta-de-presa-sustinuta-de-presedintele-romaniei-nicus_74PzSE,2025-06-04,video-transcript,2025Q3 deficit + reforma economică,franța,țară,1,0.807
2025-06-04_conferinta-de-presa-sustinuta-de-presedintele-romaniei-nicus_74PzSE,2025-06-04,video-transcript,2025Q3 deficit + reforma economică,coaliția,partid politic,1,0.51
2025-06-04_conferinta-de-presa-sustinuta-de-presedintele-romaniei-nicus_74PzSE,2025-06-04,video-transcript,2025Q3 deficit + reforma economică,curte constituțională,instituție națională,1,0.627
2025-06-04_nicusor-dan-amenintarea-ruseasca-vizeaza-toata-europa-relati,2025-06-04,video-transcript,2025Q3 deficit + reforma economică,statelor unite,țară,1,0.893
2025-06-04_nicusor-dan-amenintarea-ruseasca-vizeaza-toata-europa-relati,2025-06-04,video-transcript,2025Q3 deficit + reforma economică,sua,țară,1,0.935
2025-06-04_nicusor-dan-despre-situatia-bugetului,2025-06-04,video-transcript,2025Q3 deficit + reforma economică,anaf,instituție națională,1,0.734
2025-06-04_nicusor-dan-despre-situatia-bugetului,2025-06-04,video-transcript,2025Q3 deficit + reforma economică,românia,țară,1,0.884
2025-06-04_nicusor-dan-luni-vom-avea-o-prima-schita-a-programului-de-gu,2025-06-04,video-transcript,2025Q3 deficit + reforma economică,psd,partid politic,1,0.988
2025-06-04_nicusor-dan-luni-vom-avea-o-prima-schita-a-programului-de-gu,2025-06-04,video-transcript,2025Q3 deficit + reforma economică,pnl,partid politic,1,0.993
2025-06-04_nicusor-dan-luni-vom-avea-o-prima-schita-a-programului-de-gu,2025-06-04,video-transcript,2025Q3 deficit + reforma economică,usr,partid politic,1,0.99
2025-06-04_nicusor-dan-luni-vom-avea-o-prima-schita-a-programului-de-gu,2025-06-04,video-transcript,2025Q3 deficit + reforma economică,udmr,partid politic,1,0.989
2025-06-04_zamfir-si-buzaianu-au-comentat-conferinta-de-presa-a-lui-nic,2025-06-04,video-transcript,2025Q3 deficit + reforma economică,psd,partid politic,3,0.991
2025-06-04_zamfir-si-buzaianu-au-comentat-conferinta-de-presa-a-lui-nic,2025-06-04,video-transcript,2025Q3 deficit + reforma economică,senatorul paulică,persoană politică,1,0.86
2025-06-04_zamfir-si-buzaianu-au-comentat-conferinta-de-presa-a-lui-nic,2025-06-04,video-transcript,2025Q3 deficit + reforma economică,senatorul paul,persoană politică,1,0.754
2025-06-05_alocutiunea-presedintelui-romaniei-nicusor-dan-la-forumul-na,2025-06-05,video-transcript,2025Q3 deficit + reforma economică,statului,instituție națională,2,0.707
2025-06-05_alocutiunea-presedintelui-romaniei-nicusor-dan-la-forumul-na,2025-06-05,video-transcript,2025Q3 deficit + reforma economică,statul,instituție națională,4,0.841
2025-06-05_alocutiunea-presedintelui-romaniei-nicusor-dan-la-forumul-na,2025-06-05,video-transcript,2025Q3 deficit + reforma economică,stat,instituție națională,1,0.522
2025-06-05_alocutiunea-presedintelui-romaniei-nicusor-dan-la-forumul-na,2025-06-05,video-transcript,2025Q3 deficit + reforma economică,românia,țară,1,0.937
2025-06-09_nicusor-dan-taxele-pe-tranzactii-bancare-doar-scenarii-guver,2025-06-09,video-transcript,2025Q3 deficit + reforma economică,partid,partid politic,1,0.453
2025-06-10_conferinta-sustinuta-de-presedinta-moldovei-maia-sandu-si-pr,2025-06-10,video-transcript,2025Q3 deficit + reforma economică,stimată doamnă președinte,persoană politică,1,0.514
2025-06-10_conferinta-sustinuta-de-presedinta-moldovei-maia-sandu-si-pr,2025-06-10,video-transcript,2025Q3 deficit + reforma economică,româniei,țară,4,0.888
2025-06-10_conferinta-sustinuta-de-presedinta-moldovei-maia-sandu-si-pr,2025-06-10,video-transcript,2025Q3 deficit + reforma economică,românia,țară,3,0.959
2025-06-10_conferinta-sustinuta-de-presedinta-moldovei-maia-sandu-si-pr,2025-06-10,video-transcript,2025Q3 deficit + reforma economică,republicii moldova,țară,7,0.968
2025-06-10_conferinta-sustinuta-de-presedinta-moldovei-maia-sandu-si-pr,2025-06-10,video-transcript,2025Q3 deficit + reforma economică,r. moldova,țară,7,0.971
2025-06-10_conferinta-sustinuta-de-presedinta-moldovei-maia-sandu-si-pr,2025-06-10,video-transcript,2025Q3 deficit + reforma economică,ue,instituție internațională,3,0.812
2025-06-10_conferinta-sustinuta-de-presedinta-moldovei-maia-sandu-si-pr,2025-06-10,video-transcript,2025Q3 deficit + reforma economică,rusia,țară,1,0.718
2025-06-10_nicusor-dan-a-confirmat-continuarea-sprijinului-romaniei-pen,2025-06-10,video-transcript,2025Q3 deficit + reforma economică,românia,țară,1,0.91
2025-06-10_nicusor-dan-a-confirmat-continuarea-sprijinului-romaniei-pen,2025-06-10,video-transcript,2025Q3 deficit + reforma economică,republicii moldova,țară,2,0.951
2025-06-10_nicusor-dan-a-confirmat-continuarea-sprijinului-romaniei-pen,2025-06-10,video-transcript,2025Q3 deficit + reforma economică,r. moldova,țară,1,0.95
2025-06-10_nicusor-dan-a-confirmat-continuarea-sprijinului-romaniei-pen,2025-06-10,video-transcript,2025Q3 deficit + reforma economică,ue,instituție internațională,2,0.94
2025-06-10_nicusor-dan-a-confirmat-continuarea-sprijinului-romaniei-pen,2025-06-10,video-transcript,2025Q3 deficit + reforma economică,rusia,țară,1,0.707
2025-06-10_studio-politic-nicusor-dan-romania-sprijina-aderarea-republi,2025-06-10,video-transcript,2025Q3 deficit + reforma economică,românia,țară,4,0.981
2025-06-10_studio-politic-nicusor-dan-romania-sprijina-aderarea-republi,2025-06-10,video-transcript,2025Q3 deficit + reforma economică,republicii moldova,țară,6,0.968
2025-06-10_studio-politic-nicusor-dan-romania-sprijina-aderarea-republi,2025-06-10,video-transcript,2025Q3 deficit + reforma economică,r. moldova,țară,5,0.972
2025-06-10_studio-politic-nicusor-dan-romania-sprijina-aderarea-republi,2025-06-10,video-transcript,2025Q3 deficit + reforma economică,ue,instituție internațională,3,0.904
2025-06-10_studio-politic-nicusor-dan-romania-sprijina-aderarea-republi,2025-06-10,video-transcript,2025Q3 deficit + reforma economică,rusia,țară,1,0.795
2025-06-10_studio-politic-nicusor-dan-romania-sprijina-aderarea-republi,2025-06-10,video-transcript,2025Q3 deficit + reforma economică,agenție europeană,instituție internațională,1,0.527
2025-06-10_studio-politic-nicusor-dan-romania-sprijina-aderarea-republi,2025-06-10,video-transcript,2025Q3 deficit + reforma economică,domnul președinte,persoană politică,1,0.668
2025-06-11_editie-speciala-nicusor-dan-prezinta-prioritatile-partidelor,2025-06-11,video-transcript,2025Q3 deficit + reforma economică,primului ministru,persoană politică,1,0.462
2025-06-20_declaratie-de-presa-sustinuta-de-presedintele-romaniei-nicus,2025-06-20,video-transcript,2025Q3 deficit + reforma economică,bolojan,persoană politică,1,0.932
2025-06-20_declaratie-de-presa-sustinuta-de-presedintele-romaniei-nicus,2025-06-20,video-transcript,2025Q3 deficit + reforma economică,româniei,țară,2,0.961
2025-06-20_declaratie-de-presa-sustinuta-de-presedintele-romaniei-nicus,2025-06-20,video-transcript,2025Q3 deficit + reforma economică,guvernul,instituție națională,2,0.618
2025-06-20_declaratie-de-presa-sustinuta-de-presedintele-romaniei-nicus,2025-06-20,video-transcript,2025Q3 deficit + reforma economică,partidele,partid politic,1,0.501
2025-06-20_declaratie-de-presa-sustinuta-de-presedintele-romaniei-nicus,2025-06-20,video-transcript,2025Q3 deficit + reforma economică,românia,țară,1,0.907
2025-06-20_declaratie-de-presa-sustinuta-de-presedintele-romaniei-nicus,2025-06-20,video-transcript,2025Q3 deficit + reforma economică,guvernului,instituție națională,1,0.475
2025-06-20_declaratie-de-presa-sustinuta-de-presedintele-romaniei-nicus,2025-06-20,video-transcript,2025Q3 deficit + reforma economică,ilie boroan,persoană politică,1,0.81
2025-06-20_declaratie-de-presa-sustinuta-de-presedintele-romaniei-nicus,2025-06-20,video-transcript,2025Q3 deficit + reforma economică,consiliului județean,instituție națională,1,0.575
2025-06-26_declaratia-presedintelui-romaniei-nicusor-dan-dupa-participa,2025-06-26,video-transcript,2025Q3 deficit + reforma economică,comisiei europene,instituție internațională,1,0.894
2025-06-26_declaratia-presedintelui-romaniei-nicusor-dan-dupa-participa,2025-06-26,video-transcript,2025Q3 deficit + reforma economică,ue,instituție internațională,1,0.791
2025-06-26_declaratia-presedintelui-romaniei-nicusor-dan-dupa-participa,2025-06-26,video-transcript,2025Q3 deficit + reforma economică,csat,instituție internațională,1,0.514
2025-06-26_declaratia-presedintelui-romaniei-nicusor-dan-dupa-participa,2025-06-26,video-transcript,2025Q3 deficit + reforma economică,republicii moldova,țară,2,0.971
2025-06-26_declaratia-presedintelui-romaniei-nicusor-dan-dupa-participa,2025-06-26,video-transcript,2025Q3 deficit + reforma economică,r. moldova,țară,1,0.932
2025-06-26_declaratia-presedintelui-romaniei-nicusor-dan-dupa-participa,2025-06-26,video-transcript,2025Q3 deficit + reforma economică,românia,țară,3,0.956
2025-06-26_declaratia-presedintelui-romaniei-nicusor-dan-dupa-participa,2025-06-26,video-transcript,2025Q3 deficit + reforma economică,româniei,țară,1,0.888
2025-06-26_declaratia-presedintelui-romaniei-nicusor-dan-dupa-participa,2025-06-26,video-transcript,2025Q3 deficit + reforma economică,rusiei,țară,1,0.916
2025-06-26_nicusor-dan-declaratie-de-la-summitul-nato-digi24v-stiriledi,2025-06-26,video-transcript,2025Q3 deficit + reforma economică,rusiei,țară,1,0.869
2025-06-26_nicusor-dan-declaratie-de-la-summitul-nato-digi24v-stiriledi,2025-06-26,video-transcript,2025Q3 deficit + reforma economică,ucraina,țară,1,0.855
2025-06-26_nicusor-dan-declaratie-de-la-summitul-nato-digi24v-stiriledi,2025-06-26,video-transcript,2025Q3 deficit + reforma economică,românia,țară,3,0.98
2025-07-14_conferinta-de-presa-sustinuta-de-presedintele-romaniei-nicus_cp-szg,2025-07-14,video-transcript,2025Q3 deficit + reforma economică,românia,țară,29,0.986
2025-07-14_conferinta-de-presa-sustinuta-de-presedintele-romaniei-nicus_cp-szg,2025-07-14,video-transcript,2025Q3 deficit + reforma economică,ocde,instituție internațională,2,0.68
2025-07-14_conferinta-de-presa-sustinuta-de-presedintele-romaniei-nicus_cp-szg,2025-07-14,video-transcript,2025Q3 deficit + reforma economică,româniei,țară,5,0.952
2025-07-14_conferinta-de-presa-sustinuta-de-presedintele-romaniei-nicus_cp-szg,2025-07-14,video-transcript,2025Q3 deficit + reforma economică,administrația prezidențială,instituție națională,2,0.616
2025-07-14_conferinta-de-presa-sustinuta-de-presedintele-romaniei-nicus_cp-szg,2025-07-14,video-transcript,2025Q3 deficit + reforma economică,comisiei,instituție națională,1,0.52
2025-07-14_conferinta-de-presa-sustinuta-de-presedintele-romaniei-nicus_cp-szg,2025-07-14,video-transcript,2025Q3 deficit + reforma economică,comisia,instituție națională,1,0.497
2025-07-14_conferinta-de-presa-sustinuta-de-presedintele-romaniei-nicus_cp-szg,2025-07-14,video-transcript,2025Q3 deficit + reforma economică,clasei politice,persoană politică,1,0.477
2025-07-14_conferinta-de-presa-sustinuta-de-presedintele-romaniei-nicus_cp-szg,2025-07-14,video-transcript,2025Q3 deficit + reforma economică,ce,instituție națională,1,0.781
2025-07-14_conferinta-de-presa-sustinuta-de-presedintele-romaniei-nicus_cp-szg,2025-07-14,video-transcript,2025Q3 deficit + reforma economică,parlament,instituție națională,4,0.839
2025-07-14_conferinta-de-presa-sustinuta-de-presedintele-romaniei-nicus_cp-szg,2025-07-14,video-transcript,2025Q3 deficit + reforma economică,germania,țară,3,0.982
2025-07-14_conferinta-de-presa-sustinuta-de-presedintele-romaniei-nicus_cp-szg,2025-07-14,video-transcript,2025Q3 deficit + reforma economică,președintele stein,persoană politică,1,0.744
2025-07-14_conferinta-de-presa-sustinuta-de-presedintele-romaniei-nicus_cp-szg,2025-07-14,video-transcript,2025Q3 deficit + reforma economică,cancelarul merț,persoană politică,1,0.789
2025-07-14_conferinta-de-presa-sustinuta-de-presedintele-romaniei-nicus_cp-szg,2025-07-14,video-transcript,2025Q3 deficit + reforma economică,austria,țară,2,0.971
2025-07-14_conferinta-de-presa-sustinuta-de-presedintele-romaniei-nicus_cp-szg,2025-07-14,video-transcript,2025Q3 deficit + reforma economică,președintele vaner bellen,persoană politică,1,0.554
2025-07-14_conferinta-de-presa-sustinuta-de-presedintele-romaniei-nicus_cp-szg,2025-07-14,video-transcript,2025Q3 deficit + reforma economică,cancelarul stocker,persoană politică,1,0.761
2025-07-14_conferinta-de-presa-sustinuta-de-presedintele-romaniei-nicus_cp-szg,2025-07-14,video-transcript,2025Q3 deficit + reforma economică,comisiei europene,instituție națională,1,0.559
2025-07-14_conferinta-de-presa-sustinuta-de-presedintele-romaniei-nicus_cp-szg,2025-07-14,video-transcript,2025Q3 deficit + reforma economică,măruca,persoană politică,1,0.464
2025-07-14_conferinta-de-presa-sustinuta-de-presedintele-romaniei-nicus_cp-szg,2025-07-14,video-transcript,2025Q3 deficit + reforma economică,florin talpe,persoană politică,1,0.81
2025-07-14_conferinta-de-presa-sustinuta-de-presedintele-romaniei-nicus_cp-szg,2025-07-14,video-transcript,2025Q3 deficit + reforma economică,bogdan micu,persoană politică,1,0.88
2025-07-14_conferinta-de-presa-sustinuta-de-presedintele-romaniei-nicus_cp-szg,2025-07-14,video-transcript,2025Q3 deficit + reforma economică,autoritatea electorală,instituție națională,2,0.617
2025-07-14_conferinta-de-presa-sustinuta-de-presedintele-romaniei-nicus_cp-szg,2025-07-14,video-transcript,2025Q3 deficit + reforma economică,măriuca și florin talpeș,persoană politică,1,0.554
2025-07-14_conferinta-de-presa-sustinuta-de-presedintele-romaniei-nicus_cp-szg,2025-07-14,video-transcript,2025Q3 deficit + reforma economică,dan ostahie,persoană politică,1,0.864
2025-07-14_conferinta-de-presa-sustinuta-de-presedintele-romaniei-nicus_cp-szg,2025-07-14,video-transcript,2025Q3 deficit + reforma economică,aurel iancu,persoană politică,1,0.868
2025-07-14_conferinta-de-presa-sustinuta-de-presedintele-romaniei-nicus_cp-szg,2025-07-14,video-transcript,2025Q3 deficit + reforma economică,ana maria mihai,persoană politică,1,0.911
2025-07-14_conferinta-de-presa-sustinuta-de-presedintele-romaniei-nicus_cp-szg,2025-07-14,video-transcript,2025Q3 deficit + reforma economică,partidele pro occidentale,partid politic,1,0.513
2025-07-14_conferinta-de-presa-sustinuta-de-presedintele-romaniei-nicus_cp-szg,2025-07-14,video-transcript,2025Q3 deficit + reforma economică,ministra de externe,persoană politică,1,0.577
2025-07-14_conferinta-de-presa-sustinuta-de-presedintele-romaniei-nicus_cp-szg,2025-07-14,video-transcript,2025Q3 deficit + reforma economică,primului ministru,persoană politică,1,0.499
2025-07-14_conferinta-de-presa-sustinuta-de-presedintele-romaniei-nicus_cp-szg,2025-07-14,video-transcript,2025Q3 deficit + reforma economică,ce,instituție internațională,1,0.674
2025-07-14_conferinta-de-presa-sustinuta-de-presedintele-romaniei-nicus_cp-szg,2025-07-14,video-transcript,2025Q3 deficit + reforma economică,csm ul,instituție națională,1,0.572
2025-07-14_conferinta-de-presa-sustinuta-de-presedintele-romaniei-nicus_cp-szg,2025-07-14,video-transcript,2025Q3 deficit + reforma economică,csm,instituție națională,1,0.667
2025-07-14_conferinta-de-presa-sustinuta-de-presedintele-romaniei-nicus_cp-szg,2025-07-14,video-transcript,2025Q3 deficit + reforma economică,președintele,persoană politică,3,0.878
2025-07-14_conferinta-de-presa-sustinuta-de-presedintele-romaniei-nicus_cp-szg,2025-07-14,video-transcript,2025Q3 deficit + reforma economică,președintelui,persoană politică,1,0.88
2025-07-14_conferinta-de-presa-sustinuta-de-presedintele-romaniei-nicus_cp-szg,2025-07-14,video-transcript,2025Q3 deficit + reforma economică,curtea constituțională,instituție națională,5,0.849
2025-07-14_conferinta-de-presa-sustinuta-de-presedintele-romaniei-nicus_cp-szg,2025-07-14,video-transcript,2025Q3 deficit + reforma economică,statul român,instituție națională,2,0.501
2025-07-14_conferinta-de-presa-sustinuta-de-presedintele-romaniei-nicus_cp-szg,2025-07-14,video-transcript,2025Q3 deficit + reforma economică,curții constituționale,instituție națională,1,0.534
2025-07-14_conferinta-de-presa-sustinuta-de-presedintele-romaniei-nicus_cp-szg,2025-07-14,video-transcript,2025Q3 deficit + reforma economică,patru partide,partid politic,1,0.474
2025-07-14_conferinta-de-presa-sustinuta-de-presedintele-romaniei-nicus_cp-szg,2025-07-14,video-transcript,2025Q3 deficit + reforma economică,administrației prezidențiale,instituție națională,1,0.563
2025-07-14_conferinta-de-presa-sustinuta-de-presedintele-romaniei-nicus_cp-szg,2025-07-14,video-transcript,2025Q3 deficit + reforma economică,sua,țară,1,0.781
2025-07-14_conferinta-de-presa-sustinuta-de-presedintele-romaniei-nicus_cp-szg,2025-07-14,video-transcript,2025Q3 deficit + reforma economică,pnr,partid politic,1,0.666
2025-07-14_conferinta-de-presa-sustinuta-de-presedintele-romaniei-nicus_cp-szg,2025-07-14,video-transcript,2025Q3 deficit + reforma economică,pnrr,partid politic,1,0.763
2025-07-14_conferinta-de-presa-sustinuta-de-presedintele-romaniei-nicus_cp-szg,2025-07-14,video-transcript,2025Q3 deficit + reforma economică,lia savonea,persoană politică,1,0.887
2025-07-14_conferinta-de-presa-sustinuta-de-presedintele-romaniei-nicus_cp-szg,2025-07-14,video-transcript,2025Q3 deficit + reforma economică,nato,instituție internațională,1,0.712
2025-07-14_conferinta-de-presa-sustinuta-de-presedintele-romaniei-nicus_cp-szg,2025-07-14,video-transcript,2025Q3 deficit + reforma economică,consiliul european,instituție internațională,1,0.657
2025-07-14_conferinta-de-presa-sustinuta-de-presedintele-romaniei-nicus_cp-szg,2025-07-14,video-transcript,2025Q3 deficit + reforma economică,ministrul apărării,persoană politică,2,0.801
2025-07-14_conferinta-de-presa-sustinuta-de-presedintele-romaniei-nicus_cp-szg,2025-07-14,video-transcript,2025Q3 deficit + reforma economică,ministrul economiei,persoană politică,2,0.753
2025-07-14_conferinta-de-presa-sustinuta-de-presedintele-romaniei-nicus_cp-szg,2025-07-14,video-transcript,2025Q3 deficit + reforma economică,ministerului de externe,instituție națională,1,0.457
2025-07-14_conferinta-de-presa-sustinuta-de-presedintele-romaniei-nicus_cp-szg,2025-07-14,video-transcript,2025Q3 deficit + reforma economică,parchetului,instituție națională,2,0.601
2025-07-14_conferinta-de-presa-sustinuta-de-presedintele-romaniei-nicus_cp-szg,2025-07-14,video-transcript,2025Q3 deficit + reforma economică,țara noastră,țară,1,0.802
2025-07-14_conferinta-de-presa-sustinuta-de-presedintele-romaniei-nicus_cp-szg,2025-07-14,video-transcript,2025Q3 deficit + reforma economică,statului român,instituție națională,1,0.523
2025-07-14_conferinta-de-presa-sustinuta-de-presedintele-romaniei-nicus_cp-szg,2025-07-14,video-transcript,2025Q3 deficit + reforma economică,partidul social democrat,partid politic,2,0.991
2025-07-14_conferinta-de-presa-sustinuta-de-presedintele-romaniei-nicus_cp-szg,2025-07-14,video-transcript,2025Q3 deficit + reforma economică,președinte,persoană politică,1,0.877
2025-07-14_conferinta-de-presa-sustinuta-de-presedintele-romaniei-nicus_cp-szg,2025-07-14,video-transcript,2025Q3 deficit + reforma economică,usr,partid politic,1,0.956
2025-07-14_conferinta-de-presa-sustinuta-de-presedintele-romaniei-nicus_cp-szg,2025-07-14,video-transcript,2025Q3 deficit + reforma economică,ministrul de externe,persoană politică,1,0.484
2025-07-14_conferinta-de-presa-sustinuta-de-presedintele-romaniei-nicus_cp-szg,2025-07-14,video-transcript,2025Q3 deficit + reforma economică,ucraina,țară,2,0.962
2025-07-14_conferinta-de-presa-sustinuta-de-presedintele-romaniei-nicus_cp-szg,2025-07-14,video-transcript,2025Q3 deficit + reforma economică,rusia,țară,1,0.911
2025-07-14_conferinta-de-presa-sustinuta-de-presedintele-romaniei-nicus_cp-szg,2025-07-14,video-transcript,2025Q3 deficit + reforma economică,dna,instituție națională,1,0.544
2025-07-14_conferinta-de-presa-sustinuta-de-presedintele-romaniei-nicus_cp-szg,2025-07-14,video-transcript,2025Q3 deficit + reforma economică,partide,partid politic,4,0.571
2025-07-14_conferinta-de-presa-sustinuta-de-presedintele-romaniei-nicus_cp-szg,2025-07-14,video-transcript,2025Q3 deficit + reforma economică,partidelor,partid politic,1,0.466
2025-07-14_conferinta-de-presa-sustinuta-de-presedintele-romaniei-nicus_cp-szg,2025-07-14,video-transcript,2025Q3 deficit + reforma economică,csat,instituție națională,3,0.67
2025-07-14_conferinta-de-presa-sustinuta-de-presedintele-romaniei-nicus_cp-szg,2025-07-14,video-transcript,2025Q3 deficit + reforma economică,sri,instituție națională,1,0.587
2025-07-14_conferinta-de-presa-sustinuta-de-presedintele-romaniei-nicus_cp-szg,2025-07-14,video-transcript,2025Q3 deficit + reforma economică,anaf,instituție națională,1,0.6
2025-07-14_nicusor-dan-despre-cresterea-tva-digi24-stiriledigi24,2025-07-14,video-transcript,2025Q3 deficit + reforma economică,comisiei,instituție națională,1,0.652
2025-07-14_nicusor-dan-despre-cresterea-tva-digi24-stiriledigi24,2025-07-14,video-transcript,2025Q3 deficit + reforma economică,românia,țară,1,0.858
2025-07-14_nicusor-dan-despre-cresterea-tva-digi24-stiriledigi24,2025-07-14,video-transcript,2025Q3 deficit + reforma economică,comisia,instituție națională,1,0.569
2025-07-14_nicusor-dan-despre-introducerea-femicidului-in-legislatia-ro,2025-07-14,video-transcript,2025Q3 deficit + reforma economică,statul român,instituție națională,1,0.798
2025-07-14_nicusor-dan-despre-introducerea-femicidului-in-legislatia-ro,2025-07-14,video-transcript,2025Q3 deficit + reforma economică,statului român,instituție națională,1,0.785
2025-07-14_nicusor-dan-despre-primele-de-pensionare-de-la-ccr-si-pensii,2025-07-14,video-transcript,2025Q3 deficit + reforma economică,curtea constituțională,instituție națională,1,0.669
2025-07-14_nicusor-dan-despre-primele-de-pensionare-de-la-ccr-si-pensii,2025-07-14,video-transcript,2025Q3 deficit + reforma economică,parlamentul,instituție națională,1,0.478
2025-07-14_nicusor-dan-nu-ne-dorim-sa-avem-rusia-ca-vecin-vom-ajuta-ucr,2025-07-14,video-transcript,2025Q3 deficit + reforma economică,rusia,țară,2,0.962
2025-07-14_nicusor-dan-nu-ne-dorim-sa-avem-rusia-ca-vecin-vom-ajuta-ucr,2025-07-14,video-transcript,2025Q3 deficit + reforma economică,nicușor dan,persoană politică,1,0.894
2025-07-14_nicusor-dan-nu-ne-dorim-sa-avem-rusia-ca-vecin-vom-ajuta-ucr,2025-07-14,video-transcript,2025Q3 deficit + reforma economică,ucraina,țară,2,0.971
2025-07-14_nicusor-dan-nu-ne-dorim-sa-avem-rusia-ca-vecin-vom-ajuta-ucr,2025-07-14,video-transcript,2025Q3 deficit + reforma economică,rusiei,țară,1,0.787
2025-07-14_nicusor-dan-nu-ne-dorim-sa-avem-rusia-ca-vecin-vom-ajuta-ucr,2025-07-14,video-transcript,2025Q3 deficit + reforma economică,românia,țară,1,0.867
2025-07-15_nicusor-dan-masura-cresterii-tva-putea-sa-nu-fie-luata,2025-07-15,video-transcript,2025Q3 deficit + reforma economică,românia,țară,2,0.99
2025-07-16_nicusor-dan-despre-femicid-digi24-stiriledigi24,2025-07-16,video-transcript,2025Q3 deficit + reforma economică,ministerul afacerilor interne,instituție națională,1,0.716
2025-07-16_nicusor-dan-despre-femicid-digi24-stiriledigi24,2025-07-16,video-transcript,2025Q3 deficit + reforma economică,statul român,instituție națională,2,0.868
2025-07-16_nicusor-dan-despre-femicid-trebuie-sa-ajungem-sa-transmitem,2025-07-16,video-transcript,2025Q3 deficit + reforma economică,statului român,țară,1,0.55
2025-07-16_nicusor-dan-despre-femicid-trebuie-sa-ajungem-sa-transmitem,2025-07-16,video-transcript,2025Q3 deficit + reforma economică,statului român,instituție națională,1,0.587
2025-07-16_nicusor-dan-despre-femicid-trebuie-sa-ajungem-sa-transmitem,2025-07-16,video-transcript,2025Q3 deficit + reforma economică,ministerul afacerilor interne,instituție națională,2,0.888
2025-07-16_nicusor-dan-despre-femicid-trebuie-sa-ajungem-sa-transmitem,2025-07-16,video-transcript,2025Q3 deficit + reforma economică,statul român,țară,2,0.73
2025-07-16_nicusor-dan-despre-femicid-trebuie-sa-ajungem-sa-transmitem,2025-07-16,video-transcript,2025Q3 deficit + reforma economică,statul român,instituție națională,2,0.688
2025-07-16_nicusor-dan-despre-femicid-trebuie-sa-ajungem-sa-transmitem,2025-07-16,video-transcript,2025Q3 deficit + reforma economică,ministerului afacerilor interne,instituție națională,2,0.877
2025-07-18_declaratia-presedintelui-romaniei-nicusor-dan-si-cancelarul,2025-07-18,video-transcript,2025Q3 deficit + reforma economică,președintele stein,persoană politică,1,0.635
2025-07-18_declaratia-presedintelui-romaniei-nicusor-dan-si-cancelarul,2025-07-18,video-transcript,2025Q3 deficit + reforma economică,românia,țară,8,0.976
2025-07-18_declaratia-presedintelui-romaniei-nicusor-dan-si-cancelarul,2025-07-18,video-transcript,2025Q3 deficit + reforma economică,germania,țară,5,0.991
2025-07-18_declaratia-presedintelui-romaniei-nicusor-dan-si-cancelarul,2025-07-18,video-transcript,2025Q3 deficit + reforma economică,româniei,țară,1,0.936
2025-07-18_declaratia-presedintelui-romaniei-nicusor-dan-si-cancelarul,2025-07-18,video-transcript,2025Q3 deficit + reforma economică,ocde,instituție internațională,1,0.623
2025-07-18_declaratia-presedintelui-romaniei-nicusor-dan-si-cancelarul,2025-07-18,video-transcript,2025Q3 deficit + reforma economică,ucraina,țară,3,0.866
2025-07-18_declaratia-presedintelui-romaniei-nicusor-dan-si-cancelarul,2025-07-18,video-transcript,2025Q3 deficit + reforma economică,ucrainei,țară,2,0.864
2025-07-18_declaratia-presedintelui-romaniei-nicusor-dan-si-cancelarul,2025-07-18,video-transcript,2025Q3 deficit + reforma economică,rusia,țară,2,0.934
2025-07-18_declaratia-presedintelui-romaniei-nicusor-dan-si-cancelarul,2025-07-18,video-transcript,2025Q3 deficit + reforma economică,republicii moldova,țară,2,0.947
2025-07-18_declaratia-presedintelui-romaniei-nicusor-dan-si-cancelarul,2025-07-18,video-transcript,2025Q3 deficit + reforma economică,nato,instituție internațională,1,0.473
2025-07-18_declaratia-presedintelui-romaniei-nicusor-dan-si-cancelarul,2025-07-18,video-transcript,2025Q3 deficit + reforma economică,ue,instituție internațională,4,0.708
2025-07-18_declaratia-presedintelui-romaniei-nicusor-dan-si-cancelarul,2025-07-18,video-transcript,2025Q3 deficit + reforma economică,cancelarului merț,persoană politică,1,0.785
2025-07-18_declaratia-presedintelui-romaniei-nicusor-dan-si-cancelarul,2025-07-18,video-transcript,2025Q3 deficit + reforma economică,uniunii europene,instituție internațională,1,0.689
2025-07-18_declaratia-presedintelui-romaniei-nicusor-dan-si-cancelarul,2025-07-18,video-transcript,2025Q3 deficit + reforma economică,rusiei,țară,2,0.77
2025-07-18_declaratia-presedintelui-romaniei-nicusor-dan-si-cancelarul,2025-07-18,video-transcript,2025Q3 deficit + reforma economică,statelor unite,țară,1,0.488
2025-07-18_declaratia-presedintelui-romaniei-nicusor-dan-si-cancelarul,2025-07-18,video-transcript,2025Q3 deficit + reforma economică,cancelarul mers,persoană politică,1,0.728
2025-07-18_declaratia-presedintelui-romaniei-nicusor-dan-si-cancelarul,2025-07-18,video-transcript,2025Q3 deficit + reforma economică,țările membre ale uniunii europene,instituție internațională,1,0.637
2025-07-18_nicusor-dan-despre-interferentele-rusesti-in-alegerile-prezi,2025-07-18,video-transcript,2025Q3 deficit + reforma economică,rusia,țară,1,0.865
2025-07-18_nicusor-dan-despre-interferentele-rusesti-in-alegerile-prezi,2025-07-18,video-transcript,2025Q3 deficit + reforma economică,ue,instituție internațională,1,0.839
2025-07-18_nicusor-dan-despre-interferentele-rusesti-in-alegerile-prezi,2025-07-18,video-transcript,2025Q3 deficit + reforma economică,nato,instituție internațională,1,0.776
2025-07-18_nicusor-dan-despre-interferentele-rusesti-in-alegerile-prezi,2025-07-18,video-transcript,2025Q3 deficit + reforma economică,germania,țară,1,0.94
2025-07-18_nicusor-dan-despre-interferentele-rusesti-in-alegerile-prezi,2025-07-18,video-transcript,2025Q3 deficit + reforma economică,premierul,persoană politică,1,0.716
2025-07-18_nicusor-dan-despre-interferentele-rusesti-in-alegerile-prezi,2025-07-18,video-transcript,2025Q3 deficit + reforma economică,primar,persoană politică,1,0.519
2025-07-18_nicusor-dan-despre-interferentele-rusesti-in-alegerile-prezi,2025-07-18,video-transcript,2025Q3 deficit + reforma economică,guvernul,instituție națională,2,0.514
2025-07-18_nicusor-dan-despre-interferentele-rusesti-in-alegerile-prezi,2025-07-18,video-transcript,2025Q3 deficit + reforma economică,românia,țară,3,0.967
2025-07-18_nicusor-dan-despre-interferentele-rusesti-in-alegerile-prezi,2025-07-18,video-transcript,2025Q3 deficit + reforma economică,sua,țară,4,0.962
2025-07-18_nicusor-dan-despre-interferentele-rusesti-in-alegerile-prezi,2025-07-18,video-transcript,2025Q3 deficit + reforma economică,rusiei,țară,1,0.704
2025-07-18_nicusor-dan-despre-interferentele-rusesti-in-alegerile-prezi,2025-07-18,video-transcript,2025Q3 deficit + reforma economică,ucraina,țară,1,0.685
2025-07-18_nicusor-dan-despre-interferentele-rusesti-in-alegerile-prezi,2025-07-18,video-transcript,2025Q3 deficit + reforma economică,statul român,țară,1,0.578
2025-07-18_nicusor-dan-despre-interferentele-rusesti-in-alegerile-prezi,2025-07-18,video-transcript,2025Q3 deficit + reforma economică,curtea constituțională,instituție națională,3,0.83
2025-07-18_nicusor-dan-despre-interferentele-rusesti-in-alegerile-prezi,2025-07-18,video-transcript,2025Q3 deficit + reforma economică,curții constituționale,instituție națională,1,0.495
2025-07-18_nicusor-dan-despre-interferentele-rusesti-in-alegerile-prezi,2025-07-18,video-transcript,2025Q3 deficit + reforma economică,partidele politice,partid politic,1,0.785
2025-07-21_nicusor-dan-despre-influenta-rusiei-in-alegeri-anuntul-impor,2025-07-21,video-transcript,2025Q3 deficit + reforma economică,românia,țară,2,0.914
2025-07-21_nicusor-dan-despre-influenta-rusiei-in-alegeri-anuntul-impor,2025-07-21,video-transcript,2025Q3 deficit + reforma economică,nato,instituție internațională,2,0.924
2025-07-21_nicusor-dan-despre-influenta-rusiei-in-alegeri-anuntul-impor,2025-07-21,video-transcript,2025Q3 deficit + reforma economică,uniunii europene,instituție internațională,1,0.802
2025-07-21_nicusor-dan-despre-influenta-rusiei-in-alegeri-anuntul-impor,2025-07-21,video-transcript,2025Q3 deficit + reforma economică,ue,instituție internațională,1,0.88
2025-07-21_nicusor-dan-despre-influenta-rusiei-in-alegeri-anuntul-impor,2025-07-21,video-transcript,2025Q3 deficit + reforma economică,uk,țară,1,0.928
2025-07-21_nicusor-dan-despre-influenta-rusiei-in-alegeri-anuntul-impor,2025-07-21,video-transcript,2025Q3 deficit + reforma economică,rusia,țară,1,0.528
2025-07-21_nicusor-dan-despre-influenta-rusiei-in-alegeri-anuntul-impor,2025-07-21,video-transcript,2025Q3 deficit + reforma economică,marii britanii,țară,1,0.763
2025-07-30_nicusor-dan-propune-reguli-noi-privind-cererile-de-pensionar,2025-07-30,video-transcript,2025Q3 deficit + reforma economică,csm,instituție națională,8,0.702
2025-07-30_nicusor-dan-propune-reguli-noi-privind-cererile-de-pensionar,2025-07-30,video-transcript,2025Q3 deficit + reforma economică,președintele,persoană politică,4,0.58
2025-07-30_nicusor-dan-propune-reguli-noi-privind-cererile-de-pensionar,2025-07-30,video-transcript,2025Q3 deficit + reforma economică,președintelui,persoană politică,2,0.549
2025-07-30_nicusor-dan-propune-reguli-noi-privind-cererile-de-pensionar,2025-07-30,video-transcript,2025Q3 deficit + reforma economică,primul ministru,persoană politică,2,0.795
2025-07-30_nicusor-dan-propune-reguli-noi-privind-cererile-de-pensionar,2025-07-30,video-transcript,2025Q3 deficit + reforma economică,ornis,partid politic,3,0.967
2025-07-30_nicusor-dan-propune-reguli-noi-privind-cererile-de-pensionar,2025-07-30,video-transcript,2025Q3 deficit + reforma economică,tana anastasiu,persoană politică,1,0.791
2025-07-30_nicusor-dan-propune-reguli-noi-privind-cererile-de-pensionar,2025-07-30,video-transcript,2025Q3 deficit + reforma economică,românia,țară,9,0.98
2025-07-30_nicusor-dan-propune-reguli-noi-privind-cererile-de-pensionar,2025-07-30,video-transcript,2025Q3 deficit + reforma economică,nato,instituție internațională,1,0.569
2025-07-30_nicusor-dan-propune-reguli-noi-privind-cererile-de-pensionar,2025-07-30,video-transcript,2025Q3 deficit + reforma economică,ue,instituție internațională,1,0.628
2025-07-30_nicusor-dan-propune-reguli-noi-privind-cererile-de-pensionar,2025-07-30,video-transcript,2025Q3 deficit + reforma economică,r. moldova,țară,4,0.984
2025-07-30_nicusor-dan-propune-reguli-noi-privind-cererile-de-pensionar,2025-07-30,video-transcript,2025Q3 deficit + reforma economică,româniei,țară,2,0.954
2025-07-30_nicusor-dan-propune-reguli-noi-privind-cererile-de-pensionar,2025-07-30,video-transcript,2025Q3 deficit + reforma economică,nichiu ghiar,persoană politică,1,0.678
2025-07-30_nicusor-dan-propune-reguli-noi-privind-cererile-de-pensionar,2025-07-30,video-transcript,2025Q3 deficit + reforma economică,domnia sa,persoană politică,2,0.834
2025-07-30_nicusor-dan-propune-reguli-noi-privind-cererile-de-pensionar,2025-07-30,video-transcript,2025Q3 deficit + reforma economică,statului român,instituție națională,2,0.705
2025-07-30_nicusor-dan-propune-reguli-noi-privind-cererile-de-pensionar,2025-07-30,video-transcript,2025Q3 deficit + reforma economică,statul român,instituție națională,1,0.56
2025-07-30_nicusor-dan-propune-reguli-noi-privind-cererile-de-pensionar,2025-07-30,video-transcript,2025Q3 deficit + reforma economică,snspa,instituție națională,2,0.615
2025-07-30_nicusor-dan-propune-reguli-noi-privind-cererile-de-pensionar,2025-07-30,video-transcript,2025Q3 deficit + reforma economică,marius pieleanu,persoană politică,1,0.642
2025-07-30_ora-14-presedintele-nicusor-dan-sustine-o-conferinta-de-pres,2025-07-30,video-transcript,2025Q3 deficit + reforma economică,csm,instituție națională,10,0.72
2025-07-30_ora-14-presedintele-nicusor-dan-sustine-o-conferinta-de-pres,2025-07-30,video-transcript,2025Q3 deficit + reforma economică,președintele,persoană politică,5,0.691
2025-07-30_ora-14-presedintele-nicusor-dan-sustine-o-conferinta-de-pres,2025-07-30,video-transcript,2025Q3 deficit + reforma economică,președintelui,persoană politică,2,0.552
2025-07-30_ora-14-presedintele-nicusor-dan-sustine-o-conferinta-de-pres,2025-07-30,video-transcript,2025Q3 deficit + reforma economică,primul ministru,persoană politică,3,0.808
2025-07-30_ora-14-presedintele-nicusor-dan-sustine-o-conferinta-de-pres,2025-07-30,video-transcript,2025Q3 deficit + reforma economică,ornis,partid politic,3,0.974
2025-07-30_ora-14-presedintele-nicusor-dan-sustine-o-conferinta-de-pres,2025-07-30,video-transcript,2025Q3 deficit + reforma economică,tana anastasiu,persoană politică,1,0.768
2025-07-30_ora-14-presedintele-nicusor-dan-sustine-o-conferinta-de-pres,2025-07-30,video-transcript,2025Q3 deficit + reforma economică,românia,țară,15,0.98
2025-07-30_ora-14-presedintele-nicusor-dan-sustine-o-conferinta-de-pres,2025-07-30,video-transcript,2025Q3 deficit + reforma economică,partidelor procidentale,partid politic,1,0.502
2025-07-30_ora-14-presedintele-nicusor-dan-sustine-o-conferinta-de-pres,2025-07-30,video-transcript,2025Q3 deficit + reforma economică,curtea constituțională,instituție națională,1,0.56
2025-07-30_ora-14-presedintele-nicusor-dan-sustine-o-conferinta-de-pres,2025-07-30,video-transcript,2025Q3 deficit + reforma economică,nato,instituție internațională,1,0.689
2025-07-30_ora-14-presedintele-nicusor-dan-sustine-o-conferinta-de-pres,2025-07-30,video-transcript,2025Q3 deficit + reforma economică,ue,instituție internațională,1,0.727
2025-07-30_ora-14-presedintele-nicusor-dan-sustine-o-conferinta-de-pres,2025-07-30,video-transcript,2025Q3 deficit + reforma economică,r. moldova,țară,4,0.979
2025-07-30_ora-14-presedintele-nicusor-dan-sustine-o-conferinta-de-pres,2025-07-30,video-transcript,2025Q3 deficit + reforma economică,româniei,țară,4,0.961
2025-07-30_ora-14-presedintele-nicusor-dan-sustine-o-conferinta-de-pres,2025-07-30,video-transcript,2025Q3 deficit + reforma economică,nichiu ghear,persoană politică,1,0.752
2025-07-30_ora-14-presedintele-nicusor-dan-sustine-o-conferinta-de-pres,2025-07-30,video-transcript,2025Q3 deficit + reforma economică,domnia sa,persoană politică,2,0.84
2025-07-30_ora-14-presedintele-nicusor-dan-sustine-o-conferinta-de-pres,2025-07-30,video-transcript,2025Q3 deficit + reforma economică,domnului pieleanu,persoană politică,1,0.452
2025-07-30_ora-14-presedintele-nicusor-dan-sustine-o-conferinta-de-pres,2025-07-30,video-transcript,2025Q3 deficit + reforma economică,statului român,instituție națională,2,0.69
2025-07-30_ora-14-presedintele-nicusor-dan-sustine-o-conferinta-de-pres,2025-07-30,video-transcript,2025Q3 deficit + reforma economică,statul român,instituție națională,1,0.486
2025-07-30_ora-14-presedintele-nicusor-dan-sustine-o-conferinta-de-pres,2025-07-30,video-transcript,2025Q3 deficit + reforma economică,snspa,instituție națională,2,0.594
2025-07-30_ora-14-presedintele-nicusor-dan-sustine-o-conferinta-de-pres,2025-07-30,video-transcript,2025Q3 deficit + reforma economică,marius pieleanu,persoană politică,1,0.595
2025-07-30_ora-14-presedintele-nicusor-dan-sustine-o-conferinta-de-pres,2025-07-30,video-transcript,2025Q3 deficit + reforma economică,onu,instituție internațională,1,0.892
2025-07-30_ora-14-presedintele-nicusor-dan-sustine-o-conferinta-de-pres,2025-07-30,video-transcript,2025Q3 deficit + reforma economică,sua,țară,1,0.757
2025-07-30_ora-14-presedintele-nicusor-dan-sustine-o-conferinta-de-pres,2025-07-30,video-transcript,2025Q3 deficit + reforma economică,primăria capitalei,instituție națională,2,0.659
2025-07-30_ora-14-presedintele-nicusor-dan-sustine-o-conferinta-de-pres,2025-07-30,video-transcript,2025Q3 deficit + reforma economică,inspecția judiciară,instituție națională,1,0.818
2025-07-30_ora-14-presedintele-nicusor-dan-sustine-o-conferinta-de-pres,2025-07-30,video-transcript,2025Q3 deficit + reforma economică,poliția română,instituție națională,1,0.674
2025-07-30_ora-14-presedintele-nicusor-dan-sustine-o-conferinta-de-pres,2025-07-30,video-transcript,2025Q3 deficit + reforma economică,parchetul,instituție națională,1,0.538
2025-07-30_ora-14-presedintele-nicusor-dan-sustine-o-conferinta-de-pres,2025-07-30,video-transcript,2025Q3 deficit + reforma economică,general,persoană politică,1,0.472
2025-07-30_ora-14-presedintele-nicusor-dan-sustine-o-conferinta-de-pres,2025-07-30,video-transcript,2025Q3 deficit + reforma economică,primarul,persoană politică,1,0.458
2025-07-30_ora-14-presedintele-nicusor-dan-sustine-o-conferinta-de-pres,2025-07-30,video-transcript,2025Q3 deficit + reforma economică,europa,instituție internațională,1,0.589
2025-07-30_ora-14-presedintele-nicusor-dan-sustine-o-conferinta-de-pres,2025-07-30,video-transcript,2025Q3 deficit + reforma economică,ucraina,țară,1,0.81
2025-07-30_ora-14-presedintele-nicusor-dan-sustine-o-conferinta-de-pres,2025-07-30,video-transcript,2025Q3 deficit + reforma economică,anghel salinii,persoană politică,1,0.849
2025-07-30_ora-14-presedintele-nicusor-dan-sustine-o-conferinta-de-pres,2025-07-30,video-transcript,2025Q3 deficit + reforma economică,uk,țară,1,0.883
2025-07-31_conferinta-de-presa-sustinuta-de-presedintele-romaniei-nicus_nGAQ5B,2025-07-31,video-transcript,2025Q3 deficit + reforma economică,csm,instituție națională,11,0.784
2025-07-31_conferinta-de-presa-sustinuta-de-presedintele-romaniei-nicus_nGAQ5B,2025-07-31,video-transcript,2025Q3 deficit + reforma economică,președintele,persoană politică,5,0.583
2025-07-31_conferinta-de-presa-sustinuta-de-presedintele-romaniei-nicus_nGAQ5B,2025-07-31,video-transcript,2025Q3 deficit + reforma economică,președintelui,persoană politică,2,0.57
2025-07-31_conferinta-de-presa-sustinuta-de-presedintele-romaniei-nicus_nGAQ5B,2025-07-31,video-transcript,2025Q3 deficit + reforma economică,primul ministru,persoană politică,3,0.783
2025-07-31_conferinta-de-presa-sustinuta-de-presedintele-romaniei-nicus_nGAQ5B,2025-07-31,video-transcript,2025Q3 deficit + reforma economică,ornis,partid politic,1,0.453
2025-07-31_conferinta-de-presa-sustinuta-de-presedintele-romaniei-nicus_nGAQ5B,2025-07-31,video-transcript,2025Q3 deficit + reforma economică,atana anastasiu,persoană politică,1,0.682
2025-07-31_conferinta-de-presa-sustinuta-de-presedintele-romaniei-nicus_nGAQ5B,2025-07-31,video-transcript,2025Q3 deficit + reforma economică,românia,țară,15,0.97
2025-07-31_conferinta-de-presa-sustinuta-de-presedintele-romaniei-nicus_nGAQ5B,2025-07-31,video-transcript,2025Q3 deficit + reforma economică,partidelor pro occidentale,partid politic,1,0.567
2025-07-31_conferinta-de-presa-sustinuta-de-presedintele-romaniei-nicus_nGAQ5B,2025-07-31,video-transcript,2025Q3 deficit + reforma economică,curtea constituțională,instituție națională,1,0.676
2025-07-31_conferinta-de-presa-sustinuta-de-presedintele-romaniei-nicus_nGAQ5B,2025-07-31,video-transcript,2025Q3 deficit + reforma economică,nato,instituție internațională,1,0.743
2025-07-31_conferinta-de-presa-sustinuta-de-presedintele-romaniei-nicus_nGAQ5B,2025-07-31,video-transcript,2025Q3 deficit + reforma economică,ue,instituție internațională,1,0.771
2025-07-31_conferinta-de-presa-sustinuta-de-presedintele-romaniei-nicus_nGAQ5B,2025-07-31,video-transcript,2025Q3 deficit + reforma economică,r. moldova,țară,4,0.963
2025-07-31_conferinta-de-presa-sustinuta-de-presedintele-romaniei-nicus_nGAQ5B,2025-07-31,video-transcript,2025Q3 deficit + reforma economică,româniei,țară,4,0.959
2025-07-31_conferinta-de-presa-sustinuta-de-presedintele-romaniei-nicus_nGAQ5B,2025-07-31,video-transcript,2025Q3 deficit + reforma economică,nichiu ghiar,persoană politică,1,0.607
2025-07-31_conferinta-de-presa-sustinuta-de-presedintele-romaniei-nicus_nGAQ5B,2025-07-31,video-transcript,2025Q3 deficit + reforma economică,domnia sa,persoană politică,2,0.692
2025-07-31_conferinta-de-presa-sustinuta-de-presedintele-romaniei-nicus_nGAQ5B,2025-07-31,video-transcript,2025Q3 deficit + reforma economică,statului român,instituție națională,2,0.555
2025-07-31_conferinta-de-presa-sustinuta-de-presedintele-romaniei-nicus_nGAQ5B,2025-07-31,video-transcript,2025Q3 deficit + reforma economică,statului român,țară,1,0.59
2025-07-31_conferinta-de-presa-sustinuta-de-presedintele-romaniei-nicus_nGAQ5B,2025-07-31,video-transcript,2025Q3 deficit + reforma economică,statul român,instituție națională,1,0.518
2025-07-31_conferinta-de-presa-sustinuta-de-presedintele-romaniei-nicus_nGAQ5B,2025-07-31,video-transcript,2025Q3 deficit + reforma economică,snspa,instituție națională,2,0.57
2025-07-31_conferinta-de-presa-sustinuta-de-presedintele-romaniei-nicus_nGAQ5B,2025-07-31,video-transcript,2025Q3 deficit + reforma economică,marius pieleanu,persoană politică,1,0.835
2025-07-31_conferinta-de-presa-sustinuta-de-presedintele-romaniei-nicus_nGAQ5B,2025-07-31,video-transcript,2025Q3 deficit + reforma economică,parchete,instituție națională,2,0.486
2025-07-31_conferinta-de-presa-sustinuta-de-presedintele-romaniei-nicus_nGAQ5B,2025-07-31,video-transcript,2025Q3 deficit + reforma economică,onu,instituție internațională,1,0.924
2025-07-31_conferinta-de-presa-sustinuta-de-presedintele-romaniei-nicus_nGAQ5B,2025-07-31,video-transcript,2025Q3 deficit + reforma economică,sua,țară,1,0.764
2025-07-31_conferinta-de-presa-sustinuta-de-presedintele-romaniei-nicus_nGAQ5B,2025-07-31,video-transcript,2025Q3 deficit + reforma economică,inspecția judiciară,instituție națională,1,0.794
2025-07-31_conferinta-de-presa-sustinuta-de-presedintele-romaniei-nicus_nGAQ5B,2025-07-31,video-transcript,2025Q3 deficit + reforma economică,domnul anastasiu,persoană politică,1,0.464
2025-07-31_conferinta-de-presa-sustinuta-de-presedintele-romaniei-nicus_nGAQ5B,2025-07-31,video-transcript,2025Q3 deficit + reforma economică,academia de poliție,instituție națională,1,0.686
2025-07-31_conferinta-de-presa-sustinuta-de-presedintele-romaniei-nicus_nGAQ5B,2025-07-31,video-transcript,2025Q3 deficit + reforma economică,poliția română,instituție națională,1,0.511
2025-07-31_conferinta-de-presa-sustinuta-de-presedintele-romaniei-nicus_nGAQ5B,2025-07-31,video-transcript,2025Q3 deficit + reforma economică,parchet,instituție națională,1,0.546
2025-07-31_conferinta-de-presa-sustinuta-de-presedintele-romaniei-nicus_nGAQ5B,2025-07-31,video-transcript,2025Q3 deficit + reforma economică,parchetul,instituție națională,1,0.601
2025-07-31_conferinta-de-presa-sustinuta-de-presedintele-romaniei-nicus_nGAQ5B,2025-07-31,video-transcript,2025Q3 deficit + reforma economică,primăria capitalei,instituție națională,1,0.739
2025-07-31_conferinta-de-presa-sustinuta-de-presedintele-romaniei-nicus_nGAQ5B,2025-07-31,video-transcript,2025Q3 deficit + reforma economică,director general,persoană politică,1,0.539
2025-07-31_conferinta-de-presa-sustinuta-de-presedintele-romaniei-nicus_nGAQ5B,2025-07-31,video-transcript,2025Q3 deficit + reforma economică,primarul,persoană politică,1,0.481
2025-07-31_conferinta-de-presa-sustinuta-de-presedintele-romaniei-nicus_nGAQ5B,2025-07-31,video-transcript,2025Q3 deficit + reforma economică,țara asta,țară,1,0.465
2025-07-31_conferinta-de-presa-sustinuta-de-presedintele-romaniei-nicus_nGAQ5B,2025-07-31,video-transcript,2025Q3 deficit + reforma economică,europa,instituție internațională,1,0.632
2025-07-31_conferinta-de-presa-sustinuta-de-presedintele-romaniei-nicus_nGAQ5B,2025-07-31,video-transcript,2025Q3 deficit + reforma economică,ucraina,țară,1,0.786
2025-07-31_conferinta-de-presa-sustinuta-de-presedintele-romaniei-nicus_nGAQ5B,2025-07-31,video-transcript,2025Q3 deficit + reforma economică,anghel salini,persoană politică,1,0.658
2025-07-31_conferinta-de-presa-sustinuta-de-presedintele-romaniei-nicus_nGAQ5B,2025-07-31,video-transcript,2025Q3 deficit + reforma economică,uk,țară,1,0.885
2025-07-31_nicusor-dan-despre-valul-de-pensionari-din-justitie-ce-este,2025-07-31,video-transcript,2025Q3 deficit + reforma economică,csm,instituție națională,1,0.471
2025-07-31_nicusor-dan-despre-valul-de-pensionari-din-justitie-ce-este,2025-07-31,video-transcript,2025Q3 deficit + reforma economică,președintele,persoană politică,1,0.476
2025-08-24_nicusor-dan-mesaj-pentru-ucraina-ucraina-celebreaza-ziua-ind,2025-08-24,video-transcript,2025Q3 deficit + reforma economică,ukraine,țară,4,0.994
2025-08-24_nicusor-dan-mesaj-pentru-ucraina-ucraina-celebreaza-ziua-ind,2025-08-24,video-transcript,2025Q3 deficit + reforma economică,romania,țară,1,0.968
2025-08-26_discursul-presedintelui-romaniei-nicusor-dan-cu-ocazia-reuni,2025-08-26,video-transcript,2025Q3 deficit + reforma economică,ue,instituție internațională,1,0.61
2025-08-26_discursul-presedintelui-romaniei-nicusor-dan-cu-ocazia-reuni,2025-08-26,video-transcript,2025Q3 deficit + reforma economică,nato,instituție internațională,2,0.813
2025-08-26_discursul-presedintelui-romaniei-nicusor-dan-cu-ocazia-reuni,2025-08-26,video-transcript,2025Q3 deficit + reforma economică,sua,instituție internațională,1,0.509
2025-08-26_discursul-presedintelui-romaniei-nicusor-dan-cu-ocazia-reuni,2025-08-26,video-transcript,2025Q3 deficit + reforma economică,românia,țară,5,0.989
2025-08-26_discursul-presedintelui-romaniei-nicusor-dan-cu-ocazia-reuni,2025-08-26,video-transcript,2025Q3 deficit + reforma economică,comisiei europene,instituție națională,1,0.491
2025-08-26_discursul-presedintelui-romaniei-nicusor-dan-cu-ocazia-reuni,2025-08-26,video-transcript,2025Q3 deficit + reforma economică,ucraina,țară,1,0.674
2025-08-26_discursul-presedintelui-romaniei-nicusor-dan-cu-ocazia-reuni,2025-08-26,video-transcript,2025Q3 deficit + reforma economică,r. moldova,țară,2,0.979
2025-08-26_discursul-presedintelui-romaniei-nicusor-dan-cu-ocazia-reuni,2025-08-26,video-transcript,2025Q3 deficit + reforma economică,republicii moldova,țară,1,0.936
2025-08-26_discursul-presedintelui-romaniei-nicusor-dan-cu-ocazia-reuni,2025-08-26,video-transcript,2025Q3 deficit + reforma economică,sua,țară,1,0.636
2025-08-26_discursul-presedintelui-romaniei-nicusor-dan-cu-ocazia-reuni,2025-08-26,video-transcript,2025Q3 deficit + reforma economică,româniei,țară,6,0.978
2025-08-26_discursul-presedintelui-romaniei-nicusor-dan-cu-ocazia-reuni,2025-08-26,video-transcript,2025Q3 deficit + reforma economică,ocde,țară,1,0.69
2025-08-26_discursul-presedintelui-romaniei-nicusor-dan-cu-ocazia-reuni,2025-08-26,video-transcript,2025Q3 deficit + reforma economică,ministerul economiei,instituție națională,1,0.536
2025-08-26_discursul-presedintelui-romaniei-nicusor-dan-cu-ocazia-reuni,2025-08-26,video-transcript,2025Q3 deficit + reforma economică,ministerul de externe,instituție națională,1,0.627
2025-08-26_discursul-presedintelui-romaniei-nicusor-dan-cu-ocazia-reuni,2025-08-26,video-transcript,2025Q3 deficit + reforma economică,președenția,instituție națională,1,0.559
2025-08-29_editie-speciala-nicusor-dan-reactioneaza-in-cazul-livratorul,2025-08-29,video-transcript,2025Q3 deficit + reforma economică,statul,instituție națională,3,0.721
2025-08-29_editie-speciala-nicusor-dan-reactioneaza-in-cazul-livratorul,2025-08-29,video-transcript,2025Q3 deficit + reforma economică,stat,instituție națională,2,0.563
2025-08-29_editie-speciala-nicusor-dan-reactioneaza-in-cazul-livratorul,2025-08-29,video-transcript,2025Q3 deficit + reforma economică,ce,instituție internațională,1,0.794
2025-08-31_nicusor-dan-sunteti-mai-europeni-decat-europenii-si-locul-du,2025-08-31,video-transcript,2025Q3 deficit + reforma economică,ue,instituție internațională,1,0.737
2025-08-31_nicusor-dan-sunteti-mai-europeni-decat-europenii-si-locul-du,2025-08-31,video-transcript,2025Q3 deficit + reforma economică,m,persoană politică,1,0.57
2025-09-02_conferinta-presedintele-romaniei-nicusor-dan-si-presedinta-c,2025-09-02,video-transcript,2025Q4 stabilizare + diplomație,comisiei europene,instituție națională,1,0.63
2025-09-02_conferinta-presedintele-romaniei-nicusor-dan-si-presedinta-c,2025-09-02,video-transcript,2025Q4 stabilizare + diplomație,românia,țară,6,0.968
2025-09-02_conferinta-presedintele-romaniei-nicusor-dan-si-presedinta-c,2025-09-02,video-transcript,2025Q4 stabilizare + diplomație,rusia,țară,1,0.71
2025-09-02_conferinta-presedintele-romaniei-nicusor-dan-si-presedinta-c,2025-09-02,video-transcript,2025Q4 stabilizare + diplomație,româniei,țară,3,0.969
2025-09-02_conferinta-presedintele-romaniei-nicusor-dan-si-presedinta-c,2025-09-02,video-transcript,2025Q4 stabilizare + diplomație,ue,instituție internațională,1,0.647
2025-09-03_nicusor-dan-energia-nucleara-reprezinta-20-din-necesarul-de,2025-09-03,video-transcript,2025Q4 stabilizare + diplomație,româniei,țară,1,0.942
2025-09-03_nicusor-dan-energia-nucleara-reprezinta-20-din-necesarul-de,2025-09-03,video-transcript,2025Q4 stabilizare + diplomație,românia,țară,3,0.96
2025-09-03_nicusor-dan-energia-nucleara-reprezinta-20-din-necesarul-de,2025-09-03,video-transcript,2025Q4 stabilizare + diplomație,horia hulubei,persoană politică,1,0.753
2025-09-03_nicusor-dan-energia-nucleara-reprezinta-20-din-necesarul-de,2025-09-03,video-transcript,2025Q4 stabilizare + diplomație,canada,țară,1,0.977
2025-09-03_nicusor-dan-energia-nucleara-reprezinta-20-din-necesarul-de,2025-09-03,video-transcript,2025Q4 stabilizare + diplomație,coreea,țară,1,0.968
2025-09-03_nicusor-dan-energia-nucleara-reprezinta-20-din-necesarul-de,2025-09-03,video-transcript,2025Q4 stabilizare + diplomație,italia,țară,1,0.961
2025-09-03_nicusor-dan-energia-nucleara-reprezinta-20-din-necesarul-de,2025-09-03,video-transcript,2025Q4 stabilizare + diplomație,sua,țară,1,0.905
2025-09-05_nicusor-dan-despre-pensiile-specialilor-au-fost-suprasolicit,2025-09-05,video-transcript,2025Q4 stabilizare + diplomație,curtea constituțională,instituție națională,2,0.889
2025-09-05_nicusor-dan-despre-pensiile-specialilor-au-fost-suprasolicit,2025-09-05,video-transcript,2025Q4 stabilizare + diplomație,curții constituționale,instituție națională,1,0.66
2025-09-05_nicusor-dan-romania-nu-va-trimite-trupe-de-mentinere-a-pacii,2025-09-05,video-transcript,2025Q4 stabilizare + diplomație,președinte,persoană politică,1,0.575
2025-09-05_nicusor-dan-romania-nu-va-trimite-trupe-de-mentinere-a-pacii,2025-09-05,video-transcript,2025Q4 stabilizare + diplomație,rusiei,țară,1,0.936
2025-09-05_nicusor-dan-romania-nu-va-trimite-trupe-de-mentinere-a-pacii,2025-09-05,video-transcript,2025Q4 stabilizare + diplomație,ucraina,țară,2,0.956
2025-09-05_nicusor-dan-romania-nu-va-trimite-trupe-de-mentinere-a-pacii,2025-09-05,video-transcript,2025Q4 stabilizare + diplomație,rusia,țară,1,0.968
2025-09-10_alocutiunea-presedintelui-romaniei-nicusor-dan-sustinuta-in,2025-09-10,video-transcript,2025Q4 stabilizare + diplomație,primar,persoană politică,1,0.691
2025-09-10_alocutiunea-presedintelui-romaniei-nicusor-dan-sustinuta-in,2025-09-10,video-transcript,2025Q4 stabilizare + diplomație,românia,țară,4,0.982
2025-09-10_alocutiunea-presedintelui-romaniei-nicusor-dan-sustinuta-in,2025-09-10,video-transcript,2025Q4 stabilizare + diplomație,româniei,țară,2,0.926
2025-09-10_alocutiunea-presedintelui-romaniei-nicusor-dan-sustinuta-in,2025-09-10,video-transcript,2025Q4 stabilizare + diplomație,președinte,persoană politică,1,0.798
2025-09-10_alocutiunea-presedintelui-romaniei-nicusor-dan-sustinuta-in,2025-09-10,video-transcript,2025Q4 stabilizare + diplomație,guvern,instituție națională,1,0.558
2025-09-10_alocutiunea-presedintelui-romaniei-nicusor-dan-sustinuta-in,2025-09-10,video-transcript,2025Q4 stabilizare + diplomație,parlament,instituție națională,1,0.604
2025-09-10_alocutiunea-presedintelui-romaniei-nicusor-dan-sustinuta-in,2025-09-10,video-transcript,2025Q4 stabilizare + diplomație,oecd,instituție internațională,1,0.718
2025-09-10_alocutiunea-presedintelui-romaniei-nicusor-dan-sustinuta-in,2025-09-10,video-transcript,2025Q4 stabilizare + diplomație,mcm,instituție internațională,1,0.608
2025-09-10_alocutiunea-presedintelui-romaniei-nicusor-dan-sustinuta-in,2025-09-10,video-transcript,2025Q4 stabilizare + diplomație,sua,țară,1,0.725
2025-09-10_nicusor-dan-daca-se-va-intampla-si-la-noi-vom-reactiona-la-f,2025-09-10,video-transcript,2025Q4 stabilizare + diplomație,polonia,țară,1,0.943
2025-09-10_nicusor-dan-daca-se-va-intampla-si-la-noi-vom-reactiona-la-f,2025-09-10,video-transcript,2025Q4 stabilizare + diplomație,nato,instituție internațională,1,0.645
2025-09-11_ce-spune-nicusor-dan-despre-vizita-in-sua-sper-sa-fie-o-vizi,2025-09-11,video-transcript,2025Q4 stabilizare + diplomație,america,țară,1,0.88
2025-09-11_nicusor-dan-daca-ucraina-cedeaza-romania-ar-fi-vecina-direct,2025-09-11,video-transcript,2025Q4 stabilizare + diplomație,ucrainei,țară,1,0.886
2025-09-11_nicusor-dan-daca-ucraina-cedeaza-romania-ar-fi-vecina-direct,2025-09-11,video-transcript,2025Q4 stabilizare + diplomație,ucraina,țară,4,0.972
2025-09-11_nicusor-dan-daca-ucraina-cedeaza-romania-ar-fi-vecina-direct,2025-09-11,video-transcript,2025Q4 stabilizare + diplomație,românia,țară,3,0.966
2025-09-11_nicusor-dan-daca-ucraina-cedeaza-romania-ar-fi-vecina-direct,2025-09-11,video-transcript,2025Q4 stabilizare + diplomație,belarus,țară,2,0.945
2025-09-11_nicusor-dan-daca-ucraina-cedeaza-romania-ar-fi-vecina-direct,2025-09-11,video-transcript,2025Q4 stabilizare + diplomație,rusia,țară,2,0.915
2025-09-11_nicusor-dan-daca-ucraina-cedeaza-romania-ar-fi-vecina-direct,2025-09-11,video-transcript,2025Q4 stabilizare + diplomație,canada,țară,1,0.839
2025-09-11_nicusor-dan-daca-ucraina-cedeaza-romania-ar-fi-vecina-direct,2025-09-11,video-transcript,2025Q4 stabilizare + diplomație,r. moldova,țară,1,0.833
2025-09-11_nicusor-dan-de-zece-ani-romania-e-in-razboiul-hibrid-al-fede,2025-09-11,video-transcript,2025Q4 stabilizare + diplomație,stat,țară,7,0.775
2025-09-11_nicusor-dan-de-zece-ani-romania-e-in-razboiul-hibrid-al-fede,2025-09-11,video-transcript,2025Q4 stabilizare + diplomație,românia,țară,6,0.992
2025-09-11_nicusor-dan-de-zece-ani-romania-e-in-razboiul-hibrid-al-fede,2025-09-11,video-transcript,2025Q4 stabilizare + diplomație,fmi,instituție internațională,1,0.621
2025-09-11_nicusor-dan-despre-cresterea-aur-in-sondaje-arata-ca-cei-40,2025-09-11,video-transcript,2025Q4 stabilizare + diplomație,psd,partid politic,1,0.965
2025-09-11_nicusor-dan-despre-cresterea-aur-in-sondaje-arata-ca-cei-40,2025-09-11,video-transcript,2025Q4 stabilizare + diplomație,pnl,partid politic,1,0.979
2025-09-11_nicusor-dan-despre-cresterea-aur-in-sondaje-arata-ca-cei-40,2025-09-11,video-transcript,2025Q4 stabilizare + diplomație,usr,partid politic,1,0.967
2025-09-11_nicusor-dan-despre-cresterea-aur-in-sondaje-arata-ca-cei-40,2025-09-11,video-transcript,2025Q4 stabilizare + diplomație,rusia,țară,2,0.886
2025-09-11_nicusor-dan-despre-cresterea-aur-in-sondaje-arata-ca-cei-40,2025-09-11,video-transcript,2025Q4 stabilizare + diplomație,r. moldova,țară,1,0.81
2025-09-11_nicusor-dan-despre-cresterea-aur-in-sondaje-arata-ca-cei-40,2025-09-11,video-transcript,2025Q4 stabilizare + diplomație,comuniștilor,partid politic,1,0.779
2025-09-11_nicusor-dan-despre-cresterea-aur-in-sondaje-arata-ca-cei-40,2025-09-11,video-transcript,2025Q4 stabilizare + diplomație,socialiștilor,partid politic,1,0.788
2025-09-11_nicusor-dan-despre-cresterea-aur-in-sondaje-arata-ca-cei-40,2025-09-11,video-transcript,2025Q4 stabilizare + diplomație,putin,persoană politică,1,0.616
2025-09-11_nicusor-dan-despre-cresterea-aur-in-sondaje-arata-ca-cei-40,2025-09-11,video-transcript,2025Q4 stabilizare + diplomație,pro occident,partid politic,2,0.854
2025-09-11_nicusor-dan-despre-cresterea-aur-in-sondaje-arata-ca-cei-40,2025-09-11,video-transcript,2025Q4 stabilizare + diplomație,pro rusia,partid politic,1,0.496
2025-09-11_nicusor-dan-despre-cresterea-aur-in-sondaje-arata-ca-cei-40,2025-09-11,video-transcript,2025Q4 stabilizare + diplomație,românia,țară,1,0.79
2025-09-16_nicusor-dan-reactie-dupa-incidentul-din-spatiul-aerian-roman,2025-09-16,video-transcript,2025Q4 stabilizare + diplomație,parlamentul,instituție națională,1,0.533
2025-09-16_nicusor-dan-reactie-dupa-incidentul-din-spatiul-aerian-roman,2025-09-16,video-transcript,2025Q4 stabilizare + diplomație,președintele,persoană politică,1,0.802
2025-09-16_nicusor-dan-reactie-dupa-incidentul-din-spatiul-aerian-roman,2025-09-16,video-transcript,2025Q4 stabilizare + diplomație,ministrul,persoană politică,1,0.684
2025-09-16_nicusor-dan-reactie-dupa-incidentul-din-spatiul-aerian-roman,2025-09-16,video-transcript,2025Q4 stabilizare + diplomație,șeful statului major,persoană politică,1,0.562
2025-09-16_nicusor-dan-we-don-t-know-if-the-russian-drone-was-armed,2025-09-16,video-transcript,2025Q4 stabilizare + diplomație,ucraina,țară,1,0.935
2025-09-25_nicusor-dan-au-fost-80-000-de-atacuri-cibernetice-in-perioad,2025-09-25,video-transcript,2025Q4 stabilizare + diplomație,parchetului general,instituție națională,1,0.48
2025-09-25_nicusor-dan-au-fost-80-000-de-atacuri-cibernetice-in-perioad,2025-09-25,video-transcript,2025Q4 stabilizare + diplomație,rusiei,țară,1,0.824
2025-09-25_nicusor-dan-georgescu-nu-a-fost-un-calaret-singuratic-in-jur,2025-09-25,video-transcript,2025Q4 stabilizare + diplomație,georgescu,persoană politică,1,0.914
2025-09-25_nicusor-dan-nu-vad-rusia-capabila-sa-atace-nato-dar-provocar,2025-09-25,video-transcript,2025Q4 stabilizare + diplomație,rusia,țară,1,0.963
2025-09-25_nicusor-dan-nu-vad-rusia-capabila-sa-atace-nato-dar-provocar,2025-09-25,video-transcript,2025Q4 stabilizare + diplomație,nato,țară,1,0.53
2025-09-25_nicusor-dan-nu-vad-rusia-capabila-sa-atace-nato-dar-provocar,2025-09-25,video-transcript,2025Q4 stabilizare + diplomație,estonia,țară,1,0.868
2025-09-25_nicusor-dan-nu-vad-rusia-capabila-sa-atace-nato-dar-provocar,2025-09-25,video-transcript,2025Q4 stabilizare + diplomație,ucraină,țară,1,0.666
2025-09-25_nicusor-dan-primul-interviu-dupa-sedinta-csat-la-digi24,2025-09-25,video-transcript,2025Q4 stabilizare + diplomație,românia,țară,8,0.989
2025-09-25_nicusor-dan-primul-interviu-dupa-sedinta-csat-la-digi24,2025-09-25,video-transcript,2025Q4 stabilizare + diplomație,psd,partid politic,2,0.976
2025-09-25_nicusor-dan-primul-interviu-dupa-sedinta-csat-la-digi24,2025-09-25,video-transcript,2025Q4 stabilizare + diplomație,iohannis,persoană politică,1,0.925
2025-09-25_nicusor-dan-primul-interviu-dupa-sedinta-csat-la-digi24,2025-09-25,video-transcript,2025Q4 stabilizare + diplomație,curtea constituțională,instituție națională,4,0.881
2025-09-25_nicusor-dan-primul-interviu-dupa-sedinta-csat-la-digi24,2025-09-25,video-transcript,2025Q4 stabilizare + diplomație,csat,instituție națională,2,0.514
2025-09-25_nicusor-dan-primul-interviu-dupa-sedinta-csat-la-digi24,2025-09-25,video-transcript,2025Q4 stabilizare + diplomație,franța,țară,1,0.845
2025-09-25_nicusor-dan-primul-interviu-dupa-sedinta-csat-la-digi24,2025-09-25,video-transcript,2025Q4 stabilizare + diplomație,spania,țară,1,0.85
2025-09-25_nicusor-dan-primul-interviu-dupa-sedinta-csat-la-digi24,2025-09-25,video-transcript,2025Q4 stabilizare + diplomație,uk,țară,1,0.922
2025-09-25_nicusor-dan-primul-interviu-dupa-sedinta-csat-la-digi24,2025-09-25,video-transcript,2025Q4 stabilizare + diplomație,nato,instituție internațională,1,0.491
2025-09-25_nicusor-dan-primul-interviu-dupa-sedinta-csat-la-digi24,2025-09-25,video-transcript,2025Q4 stabilizare + diplomație,uniunii europene,instituție internațională,1,0.541
2025-09-25_nicusor-dan-primul-interviu-dupa-sedinta-csat-la-digi24,2025-09-25,video-transcript,2025Q4 stabilizare + diplomație,rusiei,țară,3,0.83
2025-09-25_nicusor-dan-primul-interviu-dupa-sedinta-csat-la-digi24,2025-09-25,video-transcript,2025Q4 stabilizare + diplomație,româniei,țară,2,0.911
2025-09-25_nicusor-dan-primul-interviu-dupa-sedinta-csat-la-digi24,2025-09-25,video-transcript,2025Q4 stabilizare + diplomație,rusia,țară,4,0.964
2025-09-25_nicusor-dan-primul-interviu-dupa-sedinta-csat-la-digi24,2025-09-25,video-transcript,2025Q4 stabilizare + diplomație,georgescu,persoană politică,3,0.947
2025-09-25_nicusor-dan-primul-interviu-dupa-sedinta-csat-la-digi24,2025-09-25,video-transcript,2025Q4 stabilizare + diplomație,curții constituționale,instituție națională,1,0.803
2025-09-25_nicusor-dan-primul-interviu-dupa-sedinta-csat-la-digi24,2025-09-25,video-transcript,2025Q4 stabilizare + diplomație,coaliției,partid politic,1,0.459
2025-09-25_nicusor-dan-primul-interviu-dupa-sedinta-csat-rusia-ramane-i,2025-09-25,video-transcript,2025Q4 stabilizare + diplomație,românia,țară,27,0.989
2025-09-25_nicusor-dan-primul-interviu-dupa-sedinta-csat-rusia-ramane-i,2025-09-25,video-transcript,2025Q4 stabilizare + diplomație,ucraina,țară,3,0.983
2025-09-25_nicusor-dan-primul-interviu-dupa-sedinta-csat-rusia-ramane-i,2025-09-25,video-transcript,2025Q4 stabilizare + diplomație,canada,țară,1,0.88
2025-09-25_nicusor-dan-primul-interviu-dupa-sedinta-csat-rusia-ramane-i,2025-09-25,video-transcript,2025Q4 stabilizare + diplomație,rusia,țară,6,0.985
2025-09-25_nicusor-dan-primul-interviu-dupa-sedinta-csat-rusia-ramane-i,2025-09-25,video-transcript,2025Q4 stabilizare + diplomație,estonia,țară,1,0.786
2025-09-25_nicusor-dan-primul-interviu-dupa-sedinta-csat-rusia-ramane-i,2025-09-25,video-transcript,2025Q4 stabilizare + diplomație,ue,instituție internațională,1,0.782
2025-09-25_nicusor-dan-primul-interviu-dupa-sedinta-csat-rusia-ramane-i,2025-09-25,video-transcript,2025Q4 stabilizare + diplomație,rusiei,țară,5,0.855
2025-09-25_nicusor-dan-primul-interviu-dupa-sedinta-csat-rusia-ramane-i,2025-09-25,video-transcript,2025Q4 stabilizare + diplomație,lideri politici,persoană politică,1,0.5
2025-09-25_nicusor-dan-primul-interviu-dupa-sedinta-csat-rusia-ramane-i,2025-09-25,video-transcript,2025Q4 stabilizare + diplomație,ucraine,țară,1,0.49
2025-09-25_nicusor-dan-primul-interviu-dupa-sedinta-csat-rusia-ramane-i,2025-09-25,video-transcript,2025Q4 stabilizare + diplomație,nato,instituție internațională,4,0.667
2025-09-25_nicusor-dan-primul-interviu-dupa-sedinta-csat-rusia-ramane-i,2025-09-25,video-transcript,2025Q4 stabilizare + diplomație,moldova,țară,1,0.745
2025-09-25_nicusor-dan-primul-interviu-dupa-sedinta-csat-rusia-ramane-i,2025-09-25,video-transcript,2025Q4 stabilizare + diplomație,ministru,persoană politică,3,0.608
2025-09-25_nicusor-dan-primul-interviu-dupa-sedinta-csat-rusia-ramane-i,2025-09-25,video-transcript,2025Q4 stabilizare + diplomație,româniei,țară,6,0.978
2025-09-25_nicusor-dan-primul-interviu-dupa-sedinta-csat-rusia-ramane-i,2025-09-25,video-transcript,2025Q4 stabilizare + diplomație,președinte,persoană politică,2,0.547
2025-09-25_nicusor-dan-primul-interviu-dupa-sedinta-csat-rusia-ramane-i,2025-09-25,video-transcript,2025Q4 stabilizare + diplomație,polonia,țară,1,0.895
2025-09-25_nicusor-dan-primul-interviu-dupa-sedinta-csat-rusia-ramane-i,2025-09-25,video-transcript,2025Q4 stabilizare + diplomație,parchetul general,instituție națională,1,0.583
2025-09-25_nicusor-dan-primul-interviu-dupa-sedinta-csat-rusia-ramane-i,2025-09-25,video-transcript,2025Q4 stabilizare + diplomație,cristian diaconescu,persoană politică,1,0.842
2025-09-25_nicusor-dan-primul-interviu-dupa-sedinta-csat-rusia-ramane-i,2025-09-25,video-transcript,2025Q4 stabilizare + diplomație,prim ministru,persoană politică,1,0.571
2025-09-25_nicusor-dan-primul-interviu-dupa-sedinta-csat-rusia-ramane-i,2025-09-25,video-transcript,2025Q4 stabilizare + diplomație,primarul bucureștiului,persoană politică,1,0.537
2025-09-25_nicusor-dan-primul-interviu-dupa-sedinta-csat-rusia-ramane-i,2025-09-25,video-transcript,2025Q4 stabilizare + diplomație,primăria capitalei,instituție națională,1,0.615
2025-09-25_nicusor-dan-primul-interviu-dupa-sedinta-csat-rusia-ramane-i,2025-09-25,video-transcript,2025Q4 stabilizare + diplomație,psd,partid politic,4,0.981
2025-09-25_nicusor-dan-primul-interviu-dupa-sedinta-csat-rusia-ramane-i,2025-09-25,video-transcript,2025Q4 stabilizare + diplomație,iohannis,persoană politică,1,0.961
2025-09-25_nicusor-dan-primul-interviu-dupa-sedinta-csat-rusia-ramane-i,2025-09-25,video-transcript,2025Q4 stabilizare + diplomație,curtea constituțională,instituție națională,4,0.863
2025-09-25_nicusor-dan-primul-interviu-dupa-sedinta-csat-rusia-ramane-i,2025-09-25,video-transcript,2025Q4 stabilizare + diplomație,csat,instituție națională,2,0.6
2025-09-25_nicusor-dan-primul-interviu-dupa-sedinta-csat-rusia-ramane-i,2025-09-25,video-transcript,2025Q4 stabilizare + diplomație,franța,țară,1,0.871
2025-09-25_nicusor-dan-primul-interviu-dupa-sedinta-csat-rusia-ramane-i,2025-09-25,video-transcript,2025Q4 stabilizare + diplomație,spania,țară,1,0.882
2025-09-25_nicusor-dan-primul-interviu-dupa-sedinta-csat-rusia-ramane-i,2025-09-25,video-transcript,2025Q4 stabilizare + diplomație,uk,țară,1,0.913
2025-09-25_nicusor-dan-primul-interviu-dupa-sedinta-csat-rusia-ramane-i,2025-09-25,video-transcript,2025Q4 stabilizare + diplomație,uniunii europene,instituție internațională,1,0.575
2025-09-25_nicusor-dan-primul-interviu-dupa-sedinta-csat-rusia-ramane-i,2025-09-25,video-transcript,2025Q4 stabilizare + diplomație,bogdan peșchir,persoană politică,1,0.681
2025-09-25_nicusor-dan-primul-interviu-dupa-sedinta-csat-rusia-ramane-i,2025-09-25,video-transcript,2025Q4 stabilizare + diplomație,georgescu,persoană politică,4,0.945
2025-09-25_nicusor-dan-primul-interviu-dupa-sedinta-csat-rusia-ramane-i,2025-09-25,video-transcript,2025Q4 stabilizare + diplomație,marii britanii,țară,1,0.775
2025-09-25_nicusor-dan-primul-interviu-dupa-sedinta-csat-rusia-ramane-i,2025-09-25,video-transcript,2025Q4 stabilizare + diplomație,curtea constituțională,instituție internațională,2,0.871
2025-09-25_nicusor-dan-primul-interviu-dupa-sedinta-csat-rusia-ramane-i,2025-09-25,video-transcript,2025Q4 stabilizare + diplomație,curții constituționale,instituție națională,1,0.55
2025-09-25_nicusor-dan-primul-interviu-dupa-sedinta-csat-rusia-ramane-i,2025-09-25,video-transcript,2025Q4 stabilizare + diplomație,primul ministru,persoană politică,2,0.627
2025-09-25_nicusor-dan-primul-interviu-dupa-sedinta-csat-rusia-ramane-i,2025-09-25,video-transcript,2025Q4 stabilizare + diplomație,ce,instituție internațională,1,0.842
2025-09-25_nicusor-dan-primul-interviu-dupa-sedinta-csat-rusia-ramane-i,2025-09-25,video-transcript,2025Q4 stabilizare + diplomație,ministrul de finanțe,persoană politică,1,0.509
2025-09-25_nicusor-dan-primul-interviu-dupa-sedinta-csat-rusia-ramane-i,2025-09-25,video-transcript,2025Q4 stabilizare + diplomație,ministrul energiei,persoană politică,1,0.686
2025-09-25_nicusor-dan-primul-interviu-dupa-sedinta-csat-rusia-ramane-i,2025-09-25,video-transcript,2025Q4 stabilizare + diplomație,coaliția,partid politic,1,0.593
2025-09-25_nicusor-dan-primul-interviu-dupa-sedinta-csat-rusia-ramane-i,2025-09-25,video-transcript,2025Q4 stabilizare + diplomație,magistrații,instituție națională,1,0.479
2025-09-25_nicusor-dan-primul-interviu-dupa-sedinta-csat-rusia-ramane-i,2025-09-25,video-transcript,2025Q4 stabilizare + diplomație,cehia,țară,1,0.895
2025-09-25_nicusor-dan-primul-interviu-dupa-sedinta-csat-rusia-ramane-i,2025-09-25,video-transcript,2025Q4 stabilizare + diplomație,curtea de apel bucurești,instituție națională,1,0.49
2025-09-25_nicusor-dan-primul-interviu-dupa-sedinta-csat-rusia-ramane-i,2025-09-25,video-transcript,2025Q4 stabilizare + diplomație,sri,instituție națională,2,0.804
2025-09-25_nicusor-dan-primul-interviu-dupa-sedinta-csat-rusia-ramane-i,2025-09-25,video-transcript,2025Q4 stabilizare + diplomație,procurorul general,persoană politică,2,0.645
2025-09-25_nicusor-dan-primul-interviu-dupa-sedinta-csat-rusia-ramane-i,2025-09-25,video-transcript,2025Q4 stabilizare + diplomație,r. moldova,țară,2,0.967
2025-09-25_nicusor-dan-primul-interviu-dupa-sedinta-csat-rusia-ramane-i,2025-09-25,video-transcript,2025Q4 stabilizare + diplomație,mircea lucescu,persoană politică,1,0.871
2025-09-25_nicusor-dan-primul-interviu-dupa-sedinta-csat-rusia-ramane-i,2025-09-25,video-transcript,2025Q4 stabilizare + diplomație,oecd,instituție internațională,1,0.733
2025-09-25_nicusor-dan-primul-interviu-dupa-sedinta-csat-rusia-ramane-i,2025-09-25,video-transcript,2025Q4 stabilizare + diplomație,ocd,instituție internațională,1,0.551
2025-09-25_nicusor-dan-primul-interviu-dupa-sedinta-csat-rusia-ramane-i,2025-09-25,video-transcript,2025Q4 stabilizare + diplomație,ocde,instituție internațională,1,0.763
2025-09-25_nicusor-dan-primul-interviu-dupa-sedinta-csat-rusia-ramane-i,2025-09-25,video-transcript,2025Q4 stabilizare + diplomație,ucde,instituție internațională,1,0.501
2025-09-26_nicusor-dan-despre-influenta-sri-in-romania-stiri-b1tv-26-se,2025-09-26,video-transcript,2025Q4 stabilizare + diplomație,sri,instituție națională,2,0.873
2025-09-26_nicusor-dan-despre-influenta-sri-in-romania-stiri-b1tv-26-se,2025-09-26,video-transcript,2025Q4 stabilizare + diplomație,statul român,țară,1,0.786
2025-09-26_nicusor-dan-despre-influenta-sri-in-romania-stiri-b1tv-26-se,2025-09-26,video-transcript,2025Q4 stabilizare + diplomație,director civil,persoană politică,1,0.643
2025-09-26_nicusor-dan-sri-a-intervenit-in-viata-politica-si-economica,2025-09-26,video-transcript,2025Q4 stabilizare + diplomație,sri,instituție națională,2,0.865
2025-09-26_nicusor-dan-sri-a-intervenit-in-viata-politica-si-economica,2025-09-26,video-transcript,2025Q4 stabilizare + diplomație,statul român,țară,1,0.786
2025-09-26_nicusor-dan-sri-a-intervenit-in-viata-politica-si-economica,2025-09-26,video-transcript,2025Q4 stabilizare + diplomație,director civil,persoană politică,1,0.648
2025-09-30_nicusor-dan-a-anuntat-cand-va-desecretiza-sedinta-csat-si-ac,2025-09-30,video-transcript,2025Q4 stabilizare + diplomație,rusia,țară,2,0.865
2025-09-30_nicusor-dan-a-anuntat-cand-va-desecretiza-sedinta-csat-si-ac,2025-09-30,video-transcript,2025Q4 stabilizare + diplomație,românia,țară,3,0.96
2025-09-30_nicusor-dan-a-anuntat-cand-va-desecretiza-sedinta-csat-si-ac,2025-09-30,video-transcript,2025Q4 stabilizare + diplomație,procurorului general,persoană politică,1,0.749
2025-09-30_nicusor-dan-avem-dovada-cu-peschir-banuim-ca-au-fost-20-de-m,2025-09-30,video-transcript,2025Q4 stabilizare + diplomație,parchetul general,instituție națională,1,0.562
2025-09-30_nicusor-dan-avem-dovada-cu-peschir-banuim-ca-au-fost-20-de-m,2025-09-30,video-transcript,2025Q4 stabilizare + diplomație,rusia,țară,1,0.902
2025-09-30_nicusor-dan-despre-aderarea-moldovei-la-ue-poate-fi-facuta-c,2025-09-30,video-transcript,2025Q4 stabilizare + diplomație,transnistria,țară,1,0.667
2025-09-30_nicusor-dan-despre-aderarea-moldovei-la-ue-poate-fi-facuta-c,2025-09-30,video-transcript,2025Q4 stabilizare + diplomație,moldova,țară,4,0.97
2025-09-30_nicusor-dan-despre-aderarea-moldovei-la-ue-poate-fi-facuta-c,2025-09-30,video-transcript,2025Q4 stabilizare + diplomație,uniunii europene,instituție internațională,1,0.587
2025-09-30_nicusor-dan-despre-aderarea-moldovei-la-ue-poate-fi-facuta-c,2025-09-30,video-transcript,2025Q4 stabilizare + diplomație,ungaria,țară,1,0.944
2025-09-30_nicusor-dan-despre-aderarea-moldovei-la-ue-poate-fi-facuta-c,2025-09-30,video-transcript,2025Q4 stabilizare + diplomație,ucrainei,țară,1,0.938
2025-09-30_nicusor-dan-despre-aderarea-moldovei-la-ue-poate-fi-facuta-c,2025-09-30,video-transcript,2025Q4 stabilizare + diplomație,ucraina,țară,1,0.909
2025-09-30_nicusor-dan-despre-aderarea-moldovei-la-ue-poate-fi-facuta-c,2025-09-30,video-transcript,2025Q4 stabilizare + diplomație,românia,țară,1,0.933
2025-09-30_nicusor-dan-despre-anularea-alegerilor-avem-dovada-ca-au-fos,2025-09-30,video-transcript,2025Q4 stabilizare + diplomație,rusia,țară,5,0.982
2025-09-30_nicusor-dan-despre-anularea-alegerilor-avem-dovada-ca-au-fos,2025-09-30,video-transcript,2025Q4 stabilizare + diplomație,românia,țară,3,0.956
2025-09-30_nicusor-dan-despre-anularea-alegerilor-avem-dovada-ca-au-fos,2025-09-30,video-transcript,2025Q4 stabilizare + diplomație,procurorului general,persoană politică,1,0.574
2025-09-30_nicusor-dan-despre-anularea-alegerilor-avem-dovada-ca-au-fos,2025-09-30,video-transcript,2025Q4 stabilizare + diplomație,parchetul general,instituție națională,1,0.602
2025-09-30_nicusor-dan-despre-stagiul-militar-voluntar-romania-sa-aiba,2025-09-30,video-transcript,2025Q4 stabilizare + diplomație,statul român,țară,1,0.534
2025-09-30_nicusor-dan-despre-stagiul-militar-voluntar-romania-sa-aiba,2025-09-30,video-transcript,2025Q4 stabilizare + diplomație,statul român,instituție națională,1,0.587
2025-09-30_nicusor-dan-despre-stagiul-militar-voluntar-romania-sa-aiba,2025-09-30,video-transcript,2025Q4 stabilizare + diplomație,românia,țară,1,0.884
2025-09-30_nicusor-dan-despre-stagiul-militar-voluntar-romania-sa-aiba,2025-09-30,video-transcript,2025Q4 stabilizare + diplomație,ministerul apărării,instituție națională,1,0.691
2025-10-02_nicusor-dan-amenin-area-nu-mai-este-o-chestiune-de-vecinatat,2025-10-02,video-transcript,2025Q4 stabilizare + diplomație,rusia,țară,2,0.984
2025-10-02_nicusor-dan-amenin-area-nu-mai-este-o-chestiune-de-vecinatat,2025-10-02,video-transcript,2025Q4 stabilizare + diplomație,belarus,țară,1,0.924
2025-10-02_nicusor-dan-zidul-anti-drone-ar-putea-fi-operational-in-cate,2025-10-02,video-transcript,2025Q4 stabilizare + diplomație,r. moldova,țară,1,0.985
2025-10-02_nicusor-dan-zidul-anti-drone-ar-putea-fi-operational-in-cate,2025-10-02,video-transcript,2025Q4 stabilizare + diplomație,uk,țară,1,0.983
2025-10-02_nicusor-dan-zidul-anti-drone-ar-putea-fi-operational-in-cate,2025-10-02,video-transcript,2025Q4 stabilizare + diplomație,ucraina,țară,1,0.979
2025-10-14_studio-politic-nicusor-dan-vrea-sa-implice-sri-in-lupta-anti,2025-10-14,video-transcript,2025Q4 stabilizare + diplomație,federației ruse,țară,1,0.892
2025-10-14_studio-politic-nicusor-dan-vrea-sa-implice-sri-in-lupta-anti,2025-10-14,video-transcript,2025Q4 stabilizare + diplomație,serviciului român de informații,instituție națională,2,0.901
2025-10-21_nicusor-dan-in-principiu-imi-doresc-un-al-doilea-mandat-la-c,2025-10-21,video-transcript,2025Q4 stabilizare + diplomație,româniei,țară,1,0.872
2025-10-23_nicusor-dan-avem-un-razboi-hibrid-de-cel-putin-10-ani,2025-10-23,video-transcript,2025Q4 stabilizare + diplomație,românia,țară,2,0.954
2025-10-23_nicusor-dan-avem-un-razboi-hibrid-de-cel-putin-10-ani,2025-10-23,video-transcript,2025Q4 stabilizare + diplomație,ucraina,țară,4,0.976
2025-10-23_nicusor-dan-avem-un-razboi-hibrid-de-cel-putin-10-ani,2025-10-23,video-transcript,2025Q4 stabilizare + diplomație,rusiei,țară,2,0.9
2025-10-23_nicusor-dan-avem-un-razboi-hibrid-de-cel-putin-10-ani,2025-10-23,video-transcript,2025Q4 stabilizare + diplomație,moldova,țară,1,0.888
2025-10-23_nicusor-dan-avem-un-razboi-hibrid-de-cel-putin-10-ani,2025-10-23,video-transcript,2025Q4 stabilizare + diplomație,moldovei,țară,2,0.821
2025-10-23_nicusor-dan-avem-un-razboi-hibrid-de-cel-putin-10-ani,2025-10-23,video-transcript,2025Q4 stabilizare + diplomație,ucrainei,țară,1,0.907
2025-10-23_nicusor-dan-avem-un-razboi-hibrid-de-cel-putin-10-ani,2025-10-23,video-transcript,2025Q4 stabilizare + diplomație,rusia,țară,3,0.976
2025-10-23_nicusor-dan-trebuie-sa-ne-echipam-ca-sa-descurajam-rusia-de,2025-10-23,video-transcript,2025Q4 stabilizare + diplomație,rusia,țară,2,0.991
2025-10-24_nicusor-dan-a-society-is-defined-by-the-institutions-it-has,2025-10-24,video-transcript,2025Q4 stabilizare + diplomație,româniei mari,țară,1,0.871
2025-10-24_nicusor-dan-a-society-is-defined-by-the-institutions-it-has,2025-10-24,video-transcript,2025Q4 stabilizare + diplomație,universitatea alexandru ioan cuza,instituție națională,1,0.827
2025-10-24_nicusor-dan-a-society-is-defined-by-the-institutions-it-has,2025-10-24,video-transcript,2025Q4 stabilizare + diplomație,universitatea george iescu,instituție națională,1,0.699
2025-10-24_nicusor-dan-a-society-is-defined-by-the-institutions-it-has,2025-10-24,video-transcript,2025Q4 stabilizare + diplomație,teatrul național vasile alexandri,instituție națională,1,0.482
2025-10-27_nicusor-dan-catedrala-nationala-simbol-de-speranta-intr-o-pe,2025-10-27,video-transcript,2025Q4 stabilizare + diplomație,româniei moderne,țară,1,0.794
2025-10-27_nicusor-dan-catedrala-nationala-simbol-de-speranta-intr-o-pe,2025-10-27,video-transcript,2025Q4 stabilizare + diplomație,româniei,țară,1,0.738
2025-10-27_nicusor-dan-catedrala-nationala-simbol-de-speranta-intr-o-pe,2025-10-27,video-transcript,2025Q4 stabilizare + diplomație,statul român,instituție națională,1,0.462
2025-11-02_nicusor-dan-reactie-despre-reducerea-numarului-de-militari-a,2025-11-02,video-transcript,2025Q4 stabilizare + diplomație,usr,partid politic,1,0.708
2025-11-02_nicusor-dan-reactie-despre-reducerea-numarului-de-militari-a,2025-11-02,video-transcript,2025Q4 stabilizare + diplomație,românia,țară,6,0.987
2025-11-02_nicusor-dan-reactie-despre-reducerea-numarului-de-militari-a,2025-11-02,video-transcript,2025Q4 stabilizare + diplomație,româniei,țară,2,0.969
2025-11-02_nicusor-dan-reactie-despre-reducerea-numarului-de-militari-a,2025-11-02,video-transcript,2025Q4 stabilizare + diplomație,sua,țară,3,0.905
2025-11-02_nicusor-dan-reactie-despre-reducerea-numarului-de-militari-a,2025-11-02,video-transcript,2025Q4 stabilizare + diplomație,usr bucurești,partid politic,2,0.961
2025-11-02_nicusor-dan-reactie-despre-reducerea-numarului-de-militari-a,2025-11-02,video-transcript,2025Q4 stabilizare + diplomație,primar,persoană politică,1,0.592
2025-11-02_nicusor-dan-reactie-despre-reducerea-numarului-de-militari-a,2025-11-02,video-transcript,2025Q4 stabilizare + diplomație,parlament,instituție națională,1,0.452
2025-11-06_rutte-nato-isi-va-juca-rolul-sau-nicusor-dan-reinarmarea-nu,2025-11-06,video-transcript,2025Q4 stabilizare + diplomație,nato,instituție internațională,8,0.944
2025-11-06_rutte-nato-isi-va-juca-rolul-sau-nicusor-dan-reinarmarea-nu,2025-11-06,video-transcript,2025Q4 stabilizare + diplomație,românia,țară,5,0.974
2025-11-06_rutte-nato-isi-va-juca-rolul-sau-nicusor-dan-reinarmarea-nu,2025-11-06,video-transcript,2025Q4 stabilizare + diplomație,româniei,țară,2,0.915
2025-11-06_rutte-nato-isi-va-juca-rolul-sau-nicusor-dan-reinarmarea-nu,2025-11-06,video-transcript,2025Q4 stabilizare + diplomație,ucrainei,țară,1,0.517
2025-11-06_rutte-nato-isi-va-juca-rolul-sau-nicusor-dan-reinarmarea-nu,2025-11-06,video-transcript,2025Q4 stabilizare + diplomație,rusiei,țară,1,0.887
2025-11-06_rutte-nato-isi-va-juca-rolul-sau-nicusor-dan-reinarmarea-nu,2025-11-06,video-transcript,2025Q4 stabilizare + diplomație,ucraina,țară,1,0.742
2025-11-06_rutte-nato-isi-va-juca-rolul-sau-nicusor-dan-reinarmarea-nu,2025-11-06,video-transcript,2025Q4 stabilizare + diplomație,marc rute,persoană politică,1,0.869
2025-11-07_nicusor-dan-despre-intalnirea-lui-bolojan-nu-cred-ca-premier,2025-11-07,video-transcript,2025Q4 stabilizare + diplomație,partid,partid politic,1,0.567
2025-11-07_nicusor-dan-despre-salariul-minim-sa-inghete,2025-11-07,video-transcript,2025Q4 stabilizare + diplomație,românia,țară,1,0.921
2025-11-11_nicusor-dan-declaratia-oanei-gheorghiu-e-nefericita-reactia,2025-11-11,video-transcript,2025Q4 stabilizare + diplomație,csm,instituție națională,1,0.61
2025-11-12_ce-l-a-socat-pe-nicusor-dan-dupa-ce-a-ajuns-presedinte,2025-11-12,video-transcript,2025Q4 stabilizare + diplomație,administrația publică,instituție națională,2,0.917
2025-11-12_ce-l-a-socat-pe-nicusor-dan-dupa-ce-a-ajuns-presedinte,2025-11-12,video-transcript,2025Q4 stabilizare + diplomație,administrația,instituție națională,1,0.535
2025-11-12_ce-l-a-socat-pe-nicusor-dan-dupa-ce-a-ajuns-presedinte,2025-11-12,video-transcript,2025Q4 stabilizare + diplomație,românia,țară,1,0.897
2025-11-12_conferinta-de-presa-sustinuta-de-presedintele-romaniei-nicus_6l2Eup,2025-11-12,video-transcript,2025Q4 stabilizare + diplomație,cetățeanului,persoană politică,1,0.535
2025-11-12_conferinta-de-presa-sustinuta-de-presedintele-romaniei-nicus_6l2Eup,2025-11-12,video-transcript,2025Q4 stabilizare + diplomație,statul,instituție națională,2,0.529
2025-11-12_conferinta-de-presa-sustinuta-de-presedintele-romaniei-nicus_6l2Eup,2025-11-12,video-transcript,2025Q4 stabilizare + diplomație,cetățeanul,persoană politică,2,0.711
2025-11-12_conferinta-de-presa-sustinuta-de-presedintele-romaniei-nicus_6l2Eup,2025-11-12,video-transcript,2025Q4 stabilizare + diplomație,statului român,instituție națională,1,0.588
2025-11-12_conferinta-de-presa-sustinuta-de-presedintele-romaniei-nicus_6l2Eup,2025-11-12,video-transcript,2025Q4 stabilizare + diplomație,româniei,țară,3,0.929
2025-11-12_conferinta-de-presa-sustinuta-de-presedintele-romaniei-nicus_6l2Eup,2025-11-12,video-transcript,2025Q4 stabilizare + diplomație,românia,țară,18,0.978
2025-11-12_conferinta-de-presa-sustinuta-de-presedintele-romaniei-nicus_6l2Eup,2025-11-12,video-transcript,2025Q4 stabilizare + diplomație,ordinea internațională,instituție internațională,1,0.562
2025-11-12_conferinta-de-presa-sustinuta-de-presedintele-romaniei-nicus_6l2Eup,2025-11-12,video-transcript,2025Q4 stabilizare + diplomație,ucraina,țară,4,0.982
2025-11-12_conferinta-de-presa-sustinuta-de-presedintele-romaniei-nicus_6l2Eup,2025-11-12,video-transcript,2025Q4 stabilizare + diplomație,uniunii europene,instituție internațională,1,0.62
2025-11-12_conferinta-de-presa-sustinuta-de-presedintele-romaniei-nicus_6l2Eup,2025-11-12,video-transcript,2025Q4 stabilizare + diplomație,nato,instituție internațională,1,0.687
2025-11-12_conferinta-de-presa-sustinuta-de-presedintele-romaniei-nicus_6l2Eup,2025-11-12,video-transcript,2025Q4 stabilizare + diplomație,sua,țară,3,0.914
2025-11-12_conferinta-de-presa-sustinuta-de-presedintele-romaniei-nicus_6l2Eup,2025-11-12,video-transcript,2025Q4 stabilizare + diplomație,administrația publică,instituție națională,2,0.895
2025-11-12_conferinta-de-presa-sustinuta-de-presedintele-romaniei-nicus_6l2Eup,2025-11-12,video-transcript,2025Q4 stabilizare + diplomație,administrația,instituție națională,2,0.749
2025-11-12_conferinta-de-presa-sustinuta-de-presedintele-romaniei-nicus_6l2Eup,2025-11-12,video-transcript,2025Q4 stabilizare + diplomație,administrație,instituție națională,2,0.786
2025-11-12_conferinta-de-presa-sustinuta-de-presedintele-romaniei-nicus_6l2Eup,2025-11-12,video-transcript,2025Q4 stabilizare + diplomație,președintelui,persoană politică,1,0.629
2025-11-12_conferinta-de-presa-sustinuta-de-presedintele-romaniei-nicus_6l2Eup,2025-11-12,video-transcript,2025Q4 stabilizare + diplomație,csat,instituție națională,3,0.827
2025-11-12_conferinta-de-presa-sustinuta-de-presedintele-romaniei-nicus_6l2Eup,2025-11-12,video-transcript,2025Q4 stabilizare + diplomație,clasa politică,partid politic,1,0.508
2025-11-12_conferinta-de-presa-sustinuta-de-presedintele-romaniei-nicus_6l2Eup,2025-11-12,video-transcript,2025Q4 stabilizare + diplomație,csm,instituție națională,3,0.722
2025-11-12_conferinta-de-presa-sustinuta-de-presedintele-romaniei-nicus_6l2Eup,2025-11-12,video-transcript,2025Q4 stabilizare + diplomație,csm ului,instituție națională,1,0.626
2025-11-12_conferinta-de-presa-sustinuta-de-presedintele-romaniei-nicus_6l2Eup,2025-11-12,video-transcript,2025Q4 stabilizare + diplomație,csm ul,instituție națională,1,0.618
2025-11-12_conferinta-de-presa-sustinuta-de-presedintele-romaniei-nicus_6l2Eup,2025-11-12,video-transcript,2025Q4 stabilizare + diplomație,statul român,instituție națională,4,0.691
2025-11-12_conferinta-de-presa-sustinuta-de-presedintele-romaniei-nicus_6l2Eup,2025-11-12,video-transcript,2025Q4 stabilizare + diplomație,statul român,țară,1,0.62
2025-11-12_conferinta-de-presa-sustinuta-de-presedintele-romaniei-nicus_6l2Eup,2025-11-12,video-transcript,2025Q4 stabilizare + diplomație,ministerul,instituție națională,2,0.708
2025-11-12_conferinta-de-presa-sustinuta-de-presedintele-romaniei-nicus_6l2Eup,2025-11-12,video-transcript,2025Q4 stabilizare + diplomație,rona david,persoană politică,1,0.688
2025-11-12_conferinta-de-presa-sustinuta-de-presedintele-romaniei-nicus_6l2Eup,2025-11-12,video-transcript,2025Q4 stabilizare + diplomație,serviciile,instituție națională,3,0.648
2025-11-12_conferinta-de-presa-sustinuta-de-presedintele-romaniei-nicus_6l2Eup,2025-11-12,video-transcript,2025Q4 stabilizare + diplomație,președintelui trump,persoană politică,1,0.527
2025-11-12_conferinta-de-presa-sustinuta-de-presedintele-romaniei-nicus_6l2Eup,2025-11-12,video-transcript,2025Q4 stabilizare + diplomație,rusiei,țară,2,0.86
2025-11-12_conferinta-de-presa-sustinuta-de-presedintele-romaniei-nicus_6l2Eup,2025-11-12,video-transcript,2025Q4 stabilizare + diplomație,justiția,instituție națională,1,0.517
2025-11-12_conferinta-de-presa-sustinuta-de-presedintele-romaniei-nicus_6l2Eup,2025-11-12,video-transcript,2025Q4 stabilizare + diplomație,pnrr,partid politic,1,0.472
2025-11-12_conferinta-de-presa-sustinuta-de-presedintele-romaniei-nicus_6l2Eup,2025-11-12,video-transcript,2025Q4 stabilizare + diplomație,guvern,instituție națională,1,0.487
2025-11-12_conferinta-de-presa-sustinuta-de-presedintele-romaniei-nicus_6l2Eup,2025-11-12,video-transcript,2025Q4 stabilizare + diplomație,parlament,instituție națională,1,0.567
2025-11-12_conferinta-de-presa-sustinuta-de-presedintele-romaniei-nicus_6l2Eup,2025-11-12,video-transcript,2025Q4 stabilizare + diplomație,ccr,instituție națională,4,0.647
2025-11-12_conferinta-de-presa-sustinuta-de-presedintele-romaniei-nicus_6l2Eup,2025-11-12,video-transcript,2025Q4 stabilizare + diplomație,parlamentul,instituție națională,2,0.594
2025-11-12_conferinta-de-presa-sustinuta-de-presedintele-romaniei-nicus_6l2Eup,2025-11-12,video-transcript,2025Q4 stabilizare + diplomație,renate weber,persoană politică,1,0.917
2025-11-12_conferinta-de-presa-sustinuta-de-presedintele-romaniei-nicus_6l2Eup,2025-11-12,video-transcript,2025Q4 stabilizare + diplomație,rusia,țară,4,0.989
2025-11-12_conferinta-de-presa-sustinuta-de-presedintele-romaniei-nicus_6l2Eup,2025-11-12,video-transcript,2025Q4 stabilizare + diplomație,curții constituționale,instituție națională,1,0.616
2025-11-12_conferinta-de-presa-sustinuta-de-presedintele-romaniei-nicus_6l2Eup,2025-11-12,video-transcript,2025Q4 stabilizare + diplomație,inspecția judiciară,instituție națională,1,0.524
2025-11-12_nicusor-dan-conferinta-de-presa-presedintele-prezinta-strate,2025-11-12,video-transcript,2025Q4 stabilizare + diplomație,cetățeanului,persoană politică,1,0.55
2025-11-12_nicusor-dan-conferinta-de-presa-presedintele-prezinta-strate,2025-11-12,video-transcript,2025Q4 stabilizare + diplomație,statul,instituție națională,2,0.522
2025-11-12_nicusor-dan-conferinta-de-presa-presedintele-prezinta-strate,2025-11-12,video-transcript,2025Q4 stabilizare + diplomație,cetățeanul,persoană politică,2,0.726
2025-11-12_nicusor-dan-conferinta-de-presa-presedintele-prezinta-strate,2025-11-12,video-transcript,2025Q4 stabilizare + diplomație,administrației publice,instituție națională,1,0.538
2025-11-12_nicusor-dan-conferinta-de-presa-presedintele-prezinta-strate,2025-11-12,video-transcript,2025Q4 stabilizare + diplomație,statului român,instituție națională,1,0.638
2025-11-12_nicusor-dan-conferinta-de-presa-presedintele-prezinta-strate,2025-11-12,video-transcript,2025Q4 stabilizare + diplomație,româniei,țară,3,0.942
2025-11-12_nicusor-dan-conferinta-de-presa-presedintele-prezinta-strate,2025-11-12,video-transcript,2025Q4 stabilizare + diplomație,românia,țară,15,0.979
2025-11-12_nicusor-dan-conferinta-de-presa-presedintele-prezinta-strate,2025-11-12,video-transcript,2025Q4 stabilizare + diplomație,ordinea internațională,instituție internațională,2,0.514
2025-11-12_nicusor-dan-conferinta-de-presa-presedintele-prezinta-strate,2025-11-12,video-transcript,2025Q4 stabilizare + diplomație,ucraina,țară,1,0.72
2025-11-12_nicusor-dan-conferinta-de-presa-presedintele-prezinta-strate,2025-11-12,video-transcript,2025Q4 stabilizare + diplomație,uniunii europene,instituție internațională,1,0.647
2025-11-12_nicusor-dan-conferinta-de-presa-presedintele-prezinta-strate,2025-11-12,video-transcript,2025Q4 stabilizare + diplomație,nato,instituție internațională,1,0.704
2025-11-12_nicusor-dan-conferinta-de-presa-presedintele-prezinta-strate,2025-11-12,video-transcript,2025Q4 stabilizare + diplomație,administrația publică,instituție națională,2,0.891
2025-11-12_nicusor-dan-conferinta-de-presa-presedintele-prezinta-strate,2025-11-12,video-transcript,2025Q4 stabilizare + diplomație,administrația,instituție națională,2,0.751
2025-11-12_nicusor-dan-conferinta-de-presa-presedintele-prezinta-strate,2025-11-12,video-transcript,2025Q4 stabilizare + diplomație,administrație,instituție națională,2,0.784
2025-11-12_nicusor-dan-conferinta-de-presa-presedintele-prezinta-strate,2025-11-12,video-transcript,2025Q4 stabilizare + diplomație,președintelui,persoană politică,1,0.652
2025-11-12_nicusor-dan-conferinta-de-presa-presedintele-prezinta-strate,2025-11-12,video-transcript,2025Q4 stabilizare + diplomație,csat,instituție națională,3,0.823
2025-11-12_nicusor-dan-conferinta-de-presa-presedintele-prezinta-strate,2025-11-12,video-transcript,2025Q4 stabilizare + diplomație,clasa politică,partid politic,2,0.502
2025-11-12_nicusor-dan-conferinta-de-presa-presedintele-prezinta-strate,2025-11-12,video-transcript,2025Q4 stabilizare + diplomație,csm,instituție națională,1,0.717
2025-11-12_nicusor-dan-conferinta-de-presa-presedintele-prezinta-strate,2025-11-12,video-transcript,2025Q4 stabilizare + diplomație,csm ului,instituție națională,2,0.645
2025-11-12_nicusor-dan-conferinta-de-presa-presedintele-prezinta-strate,2025-11-12,video-transcript,2025Q4 stabilizare + diplomație,csm ul,instituție națională,2,0.617
2025-11-12_nicusor-dan-conferinta-de-presa-presedintele-prezinta-strate,2025-11-12,video-transcript,2025Q4 stabilizare + diplomație,curții constituționale,instituție națională,1,0.638
2025-11-12_nicusor-dan-conferinta-de-presa-presedintele-prezinta-strate,2025-11-12,video-transcript,2025Q4 stabilizare + diplomație,china,țară,4,0.984
2025-11-12_nicusor-dan-conferinta-de-presa-presedintele-prezinta-strate,2025-11-12,video-transcript,2025Q4 stabilizare + diplomație,aep ul,instituție națională,3,0.725
2025-11-12_nicusor-dan-conferinta-de-presa-presedintele-prezinta-strate,2025-11-12,video-transcript,2025Q4 stabilizare + diplomație,curtea de conturi,instituție națională,1,0.762
2025-11-12_nicusor-dan-conferinta-de-presa-presedintele-prezinta-strate,2025-11-12,video-transcript,2025Q4 stabilizare + diplomație,dna,instituție națională,1,0.717
2025-11-12_nicusor-dan-conferinta-de-presa-presedintele-prezinta-strate,2025-11-12,video-transcript,2025Q4 stabilizare + diplomație,spania,țară,2,0.976
2025-11-12_nicusor-dan-conferinta-de-presa-presedintele-prezinta-strate,2025-11-12,video-transcript,2025Q4 stabilizare + diplomație,elveția,țară,1,0.915
2025-11-12_nicusor-dan-conferinta-de-presa-presedintele-prezinta-strate,2025-11-12,video-transcript,2025Q4 stabilizare + diplomație,croația,țară,1,0.913
2025-11-12_nicusor-dan-conferinta-de-presa-presedintele-prezinta-strate,2025-11-12,video-transcript,2025Q4 stabilizare + diplomație,țara asta,țară,1,0.548
2025-11-12_nicusor-dan-conferinta-de-presa-presedintele-prezinta-strate,2025-11-12,video-transcript,2025Q4 stabilizare + diplomație,statul român,instituție națională,3,0.759
2025-11-12_nicusor-dan-conferinta-de-presa-presedintele-prezinta-strate,2025-11-12,video-transcript,2025Q4 stabilizare + diplomație,domnul coste,persoană politică,1,0.548
2025-11-12_nicusor-dan-conferinta-de-presa-presedintele-prezinta-strate,2025-11-12,video-transcript,2025Q4 stabilizare + diplomație,domnia sa,persoană politică,1,0.583
2025-11-12_nicusor-dan-conferinta-de-presa-presedintele-prezinta-strate,2025-11-12,video-transcript,2025Q4 stabilizare + diplomație,ministerul,instituție națională,1,0.472
2025-11-12_nicusor-dan-e-mai-bine-sa-fii-vecin-cu-ucraina-decat-cu-rusi,2025-11-12,video-transcript,2025Q4 stabilizare + diplomație,ucraina,țară,3,0.99
2025-11-12_nicusor-dan-e-mai-bine-sa-fii-vecin-cu-ucraina-decat-cu-rusi,2025-11-12,video-transcript,2025Q4 stabilizare + diplomație,românia,țară,1,0.864
2025-11-12_nicusor-dan-e-mai-bine-sa-fii-vecin-cu-ucraina-decat-cu-rusi,2025-11-12,video-transcript,2025Q4 stabilizare + diplomație,rusia,țară,1,0.935
2025-11-12_nicusor-dan-e-mai-bine-sa-fii-vecin-cu-ucraina-decat-cu-rusi,2025-11-12,video-transcript,2025Q4 stabilizare + diplomație,csat,instituție națională,1,0.485
2025-11-12_nicusor-dan-nu-ne-dorim-sa-fim-vecini-cu-rusia,2025-11-12,video-transcript,2025Q4 stabilizare + diplomație,ucraina,țară,3,0.99
2025-11-12_nicusor-dan-nu-ne-dorim-sa-fim-vecini-cu-rusia,2025-11-12,video-transcript,2025Q4 stabilizare + diplomație,românia,țară,1,0.783
2025-11-12_nicusor-dan-nu-ne-dorim-sa-fim-vecini-cu-rusia,2025-11-12,video-transcript,2025Q4 stabilizare + diplomație,rusia,țară,4,0.985
2025-11-12_nicusor-dan-nu-ne-dorim-sa-fim-vecini-cu-rusia,2025-11-12,video-transcript,2025Q4 stabilizare + diplomație,csat,instituție națională,1,0.508
2025-11-12_nicusor-dan-nu-ne-dorim-sa-fim-vecini-cu-rusia,2025-11-12,video-transcript,2025Q4 stabilizare + diplomație,rusiei,țară,1,0.84
2025-11-12_nicusor-dan-nu-vrem-sa-aparam-statul-vrem-sa-aparam-cetateni,2025-11-12,video-transcript,2025Q4 stabilizare + diplomație,cetățeanului,persoană politică,1,0.559
2025-11-12_nicusor-dan-nu-vrem-sa-aparam-statul-vrem-sa-aparam-cetateni,2025-11-12,video-transcript,2025Q4 stabilizare + diplomație,statul,instituție națională,2,0.517
2025-11-12_nicusor-dan-nu-vrem-sa-aparam-statul-vrem-sa-aparam-cetateni,2025-11-12,video-transcript,2025Q4 stabilizare + diplomație,cetățeanul,persoană politică,2,0.745
2025-11-12_nicusor-dan-nu-vrem-sa-aparam-statul-vrem-sa-aparam-cetateni,2025-11-12,video-transcript,2025Q4 stabilizare + diplomație,administrației publice,instituție națională,1,0.515
2025-11-12_nicusor-dan-nu-vrem-sa-aparam-statul-vrem-sa-aparam-cetateni,2025-11-12,video-transcript,2025Q4 stabilizare + diplomație,statului român,instituție națională,1,0.617
2025-11-12_nicusor-dan-nu-vrem-sa-aparam-statul-vrem-sa-aparam-cetateni,2025-11-12,video-transcript,2025Q4 stabilizare + diplomație,româniei,țară,2,0.91
2025-11-12_nicusor-dan-nu-vrem-sa-aparam-statul-vrem-sa-aparam-cetateni,2025-11-12,video-transcript,2025Q4 stabilizare + diplomație,românia,țară,9,0.978
2025-11-12_nicusor-dan-nu-vrem-sa-aparam-statul-vrem-sa-aparam-cetateni,2025-11-12,video-transcript,2025Q4 stabilizare + diplomație,ordinea internațională,instituție internațională,1,0.552
2025-11-12_nicusor-dan-nu-vrem-sa-aparam-statul-vrem-sa-aparam-cetateni,2025-11-12,video-transcript,2025Q4 stabilizare + diplomație,ucraina,țară,1,0.711
2025-11-12_nicusor-dan-nu-vrem-sa-aparam-statul-vrem-sa-aparam-cetateni,2025-11-12,video-transcript,2025Q4 stabilizare + diplomație,uniunii europene,instituție internațională,1,0.646
2025-11-12_nicusor-dan-nu-vrem-sa-aparam-statul-vrem-sa-aparam-cetateni,2025-11-12,video-transcript,2025Q4 stabilizare + diplomație,nato,instituție internațională,1,0.699
2025-11-12_nicusor-dan-nu-vrem-sa-aparam-statul-vrem-sa-aparam-cetateni,2025-11-12,video-transcript,2025Q4 stabilizare + diplomație,administrația publică,instituție națională,2,0.895
2025-11-12_nicusor-dan-nu-vrem-sa-aparam-statul-vrem-sa-aparam-cetateni,2025-11-12,video-transcript,2025Q4 stabilizare + diplomație,administrația,instituție națională,2,0.749
2025-11-12_nicusor-dan-nu-vrem-sa-aparam-statul-vrem-sa-aparam-cetateni,2025-11-12,video-transcript,2025Q4 stabilizare + diplomație,administrație,instituție națională,2,0.786
2025-11-12_nicusor-dan-nu-vrem-sa-aparam-statul-vrem-sa-aparam-cetateni,2025-11-12,video-transcript,2025Q4 stabilizare + diplomație,președintelui,persoană politică,1,0.629
2025-11-12_nicusor-dan-nu-vrem-sa-aparam-statul-vrem-sa-aparam-cetateni,2025-11-12,video-transcript,2025Q4 stabilizare + diplomație,csat,instituție națională,3,0.828
2025-11-12_nicusor-dan-serviciile-de-informatii-vor-fi-implicate-in-lup,2025-11-12,video-transcript,2025Q4 stabilizare + diplomație,stat,țară,1,0.475
2025-11-21_nicusor-dan-despre-aducerea-in-tara-a-mercenarului-horatiu-p,2025-11-21,video-transcript,2025Q4 stabilizare + diplomație,ministerul justiției,instituție națională,1,0.844
2025-11-21_nicusor-dan-despre-aducerea-in-tara-a-mercenarului-horatiu-p,2025-11-21,video-transcript,2025Q4 stabilizare + diplomație,ministerul de interne,instituție națională,1,0.852
2025-11-21_nicusor-dan-despre-aducerea-in-tara-a-mercenarului-horatiu-p,2025-11-21,video-transcript,2025Q4 stabilizare + diplomație,domnul potra,persoană politică,1,0.579
2025-11-21_nicusor-dan-despre-aducerea-in-tara-a-mercenarului-horatiu-p,2025-11-21,video-transcript,2025Q4 stabilizare + diplomație,țară,țară,1,0.486
2025-11-21_nicusor-dan-orice-plan-de-pace-trebuie-aprobat-de-ucraina,2025-11-21,video-transcript,2025Q4 stabilizare + diplomație,statul român,instituție națională,1,0.576
2025-11-21_nicusor-dan-orice-plan-de-pace-trebuie-aprobat-de-ucraina,2025-11-21,video-transcript,2025Q4 stabilizare + diplomație,csm,instituție națională,1,0.535
2025-11-21_nicusor-dan-orice-plan-de-pace-trebuie-aprobat-de-ucraina,2025-11-21,video-transcript,2025Q4 stabilizare + diplomație,statului român,instituție națională,1,0.674
2025-11-21_nicusor-dan-orice-plan-de-pace-trebuie-aprobat-de-ucraina,2025-11-21,video-transcript,2025Q4 stabilizare + diplomație,ucraina,țară,1,0.81
2025-11-21_nicusor-dan-orice-plan-de-pace-trebuie-aprobat-de-ucraina,2025-11-21,video-transcript,2025Q4 stabilizare + diplomație,csat,instituție națională,1,0.61
2025-11-21_nicusor-dan-orice-plan-de-pace-trebuie-aprobat-de-ucraina,2025-11-21,video-transcript,2025Q4 stabilizare + diplomație,pnrr,partid politic,2,0.721
2025-11-21_nicusor-dan-orice-plan-de-pace-trebuie-aprobat-de-ucraina,2025-11-21,video-transcript,2025Q4 stabilizare + diplomație,portugalia,țară,1,0.938
2025-11-21_nicusor-dan-orice-plan-de-pace-trebuie-aprobat-de-ucraina,2025-11-21,video-transcript,2025Q4 stabilizare + diplomație,slovenia,țară,1,0.923
2025-11-21_nicusor-dan-orice-plan-de-pace-trebuie-aprobat-de-ucraina,2025-11-21,video-transcript,2025Q4 stabilizare + diplomație,demnitar,persoană politică,1,0.796
2025-11-21_nicusor-dan-orice-plan-de-pace-trebuie-aprobat-de-ucraina,2025-11-21,video-transcript,2025Q4 stabilizare + diplomație,demnitarul,persoană politică,2,0.755
2025-11-21_prima-reactie-a-lui-nicusor-dan-dupa-informatiile-aparute-cu,2025-11-21,video-transcript,2025Q4 stabilizare + diplomație,partidele,partid politic,2,0.882
2025-11-21_prima-reactie-a-lui-nicusor-dan-dupa-informatiile-aparute-cu,2025-11-21,video-transcript,2025Q4 stabilizare + diplomație,partide,partid politic,2,0.812
2025-11-21_prima-reactie-a-lui-nicusor-dan-dupa-informatiile-aparute-cu,2025-11-21,video-transcript,2025Q4 stabilizare + diplomație,partidelor,partid politic,1,0.669
2025-11-21_prima-reactie-a-lui-nicusor-dan-dupa-informatiile-aparute-cu,2025-11-21,video-transcript,2025Q4 stabilizare + diplomație,partid,partid politic,1,0.508
2025-11-26_nicusor-dan-declaratii-din-parlament-despre-problemele-inter,2025-11-26,video-transcript,2025Q4 stabilizare + diplomație,românia,țară,7,0.99
2025-11-26_nicusor-dan-declaratii-din-parlament-despre-problemele-inter,2025-11-26,video-transcript,2025Q4 stabilizare + diplomație,sua,țară,2,0.904
2025-11-26_nicusor-dan-declaratii-din-parlament-despre-problemele-inter,2025-11-26,video-transcript,2025Q4 stabilizare + diplomație,nato,instituție internațională,4,0.899
2025-11-26_nicusor-dan-declaratii-din-parlament-despre-problemele-inter,2025-11-26,video-transcript,2025Q4 stabilizare + diplomație,uniunii europene,instituție internațională,3,0.848
2025-11-26_nicusor-dan-declaratii-din-parlament-despre-problemele-inter,2025-11-26,video-transcript,2025Q4 stabilizare + diplomație,româniei,țară,3,0.965
2025-11-26_nicusor-dan-declaratii-din-parlament-despre-problemele-inter,2025-11-26,video-transcript,2025Q4 stabilizare + diplomație,ue,instituție internațională,2,0.942
2025-11-26_nicusor-dan-declaratii-din-parlament-despre-problemele-inter,2025-11-26,video-transcript,2025Q4 stabilizare + diplomație,republicii moldova,țară,1,0.759
2025-11-26_nicusor-dan-declaratii-din-parlament-despre-problemele-inter,2025-11-26,video-transcript,2025Q4 stabilizare + diplomație,ucraina,țară,1,0.804
2025-11-26_nicusor-dan-declaratii-din-parlament-despre-problemele-inter,2025-11-26,video-transcript,2025Q4 stabilizare + diplomație,ocde,instituție internațională,2,0.895
2025-11-26_nicusor-dan-declaratii-din-parlament-despre-problemele-inter,2025-11-26,video-transcript,2025Q4 stabilizare + diplomație,parlamentului,instituție internațională,1,0.452
2025-11-26_nicusor-dan-declaratii-dupa-sustinerea-discursului-in-parlam,2025-11-26,video-transcript,2025Q4 stabilizare + diplomație,premierul,persoană politică,1,0.549
2025-11-26_nicusor-dan-declaratii-dupa-sustinerea-discursului-in-parlam,2025-11-26,video-transcript,2025Q4 stabilizare + diplomație,guvernul,instituție națională,2,0.646
2025-11-26_nicusor-dan-declaratii-dupa-sustinerea-discursului-in-parlam,2025-11-26,video-transcript,2025Q4 stabilizare + diplomație,parlament,instituție națională,2,0.733
2025-11-26_nicusor-dan-declaratii-dupa-sustinerea-discursului-in-parlam,2025-11-26,video-transcript,2025Q4 stabilizare + diplomație,doamna punga,persoană politică,1,0.681
2025-11-26_nicusor-dan-drone-care-din-cand-in-cand-intra-pe-teritoriul,2025-11-26,video-transcript,2025Q4 stabilizare + diplomație,rusiei,țară,1,0.904
2025-11-26_nicusor-dan-drone-care-din-cand-in-cand-intra-pe-teritoriul,2025-11-26,video-transcript,2025Q4 stabilizare + diplomație,domnul ministru,persoană politică,1,0.529
2025-11-26_nicusor-dan-drone-care-din-cand-in-cand-intra-pe-teritoriul,2025-11-26,video-transcript,2025Q4 stabilizare + diplomație,șeful statului major,persoană politică,1,0.472
2025-11-26_nicusor-dan-vom-sustine-in-continuare-ucraina-si-republica-m,2025-11-26,video-transcript,2025Q4 stabilizare + diplomație,republicii moldova,țară,1,0.935
2025-11-26_nicusor-dan-vom-sustine-in-continuare-ucraina-si-republica-m,2025-11-26,video-transcript,2025Q4 stabilizare + diplomație,ucraina,țară,1,0.942
2025-11-26_nicusor-dan-vom-sustine-in-continuare-ucraina-si-republica-m,2025-11-26,video-transcript,2025Q4 stabilizare + diplomație,uniunii europene,instituție internațională,1,0.77
2025-12-01_nicusor-dan-mesaj-de-ziua-nationala-e-o-zi-de-sarbatoare-sa,2025-12-01,video-transcript,2025Q4-2026Q1 reformă judiciară,sua,țară,1,0.974
2025-12-01_nicusor-dan-suntem-membri-ai-ue-dar-de-multe-ori-vocea-roman,2025-12-01,video-transcript,2025Q4-2026Q1 reformă judiciară,uniunii europene,instituție internațională,1,0.829
2025-12-01_nicusor-dan-suntem-membri-ai-ue-dar-de-multe-ori-vocea-roman,2025-12-01,video-transcript,2025Q4-2026Q1 reformă judiciară,românia,țară,3,0.985
2025-12-01_nicusor-dan-suntem-membri-ai-ue-dar-de-multe-ori-vocea-roman,2025-12-01,video-transcript,2025Q4-2026Q1 reformă judiciară,româniei,țară,1,0.903
2025-12-02_nicusor-dan-mesaj-de-1-decembrie-digi24-stiriledigi24,2025-12-02,video-transcript,2025Q4-2026Q1 reformă judiciară,româniei,țară,1,0.969
2025-12-02_nicusor-dan-mesaj-de-1-decembrie-digi24-stiriledigi24,2025-12-02,video-transcript,2025Q4-2026Q1 reformă judiciară,românia,țară,1,0.98
2025-12-02_nicusor-dan-mesaj-de-1-decembrie-totusi-suntem-mai-putin-cor,2025-12-02,video-transcript,2025Q4-2026Q1 reformă judiciară,româniei,țară,5,0.971
2025-12-02_nicusor-dan-mesaj-de-1-decembrie-totusi-suntem-mai-putin-cor,2025-12-02,video-transcript,2025Q4-2026Q1 reformă judiciară,românia,țară,19,0.99
2025-12-02_nicusor-dan-mesaj-de-1-decembrie-totusi-suntem-mai-putin-cor,2025-12-02,video-transcript,2025Q4-2026Q1 reformă judiciară,pnrr,partid politic,2,0.898
2025-12-02_nicusor-dan-mesaj-de-1-decembrie-totusi-suntem-mai-putin-cor,2025-12-02,video-transcript,2025Q4-2026Q1 reformă judiciară,ocd,partid politic,2,0.587
2025-12-02_nicusor-dan-mesaj-de-1-decembrie-totusi-suntem-mai-putin-cor,2025-12-02,video-transcript,2025Q4-2026Q1 reformă judiciară,rusia,țară,2,0.814
2025-12-02_nicusor-dan-mesaj-de-1-decembrie-totusi-suntem-mai-putin-cor,2025-12-02,video-transcript,2025Q4-2026Q1 reformă judiciară,uniunii europene,instituție internațională,1,0.611
2025-12-02_nicusor-dan-mesaj-de-1-decembrie-totusi-suntem-mai-putin-cor,2025-12-02,video-transcript,2025Q4-2026Q1 reformă judiciară,administrație publică,instituție națională,1,0.459
2025-12-02_nicusor-dan-mesaj-de-1-decembrie-totusi-suntem-mai-putin-cor,2025-12-02,video-transcript,2025Q4-2026Q1 reformă judiciară,politician,persoană politică,1,0.613
2025-12-03_nicusor-dan-despre-criza-apei-potabile-din-prahova-vinova-ia,2025-12-03,video-transcript,2025Q4-2026Q1 reformă judiciară,ministrul energiei,persoană politică,1,0.461
2025-12-03_nicusor-dan-despre-criza-apei-potabile-din-prahova-vinova-ia,2025-12-03,video-transcript,2025Q4-2026Q1 reformă judiciară,usr,partid politic,1,0.965
2025-12-03_nicusor-dan-despre-criza-apei-potabile-din-prahova-vinova-ia,2025-12-03,video-transcript,2025Q4-2026Q1 reformă judiciară,românia,țară,1,0.933
2025-12-03_nicusor-dan-despre-criza-apei-potabile-din-prahova-vinova-ia,2025-12-03,video-transcript,2025Q4-2026Q1 reformă judiciară,ministerul apărării,instituție națională,1,0.845
2025-12-03_nicusor-dan-despre-criza-apei-potabile-din-prahova-vinova-ia,2025-12-03,video-transcript,2025Q4-2026Q1 reformă judiciară,statul major,instituție națională,1,0.546
2025-12-03_nicusor-dan-despre-criza-apei-potabile-din-prahova-vinova-ia,2025-12-03,video-transcript,2025Q4-2026Q1 reformă judiciară,domnul drule,persoană politică,1,0.667
2025-12-03_nicusor-dan-despre-criza-apei-potabile-din-prahova-vinova-ia,2025-12-03,video-transcript,2025Q4-2026Q1 reformă judiciară,camerei,instituție națională,1,0.455
2025-12-03_nicusor-dan-despre-criza-apei-potabile-din-prahova-vinova-ia_cxJ5Wc,2025-12-03,video-transcript,2025Q4-2026Q1 reformă judiciară,ministrul energiei,persoană politică,1,0.725
2025-12-03_nicusor-dan-dupa-amenintarile-lui-putin-sunt-declaratii-pent,2025-12-03,video-transcript,2025Q4-2026Q1 reformă judiciară,putin,persoană politică,1,0.912
2025-12-03_nicusor-dan-dupa-amenintarile-lui-putin-sunt-declaratii-pent,2025-12-03,video-transcript,2025Q4-2026Q1 reformă judiciară,rusia,țară,1,0.628
2025-12-03_nicusor-dan-dupa-amenintarile-lui-putin-sunt-declaratii-pent,2025-12-03,video-transcript,2025Q4-2026Q1 reformă judiciară,românia,țară,1,0.92
2025-12-03_nicusor-dan-vinovatia-este-la-apele-romane,2025-12-03,video-transcript,2025Q4-2026Q1 reformă judiciară,statului,țară,2,0.511
2025-12-04_nicusor-dan-despre-alegerile-anulate-au-aparut-suficiente-in,2025-12-04,video-transcript,2025Q4-2026Q1 reformă judiciară,rusiei,țară,1,0.886
2025-12-04_nicusor-dan-despre-demisia-lui-mosteanu-intensitatea-critici,2025-12-04,video-transcript,2025Q4-2026Q1 reformă judiciară,usr,partid politic,1,0.975
2025-12-04_nicusor-dan-despre-demisia-lui-mosteanu-intensitatea-critici,2025-12-04,video-transcript,2025Q4-2026Q1 reformă judiciară,moșteanu,persoană politică,1,0.497
2025-12-04_nicusor-dan-despre-demisia-lui-mosteanu-intensitatea-critici,2025-12-04,video-transcript,2025Q4-2026Q1 reformă judiciară,domnia sa,persoană politică,1,0.609
2025-12-04_nicusor-dan-despre-demisia-lui-mosteanu-intensitatea-critici,2025-12-04,video-transcript,2025Q4-2026Q1 reformă judiciară,românia,țară,1,0.928
2025-12-04_nicusor-dan-vinovatia-este-la-apele-romane-newsroom-din-3-de,2025-12-04,video-transcript,2025Q4-2026Q1 reformă judiciară,sorin brindeanu,persoană politică,1,0.842
2025-12-04_nicusor-dan-vinovatia-este-la-apele-romane-newsroom-din-3-de,2025-12-04,video-transcript,2025Q4-2026Q1 reformă judiciară,usr,partid politic,1,0.969
2025-12-04_nicusor-dan-vinovatia-este-la-apele-romane-newsroom-din-3-de,2025-12-04,video-transcript,2025Q4-2026Q1 reformă judiciară,românia,țară,1,0.929
2025-12-04_nicusor-dan-vinovatia-este-la-apele-romane-newsroom-din-3-de,2025-12-04,video-transcript,2025Q4-2026Q1 reformă judiciară,ministerul apărării,instituție națională,1,0.848
2025-12-04_nicusor-dan-vinovatia-este-la-apele-romane-newsroom-din-3-de,2025-12-04,video-transcript,2025Q4-2026Q1 reformă judiciară,statul major,instituție națională,1,0.55
2025-12-07_presedintele-nicusor-dan-de-mult-nu-am-mai-votat-pentru-altc,2025-12-07,video-transcript,2025Q4-2026Q1 reformă judiciară,eu personal,persoană politică,1,0.462
2025-12-07_presedintele-nicusor-dan-de-mult-nu-am-mai-votat-pentru-altc,2025-12-07,video-transcript,2025Q4-2026Q1 reformă judiciară,românie,țară,1,0.933
2025-12-09_nicusor-dan-nu-vad-vreun-motiv-pentru-care-un-ministru-trebu,2025-12-09,video-transcript,2025Q4-2026Q1 reformă judiciară,coaliția,partid politic,1,0.79
2025-12-09_nicusor-dan-nu-vad-vreun-motiv-pentru-care-un-ministru-trebu,2025-12-09,video-transcript,2025Q4-2026Q1 reformă judiciară,ministru,persoană politică,1,0.49
2025-12-10_nicusor-dan-nu-toti-votantii-aur-sunt-extremisti-stiri-b1tv,2025-12-10,video-transcript,2025Q4-2026Q1 reformă judiciară,românia,țară,2,0.96
2025-12-10_nicusor-dan-nu-toti-votantii-aur-sunt-extremisti-stiri-b1tv,2025-12-10,video-transcript,2025Q4-2026Q1 reformă judiciară,partid,partid politic,1,0.809
2025-12-10_romania-lui-vitalie-nicusor-dan-despre-strategia-de-securita,2025-12-10,video-transcript,2025Q4-2026Q1 reformă judiciară,președintele trump,persoană politică,1,0.785
2025-12-10_romania-lui-vitalie-nicusor-dan-despre-strategia-de-securita,2025-12-10,video-transcript,2025Q4-2026Q1 reformă judiciară,statelor unite,țară,1,0.888
2025-12-10_romania-lui-vitalie-nicusor-dan-despre-strategia-de-securita,2025-12-10,video-transcript,2025Q4-2026Q1 reformă judiciară,sua,țară,10,0.95
2025-12-10_romania-lui-vitalie-nicusor-dan-despre-strategia-de-securita,2025-12-10,video-transcript,2025Q4-2026Q1 reformă judiciară,ue,instituție internațională,9,0.894
2025-12-10_romania-lui-vitalie-nicusor-dan-despre-strategia-de-securita,2025-12-10,video-transcript,2025Q4-2026Q1 reformă judiciară,românia,țară,2,0.907
2025-12-10_romania-lui-vitalie-nicusor-dan-despre-strategia-de-securita,2025-12-10,video-transcript,2025Q4-2026Q1 reformă judiciară,franța,țară,3,0.954
2025-12-10_romania-lui-vitalie-nicusor-dan-despre-strategia-de-securita,2025-12-10,video-transcript,2025Q4-2026Q1 reformă judiciară,uk,țară,2,0.869
2025-12-10_romania-lui-vitalie-nicusor-dan-despre-strategia-de-securita,2025-12-10,video-transcript,2025Q4-2026Q1 reformă judiciară,germania,țară,1,0.865
2025-12-10_romania-lui-vitalie-nicusor-dan-despre-strategia-de-securita,2025-12-10,video-transcript,2025Q4-2026Q1 reformă judiciară,zelenski,persoană politică,2,0.706
2025-12-10_romania-lui-vitalie-nicusor-dan-despre-strategia-de-securita,2025-12-10,video-transcript,2025Q4-2026Q1 reformă judiciară,ucraina,țară,2,0.891
2025-12-10_romania-lui-vitalie-nicusor-dan-despre-strategia-de-securita,2025-12-10,video-transcript,2025Q4-2026Q1 reformă judiciară,putin,persoană politică,1,0.881
2025-12-10_romania-lui-vitalie-nicusor-dan-despre-strategia-de-securita,2025-12-10,video-transcript,2025Q4-2026Q1 reformă judiciară,vladir putin,persoană politică,1,0.815
2025-12-10_romania-lui-vitalie-nicusor-dan-despre-strategia-de-securita,2025-12-10,video-transcript,2025Q4-2026Q1 reformă judiciară,fico,persoană politică,1,0.649
2025-12-10_romania-lui-vitalie-nicusor-dan-despre-strategia-de-securita,2025-12-10,video-transcript,2025Q4-2026Q1 reformă judiciară,orban,persoană politică,1,0.703
2025-12-10_romania-lui-vitalie-nicusor-dan-despre-strategia-de-securita,2025-12-10,video-transcript,2025Q4-2026Q1 reformă judiciară,rusie,țară,1,0.689
2025-12-10_romania-lui-vitalie-nicusor-dan-despre-strategia-de-securita,2025-12-10,video-transcript,2025Q4-2026Q1 reformă judiciară,europa,instituție internațională,2,0.593
2025-12-10_romania-lui-vitalie-nicusor-dan-despre-strategia-de-securita,2025-12-10,video-transcript,2025Q4-2026Q1 reformă judiciară,j vens,persoană politică,1,0.634
2025-12-10_romania-lui-vitalie-nicusor-dan-despre-strategia-de-securita,2025-12-10,video-transcript,2025Q4-2026Q1 reformă judiciară,dsa,partid politic,1,0.961
2025-12-15_nicusor-dan-anunturi-majore-in-scandalurile-momentului,2025-12-15,video-transcript,2025Q4-2026Q1 reformă judiciară,finlanda,țară,1,0.817
2025-12-15_nicusor-dan-anunturi-majore-in-scandalurile-momentului,2025-12-15,video-transcript,2025Q4-2026Q1 reformă judiciară,româniei,țară,1,0.889
2025-12-15_nicusor-dan-anunturi-majore-in-scandalurile-momentului,2025-12-15,video-transcript,2025Q4-2026Q1 reformă judiciară,românia,țară,2,0.985
2025-12-16_nicusor-dan-declara-ca-rusia-va-continua-sa-fie-o-amenintare,2025-12-16,video-transcript,2025Q4-2026Q1 reformă judiciară,nato,instituție internațională,1,0.796
2025-12-16_nicusor-dan-declara-ca-rusia-va-continua-sa-fie-o-amenintare,2025-12-16,video-transcript,2025Q4-2026Q1 reformă judiciară,uniunii europene,instituție internațională,1,0.843
2025-12-16_nicusor-dan-declara-ca-rusia-va-continua-sa-fie-o-amenintare,2025-12-16,video-transcript,2025Q4-2026Q1 reformă judiciară,lideri,persoană politică,1,0.462
2025-12-16_nicusor-dan-declara-ca-rusia-va-continua-sa-fie-o-amenintare,2025-12-16,video-transcript,2025Q4-2026Q1 reformă judiciară,româniei,țară,1,0.824
2025-12-16_nicusor-dan-declara-ca-rusia-va-continua-sa-fie-o-amenintare,2025-12-16,video-transcript,2025Q4-2026Q1 reformă judiciară,românia,țară,3,0.976
2025-12-16_nicusor-dan-declara-ca-rusia-va-continua-sa-fie-o-amenintare,2025-12-16,video-transcript,2025Q4-2026Q1 reformă judiciară,csm,instituție națională,1,0.669
2025-12-16_nicusor-dan-declara-ca-rusia-va-continua-sa-fie-o-amenintare,2025-12-16,video-transcript,2025Q4-2026Q1 reformă judiciară,coaliție,partid politic,1,0.455
2025-12-16_nicusor-dan-sunt-destul-de-pesimist-cu-privire-la-intentia-r,2025-12-16,video-transcript,2025Q4-2026Q1 reformă judiciară,ucrainei,țară,1,0.938
2025-12-16_nicusor-dan-sunt-destul-de-pesimist-cu-privire-la-intentia-r,2025-12-16,video-transcript,2025Q4-2026Q1 reformă judiciară,rusiei,țară,1,0.874
2025-12-16_nicusor-dan-sunt-destul-de-pesimist-cu-privire-la-intentia-r,2025-12-16,video-transcript,2025Q4-2026Q1 reformă judiciară,ucraina,țară,1,0.947
2025-12-16_nicusor-dan-trebuie-sa-fim-calmi-dar-sa-investim-in-aparare,2025-12-16,video-transcript,2025Q4-2026Q1 reformă judiciară,ucraina,țară,1,0.742
2025-12-16_nicusor-dan-trebuie-sa-fim-calmi-dar-sa-investim-in-aparare,2025-12-16,video-transcript,2025Q4-2026Q1 reformă judiciară,rusiei,țară,1,0.826
2025-12-17_declaratia-presedintelui-romaniei-nicusor-dan-in-regatul-mar,2025-12-17,video-transcript,2025Q4-2026Q1 reformă judiciară,românia,țară,2,0.923
2025-12-17_declaratia-presedintelui-romaniei-nicusor-dan-in-regatul-mar,2025-12-17,video-transcript,2025Q4-2026Q1 reformă judiciară,coaliția,partid politic,1,0.502
2025-12-17_nicusor-dan-despre-cresterea-impozitelor-nu-e-nici-fericire,2025-12-17,video-transcript,2025Q4-2026Q1 reformă judiciară,coaliția,partid politic,1,0.716
2025-12-17_nicusor-dan-sunt-probleme-la-modul-in-care-se-fac-promovaril,2025-12-17,video-transcript,2025Q4-2026Q1 reformă judiciară,inspecția judiciară,instituție națională,2,0.529
2025-12-17_nicusor-dan-sunt-probleme-la-modul-in-care-se-fac-promovaril,2025-12-17,video-transcript,2025Q4-2026Q1 reformă judiciară,președintelui,persoană politică,2,0.569
2025-12-17_nicusor-dan-sunt-probleme-la-modul-in-care-se-fac-promovaril,2025-12-17,video-transcript,2025Q4-2026Q1 reformă judiciară,guvernul,instituție națională,1,0.709
2025-12-17_nicusor-dan-sunt-probleme-la-modul-in-care-se-fac-promovaril,2025-12-17,video-transcript,2025Q4-2026Q1 reformă judiciară,parlamentul,instituție națională,1,0.638
2025-12-17_nicusor-dan-sunt-probleme-la-modul-in-care-se-fac-promovaril,2025-12-17,video-transcript,2025Q4-2026Q1 reformă judiciară,românia,țară,1,0.784
2025-12-17_nicusor-dan-sunt-probleme-la-modul-in-care-se-fac-promovaril,2025-12-17,video-transcript,2025Q4-2026Q1 reformă judiciară,guvernului,instituție națională,1,0.675
2025-12-18_nicusor-dan-avem-atacuri-cibernetice-campanie-de-dezinformar,2025-12-18,video-transcript,2025Q4-2026Q1 reformă judiciară,românia,țară,2,0.962
2025-12-18_nicusor-dan-avem-atacuri-cibernetice-campanie-de-dezinformar,2025-12-18,video-transcript,2025Q4-2026Q1 reformă judiciară,polonia,țară,1,0.778
2025-12-18_nicusor-dan-avem-atacuri-cibernetice-campanie-de-dezinformar,2025-12-18,video-transcript,2025Q4-2026Q1 reformă judiciară,rusia,țară,1,0.942
2025-12-18_nicusor-dan-avem-atacuri-cibernetice-campanie-de-dezinformar,2025-12-18,video-transcript,2025Q4-2026Q1 reformă judiciară,româniei,țară,1,0.959
2025-12-18_nicusor-dan-problema-fundamentala-este-de-ce-nu-reusim-in-15_wynkjt,2025-12-18,video-transcript,2025Q4-2026Q1 reformă judiciară,ucraina,țară,2,0.966
2025-12-18_nicusor-dan-problema-fundamentala-este-de-ce-nu-reusim-in-15_wynkjt,2025-12-18,video-transcript,2025Q4-2026Q1 reformă judiciară,româniei,țară,1,0.47
2025-12-18_nicusor-dan-problema-fundamentala-este-de-ce-nu-reusim-in-15_wynkjt,2025-12-18,video-transcript,2025Q4-2026Q1 reformă judiciară,dna,instituție națională,1,0.535
2025-12-18_nicusor-dan-sustinem-oricare-dintre-variantele-de-ajutor-fin,2025-12-18,video-transcript,2025Q4-2026Q1 reformă judiciară,ucrainei,țară,1,0.922
2025-12-18_nicusor-dan-sustinem-oricare-dintre-variantele-de-ajutor-fin,2025-12-18,video-transcript,2025Q4-2026Q1 reformă judiciară,ucraina,țară,4,0.985
2025-12-18_nicusor-dan-sustinem-oricare-dintre-variantele-de-ajutor-fin,2025-12-18,video-transcript,2025Q4-2026Q1 reformă judiciară,ungariei,țară,1,0.754
2025-12-18_nicusor-dan-sustinem-oricare-dintre-variantele-de-ajutor-fin,2025-12-18,video-transcript,2025Q4-2026Q1 reformă judiciară,româniei,țară,1,0.606
2025-12-18_nicusor-dan-sustinem-oricare-dintre-variantele-de-ajutor-fin,2025-12-18,video-transcript,2025Q4-2026Q1 reformă judiciară,dna,instituție națională,1,0.577
2025-12-19_nicusor-dan-anunt-inainte-de-intalnirea-cu-magistratii,2025-12-19,video-transcript,2025Q4-2026Q1 reformă judiciară,înaltei curți de casație și justiție,instituție națională,2,0.696
2025-12-19_nicusor-dan-anunt-inainte-de-intalnirea-cu-magistratii,2025-12-19,video-transcript,2025Q4-2026Q1 reformă judiciară,președintele,persoană politică,3,0.615
2025-12-21_declaratia-presedintelui-romaniei-nicusor-dan-pe-tema-proble,2025-12-21,video-transcript,2025Q4-2026Q1 reformă judiciară,românia,țară,1,0.827
2025-12-21_declaratia-presedintelui-romaniei-nicusor-dan-pe-tema-proble,2025-12-21,video-transcript,2025Q4-2026Q1 reformă judiciară,președintelui,persoană politică,1,0.571
2025-12-21_declaratia-presedintelui-romaniei-nicusor-dan-pe-tema-proble,2025-12-21,video-transcript,2025Q4-2026Q1 reformă judiciară,înalta curte de casație și justiție,instituție națională,1,0.595
2025-12-21_declaratia-presedintelui-romaniei-nicusor-dan-pe-tema-proble,2025-12-21,video-transcript,2025Q4-2026Q1 reformă judiciară,consiliul superior al magistraturii,instituție națională,4,0.819
2025-12-21_nicusor-dan-exista-magistrati-care-actioneaza-in-interesul-u_i-HYCW,2025-12-21,video-transcript,2025Q4-2026Q1 reformă judiciară,csm,instituție națională,1,0.495
2025-12-21_nicusor-dan-exista-magistrati-care-actioneaza-in-interesul-u_i-HYCW,2025-12-21,video-transcript,2025Q4-2026Q1 reformă judiciară,înalta curte de casație și justiție,instituție națională,1,0.714
2025-12-21_nicusor-dan-magistratii-intimidati-inainte-de-discutiile-de,2025-12-21,video-transcript,2025Q4-2026Q1 reformă judiciară,consiliul superior al magistraturii,instituție națională,4,0.924
2025-12-21_nicusor-dan-voi-face-un-referendum-daca-csm-nu-actioneaza-in,2025-12-21,video-transcript,2025Q4-2026Q1 reformă judiciară,consiliul superior al magistraturii,instituție națională,4,0.847
2025-12-21_nicusor-dan-voi-face-un-referendum-daca-csm-nu-actioneaza-in,2025-12-21,video-transcript,2025Q4-2026Q1 reformă judiciară,breslei,persoană politică,1,0.609
2025-12-21_nicusor-dan-voi-initia-in-ianuarie-un-referendum-in-cadrul-c,2025-12-21,video-transcript,2025Q4-2026Q1 reformă judiciară,consiliul superior al magistraturii,instituție națională,4,0.836
2025-12-21_nicusor-dan-voi-initia-in-ianuarie-un-referendum-in-cadrul-c,2025-12-21,video-transcript,2025Q4-2026Q1 reformă judiciară,breslei,persoană politică,1,0.523
2025-12-22_discutii-publice-la-cotroceni-intre-presedintele-romaniei-ni_7lGgIp,2025-12-22,video-transcript,2025Q4-2026Q1 reformă judiciară,comisia de la veneția,instituție națională,1,0.488
2025-12-22_discutii-publice-la-cotroceni-intre-presedintele-romaniei-ni_7lGgIp,2025-12-22,video-transcript,2025Q4-2026Q1 reformă judiciară,procurorul general,persoană politică,2,0.529
2025-12-22_discutii-publice-la-cotroceni-intre-presedintele-romaniei-ni_7lGgIp,2025-12-22,video-transcript,2025Q4-2026Q1 reformă judiciară,bosnia,țară,1,0.931
2025-12-22_discutii-publice-la-cotroceni-intre-presedintele-romaniei-ni_7lGgIp,2025-12-22,video-transcript,2025Q4-2026Q1 reformă judiciară,kazahstan,țară,1,0.925
2025-12-22_discutii-publice-la-cotroceni-intre-presedintele-romaniei-ni_7lGgIp,2025-12-22,video-transcript,2025Q4-2026Q1 reformă judiciară,românia,țară,5,0.977
2025-12-22_discutii-publice-la-cotroceni-intre-presedintele-romaniei-ni_7lGgIp,2025-12-22,video-transcript,2025Q4-2026Q1 reformă judiciară,româniei,țară,2,0.926
2025-12-22_discutii-publice-la-cotroceni-intre-presedintele-romaniei-ni_7lGgIp,2025-12-22,video-transcript,2025Q4-2026Q1 reformă judiciară,consiliului europei,instituție națională,1,0.594
2025-12-22_discutii-publice-la-cotroceni-intre-presedintele-romaniei-ni_7lGgIp,2025-12-22,video-transcript,2025Q4-2026Q1 reformă judiciară,curtea de justiție europeană,instituție națională,1,0.566
2025-12-22_discutii-publice-la-cotroceni-intre-presedintele-romaniei-ni_7lGgIp,2025-12-22,video-transcript,2025Q4-2026Q1 reformă judiciară,ce,instituție națională,1,0.55
2025-12-22_discutii-publice-la-cotroceni-intre-presedintele-romaniei-ni_7lGgIp,2025-12-22,video-transcript,2025Q4-2026Q1 reformă judiciară,curtea de apel,instituție națională,1,0.641
2025-12-22_discutii-publice-la-cotroceni-intre-presedintele-romaniei-ni_7lGgIp,2025-12-22,video-transcript,2025Q4-2026Q1 reformă judiciară,tribunalul ilfov,instituție națională,1,0.654
2025-12-22_discutii-publice-la-cotroceni-intre-presedintele-romaniei-ni_7lGgIp,2025-12-22,video-transcript,2025Q4-2026Q1 reformă judiciară,cedo,instituție internațională,1,0.629
2025-12-22_discutii-publice-la-cotroceni-intre-presedintele-romaniei-ni_7lGgIp,2025-12-22,video-transcript,2025Q4-2026Q1 reformă judiciară,parlament,instituție națională,3,0.65
2025-12-22_discutii-publice-la-cotroceni-intre-presedintele-romaniei-ni_7lGgIp,2025-12-22,video-transcript,2025Q4-2026Q1 reformă judiciară,înalta curte,instituție națională,8,0.803
2025-12-22_discutii-publice-la-cotroceni-intre-presedintele-romaniei-ni_7lGgIp,2025-12-22,video-transcript,2025Q4-2026Q1 reformă judiciară,curtea de apel bucurești,instituție națională,3,0.763
2025-12-22_discutii-publice-la-cotroceni-intre-presedintele-romaniei-ni_7lGgIp,2025-12-22,video-transcript,2025Q4-2026Q1 reformă judiciară,csm,instituție națională,21,0.778
2025-12-22_discutii-publice-la-cotroceni-intre-presedintele-romaniei-ni_7lGgIp,2025-12-22,video-transcript,2025Q4-2026Q1 reformă judiciară,curțile de apel,instituție națională,3,0.57
2025-12-22_discutii-publice-la-cotroceni-intre-presedintele-romaniei-ni_7lGgIp,2025-12-22,video-transcript,2025Q4-2026Q1 reformă judiciară,inspecția judiciară,instituție națională,5,0.629
2025-12-22_discutii-publice-la-cotroceni-intre-presedintele-romaniei-ni_7lGgIp,2025-12-22,video-transcript,2025Q4-2026Q1 reformă judiciară,clasa politică,partid politic,2,0.512
2025-12-22_discutii-publice-la-cotroceni-intre-presedintele-romaniei-ni_7lGgIp,2025-12-22,video-transcript,2025Q4-2026Q1 reformă judiciară,clasa politică,persoană politică,1,0.526
2025-12-22_discutii-publice-la-cotroceni-intre-presedintele-romaniei-ni_7lGgIp,2025-12-22,video-transcript,2025Q4-2026Q1 reformă judiciară,înalta curte de casație și justiție,instituție națională,1,0.6
2025-12-22_discutii-publice-la-cotroceni-intre-presedintele-romaniei-ni_7lGgIp,2025-12-22,video-transcript,2025Q4-2026Q1 reformă judiciară,ministerul de justiție,instituție națională,3,0.752
2025-12-22_discutii-publice-la-cotroceni-intre-presedintele-romaniei-ni_7lGgIp,2025-12-22,video-transcript,2025Q4-2026Q1 reformă judiciară,uk,țară,1,0.843
2025-12-22_discutii-publice-la-cotroceni-intre-presedintele-romaniei-ni_7lGgIp,2025-12-22,video-transcript,2025Q4-2026Q1 reformă judiciară,inm,instituție națională,1,0.48
2025-12-22_discutii-publice-la-cotroceni-intre-presedintele-romaniei-ni_7lGgIp,2025-12-22,video-transcript,2025Q4-2026Q1 reformă judiciară,ue,instituție internațională,1,0.91
2025-12-22_discutii-publice-la-cotroceni-intre-presedintele-romaniei-ni_7lGgIp,2025-12-22,video-transcript,2025Q4-2026Q1 reformă judiciară,italia,țară,1,0.895
2025-12-22_discutii-publice-la-cotroceni-intre-presedintele-romaniei-ni_7lGgIp,2025-12-22,video-transcript,2025Q4-2026Q1 reformă judiciară,ministerului public,instituție națională,2,0.745
2025-12-22_discutii-publice-la-cotroceni-intre-presedintele-romaniei-ni_7lGgIp,2025-12-22,video-transcript,2025Q4-2026Q1 reformă judiciară,afganistan,țară,2,0.898
2025-12-22_discutii-publice-la-cotroceni-intre-presedintele-romaniei-ni_7lGgIp,2025-12-22,video-transcript,2025Q4-2026Q1 reformă judiciară,curtea supremă,instituție națională,1,0.528
2025-12-22_discutii-publice-la-cotroceni-intre-presedintele-romaniei-ni_7lGgIp,2025-12-22,video-transcript,2025Q4-2026Q1 reformă judiciară,curte de apel,instituție națională,2,0.685
2025-12-22_discutii-publice-la-cotroceni-intre-presedintele-romaniei-ni_7lGgIp,2025-12-22,video-transcript,2025Q4-2026Q1 reformă judiciară,ministerul public,instituție națională,5,0.861
2025-12-22_discutii-publice-la-cotroceni-intre-presedintele-romaniei-ni_7lGgIp,2025-12-22,video-transcript,2025Q4-2026Q1 reformă judiciară,persoană,persoană politică,2,0.536
2025-12-22_discutii-publice-la-cotroceni-intre-presedintele-romaniei-ni_7lGgIp,2025-12-22,video-transcript,2025Q4-2026Q1 reformă judiciară,inspecției judiciare,instituție națională,1,0.671
2025-12-22_discutii-publice-la-cotroceni-intre-presedintele-romaniei-ni_7lGgIp,2025-12-22,video-transcript,2025Q4-2026Q1 reformă judiciară,poliție,instituție națională,3,0.735
2025-12-22_discutii-publice-la-cotroceni-intre-presedintele-romaniei-ni_7lGgIp,2025-12-22,video-transcript,2025Q4-2026Q1 reformă judiciară,polonia,țară,1,0.946
2025-12-22_discutii-publice-la-cotroceni-intre-presedintele-romaniei-ni_7lGgIp,2025-12-22,video-transcript,2025Q4-2026Q1 reformă judiciară,procurorului general scutea,persoană politică,1,0.546
2025-12-22_discutii-publice-la-cotroceni-intre-presedintele-romaniei-ni_7lGgIp,2025-12-22,video-transcript,2025Q4-2026Q1 reformă judiciară,direcția națională anticorupție,instituție națională,1,0.456
2025-12-22_discutii-publice-la-cotroceni-intre-presedintele-romaniei-ni_7lGgIp,2025-12-22,video-transcript,2025Q4-2026Q1 reformă judiciară,dna,instituție națională,5,0.661
2025-12-22_discutii-publice-la-cotroceni-intre-presedintele-romaniei-ni_7lGgIp,2025-12-22,video-transcript,2025Q4-2026Q1 reformă judiciară,consiliului superior a magistraturii,instituție națională,1,0.577
2025-12-22_discutii-publice-la-cotroceni-intre-presedintele-romaniei-ni_7lGgIp,2025-12-22,video-transcript,2025Q4-2026Q1 reformă judiciară,președintele,persoană politică,1,0.644
2025-12-22_discutii-publice-la-cotroceni-intre-presedintele-romaniei-ni_7lGgIp,2025-12-22,video-transcript,2025Q4-2026Q1 reformă judiciară,președinte,persoană politică,1,0.6
2025-12-22_discutii-publice-la-cotroceni-intre-presedintele-romaniei-ni_7lGgIp,2025-12-22,video-transcript,2025Q4-2026Q1 reformă judiciară,justiția penală,instituție națională,1,0.502
2025-12-22_discutii-publice-la-cotroceni-intre-presedintele-romaniei-ni_7lGgIp,2025-12-22,video-transcript,2025Q4-2026Q1 reformă judiciară,domnule președinte,persoană politică,2,0.588
2025-12-22_discutii-publice-la-cotroceni-intre-presedintele-romaniei-ni_7lGgIp,2025-12-22,video-transcript,2025Q4-2026Q1 reformă judiciară,poliția,instituție națională,1,0.649
2025-12-22_discutii-publice-la-cotroceni-intre-presedintele-romaniei-ni_7lGgIp,2025-12-22,video-transcript,2025Q4-2026Q1 reformă judiciară,clasei politice,partid politic,1,0.639
2025-12-22_discutii-publice-la-cotroceni-intre-presedintele-romaniei-ni_7lGgIp,2025-12-22,video-transcript,2025Q4-2026Q1 reformă judiciară,țară,țară,1,0.699
2025-12-22_nicusor-dan-anunta-un-referendum-printre-magistrati-digi24,2025-12-22,video-transcript,2025Q4-2026Q1 reformă judiciară,consiliul superior al magistraturii,instituție națională,4,0.756
2025-12-22_nicusor-dan-anunta-un-referendum-printre-magistrati-digi24,2025-12-22,video-transcript,2025Q4-2026Q1 reformă judiciară,breslei,persoană politică,1,0.464
2025-12-22_nicusor-dan-multe-dintre-cele-semnalate-necesita-verificari,2025-12-22,video-transcript,2025Q4-2026Q1 reformă judiciară,nicușor dan,persoană politică,2,0.904
2026-01-01_nicusor-dan-mesaj-de-condoleante-dupa-incediul-din-elvetia,2026-01-01,video-transcript,2025Q4-2026Q1 reformă judiciară,nicușor dan,persoană politică,1,0.868
2026-01-01_nicusor-dan-mesaj-de-condoleante-dupa-incediul-din-elvetia,2026-01-01,video-transcript,2025Q4-2026Q1 reformă judiciară,elveția,țară,1,0.957
2026-01-01_nicusor-dan-mesaj-de-condoleante-dupa-incediul-din-elvetia,2026-01-01,video-transcript,2025Q4-2026Q1 reformă judiciară,ghi parmelin,persoană politică,1,0.603
2026-01-06_declaratia-presedintelui-romaniei-nicusor-dan-dupa-participa_iZQQF2,2026-01-06,video-transcript,2025Q4-2026Q1 reformă judiciară,președintelui zelenschi,persoană politică,1,0.502
2026-01-06_declaratia-presedintelui-romaniei-nicusor-dan-dupa-participa_iZQQF2,2026-01-06,video-transcript,2025Q4-2026Q1 reformă judiciară,președintelui trump,persoană politică,1,0.595
2026-01-06_declaratia-presedintelui-romaniei-nicusor-dan-dupa-participa_iZQQF2,2026-01-06,video-transcript,2025Q4-2026Q1 reformă judiciară,ucraina,țară,7,0.988
2026-01-06_declaratia-presedintelui-romaniei-nicusor-dan-dupa-participa_iZQQF2,2026-01-06,video-transcript,2025Q4-2026Q1 reformă judiciară,witkov,persoană politică,1,0.698
2026-01-06_declaratia-presedintelui-romaniei-nicusor-dan-dupa-participa_iZQQF2,2026-01-06,video-transcript,2025Q4-2026Q1 reformă judiciară,cușner,persoană politică,1,0.743
2026-01-06_declaratia-presedintelui-romaniei-nicusor-dan-dupa-participa_iZQQF2,2026-01-06,video-transcript,2025Q4-2026Q1 reformă judiciară,norvegia,țară,1,0.862
2026-01-06_declaratia-presedintelui-romaniei-nicusor-dan-dupa-participa_iZQQF2,2026-01-06,video-transcript,2025Q4-2026Q1 reformă judiciară,canada,țară,1,0.958
2026-01-06_declaratia-presedintelui-romaniei-nicusor-dan-dupa-participa_iZQQF2,2026-01-06,video-transcript,2025Q4-2026Q1 reformă judiciară,australia,țară,1,0.937
2026-01-06_declaratia-presedintelui-romaniei-nicusor-dan-dupa-participa_iZQQF2,2026-01-06,video-transcript,2025Q4-2026Q1 reformă judiciară,japonia,țară,1,0.949
2026-01-06_declaratia-presedintelui-romaniei-nicusor-dan-dupa-participa_iZQQF2,2026-01-06,video-transcript,2025Q4-2026Q1 reformă judiciară,sua,țară,4,0.943
2026-01-06_declaratia-presedintelui-romaniei-nicusor-dan-dupa-participa_iZQQF2,2026-01-06,video-transcript,2025Q4-2026Q1 reformă judiciară,rusiei,țară,1,0.451
2026-01-06_declaratia-presedintelui-romaniei-nicusor-dan-dupa-participa_iZQQF2,2026-01-06,video-transcript,2025Q4-2026Q1 reformă judiciară,româniei,țară,3,0.934
2026-01-06_declaratia-presedintelui-romaniei-nicusor-dan-dupa-participa_iZQQF2,2026-01-06,video-transcript,2025Q4-2026Q1 reformă judiciară,românia,țară,11,0.992
2026-01-06_declaratia-presedintelui-romaniei-nicusor-dan-dupa-participa_iZQQF2,2026-01-06,video-transcript,2025Q4-2026Q1 reformă judiciară,venezuela,țară,1,0.796
2026-01-06_declaratia-presedintelui-romaniei-nicusor-dan-dupa-participa_iZQQF2,2026-01-06,video-transcript,2025Q4-2026Q1 reformă judiciară,groenlanda,țară,1,0.714
2026-01-06_declaratia-presedintelui-romaniei-nicusor-dan-dupa-participa_iZQQF2,2026-01-06,video-transcript,2025Q4-2026Q1 reformă judiciară,turcia,țară,1,0.873
2026-01-06_declaratia-presedintelui-romaniei-nicusor-dan-dupa-participa_iZQQF2,2026-01-06,video-transcript,2025Q4-2026Q1 reformă judiciară,bulgaria,țară,1,0.948
2026-01-06_declaratia-presedintelui-romaniei-nicusor-dan-dupa-participa_iZQQF2,2026-01-06,video-transcript,2025Q4-2026Q1 reformă judiciară,statelor unite,țară,1,0.824
2026-01-06_declaratia-presedintelui-romaniei-nicusor-dan-dupa-participa_iZQQF2,2026-01-06,video-transcript,2025Q4-2026Q1 reformă judiciară,franța,țară,1,0.664
2026-01-06_declaratia-presedintelui-romaniei-nicusor-dan-dupa-participa_iZQQF2,2026-01-06,video-transcript,2025Q4-2026Q1 reformă judiciară,curtea constituțională,instituție națională,1,0.721
2026-01-06_declaratia-presedintelui-romaniei-nicusor-dan-dupa-participa_iZQQF2,2026-01-06,video-transcript,2025Q4-2026Q1 reformă judiciară,președintele,persoană politică,3,0.843
2026-01-06_declaratia-presedintelui-romaniei-nicusor-dan-dupa-participa_iZQQF2,2026-01-06,video-transcript,2025Q4-2026Q1 reformă judiciară,parlamentul,instituție națională,2,0.727
2026-01-06_declaratia-presedintelui-romaniei-nicusor-dan-dupa-participa_iZQQF2,2026-01-06,video-transcript,2025Q4-2026Q1 reformă judiciară,parlament,instituție națională,1,0.652
2026-01-06_declaratia-presedintelui-romaniei-nicusor-dan-dupa-participa_iZQQF2,2026-01-06,video-transcript,2025Q4-2026Q1 reformă judiciară,președinte,persoană politică,1,0.757
2026-01-06_declaratia-presedintelui-romaniei-nicusor-dan-dupa-participa_iZQQF2,2026-01-06,video-transcript,2025Q4-2026Q1 reformă judiciară,primul ministru,persoană politică,1,0.638
2026-01-06_declaratia-presedintelui-romaniei-nicusor-dan-dupa-participa_iZQQF2,2026-01-06,video-transcript,2025Q4-2026Q1 reformă judiciară,psd,partid politic,1,0.91
2026-01-06_declaratia-presedintelui-romaniei-nicusor-dan-dupa-participa_iZQQF2,2026-01-06,video-transcript,2025Q4-2026Q1 reformă judiciară,pl,partid politic,1,0.781
2026-01-06_declaratia-presedintelui-romaniei-nicusor-dan-dupa-participa_iZQQF2,2026-01-06,video-transcript,2025Q4-2026Q1 reformă judiciară,consiliul european,instituție internațională,1,0.638
2026-01-06_declaratia-presedintelui-romaniei-nicusor-dan-dupa-participa_iZQQF2,2026-01-06,video-transcript,2025Q4-2026Q1 reformă judiciară,ucrainei,țară,1,0.877
2026-01-06_declaratia-presedintelui-romaniei-nicusor-dan-dupa-participa_iZQQF2,2026-01-06,video-transcript,2025Q4-2026Q1 reformă judiciară,comisia,instituție națională,1,0.532
2026-01-06_declaratia-presedintelui-romaniei-nicusor-dan-dupa-participa_iZQQF2,2026-01-06,video-transcript,2025Q4-2026Q1 reformă judiciară,președintelui,persoană politică,1,0.631
2026-01-06_nicusor-dan-declaratii-la-bordul-avionului-spartan-cu-care-a,2026-01-06,video-transcript,2025Q4-2026Q1 reformă judiciară,românia,țară,2,0.987
2026-01-06_nicusor-dan-suntem-intr-un-context-international-dificil,2026-01-06,video-transcript,2025Q4-2026Q1 reformă judiciară,țara noastră,țară,1,0.757
2026-01-06_nicusor-dan-suntem-intr-un-context-international-dificil,2026-01-06,video-transcript,2025Q4-2026Q1 reformă judiciară,președintele nicușordan,persoană politică,1,0.639
2026-01-06_nicusor-dan-suntem-intr-un-context-international-dificil,2026-01-06,video-transcript,2025Q4-2026Q1 reformă judiciară,românia,țară,2,0.955
2026-01-07_garantii-de-securitate-pentru-ucraina-si-mize-interne-nicuso,2026-01-07,video-transcript,2025Q4-2026Q1 reformă judiciară,ucraina,țară,6,0.983
2026-01-07_garantii-de-securitate-pentru-ucraina-si-mize-interne-nicuso,2026-01-07,video-transcript,2025Q4-2026Q1 reformă judiciară,norvegia,țară,1,0.863
2026-01-07_garantii-de-securitate-pentru-ucraina-si-mize-interne-nicuso,2026-01-07,video-transcript,2025Q4-2026Q1 reformă judiciară,canada,țară,1,0.946
2026-01-07_garantii-de-securitate-pentru-ucraina-si-mize-interne-nicuso,2026-01-07,video-transcript,2025Q4-2026Q1 reformă judiciară,australia,țară,1,0.93
2026-01-07_garantii-de-securitate-pentru-ucraina-si-mize-interne-nicuso,2026-01-07,video-transcript,2025Q4-2026Q1 reformă judiciară,japonia,țară,1,0.936
2026-01-07_garantii-de-securitate-pentru-ucraina-si-mize-interne-nicuso,2026-01-07,video-transcript,2025Q4-2026Q1 reformă judiciară,sua,țară,4,0.901
2026-01-07_garantii-de-securitate-pentru-ucraina-si-mize-interne-nicuso,2026-01-07,video-transcript,2025Q4-2026Q1 reformă judiciară,rusiei,țară,1,0.465
2026-01-07_garantii-de-securitate-pentru-ucraina-si-mize-interne-nicuso,2026-01-07,video-transcript,2025Q4-2026Q1 reformă judiciară,româniei,țară,3,0.945
2026-01-07_garantii-de-securitate-pentru-ucraina-si-mize-interne-nicuso,2026-01-07,video-transcript,2025Q4-2026Q1 reformă judiciară,românia,țară,10,0.975
2026-01-07_garantii-de-securitate-pentru-ucraina-si-mize-interne-nicuso,2026-01-07,video-transcript,2025Q4-2026Q1 reformă judiciară,venezuela,țară,1,0.834
2026-01-07_garantii-de-securitate-pentru-ucraina-si-mize-interne-nicuso,2026-01-07,video-transcript,2025Q4-2026Q1 reformă judiciară,groenlanda,țară,1,0.798
2026-01-07_garantii-de-securitate-pentru-ucraina-si-mize-interne-nicuso,2026-01-07,video-transcript,2025Q4-2026Q1 reformă judiciară,turcia,țară,1,0.85
2026-01-07_garantii-de-securitate-pentru-ucraina-si-mize-interne-nicuso,2026-01-07,video-transcript,2025Q4-2026Q1 reformă judiciară,bulgaria,țară,1,0.908
2026-01-07_garantii-de-securitate-pentru-ucraina-si-mize-interne-nicuso,2026-01-07,video-transcript,2025Q4-2026Q1 reformă judiciară,statelor unite,țară,1,0.622
2026-01-07_garantii-de-securitate-pentru-ucraina-si-mize-interne-nicuso,2026-01-07,video-transcript,2025Q4-2026Q1 reformă judiciară,franța,țară,1,0.769
2026-01-07_garantii-de-securitate-pentru-ucraina-si-mize-interne-nicuso,2026-01-07,video-transcript,2025Q4-2026Q1 reformă judiciară,curtea constituțională,instituție națională,1,0.78
2026-01-07_garantii-de-securitate-pentru-ucraina-si-mize-interne-nicuso,2026-01-07,video-transcript,2025Q4-2026Q1 reformă judiciară,președintele,persoană politică,3,0.882
2026-01-07_garantii-de-securitate-pentru-ucraina-si-mize-interne-nicuso,2026-01-07,video-transcript,2025Q4-2026Q1 reformă judiciară,parlamentul,instituție națională,2,0.586
2026-01-07_garantii-de-securitate-pentru-ucraina-si-mize-interne-nicuso,2026-01-07,video-transcript,2025Q4-2026Q1 reformă judiciară,parlament,instituție națională,1,0.518
2026-01-07_garantii-de-securitate-pentru-ucraina-si-mize-interne-nicuso,2026-01-07,video-transcript,2025Q4-2026Q1 reformă judiciară,ministrul justiției,persoană politică,1,0.62
2026-01-07_garantii-de-securitate-pentru-ucraina-si-mize-interne-nicuso,2026-01-07,video-transcript,2025Q4-2026Q1 reformă judiciară,președinte,persoană politică,1,0.803
2026-01-07_garantii-de-securitate-pentru-ucraina-si-mize-interne-nicuso,2026-01-07,video-transcript,2025Q4-2026Q1 reformă judiciară,primul ministru,persoană politică,1,0.596
2026-01-07_garantii-de-securitate-pentru-ucraina-si-mize-interne-nicuso,2026-01-07,video-transcript,2025Q4-2026Q1 reformă judiciară,psd,partid politic,1,0.898
2026-01-07_garantii-de-securitate-pentru-ucraina-si-mize-interne-nicuso,2026-01-07,video-transcript,2025Q4-2026Q1 reformă judiciară,consiliul european,instituție internațională,1,0.615
2026-01-07_garantii-de-securitate-pentru-ucraina-si-mize-interne-nicuso,2026-01-07,video-transcript,2025Q4-2026Q1 reformă judiciară,ucrainei,țară,1,0.866
2026-01-07_garantii-de-securitate-pentru-ucraina-si-mize-interne-nicuso,2026-01-07,video-transcript,2025Q4-2026Q1 reformă judiciară,pl,partid politic,1,0.856
2026-01-07_garantii-de-securitate-pentru-ucraina-si-mize-interne-nicuso,2026-01-07,video-transcript,2025Q4-2026Q1 reformă judiciară,guvern,instituție națională,1,0.499
2026-01-07_nicusor-dan-e-nevoie-de-un-avion-prezidential,2026-01-07,video-transcript,2025Q4-2026Q1 reformă judiciară,franța,țară,1,0.919
2026-01-07_nicusor-dan-e-nevoie-de-un-avion-prezidential,2026-01-07,video-transcript,2025Q4-2026Q1 reformă judiciară,germania,țară,1,0.888
2026-01-07_nicusor-dan-e-nevoie-de-un-avion-prezidential,2026-01-07,video-transcript,2025Q4-2026Q1 reformă judiciară,președinte,persoană politică,1,0.538
2026-01-07_nicusor-dan-mi-ar-fi-placut-mai-degraba-ca-taxele-sa-scada,2026-01-07,video-transcript,2025Q4-2026Q1 reformă judiciară,guvern,instituție națională,2,0.478
2026-01-07_nicusor-dan-mi-ar-fi-placut-mai-degraba-ca-taxele-sa-scada,2026-01-07,video-transcript,2025Q4-2026Q1 reformă judiciară,parlamentul,instituție națională,1,0.611
2026-01-15_nicusor-dan-ne-asteapta-o-perioada-complicata-si-dificil-de,2026-01-15,video-transcript,2025Q4-2026Q1 reformă judiciară,democrația românească,partid politic,1,0.831
2026-01-15_nicusor-dan-ne-asteapta-o-perioada-complicata-si-dificil-de,2026-01-15,video-transcript,2025Q4-2026Q1 reformă judiciară,scena globală,instituție internațională,1,0.472
2026-01-15_nicusor-dan-ne-asteapta-o-perioada-complicata-si-dificil-de,2026-01-15,video-transcript,2025Q4-2026Q1 reformă judiciară,președinte,persoană politică,1,0.506
2026-01-15_nicusor-dan-romania-sustine-pacea-in-ucraina-si-integrarea-r,2026-01-15,video-transcript,2025Q4-2026Q1 reformă judiciară,româniei,țară,3,0.936
2026-01-15_nicusor-dan-romania-sustine-pacea-in-ucraina-si-integrarea-r,2026-01-15,video-transcript,2025Q4-2026Q1 reformă judiciară,țara noastră,țară,1,0.508
2026-01-15_nicusor-dan-romania-sustine-pacea-in-ucraina-si-integrarea-r,2026-01-15,video-transcript,2025Q4-2026Q1 reformă judiciară,instituțiile statului,instituție națională,1,0.453
2026-01-15_nicusor-dan-romania-sustine-pacea-in-ucraina-si-integrarea-r,2026-01-15,video-transcript,2025Q4-2026Q1 reformă judiciară,românia,țară,21,0.993
2026-01-15_nicusor-dan-romania-sustine-pacea-in-ucraina-si-integrarea-r,2026-01-15,video-transcript,2025Q4-2026Q1 reformă judiciară,președinte,persoană politică,1,0.501
2026-01-15_nicusor-dan-romania-sustine-pacea-in-ucraina-si-integrarea-r,2026-01-15,video-transcript,2025Q4-2026Q1 reformă judiciară,românie,țară,2,0.903
2026-01-15_nicusor-dan-romania-sustine-pacea-in-ucraina-si-integrarea-r,2026-01-15,video-transcript,2025Q4-2026Q1 reformă judiciară,sua,țară,3,0.98
2026-01-15_nicusor-dan-romania-sustine-pacea-in-ucraina-si-integrarea-r,2026-01-15,video-transcript,2025Q4-2026Q1 reformă judiciară,rusia,țară,3,0.851
2026-01-15_nicusor-dan-romania-sustine-pacea-in-ucraina-si-integrarea-r,2026-01-15,video-transcript,2025Q4-2026Q1 reformă judiciară,republicii moldova,țară,3,0.956
2026-01-15_nicusor-dan-romania-sustine-pacea-in-ucraina-si-integrarea-r,2026-01-15,video-transcript,2025Q4-2026Q1 reformă judiciară,statelor unite,țară,2,0.929
2026-01-15_nicusor-dan-romania-sustine-pacea-in-ucraina-si-integrarea-r,2026-01-15,video-transcript,2025Q4-2026Q1 reformă judiciară,ue,instituție internațională,2,0.528
2026-01-15_nicusor-dan-romania-sustine-pacea-in-ucraina-si-integrarea-r,2026-01-15,video-transcript,2025Q4-2026Q1 reformă judiciară,uniunii europene,instituție internațională,1,0.476
2026-01-15_nicusor-dan-romania-sustine-pacea-in-ucraina-si-integrarea-r,2026-01-15,video-transcript,2025Q4-2026Q1 reformă judiciară,președintelui trump,persoană politică,1,0.636
2026-01-15_nicusor-dan-romania-sustine-pacea-in-ucraina-si-integrarea-r,2026-01-15,video-transcript,2025Q4-2026Q1 reformă judiciară,ucraina,țară,2,0.916
2026-01-15_nicusor-dan-romania-sustine-pacea-in-ucraina-si-integrarea-r,2026-01-15,video-transcript,2025Q4-2026Q1 reformă judiciară,ucrainei,țară,1,0.561
2026-01-15_nicusor-dan-romania-sustine-pacea-in-ucraina-si-integrarea-r,2026-01-15,video-transcript,2025Q4-2026Q1 reformă judiciară,r. moldova,țară,1,0.967
2026-01-15_nicusor-dan-romania-sustine-pacea-in-ucraina-si-integrarea-r,2026-01-15,video-transcript,2025Q4-2026Q1 reformă judiciară,mexic,țară,1,0.884
2026-01-15_nicusor-dan-romania-sustine-pacea-in-ucraina-si-integrarea-r,2026-01-15,video-transcript,2025Q4-2026Q1 reformă judiciară,india,țară,1,0.842
2026-01-15_nicusor-dan-romania-sustine-pacea-in-ucraina-si-integrarea-r,2026-01-15,video-transcript,2025Q4-2026Q1 reformă judiciară,indonezia,țară,1,0.861
2026-01-15_nicusor-dan-romania-sustine-pacea-in-ucraina-si-integrarea-r,2026-01-15,video-transcript,2025Q4-2026Q1 reformă judiciară,egiptului,țară,1,0.896
2026-01-15_nicusor-dan-romania-sustine-pacea-in-ucraina-si-integrarea-r,2026-01-15,video-transcript,2025Q4-2026Q1 reformă judiciară,qatarului,țară,1,0.864
2026-01-15_nicusor-dan-romania-sustine-pacea-in-ucraina-si-integrarea-r,2026-01-15,video-transcript,2025Q4-2026Q1 reformă judiciară,turciei,țară,1,0.871
2026-01-15_nicusor-dan-romania-sustine-pacea-in-ucraina-si-integrarea-r,2026-01-15,video-transcript,2025Q4-2026Q1 reformă judiciară,organizația națiunilor unite,instituție internațională,1,0.825
2026-01-15_nicusor-dan-romania-sustine-pacea-in-ucraina-si-integrarea-r,2026-01-15,video-transcript,2025Q4-2026Q1 reformă judiciară,secretar general,persoană politică,1,0.65
2026-01-15_nicusor-dan-romania-sustine-pacea-in-ucraina-si-integrarea-r,2026-01-15,video-transcript,2025Q4-2026Q1 reformă judiciară,ambasadorii,persoană politică,1,0.451
2026-01-15_nicusor-dan-romania-sustine-pacea-in-ucraina-si-integrarea-r,2026-01-15,video-transcript,2025Q4-2026Q1 reformă judiciară,autoritățile române,instituție națională,1,0.465
2026-01-20_nicusor-dan-anunta-azi-daca-merge-la-davos-pentru-consiliul,2026-01-20,video-transcript,2025Q4-2026Q1 reformă judiciară,uniunii europene,instituție internațională,1,0.743
2026-01-20_nicusor-dan-anunta-azi-daca-merge-la-davos-pentru-consiliul,2026-01-20,video-transcript,2025Q4-2026Q1 reformă judiciară,românia,țară,1,0.95
2026-01-22_nicusor-dan-despre-pozitia-romaniei-cu-privire-la-groenlanda,2026-01-22,video-transcript,2025Q4-2026Q1 reformă judiciară,groenlanda,țară,1,0.532
2026-01-22_nicusor-dan-despre-pozitia-romaniei-cu-privire-la-groenlanda,2026-01-22,video-transcript,2025Q4-2026Q1 reformă judiciară,ucraina,țară,1,0.731
2026-01-22_nicusor-dan-despre-pozitia-romaniei-cu-privire-la-groenlanda,2026-01-22,video-transcript,2025Q4-2026Q1 reformă judiciară,românia,țară,3,0.951
2026-01-22_nicusor-dan-despre-pozitia-romaniei-cu-privire-la-groenlanda,2026-01-22,video-transcript,2025Q4-2026Q1 reformă judiciară,româniei,țară,1,0.804
2026-01-22_nicusor-dan-despre-pozitia-romaniei-cu-privire-la-groenlanda,2026-01-22,video-transcript,2025Q4-2026Q1 reformă judiciară,r. moldova,țară,1,0.671
2026-01-23_nicusor-dan-explica-ce-inseamna-ca-nu-a-mers-teleleu-la-davo,2026-01-23,video-transcript,2025Q4-2026Q1 reformă judiciară,statul român,țară,1,0.846
2026-01-24_discursul-lui-nicusor-dan-de-la-iasi-bruiat-de-simpatizantii,2026-01-24,video-transcript,2025Q4-2026Q1 reformă judiciară,românia,țară,5,0.975
2026-01-24_discursul-lui-nicusor-dan-de-la-iasi-bruiat-de-simpatizantii,2026-01-24,video-transcript,2025Q4-2026Q1 reformă judiciară,cogălniceanu,persoană politică,1,0.887
2026-01-24_huiduieli-si-aplauze-la-focsani-nicusor-dan-este-un-drept-pe,2026-01-24,video-transcript,2025Q4-2026Q1 reformă judiciară,clasă politică,partid politic,1,0.505
2026-01-24_huiduieli-si-aplauze-la-focsani-nicusor-dan-este-un-drept-pe,2026-01-24,video-transcript,2025Q4-2026Q1 reformă judiciară,românia,țară,2,0.92
2026-01-24_nicusor-dan-e-democratie-e-libertate-sa-spuna-fiecare-ce-vre,2026-01-24,video-transcript,2025Q4-2026Q1 reformă judiciară,mercosur,instituție internațională,3,0.749
2026-01-24_nicusor-dan-e-democratie-e-libertate-sa-spuna-fiecare-ce-vre,2026-01-24,video-transcript,2025Q4-2026Q1 reformă judiciară,românia,țară,14,0.978
2026-01-24_nicusor-dan-e-democratie-e-libertate-sa-spuna-fiecare-ce-vre,2026-01-24,video-transcript,2025Q4-2026Q1 reformă judiciară,hurezeanu,persoană politică,1,0.614
2026-01-24_nicusor-dan-e-democratie-e-libertate-sa-spuna-fiecare-ce-vre,2026-01-24,video-transcript,2025Q4-2026Q1 reformă judiciară,româniei,țară,2,0.902
2026-01-24_nicusor-dan-e-democratie-e-libertate-sa-spuna-fiecare-ce-vre,2026-01-24,video-transcript,2025Q4-2026Q1 reformă judiciară,mercosură,partid politic,1,0.533
2026-01-24_nicusor-dan-e-democratie-e-libertate-sa-spuna-fiecare-ce-vre,2026-01-24,video-transcript,2025Q4-2026Q1 reformă judiciară,franța,țară,2,0.97
2026-01-24_nicusor-dan-e-democratie-e-libertate-sa-spuna-fiecare-ce-vre,2026-01-24,video-transcript,2025Q4-2026Q1 reformă judiciară,primul ministru,persoană politică,2,0.539
2026-01-24_nicusor-dan-e-democratie-e-libertate-sa-spuna-fiecare-ce-vre,2026-01-24,video-transcript,2025Q4-2026Q1 reformă judiciară,pnl,partid politic,1,0.871
2026-01-24_nicusor-dan-e-democratie-e-libertate-sa-spuna-fiecare-ce-vre,2026-01-24,video-transcript,2025Q4-2026Q1 reformă judiciară,comunitatea politică europeană,instituție internațională,1,0.739
2026-01-24_nicusor-dan-e-democratie-e-libertate-sa-spuna-fiecare-ce-vre,2026-01-24,video-transcript,2025Q4-2026Q1 reformă judiciară,armenia,țară,1,0.867
2026-01-24_nicusor-dan-e-democratie-e-libertate-sa-spuna-fiecare-ce-vre,2026-01-24,video-transcript,2025Q4-2026Q1 reformă judiciară,consiliul european,instituție internațională,1,0.589
2026-01-24_nicusor-dan-e-democratie-e-libertate-sa-spuna-fiecare-ce-vre,2026-01-24,video-transcript,2025Q4-2026Q1 reformă judiciară,ucraina,țară,3,0.947
2026-01-24_nicusor-dan-e-democratie-e-libertate-sa-spuna-fiecare-ce-vre,2026-01-24,video-transcript,2025Q4-2026Q1 reformă judiciară,patru partide,partid politic,1,0.51
2026-01-24_nicusor-dan-la-multi-ani-dragi-focsaneni-care-huiduiti-autor,2026-01-24,video-transcript,2025Q4-2026Q1 reformă judiciară,românia,țară,2,0.914
2026-01-24_nicusor-dan-mae-analizeaza-participarea-romaniei-la-consiliu,2026-01-24,video-transcript,2025Q4-2026Q1 reformă judiciară,românia,țară,2,0.988
2026-01-24_nicusor-dan-mae-analizeaza-participarea-romaniei-la-consiliu,2026-01-24,video-transcript,2025Q4-2026Q1 reformă judiciară,ministerul afacerilor externe,instituție națională,1,0.575
2026-01-24_nicusor-dan-nu-facem-comedii-din-relatia-intre-guvern-si-par,2026-01-24,video-transcript,2025Q4-2026Q1 reformă judiciară,românia,țară,1,0.937
2026-01-24_nicusor-dan-nu-facem-comedii-din-relatia-intre-guvern-si-par,2026-01-24,video-transcript,2025Q4-2026Q1 reformă judiciară,pnl,partid politic,2,0.985
2026-01-24_nicusor-dan-nu-facem-comedii-din-relatia-intre-guvern-si-par,2026-01-24,video-transcript,2025Q4-2026Q1 reformă judiciară,bolojan,persoană politică,1,0.467
2026-01-24_ziua-unirii-principatelor-umbrita-de-proteste-discursul-lui,2026-01-24,video-transcript,2025Q4-2026Q1 reformă judiciară,românia,țară,2,0.938
2026-01-30_nicusor-dan-despre-numirile-la-sri-si-sie-digi24-stiriledigi,2026-01-30,video-transcript,2025Q4-2026Q1 reformă judiciară,președintele,persoană politică,1,0.7
2026-01-30_nicusor-dan-despre-numirile-la-sri-si-sie-digi24-stiriledigi,2026-01-30,video-transcript,2025Q4-2026Q1 reformă judiciară,parlamentul,instituție națională,1,0.573
2026-01-30_nicusor-dan-despre-tensiunile-din-coalitie-nu-exista-alterna,2026-01-30,video-transcript,2025Q4-2026Q1 reformă judiciară,pnl,partid politic,4,0.99
2026-01-30_nicusor-dan-despre-tensiunile-din-coalitie-nu-exista-alterna,2026-01-30,video-transcript,2025Q4-2026Q1 reformă judiciară,bolojan,persoană politică,1,0.575
2026-01-30_nicusor-dan-despre-tensiunile-din-coalitie-nu-exista-alterna,2026-01-30,video-transcript,2025Q4-2026Q1 reformă judiciară,sorin grindeanu,persoană politică,1,0.906
2026-01-30_nicusor-dan-despre-tensiunile-din-coalitie-nu-exista-alterna,2026-01-30,video-transcript,2025Q4-2026Q1 reformă judiciară,usr,partid politic,1,0.956
2026-01-30_nicusor-dan-despre-tensiunile-din-coalitie-nu-exista-alterna,2026-01-30,video-transcript,2025Q4-2026Q1 reformă judiciară,psd,partid politic,2,0.925
2026-01-30_nicusor-dan-despre-tensiunile-din-coalitie-nu-exista-alterna,2026-01-30,video-transcript,2025Q4-2026Q1 reformă judiciară,pnrr,partid politic,2,0.63
2026-01-30_nicusor-dan-despre-tensiunile-din-coalitie-nu-exista-alterna,2026-01-30,video-transcript,2025Q4-2026Q1 reformă judiciară,partide,partid politic,1,0.472
2026-01-30_nicusor-dan-despre-tensiunile-din-coalitie-nu-exista-alterna,2026-01-30,video-transcript,2025Q4-2026Q1 reformă judiciară,românia,țară,10,0.98
2026-01-30_nicusor-dan-despre-tensiunile-din-coalitie-nu-exista-alterna,2026-01-30,video-transcript,2025Q4-2026Q1 reformă judiciară,ue,instituție internațională,4,0.749
2026-01-30_nicusor-dan-despre-tensiunile-din-coalitie-nu-exista-alterna,2026-01-30,video-transcript,2025Q4-2026Q1 reformă judiciară,guvernul,instituție națională,3,0.852
2026-01-30_nicusor-dan-despre-tensiunile-din-coalitie-nu-exista-alterna,2026-01-30,video-transcript,2025Q4-2026Q1 reformă judiciară,româniei,țară,2,0.934
2026-01-30_nicusor-dan-despre-tensiunile-din-coalitie-nu-exista-alterna,2026-01-30,video-transcript,2025Q4-2026Q1 reformă judiciară,statul român,instituție națională,2,0.744
2026-01-30_nicusor-dan-despre-tensiunile-din-coalitie-nu-exista-alterna,2026-01-30,video-transcript,2025Q4-2026Q1 reformă judiciară,țară,țară,1,0.549
2026-01-30_nicusor-dan-despre-tensiunile-din-coalitie-nu-exista-alterna,2026-01-30,video-transcript,2025Q4-2026Q1 reformă judiciară,ministru al sănătății,persoană politică,1,0.481
2026-01-30_nicusor-dan-despre-tensiunile-din-coalitie-nu-exista-alterna,2026-01-30,video-transcript,2025Q4-2026Q1 reformă judiciară,fond monetar internațional,instituție internațională,1,0.662
2026-01-30_nicusor-dan-despre-tensiunile-din-coalitie-nu-exista-alterna,2026-01-30,video-transcript,2025Q4-2026Q1 reformă judiciară,partidului social democrat,partid politic,1,0.956
2026-01-30_nicusor-dan-despre-tensiunile-din-coalitie-nu-exista-alterna,2026-01-30,video-transcript,2025Q4-2026Q1 reformă judiciară,primăria municipiului bucurești,instituție națională,2,0.683
2026-01-30_nicusor-dan-despre-tensiunile-din-coalitie-nu-exista-alterna,2026-01-30,video-transcript,2025Q4-2026Q1 reformă judiciară,consiliul general,instituție națională,1,0.451
2026-01-30_nicusor-dan-despre-tensiunile-din-coalitie-nu-exista-alterna,2026-01-30,video-transcript,2025Q4-2026Q1 reformă judiciară,parlamentul,instituție națională,2,0.73
2026-01-30_nicusor-dan-despre-tensiunile-din-coalitie-nu-exista-alterna,2026-01-30,video-transcript,2025Q4-2026Q1 reformă judiciară,primarul general,persoană politică,1,0.75
2026-01-30_nicusor-dan-despre-tensiunile-din-coalitie-nu-exista-alterna,2026-01-30,video-transcript,2025Q4-2026Q1 reformă judiciară,consiliului de securitate,instituție internațională,2,0.631
2026-01-30_nicusor-dan-despre-tensiunile-din-coalitie-nu-exista-alterna,2026-01-30,video-transcript,2025Q4-2026Q1 reformă judiciară,sua,țară,8,0.958
2026-01-30_nicusor-dan-despre-tensiunile-din-coalitie-nu-exista-alterna,2026-01-30,video-transcript,2025Q4-2026Q1 reformă judiciară,uniunii europene,instituție internațională,1,0.553
2026-01-30_nicusor-dan-despre-tensiunile-din-coalitie-nu-exista-alterna,2026-01-30,video-transcript,2025Q4-2026Q1 reformă judiciară,statelor unite,țară,1,0.913
2026-01-30_nicusor-dan-despre-tensiunile-din-coalitie-nu-exista-alterna,2026-01-30,video-transcript,2025Q4-2026Q1 reformă judiciară,consiliul european,instituție națională,1,0.498
2026-01-30_nicusor-dan-despre-tensiunile-din-coalitie-nu-exista-alterna,2026-01-30,video-transcript,2025Q4-2026Q1 reformă judiciară,comisiei europene,instituție națională,1,0.524
2026-01-30_nicusor-dan-despre-tensiunile-din-coalitie-nu-exista-alterna,2026-01-30,video-transcript,2025Q4-2026Q1 reformă judiciară,america de sud,țară,1,0.792
2026-01-30_nicusor-dan-despre-tensiunile-din-coalitie-nu-exista-alterna,2026-01-30,video-transcript,2025Q4-2026Q1 reformă judiciară,india,țară,1,0.822
2026-01-30_nicusor-dan-despre-tensiunile-din-coalitie-nu-exista-alterna,2026-01-30,video-transcript,2025Q4-2026Q1 reformă judiciară,trump,persoană politică,1,0.966
2026-01-30_nicusor-dan-despre-tensiunile-din-coalitie-nu-exista-alterna,2026-01-30,video-transcript,2025Q4-2026Q1 reformă judiciară,marc rute,persoană politică,1,0.897
2026-01-30_nicusor-dan-despre-tensiunile-din-coalitie-nu-exista-alterna,2026-01-30,video-transcript,2025Q4-2026Q1 reformă judiciară,președintele româniei,partid politic,1,0.534
2026-01-30_nicusor-dan-despre-tensiunile-din-coalitie-nu-exista-alterna,2026-01-30,video-transcript,2025Q4-2026Q1 reformă judiciară,franța,țară,2,0.983
2026-01-30_nicusor-dan-despre-tensiunile-din-coalitie-nu-exista-alterna,2026-01-30,video-transcript,2025Q4-2026Q1 reformă judiciară,germania,țară,1,0.966
2026-01-30_nicusor-dan-despre-tensiunile-din-coalitie-nu-exista-alterna,2026-01-30,video-transcript,2025Q4-2026Q1 reformă judiciară,premierul,persoană politică,1,0.51
2026-01-30_nicusor-dan-despre-tensiunile-din-coalitie-nu-exista-alterna,2026-01-30,video-transcript,2025Q4-2026Q1 reformă judiciară,austria,țară,1,0.958
2026-01-30_nicusor-dan-despre-tensiunile-din-coalitie-nu-exista-alterna,2026-01-30,video-transcript,2025Q4-2026Q1 reformă judiciară,ce,instituție internațională,1,0.685
2026-01-30_nicusor-dan-despre-tensiunile-din-coalitie-nu-exista-alterna_9sksTM,2026-01-30,video-transcript,2025Q4-2026Q1 reformă judiciară,bolojan,persoană politică,2,0.97
2026-01-30_nicusor-dan-despre-tensiunile-din-coalitie-nu-exista-alterna_9sksTM,2026-01-30,video-transcript,2025Q4-2026Q1 reformă judiciară,pnl,partid politic,1,0.968
2026-01-30_nicusor-dan-despre-tensiunile-din-coalitie-nu-exista-alterna_9sksTM,2026-01-30,video-transcript,2025Q4-2026Q1 reformă judiciară,psd,partid politic,1,0.922
2026-01-30_nicusor-dan-nu-exista-risc-de-crestere-de-taxe-in-viitorul-a,2026-01-30,video-transcript,2025Q4-2026Q1 reformă judiciară,guvernul,instituție națională,2,0.709
2026-01-30_nicusor-dan-un-guvern-minoritar-putin-probabil-bolojan-a-rap,2026-01-30,video-transcript,2025Q4-2026Q1 reformă judiciară,domnul bolojan,persoană politică,2,0.671
2026-01-30_nicusor-dan-un-guvern-minoritar-putin-probabil-bolojan-a-rap,2026-01-30,video-transcript,2025Q4-2026Q1 reformă judiciară,sorin grindeanu,persoană politică,1,0.901
2026-02-09_participa-sau-nu-romania-la-consiliul-pentru-pace-al-lui-tru,2026-02-09,video-transcript,2025Q4-2026Q1 reformă judiciară,româniei,țară,1,0.955
2026-02-12_ce-spune-nicusor-dan-despre-participarea-romaniei-la-prima-e,2026-02-12,video-transcript,2025Q4-2026Q1 reformă judiciară,românia,țară,2,0.99
2026-02-12_ce-spune-nicusor-dan-despre-participarea-romaniei-la-prima-e,2026-02-12,video-transcript,2025Q4-2026Q1 reformă judiciară,israelul,țară,1,0.858
2026-02-12_declaratii-de-presa-sustinute-de-presedintele-romaniei-nicus,2026-02-12,video-transcript,2025Q4-2026Q1 reformă judiciară,sua,țară,3,0.942
2026-02-12_declaratii-de-presa-sustinute-de-presedintele-romaniei-nicus,2026-02-12,video-transcript,2025Q4-2026Q1 reformă judiciară,india,țară,1,0.867
2026-02-12_declaratii-de-presa-sustinute-de-presedintele-romaniei-nicus,2026-02-12,video-transcript,2025Q4-2026Q1 reformă judiciară,românia,țară,4,0.982
2026-02-12_declaratii-de-presa-sustinute-de-presedintele-romaniei-nicus,2026-02-12,video-transcript,2025Q4-2026Q1 reformă judiciară,china,țară,1,0.906
2026-02-12_declaratii-de-presa-sustinute-de-presedintele-romaniei-nicus,2026-02-12,video-transcript,2025Q4-2026Q1 reformă judiciară,uniunii europene,instituție internațională,2,0.537
2026-02-12_declaratii-de-presa-sustinute-de-presedintele-romaniei-nicus,2026-02-12,video-transcript,2025Q4-2026Q1 reformă judiciară,israelul,țară,1,0.908
2026-02-12_nicusor-dan-anunt-de-la-consiliul-european-il-refuza-din-nou,2026-02-12,video-transcript,2025Q4-2026Q1 reformă judiciară,comisia,instituție națională,2,0.736
2026-02-12_nicusor-dan-anunt-de-la-consiliul-european-il-refuza-din-nou,2026-02-12,video-transcript,2025Q4-2026Q1 reformă judiciară,românia,țară,3,0.911
2026-02-12_nicusor-dan-anunt-de-la-consiliul-european-il-refuza-din-nou,2026-02-12,video-transcript,2025Q4-2026Q1 reformă judiciară,sua,țară,2,0.817
2026-02-12_nicusor-dan-anunt-de-la-consiliul-european-il-refuza-din-nou,2026-02-12,video-transcript,2025Q4-2026Q1 reformă judiciară,china,țară,1,0.673
2026-02-12_nicusor-dan-anunt-de-la-consiliul-european-il-refuza-din-nou,2026-02-12,video-transcript,2025Q4-2026Q1 reformă judiciară,europa,instituție internațională,2,0.581
2026-02-12_nicusor-dan-anunt-de-la-consiliul-european-il-refuza-din-nou,2026-02-12,video-transcript,2025Q4-2026Q1 reformă judiciară,româniei,țară,1,0.874
2026-02-12_nicusor-dan-anunt-de-la-consiliul-european-il-refuza-din-nou,2026-02-12,video-transcript,2025Q4-2026Q1 reformă judiciară,domnul ministru,persoană politică,1,0.615
2026-02-12_nicusor-dan-anunt-de-la-consiliul-european-il-refuza-din-nou,2026-02-12,video-transcript,2025Q4-2026Q1 reformă judiciară,csat,instituție națională,2,0.498
2026-02-12_nicusor-dan-anunt-de-la-consiliul-european-il-refuza-din-nou,2026-02-12,video-transcript,2025Q4-2026Q1 reformă judiciară,președintelui trump,persoană politică,1,0.655
2026-02-12_nicusor-dan-anunt-de-la-consiliul-european-il-refuza-din-nou,2026-02-12,video-transcript,2025Q4-2026Q1 reformă judiciară,statelor unite,țară,1,0.784
2026-02-12_nicusor-dan-anunt-de-la-consiliul-european-il-refuza-din-nou,2026-02-12,video-transcript,2025Q4-2026Q1 reformă judiciară,ue,instituție internațională,1,0.745
2026-02-12_nicusor-dan-anunt-de-la-consiliul-european-il-refuza-din-nou,2026-02-12,video-transcript,2025Q4-2026Q1 reformă judiciară,india,țară,1,0.91
2026-02-12_nicusor-dan-anunt-de-la-consiliul-european-il-refuza-din-nou,2026-02-12,video-transcript,2025Q4-2026Q1 reformă judiciară,mercosur,instituție internațională,1,0.533
2026-02-12_nicusor-dan-despre-candidatii-la-sefia-parchetelor-sunt-pers,2026-02-12,video-transcript,2025Q4-2026Q1 reformă judiciară,marius voinag,persoană politică,1,0.762
2026-02-12_nicusor-dan-dupa-summitul-din-belgia-comisia-europeana-va-pr,2026-02-12,video-transcript,2025Q4-2026Q1 reformă judiciară,comisia,instituție internațională,3,0.853
2026-02-12_nicusor-dan-dupa-summitul-din-belgia-comisia-europeana-va-pr,2026-02-12,video-transcript,2025Q4-2026Q1 reformă judiciară,țară membră,țară,1,0.456
2026-02-12_nicusor-dan-dupa-summitul-din-belgia-comisia-europeana-va-pr,2026-02-12,video-transcript,2025Q4-2026Q1 reformă judiciară,românia,țară,4,0.963
2026-02-12_nicusor-dan-dupa-summitul-din-belgia-comisia-europeana-va-pr,2026-02-12,video-transcript,2025Q4-2026Q1 reformă judiciară,sua,țară,3,0.946
2026-02-12_nicusor-dan-dupa-summitul-din-belgia-comisia-europeana-va-pr,2026-02-12,video-transcript,2025Q4-2026Q1 reformă judiciară,china,țară,1,0.813
2026-02-12_nicusor-dan-dupa-summitul-din-belgia-comisia-europeana-va-pr,2026-02-12,video-transcript,2025Q4-2026Q1 reformă judiciară,europa,instituție internațională,4,0.583
2026-02-12_nicusor-dan-dupa-summitul-din-belgia-comisia-europeana-va-pr,2026-02-12,video-transcript,2025Q4-2026Q1 reformă judiciară,româniei,țară,1,0.885
2026-02-12_nicusor-dan-dupa-summitul-din-belgia-comisia-europeana-va-pr,2026-02-12,video-transcript,2025Q4-2026Q1 reformă judiciară,domnul ministru,persoană politică,1,0.626
2026-02-12_nicusor-dan-dupa-summitul-din-belgia-comisia-europeana-va-pr,2026-02-12,video-transcript,2025Q4-2026Q1 reformă judiciară,csat,instituție națională,2,0.511
2026-02-12_nicusor-dan-dupa-summitul-din-belgia-comisia-europeana-va-pr,2026-02-12,video-transcript,2025Q4-2026Q1 reformă judiciară,nato,instituție internațională,1,0.473
2026-02-12_nicusor-dan-dupa-summitul-din-belgia-comisia-europeana-va-pr,2026-02-12,video-transcript,2025Q4-2026Q1 reformă judiciară,președintelui trump,persoană politică,1,0.585
2026-02-12_nicusor-dan-dupa-summitul-din-belgia-comisia-europeana-va-pr,2026-02-12,video-transcript,2025Q4-2026Q1 reformă judiciară,statelor unite,țară,2,0.928
2026-02-12_nicusor-dan-dupa-summitul-din-belgia-comisia-europeana-va-pr,2026-02-12,video-transcript,2025Q4-2026Q1 reformă judiciară,ue,instituție internațională,1,0.684
2026-02-12_nicusor-dan-dupa-summitul-din-belgia-comisia-europeana-va-pr,2026-02-12,video-transcript,2025Q4-2026Q1 reformă judiciară,india,țară,1,0.913
2026-02-12_nicusor-dan-dupa-summitul-din-belgia-comisia-europeana-va-pr,2026-02-12,video-transcript,2025Q4-2026Q1 reformă judiciară,mercosur,instituție internațională,2,0.727
2026-02-12_nicusor-dan-dupa-summitul-din-belgia-comisia-europeana-va-pr,2026-02-12,video-transcript,2025Q4-2026Q1 reformă judiciară,statul român,țară,1,0.84
2026-02-12_nicusor-dan-dupa-summitul-din-belgia-comisia-europeana-va-pr,2026-02-12,video-transcript,2025Q4-2026Q1 reformă judiciară,parlament,instituție națională,1,0.625
2026-02-12_nicusor-dan-dupa-summitul-din-belgia-comisia-europeana-va-pr,2026-02-12,video-transcript,2025Q4-2026Q1 reformă judiciară,ministrul de finanțe,persoană politică,1,0.488
2026-02-12_nicusor-dan-dupa-summitul-din-belgia-comisia-europeana-va-pr,2026-02-12,video-transcript,2025Q4-2026Q1 reformă judiciară,marius voinag,persoană politică,1,0.661
2026-02-12_nicusor-dan-dupa-summitul-din-belgia-comisia-europeana-va-pr,2026-02-12,video-transcript,2025Q4-2026Q1 reformă judiciară,parlamentul european,instituție internațională,1,0.694
2026-02-12_nicusor-dan-dupa-summitul-din-belgia-comisia-europeana-va-pr,2026-02-12,video-transcript,2025Q4-2026Q1 reformă judiciară,ets,instituție internațională,1,0.516
2026-02-12_nicusor-dan-este-evidenta-tergiversarea-ccr-imi-doresc-o-asu,2026-02-12,video-transcript,2025Q4-2026Q1 reformă judiciară,curții constituționale,instituție națională,1,0.738
2026-02-12_nicusor-dan-pretul-energiei-este-o-chestiune-foarte-importan,2026-02-12,video-transcript,2025Q4-2026Q1 reformă judiciară,românia,țară,1,0.896
2026-02-12_nicusor-dan-pretul-energiei-este-o-chestiune-foarte-importan,2026-02-12,video-transcript,2025Q4-2026Q1 reformă judiciară,sua,țară,1,0.844
2026-02-12_nicusor-dan-pretul-energiei-este-o-chestiune-foarte-importan,2026-02-12,video-transcript,2025Q4-2026Q1 reformă judiciară,china,țară,1,0.944
2026-02-13_declaratiile-presedintelui-romaniei-nicusor-dan-dupa-reuniun,2026-02-13,video-transcript,2025Q4-2026Q1 reformă judiciară,românia,țară,4,0.962
2026-02-13_declaratiile-presedintelui-romaniei-nicusor-dan-dupa-reuniun,2026-02-13,video-transcript,2025Q4-2026Q1 reformă judiciară,europa,țară,3,0.648
2026-02-13_declaratiile-presedintelui-romaniei-nicusor-dan-dupa-reuniun,2026-02-13,video-transcript,2025Q4-2026Q1 reformă judiciară,sua,țară,3,0.951
2026-02-13_declaratiile-presedintelui-romaniei-nicusor-dan-dupa-reuniun,2026-02-13,video-transcript,2025Q4-2026Q1 reformă judiciară,china,țară,1,0.781
2026-02-13_declaratiile-presedintelui-romaniei-nicusor-dan-dupa-reuniun,2026-02-13,video-transcript,2025Q4-2026Q1 reformă judiciară,europa,instituție internațională,2,0.664
2026-02-13_declaratiile-presedintelui-romaniei-nicusor-dan-dupa-reuniun,2026-02-13,video-transcript,2025Q4-2026Q1 reformă judiciară,româniei,țară,1,0.861
2026-02-13_declaratiile-presedintelui-romaniei-nicusor-dan-dupa-reuniun,2026-02-13,video-transcript,2025Q4-2026Q1 reformă judiciară,domnul ministru,persoană politică,1,0.538
2026-02-13_declaratiile-presedintelui-romaniei-nicusor-dan-dupa-reuniun,2026-02-13,video-transcript,2025Q4-2026Q1 reformă judiciară,csat,țară,1,0.465
2026-02-13_declaratiile-presedintelui-romaniei-nicusor-dan-dupa-reuniun,2026-02-13,video-transcript,2025Q4-2026Q1 reformă judiciară,uniunii europene,instituție internațională,1,0.564
2026-02-13_declaratiile-presedintelui-romaniei-nicusor-dan-dupa-reuniun,2026-02-13,video-transcript,2025Q4-2026Q1 reformă judiciară,președintelui trump,persoană politică,1,0.58
2026-02-13_declaratiile-presedintelui-romaniei-nicusor-dan-dupa-reuniun,2026-02-13,video-transcript,2025Q4-2026Q1 reformă judiciară,statelor unite,țară,2,0.937
2026-02-13_declaratiile-presedintelui-romaniei-nicusor-dan-dupa-reuniun,2026-02-13,video-transcript,2025Q4-2026Q1 reformă judiciară,ue,instituție internațională,1,0.567
2026-02-13_declaratiile-presedintelui-romaniei-nicusor-dan-dupa-reuniun,2026-02-13,video-transcript,2025Q4-2026Q1 reformă judiciară,india,țară,1,0.894
2026-02-13_declaratiile-presedintelui-romaniei-nicusor-dan-dupa-reuniun,2026-02-13,video-transcript,2025Q4-2026Q1 reformă judiciară,mercosur,instituție internațională,2,0.729
2026-02-13_declaratiile-presedintelui-romaniei-nicusor-dan-dupa-reuniun,2026-02-13,video-transcript,2025Q4-2026Q1 reformă judiciară,statul român,țară,1,0.832
2026-02-13_declaratiile-presedintelui-romaniei-nicusor-dan-dupa-reuniun,2026-02-13,video-transcript,2025Q4-2026Q1 reformă judiciară,parlament,instituție națională,1,0.611
2026-02-13_declaratiile-presedintelui-romaniei-nicusor-dan-dupa-reuniun,2026-02-13,video-transcript,2025Q4-2026Q1 reformă judiciară,ministrul de finanțe,persoană politică,1,0.484
2026-02-13_declaratiile-presedintelui-romaniei-nicusor-dan-dupa-reuniun,2026-02-13,video-transcript,2025Q4-2026Q1 reformă judiciară,diicotului,persoană politică,1,0.475
2026-02-13_declaratiile-presedintelui-romaniei-nicusor-dan-dupa-reuniun,2026-02-13,video-transcript,2025Q4-2026Q1 reformă judiciară,parlamentul european,instituție internațională,1,0.668
2026-02-13_declaratiile-presedintelui-romaniei-nicusor-dan-dupa-reuniun,2026-02-13,video-transcript,2025Q4-2026Q1 reformă judiciară,ets,instituție internațională,1,0.568
2026-02-13_nicusor-dan-despre-propunerile-privind-scaderea-pretului-ene,2026-02-13,video-transcript,2025Q4-2026Q1 reformă judiciară,csat,instituție națională,1,0.582
2026-02-13_nicusor-dan-in-ciuda-atacurilor-coalitia-functioneaza-mai-bi,2026-02-13,video-transcript,2025Q4-2026Q1 reformă judiciară,statul român,țară,1,0.855
2026-02-17_nicusor-dan-prezenta-la-consiliul-de-pace-necesara-dupa-anul,2026-02-17,video-transcript,2025Q4-2026Q1 reformă judiciară,românia,țară,2,0.987
2026-02-17_nicusor-dan-prezenta-la-consiliul-de-pace-necesara-dupa-anul,2026-02-17,video-transcript,2025Q4-2026Q1 reformă judiciară,româniei,țară,1,0.932
2026-02-17_nicusor-dan-prezenta-la-consiliul-de-pace-necesara-dupa-anul,2026-02-17,video-transcript,2025Q4-2026Q1 reformă judiciară,sua,țară,1,0.76
2026-02-19_declaratii-de-presa-sustinute-de-presedintele-romaniei-nicus,2026-02-19,video-transcript,2025Q4-2026Q1 reformă judiciară,românia,țară,7,0.975
2026-02-19_declaratii-de-presa-sustinute-de-presedintele-romaniei-nicus,2026-02-19,video-transcript,2025Q4-2026Q1 reformă judiciară,sua,țară,7,0.946
2026-02-19_declaratii-de-presa-sustinute-de-presedintele-romaniei-nicus,2026-02-19,video-transcript,2025Q4-2026Q1 reformă judiciară,româniei,țară,2,0.802
2026-02-19_declaratii-de-presa-sustinute-de-presedintele-romaniei-nicus,2026-02-19,video-transcript,2025Q4-2026Q1 reformă judiciară,ue,instituție internațională,3,0.777
2026-02-19_declaratii-de-presa-sustinute-de-presedintele-romaniei-nicus,2026-02-19,video-transcript,2025Q4-2026Q1 reformă judiciară,israel,țară,1,0.897
2026-02-19_declaratii-de-presa-sustinute-de-presedintele-romaniei-nicus,2026-02-19,video-transcript,2025Q4-2026Q1 reformă judiciară,organizația internaționale a sănătății,instituție internațională,1,0.616
2026-02-19_declaratii-de-presa-sustinute-de-presedintele-romaniei-nicus,2026-02-19,video-transcript,2025Q4-2026Q1 reformă judiciară,ministerul de externe,instituție națională,1,0.455
2026-02-19_declaratii-de-presa-sustinute-de-presedintele-romaniei-nicus,2026-02-19,video-transcript,2025Q4-2026Q1 reformă judiciară,ce,instituție internațională,1,0.63
2026-02-19_declaratii-de-presa-sustinute-de-presedintele-romaniei-nicus,2026-02-19,video-transcript,2025Q4-2026Q1 reformă judiciară,ambasada,instituție națională,1,0.451
2026-02-19_declaratii-de-presa-sustinute-de-presedintele-romaniei-nicus,2026-02-19,video-transcript,2025Q4-2026Q1 reformă judiciară,mark rubio,persoană politică,1,0.677
2026-02-19_declaratii-de-presa-sustinute-de-presedintele-romaniei-nicus,2026-02-19,video-transcript,2025Q4-2026Q1 reformă judiciară,ambasadei,instituție națională,1,0.643
2026-02-19_interviu-exclusiv-cu-nicusor-dan-dupa-intalnirea-cu-trump,2026-02-19,video-transcript,2025Q4-2026Q1 reformă judiciară,românia,țară,12,0.984
2026-02-19_interviu-exclusiv-cu-nicusor-dan-dupa-intalnirea-cu-trump,2026-02-19,video-transcript,2025Q4-2026Q1 reformă judiciară,sua,țară,5,0.972
2026-02-19_interviu-exclusiv-cu-nicusor-dan-dupa-intalnirea-cu-trump,2026-02-19,video-transcript,2025Q4-2026Q1 reformă judiciară,președintelui trump,persoană politică,1,0.797
2026-02-19_interviu-exclusiv-cu-nicusor-dan-dupa-intalnirea-cu-trump,2026-02-19,video-transcript,2025Q4-2026Q1 reformă judiciară,statelor unite,țară,2,0.833
2026-02-19_interviu-exclusiv-cu-nicusor-dan-dupa-intalnirea-cu-trump,2026-02-19,video-transcript,2025Q4-2026Q1 reformă judiciară,ce,instituție internațională,1,0.81
2026-02-19_interviu-exclusiv-cu-nicusor-dan-dupa-intalnirea-cu-trump,2026-02-19,video-transcript,2025Q4-2026Q1 reformă judiciară,lider,persoană politică,1,0.486
2026-02-19_interviu-exclusiv-cu-nicusor-dan-dupa-intalnirea-cu-trump,2026-02-19,video-transcript,2025Q4-2026Q1 reformă judiciară,ue,instituție internațională,2,0.812
2026-02-19_interviu-exclusiv-cu-nicusor-dan-dupa-intalnirea-cu-trump,2026-02-19,video-transcript,2025Q4-2026Q1 reformă judiciară,băncii mondiale,instituție internațională,1,0.588
2026-02-19_interviu-exclusiv-cu-nicusor-dan-dupa-intalnirea-cu-trump,2026-02-19,video-transcript,2025Q4-2026Q1 reformă judiciară,banca mondială,instituție internațională,2,0.79
2026-02-19_interviu-exclusiv-cu-nicusor-dan-dupa-intalnirea-cu-trump,2026-02-19,video-transcript,2025Q4-2026Q1 reformă judiciară,fondul monetar internațional,instituție internațională,1,0.932
2026-02-19_interviu-exclusiv-cu-nicusor-dan-dupa-intalnirea-cu-trump,2026-02-19,video-transcript,2025Q4-2026Q1 reformă judiciară,partidele,partid politic,2,0.823
2026-02-19_interviu-exclusiv-cu-nicusor-dan-dupa-intalnirea-cu-trump,2026-02-19,video-transcript,2025Q4-2026Q1 reformă judiciară,partide,partid politic,2,0.841
2026-02-19_nicusor-dan-discurs-la-consiliul-pentru-pace-in-sua-avem-bur,2026-02-19,video-transcript,2025Q4-2026Q1 reformă judiciară,românia,țară,2,0.96
2026-02-19_nicusor-dan-discurs-la-consiliul-pentru-pace-in-sua-avem-bur,2026-02-19,video-transcript,2025Q4-2026Q1 reformă judiciară,poliția,instituție națională,1,0.464
2026-02-19_nicusor-dan-discurs-la-consiliul-pentru-pace-in-sua-avem-bur,2026-02-19,video-transcript,2025Q4-2026Q1 reformă judiciară,justiția,instituție națională,1,0.461
2026-02-19_nicusor-dan-discurs-la-consiliul-pentru-pace-in-sua-avem-bur,2026-02-19,video-transcript,2025Q4-2026Q1 reformă judiciară,administrația publică,instituție națională,1,0.524
2026-02-19_prima-reactie-a-lui-nicusor-dan-dupa-ce-donald-trump-l-a-num,2026-02-19,video-transcript,2025Q4-2026Q1 reformă judiciară,româniei,țară,1,0.916
2026-02-19_prima-reactie-a-lui-nicusor-dan-dupa-ce-donald-trump-l-a-num,2026-02-19,video-transcript,2025Q4-2026Q1 reformă judiciară,nicușor dan,persoană politică,1,0.912
2026-02-20_nicusor-dan-nu-alegem-intre-sua-si-ue-romania-trebuie-sa-fie,2026-02-20,video-transcript,2025Q4-2026Q1 reformă judiciară,sua,țară,3,0.956
2026-02-20_nicusor-dan-nu-alegem-intre-sua-si-ue-romania-trebuie-sa-fie,2026-02-20,video-transcript,2025Q4-2026Q1 reformă judiciară,ue,instituție internațională,2,0.904
2026-02-20_nicusor-dan-nu-alegem-intre-sua-si-ue-romania-trebuie-sa-fie,2026-02-20,video-transcript,2025Q4-2026Q1 reformă judiciară,ce,instituție internațională,1,0.603
2026-02-20_presedintele-nicusor-dan-problema-legitimitatii-administrati,2026-02-20,video-transcript,2025Q4-2026Q1 reformă judiciară,trump,persoană politică,3,0.945
2026-02-20_presedintele-nicusor-dan-problema-legitimitatii-administrati,2026-02-20,video-transcript,2025Q4-2026Q1 reformă judiciară,statelor unite,țară,2,0.876
2026-02-20_presedintele-nicusor-dan-problema-legitimitatii-administrati,2026-02-20,video-transcript,2025Q4-2026Q1 reformă judiciară,board of peace,instituție internațională,1,0.599
2026-02-20_presedintele-nicusor-dan-problema-legitimitatii-administrati,2026-02-20,video-transcript,2025Q4-2026Q1 reformă judiciară,românia,țară,6,0.986
2026-02-20_presedintele-nicusor-dan-problema-legitimitatii-administrati,2026-02-20,video-transcript,2025Q4-2026Q1 reformă judiciară,sua,țară,7,0.955
2026-02-20_presedintele-nicusor-dan-problema-legitimitatii-administrati,2026-02-20,video-transcript,2025Q4-2026Q1 reformă judiciară,ce,instituție internațională,1,0.59
2026-02-20_presedintele-nicusor-dan-problema-legitimitatii-administrati,2026-02-20,video-transcript,2025Q4-2026Q1 reformă judiciară,ue,instituție internațională,1,0.587
2026-02-20_presedintele-nicusor-dan-problema-legitimitatii-administrati,2026-02-20,video-transcript,2025Q4-2026Q1 reformă judiciară,româniei,țară,2,0.836
2026-02-20_presedintele-nicusor-dan-problema-legitimitatii-administrati,2026-02-20,video-transcript,2025Q4-2026Q1 reformă judiciară,primul ministru,persoană politică,1,0.522
2026-02-20_presedintele-nicusor-dan-problema-legitimitatii-administrati,2026-02-20,video-transcript,2025Q4-2026Q1 reformă judiciară,diplomați,persoană politică,1,0.513
2026-02-20_presedintele-nicusor-dan-problema-legitimitatii-administrati,2026-02-20,video-transcript,2025Q4-2026Q1 reformă judiciară,miniștrii,persoană politică,1,0.48
2026-02-24_nicusor-dan-explica-de-ce-nu-a-promulgat-legea-pensiilor-spe,2026-02-24,video-transcript,2025Q4-2026Q1 reformă judiciară,nicușor dan,persoană politică,1,0.788
2026-02-24_nicusor-dan-explica-de-ce-nu-a-promulgat-legea-pensiilor-spe,2026-02-24,video-transcript,2025Q4-2026Q1 reformă judiciară,ccr,instituție națională,2,0.834
2026-03-05_acum-nicusor-dan-anunta-daca-romania-va-gazdui-arme-nucleare,2026-03-05,video-transcript,2026Q2 cotitură UE + criză guvern,polonia,țară,5,0.991
2026-03-05_acum-nicusor-dan-anunta-daca-romania-va-gazdui-arme-nucleare,2026-03-05,video-transcript,2026Q2 cotitură UE + criză guvern,românia,țară,7,0.985
2026-03-05_acum-nicusor-dan-anunta-daca-romania-va-gazdui-arme-nucleare,2026-03-05,video-transcript,2026Q2 cotitură UE + criză guvern,româniei,țară,2,0.961
2026-03-05_acum-nicusor-dan-anunta-daca-romania-va-gazdui-arme-nucleare,2026-03-05,video-transcript,2026Q2 cotitură UE + criză guvern,poloniei,țară,1,0.942
2026-03-05_acum-nicusor-dan-anunta-daca-romania-va-gazdui-arme-nucleare,2026-03-05,video-transcript,2026Q2 cotitură UE + criză guvern,ocde,instituție internațională,1,0.544
2026-03-05_acum-nicusor-dan-anunta-daca-romania-va-gazdui-arme-nucleare,2026-03-05,video-transcript,2026Q2 cotitură UE + criză guvern,moldova,țară,1,0.817
2026-03-05_acum-nicusor-dan-anunta-daca-romania-va-gazdui-arme-nucleare,2026-03-05,video-transcript,2026Q2 cotitură UE + criză guvern,ucraina,țară,2,0.983
2026-03-05_acum-nicusor-dan-anunta-daca-romania-va-gazdui-arme-nucleare,2026-03-05,video-transcript,2026Q2 cotitură UE + criză guvern,prima doamnă,persoană politică,1,0.829
2026-03-05_acum-nicusor-dan-anunta-daca-romania-va-gazdui-arme-nucleare,2026-03-05,video-transcript,2026Q2 cotitură UE + criză guvern,finlanda,țară,1,0.986
2026-03-05_acum-nicusor-dan-anunta-daca-romania-va-gazdui-arme-nucleare,2026-03-05,video-transcript,2026Q2 cotitură UE + criză guvern,suedia,țară,1,0.988
2026-03-05_acum-nicusor-dan-anunta-daca-romania-va-gazdui-arme-nucleare,2026-03-05,video-transcript,2026Q2 cotitură UE + criză guvern,norvegia,țară,1,0.988
2026-03-05_acum-nicusor-dan-anunta-daca-romania-va-gazdui-arme-nucleare,2026-03-05,video-transcript,2026Q2 cotitură UE + criză guvern,danemarca,țară,1,0.99
2026-03-05_nicusor-dan-conferinta-de-presa-in-polonia-stiri-b1tv-5-mar,2026-03-05,video-transcript,2026Q2 cotitură UE + criză guvern,românia,țară,9,0.992
2026-03-05_nicusor-dan-conferinta-de-presa-in-polonia-stiri-b1tv-5-mar,2026-03-05,video-transcript,2026Q2 cotitură UE + criză guvern,polonia,țară,5,0.994
2026-03-05_nicusor-dan-conferinta-de-presa-in-polonia-stiri-b1tv-5-mar,2026-03-05,video-transcript,2026Q2 cotitură UE + criză guvern,domnul președinte,persoană politică,2,0.87
2026-03-05_nicusor-dan-conferinta-de-presa-in-polonia-stiri-b1tv-5-mar,2026-03-05,video-transcript,2026Q2 cotitură UE + criză guvern,româniei,țară,2,0.953
2026-03-05_nicusor-dan-conferinta-de-presa-in-polonia-stiri-b1tv-5-mar,2026-03-05,video-transcript,2026Q2 cotitură UE + criză guvern,poloniei,țară,2,0.945
2026-03-05_nicusor-dan-conferinta-de-presa-in-polonia-stiri-b1tv-5-mar,2026-03-05,video-transcript,2026Q2 cotitură UE + criză guvern,ucraina,țară,1,0.771
2026-03-05_nicusor-dan-conferinta-de-presa-in-polonia-stiri-b1tv-5-mar,2026-03-05,video-transcript,2026Q2 cotitură UE + criză guvern,r. moldova,țară,1,0.891
2026-03-05_nicusor-dan-conferinta-de-presa-in-polonia-stiri-b1tv-5-mar,2026-03-05,video-transcript,2026Q2 cotitură UE + criză guvern,republica islamică iran,țară,1,0.832
2026-03-05_nicusor-dan-conferinta-de-presa-in-polonia-stiri-b1tv-5-mar,2026-03-05,video-transcript,2026Q2 cotitură UE + criză guvern,sua,țară,1,0.854
2026-03-05_nicusor-dan-conferinta-de-presa-in-polonia-stiri-b1tv-5-mar,2026-03-05,video-transcript,2026Q2 cotitură UE + criză guvern,franța,țară,1,0.771
2026-03-05_nicusor-dan-despre-propunerile-pentru-sefia-parchetelor-stir,2026-03-05,video-transcript,2026Q2 cotitură UE + criză guvern,ministerul justiției,instituție națională,1,0.746
2026-03-05_nicusor-dan-despre-scumpirile-la-pompa-nu-putem-umbla-la-acc,2026-03-05,video-transcript,2026Q2 cotitură UE + criză guvern,consiliul concurenței,instituție națională,1,0.896
2026-03-05_nicusor-dan-despre-scumpirile-la-pompa-nu-putem-umbla-la-acc,2026-03-05,video-transcript,2026Q2 cotitură UE + criză guvern,președintele,persoană politică,1,0.653
2026-03-05_nicusor-dan-despre-scumpirile-la-pompa-nu-putem-umbla-la-acc,2026-03-05,video-transcript,2026Q2 cotitură UE + criză guvern,consiliului concurenței,instituție națională,1,0.864
2026-03-05_nicusor-dan-despre-situatia-din-orient-nu-o-sa-plangem-iranu,2026-03-05,video-transcript,2026Q2 cotitură UE + criză guvern,republica islamică iran,țară,1,0.703
2026-03-05_nicusor-dan-despre-umbrela-nucleara-propusa-de-franta-stiri,2026-03-05,video-transcript,2026Q2 cotitură UE + criză guvern,românia,țară,2,0.946
2026-03-05_nicusor-dan-despre-umbrela-nucleara-propusa-de-franta-stiri,2026-03-05,video-transcript,2026Q2 cotitură UE + criză guvern,nato,instituție internațională,3,0.807
2026-03-05_nicusor-dan-despre-umbrela-nucleara-propusa-de-franta-stiri,2026-03-05,video-transcript,2026Q2 cotitură UE + criză guvern,sua,țară,1,0.835
2026-03-05_nicusor-dan-despre-umbrela-nucleara-propusa-de-franta-stiri,2026-03-05,video-transcript,2026Q2 cotitură UE + criză guvern,româniei,țară,1,0.722
2026-03-05_nicusor-dan-despre-umbrela-nucleara-propusa-de-franta-stiri,2026-03-05,video-transcript,2026Q2 cotitură UE + criză guvern,franța,țară,1,0.707
2026-03-05_nicusor-dan-dezbaterea-pe-buget-este-o-dezbatere-legitima,2026-03-05,video-transcript,2026Q2 cotitură UE + criză guvern,partide,partid politic,1,0.59
2026-03-05_nicusor-dan-nu-o-sa-plangem-republica-islamica-iran,2026-03-05,video-transcript,2026Q2 cotitură UE + criză guvern,românia,țară,1,0.5
2026-03-05_nicusor-dan-nu-o-sa-plangem-republica-islamica-iran,2026-03-05,video-transcript,2026Q2 cotitură UE + criză guvern,republica islamică iran,țară,1,0.847
2026-03-05_nicusor-dan-polonia-participa-la-brigada-multinationala-care,2026-03-05,video-transcript,2026Q2 cotitură UE + criză guvern,româniei,țară,1,0.969
2026-03-05_nicusor-dan-polonia-participa-la-brigada-multinationala-care,2026-03-05,video-transcript,2026Q2 cotitură UE + criză guvern,poloniei,țară,1,0.952
2026-03-05_nicusor-dan-polonia-participa-la-brigada-multinationala-care,2026-03-05,video-transcript,2026Q2 cotitură UE + criză guvern,polonia,țară,1,0.97
2026-03-05_nicusor-dan-polonia-participa-la-brigada-multinationala-care,2026-03-05,video-transcript,2026Q2 cotitură UE + criză guvern,românia,țară,1,0.977
2026-03-05_nicusor-dan-polonia-si-romania-impreuna-au-multe-oportunitat,2026-03-05,video-transcript,2026Q2 cotitură UE + criză guvern,românia,țară,13,0.99
2026-03-05_nicusor-dan-polonia-si-romania-impreuna-au-multe-oportunitat,2026-03-05,video-transcript,2026Q2 cotitură UE + criză guvern,polonia,țară,6,0.989
2026-03-05_nicusor-dan-polonia-si-romania-impreuna-au-multe-oportunitat,2026-03-05,video-transcript,2026Q2 cotitură UE + criză guvern,româniei,țară,3,0.956
2026-03-05_nicusor-dan-polonia-si-romania-impreuna-au-multe-oportunitat,2026-03-05,video-transcript,2026Q2 cotitură UE + criză guvern,poloniei,țară,1,0.906
2026-03-05_nicusor-dan-polonia-si-romania-impreuna-au-multe-oportunitat,2026-03-05,video-transcript,2026Q2 cotitură UE + criză guvern,ocde,instituție internațională,1,0.567
2026-03-05_nicusor-dan-polonia-si-romania-impreuna-au-multe-oportunitat,2026-03-05,video-transcript,2026Q2 cotitură UE + criză guvern,moldova,țară,1,0.73
2026-03-05_nicusor-dan-polonia-si-romania-impreuna-au-multe-oportunitat,2026-03-05,video-transcript,2026Q2 cotitură UE + criză guvern,ucraina,țară,2,0.978
2026-03-05_nicusor-dan-polonia-si-romania-impreuna-au-multe-oportunitat,2026-03-05,video-transcript,2026Q2 cotitură UE + criză guvern,prima doamnă,persoană politică,1,0.787
2026-03-05_nicusor-dan-polonia-si-romania-impreuna-au-multe-oportunitat,2026-03-05,video-transcript,2026Q2 cotitură UE + criză guvern,finlanda,țară,1,0.975
2026-03-05_nicusor-dan-polonia-si-romania-impreuna-au-multe-oportunitat,2026-03-05,video-transcript,2026Q2 cotitură UE + criză guvern,suedia,țară,1,0.977
2026-03-05_nicusor-dan-polonia-si-romania-impreuna-au-multe-oportunitat,2026-03-05,video-transcript,2026Q2 cotitură UE + criză guvern,norvegia,țară,1,0.978
2026-03-05_nicusor-dan-polonia-si-romania-impreuna-au-multe-oportunitat,2026-03-05,video-transcript,2026Q2 cotitură UE + criză guvern,danemarca,țară,1,0.982
2026-03-05_nicusor-dan-polonia-si-romania-impreuna-au-multe-oportunitat,2026-03-05,video-transcript,2026Q2 cotitură UE + criză guvern,doamna ministru,persoană politică,2,0.892
2026-03-05_nicusor-dan-polonia-si-romania-impreuna-au-multe-oportunitat,2026-03-05,video-transcript,2026Q2 cotitură UE + criză guvern,nato,instituție internațională,3,0.802
2026-03-05_nicusor-dan-polonia-si-romania-impreuna-au-multe-oportunitat,2026-03-05,video-transcript,2026Q2 cotitură UE + criză guvern,sua,țară,1,0.775
2026-03-05_nicusor-dan-polonia-si-romania-impreuna-au-multe-oportunitat,2026-03-05,video-transcript,2026Q2 cotitură UE + criză guvern,franța,țară,1,0.635
2026-03-05_nicusor-dan-polonia-si-romania-impreuna-au-multe-oportunitat,2026-03-05,video-transcript,2026Q2 cotitură UE + criză guvern,țară,țară,1,0.485
2026-03-05_nicusor-dan-polonia-si-romania-impreuna-au-multe-oportunitat,2026-03-05,video-transcript,2026Q2 cotitură UE + criză guvern,consiliul concurenței,instituție națională,1,0.897
2026-03-05_nicusor-dan-polonia-si-romania-impreuna-au-multe-oportunitat,2026-03-05,video-transcript,2026Q2 cotitură UE + criză guvern,președintele,persoană politică,1,0.584
2026-03-05_nicusor-dan-polonia-si-romania-impreuna-au-multe-oportunitat,2026-03-05,video-transcript,2026Q2 cotitură UE + criză guvern,consiliului concurenței,instituție națională,1,0.867
2026-03-05_nicusor-dan-polonia-si-romania-impreuna-au-multe-oportunitat,2026-03-05,video-transcript,2026Q2 cotitură UE + criză guvern,ministerul justiției,instituție națională,1,0.718
2026-03-05_nicusor-dan-romania-este-acoperita-de-o-umbrela-nucleara,2026-03-05,video-transcript,2026Q2 cotitură UE + criză guvern,nato,instituție internațională,1,0.541
2026-03-05_nicusor-dan-romania-este-acoperita-de-o-umbrela-nucleara,2026-03-05,video-transcript,2026Q2 cotitură UE + criză guvern,românia,țară,2,0.988
2026-03-05_nicusor-dan-romania-este-acoperita-de-o-umbrela-nucleara,2026-03-05,video-transcript,2026Q2 cotitură UE + criză guvern,franța,țară,1,0.91
2026-03-05_pretul-carburantilor-nicusor-dan-exclude-modificarea-taxelor,2026-03-05,video-transcript,2026Q2 cotitură UE + criză guvern,consiliul concurenței,instituție națională,1,0.849
2026-03-05_pretul-carburantilor-nicusor-dan-exclude-modificarea-taxelor,2026-03-05,video-transcript,2026Q2 cotitură UE + criză guvern,președintele,persoană politică,2,0.699
2026-03-05_pretul-carburantilor-nicusor-dan-exclude-modificarea-taxelor,2026-03-05,video-transcript,2026Q2 cotitură UE + criză guvern,consiliului concurenței,instituție națională,1,0.854
2026-03-06_declaratii-de-presa-sustinute-de-presedintele-romaniei-nicus_Ry-ZYl,2026-03-06,video-transcript,2026Q2 cotitură UE + criză guvern,polonia,țară,7,0.99
2026-03-06_declaratii-de-presa-sustinute-de-presedintele-romaniei-nicus_Ry-ZYl,2026-03-06,video-transcript,2026Q2 cotitură UE + criză guvern,președintele,persoană politică,2,0.71
2026-03-06_declaratii-de-presa-sustinute-de-presedintele-romaniei-nicus_Ry-ZYl,2026-03-06,video-transcript,2026Q2 cotitură UE + criză guvern,primul ministru,persoană politică,1,0.682
2026-03-06_declaratii-de-presa-sustinute-de-presedintele-romaniei-nicus_Ry-ZYl,2026-03-06,video-transcript,2026Q2 cotitură UE + criză guvern,românia,țară,13,0.986
2026-03-06_declaratii-de-presa-sustinute-de-presedintele-romaniei-nicus_Ry-ZYl,2026-03-06,video-transcript,2026Q2 cotitură UE + criză guvern,ue,instituție internațională,1,0.553
2026-03-06_declaratii-de-presa-sustinute-de-presedintele-romaniei-nicus_Ry-ZYl,2026-03-06,video-transcript,2026Q2 cotitură UE + criză guvern,româniei,țară,3,0.96
2026-03-06_declaratii-de-presa-sustinute-de-presedintele-romaniei-nicus_Ry-ZYl,2026-03-06,video-transcript,2026Q2 cotitură UE + criză guvern,poloniei,țară,1,0.911
2026-03-06_declaratii-de-presa-sustinute-de-presedintele-romaniei-nicus_Ry-ZYl,2026-03-06,video-transcript,2026Q2 cotitură UE + criză guvern,moldova,țară,1,0.718
2026-03-06_declaratii-de-presa-sustinute-de-presedintele-romaniei-nicus_Ry-ZYl,2026-03-06,video-transcript,2026Q2 cotitură UE + criză guvern,ucraina,țară,2,0.974
2026-03-06_declaratii-de-presa-sustinute-de-presedintele-romaniei-nicus_Ry-ZYl,2026-03-06,video-transcript,2026Q2 cotitură UE + criză guvern,prima doamnă,persoană politică,1,0.635
2026-03-06_declaratii-de-presa-sustinute-de-presedintele-romaniei-nicus_Ry-ZYl,2026-03-06,video-transcript,2026Q2 cotitură UE + criză guvern,finlanda,țară,1,0.967
2026-03-06_declaratii-de-presa-sustinute-de-presedintele-romaniei-nicus_Ry-ZYl,2026-03-06,video-transcript,2026Q2 cotitură UE + criză guvern,suedia,țară,1,0.972
2026-03-06_declaratii-de-presa-sustinute-de-presedintele-romaniei-nicus_Ry-ZYl,2026-03-06,video-transcript,2026Q2 cotitură UE + criză guvern,norvegia,țară,1,0.978
2026-03-06_declaratii-de-presa-sustinute-de-presedintele-romaniei-nicus_Ry-ZYl,2026-03-06,video-transcript,2026Q2 cotitură UE + criză guvern,danemarca,țară,1,0.975
2026-03-06_declaratii-de-presa-sustinute-de-presedintele-romaniei-nicus_Ry-ZYl,2026-03-06,video-transcript,2026Q2 cotitură UE + criză guvern,doamna ministru,persoană politică,2,0.921
2026-03-06_declaratii-de-presa-sustinute-de-presedintele-romaniei-nicus_Ry-ZYl,2026-03-06,video-transcript,2026Q2 cotitură UE + criză guvern,nato,instituție internațională,3,0.716
2026-03-06_declaratii-de-presa-sustinute-de-presedintele-romaniei-nicus_Ry-ZYl,2026-03-06,video-transcript,2026Q2 cotitură UE + criză guvern,sua,țară,1,0.826
2026-03-06_declaratii-de-presa-sustinute-de-presedintele-romaniei-nicus_Ry-ZYl,2026-03-06,video-transcript,2026Q2 cotitură UE + criză guvern,franța,țară,1,0.879
2026-03-06_declaratii-de-presa-sustinute-de-presedintele-romaniei-nicus_Ry-ZYl,2026-03-06,video-transcript,2026Q2 cotitură UE + criză guvern,partide,partid politic,1,0.47
2026-03-06_declaratii-de-presa-sustinute-de-presedintele-romaniei-nicus_Ry-ZYl,2026-03-06,video-transcript,2026Q2 cotitură UE + criză guvern,bugetul național,instituție națională,1,0.525
2026-03-06_declaratii-de-presa-sustinute-de-presedintele-romaniei-nicus_Ry-ZYl,2026-03-06,video-transcript,2026Q2 cotitură UE + criză guvern,țară,țară,1,0.514
2026-03-06_declaratii-de-presa-sustinute-de-presedintele-romaniei-nicus_Ry-ZYl,2026-03-06,video-transcript,2026Q2 cotitură UE + criză guvern,consiliul concurenței,instituție națională,1,0.734
2026-03-06_declaratii-de-presa-sustinute-de-presedintele-romaniei-nicus_Ry-ZYl,2026-03-06,video-transcript,2026Q2 cotitură UE + criză guvern,consiliului concurenței,instituție națională,1,0.651
2026-03-06_declaratii-de-presa-sustinute-de-presedintele-romaniei-nicus_Ry-ZYl,2026-03-06,video-transcript,2026Q2 cotitură UE + criză guvern,ministerul justiției,instituție națională,1,0.697
2026-03-06_nicusor-dan-romania-nu-va-gazdui-focoase-nucleare-in-viitoru,2026-03-06,video-transcript,2026Q2 cotitură UE + criză guvern,românia,țară,1,0.969
2026-03-06_nicusor-dan-romania-nu-va-gazdui-focoase-nucleare-in-viitoru,2026-03-06,video-transcript,2026Q2 cotitură UE + criză guvern,nato,instituție internațională,3,0.866
2026-03-06_nicusor-dan-romania-nu-va-gazdui-focoase-nucleare-in-viitoru,2026-03-06,video-transcript,2026Q2 cotitură UE + criză guvern,sua,țară,1,0.879
2026-03-06_nicusor-dan-romania-nu-va-gazdui-focoase-nucleare-in-viitoru,2026-03-06,video-transcript,2026Q2 cotitură UE + criză guvern,româniei,țară,1,0.78
2026-03-06_nicusor-dan-romania-nu-va-gazdui-focoase-nucleare-in-viitoru,2026-03-06,video-transcript,2026Q2 cotitură UE + criză guvern,franța,țară,1,0.75
2026-03-07_nicusor-dan-imi-voi-asuma-in-justitie-vin-din-societatea-civ,2026-03-07,video-transcript,2026Q2 cotitură UE + criză guvern,românia,țară,1,0.921
2026-03-11_ce-trimite-sua-in-tara-noastra-declaratiile-lui-nicusor-dan,2026-03-11,video-transcript,2026Q2 cotitură UE + criză guvern,românia,țară,2,0.983
2026-03-11_ce-trimite-sua-in-tara-noastra-declaratiile-lui-nicusor-dan,2026-03-11,video-transcript,2026Q2 cotitură UE + criză guvern,parlamentul,instituție națională,1,0.584
2026-03-11_ce-trimite-sua-in-tara-noastra-declaratiile-lui-nicusor-dan,2026-03-11,video-transcript,2026Q2 cotitură UE + criză guvern,sua,țară,2,0.947
2026-03-11_ce-trimite-sua-in-tara-noastra-declaratiile-lui-nicusor-dan,2026-03-11,video-transcript,2026Q2 cotitură UE + criză guvern,româniei,țară,2,0.965
2026-03-11_declaratie-sustinuta-de-presedintele-romaniei-nicusor-dan-du,2026-03-11,video-transcript,2026Q2 cotitură UE + criză guvern,doamnei ministru de externe,persoană politică,1,0.511
2026-03-11_declaratie-sustinuta-de-presedintele-romaniei-nicusor-dan-du,2026-03-11,video-transcript,2026Q2 cotitură UE + criză guvern,românia,țară,5,0.98
2026-03-11_declaratie-sustinuta-de-presedintele-romaniei-nicusor-dan-du,2026-03-11,video-transcript,2026Q2 cotitură UE + criză guvern,primul ministru,persoană politică,1,0.589
2026-03-11_declaratie-sustinuta-de-presedintele-romaniei-nicusor-dan-du,2026-03-11,video-transcript,2026Q2 cotitură UE + criză guvern,ministrul energiei,persoană politică,1,0.481
2026-03-11_declaratie-sustinuta-de-presedintele-romaniei-nicusor-dan-du,2026-03-11,video-transcript,2026Q2 cotitură UE + criză guvern,ministrul de finanțe,persoană politică,1,0.615
2026-03-11_declaratie-sustinuta-de-presedintele-romaniei-nicusor-dan-du,2026-03-11,video-transcript,2026Q2 cotitură UE + criză guvern,parlamentul,instituție națională,1,0.595
2026-03-11_declaratie-sustinuta-de-presedintele-romaniei-nicusor-dan-du,2026-03-11,video-transcript,2026Q2 cotitură UE + criză guvern,sua,țară,2,0.938
2026-03-11_declaratie-sustinuta-de-presedintele-romaniei-nicusor-dan-du,2026-03-11,video-transcript,2026Q2 cotitură UE + criză guvern,româniei,țară,2,0.962
2026-03-11_declaratie-sustinuta-de-presedintele-romaniei-nicusor-dan-du,2026-03-11,video-transcript,2026Q2 cotitură UE + criză guvern,parlamentului,instituție națională,2,0.643
2026-03-12_nicusor-dan-we-will-produce-drones-in-romania-together-with,2026-03-12,video-transcript,2026Q2 cotitură UE + criză guvern,domnule președinte,persoană politică,1,0.556
2026-03-12_nicusor-dan-we-will-produce-drones-in-romania-together-with,2026-03-12,video-transcript,2026Q2 cotitură UE + criză guvern,volodimir,persoană politică,1,0.737
2026-03-12_nicusor-dan-we-will-produce-drones-in-romania-together-with,2026-03-12,video-transcript,2026Q2 cotitură UE + criză guvern,românia,țară,4,0.984
2026-03-12_nicusor-dan-we-will-produce-drones-in-romania-together-with,2026-03-12,video-transcript,2026Q2 cotitură UE + criză guvern,ucraina,țară,3,0.955
2026-03-12_nicusor-dan-we-will-produce-drones-in-romania-together-with,2026-03-12,video-transcript,2026Q2 cotitură UE + criză guvern,ucrainei,țară,2,0.953
2026-03-12_nicusor-dan-we-will-produce-drones-in-romania-together-with,2026-03-12,video-transcript,2026Q2 cotitură UE + criză guvern,ue,instituție internațională,1,0.606
2026-03-12_nicusor-dan-we-will-produce-drones-in-romania-together-with,2026-03-12,video-transcript,2026Q2 cotitură UE + criză guvern,româniei,țară,1,0.718
2026-03-12_nicusor-dan-we-will-produce-drones-in-romania-together-with,2026-03-12,video-transcript,2026Q2 cotitură UE + criză guvern,domnul președinte,persoană politică,1,0.658
2026-03-13_conferinta-sustinuta-de-presedintii-romaniei-si-ucrainei-nic,2026-03-13,video-transcript,2026Q2 cotitură UE + criză guvern,domnule președinte,persoană politică,1,0.58
2026-03-13_conferinta-sustinuta-de-presedintii-romaniei-si-ucrainei-nic,2026-03-13,video-transcript,2026Q2 cotitură UE + criză guvern,volodimir,persoană politică,1,0.741
2026-03-13_conferinta-sustinuta-de-presedintii-romaniei-si-ucrainei-nic,2026-03-13,video-transcript,2026Q2 cotitură UE + criză guvern,românia,țară,11,0.984
2026-03-13_conferinta-sustinuta-de-presedintii-romaniei-si-ucrainei-nic,2026-03-13,video-transcript,2026Q2 cotitură UE + criză guvern,ucraina,țară,6,0.962
2026-03-13_conferinta-sustinuta-de-presedintii-romaniei-si-ucrainei-nic,2026-03-13,video-transcript,2026Q2 cotitură UE + criză guvern,ucrainei,țară,4,0.968
2026-03-13_conferinta-sustinuta-de-presedintii-romaniei-si-ucrainei-nic,2026-03-13,video-transcript,2026Q2 cotitură UE + criză guvern,ue,instituție internațională,1,0.468
2026-03-13_conferinta-sustinuta-de-presedintii-romaniei-si-ucrainei-nic,2026-03-13,video-transcript,2026Q2 cotitură UE + criză guvern,româniei,țară,1,0.561
2026-03-13_conferinta-sustinuta-de-presedintii-romaniei-si-ucrainei-nic,2026-03-13,video-transcript,2026Q2 cotitură UE + criză guvern,domnul președinte,persoană politică,3,0.811
2026-03-13_conferinta-sustinuta-de-presedintii-romaniei-si-ucrainei-nic,2026-03-13,video-transcript,2026Q2 cotitură UE + criză guvern,consiliul europei,instituție internațională,1,0.709
2026-03-13_conferinta-sustinuta-de-presedintii-romaniei-si-ucrainei-nic,2026-03-13,video-transcript,2026Q2 cotitură UE + criză guvern,consiliul european,instituție internațională,1,0.686
2026-03-13_conferinta-sustinuta-de-presedintii-romaniei-si-ucrainei-nic,2026-03-13,video-transcript,2026Q2 cotitură UE + criză guvern,consiliului european,instituție națională,1,0.478
2026-03-13_conferinta-sustinuta-de-presedintii-romaniei-si-ucrainei-nic,2026-03-13,video-transcript,2026Q2 cotitură UE + criză guvern,ce,instituție națională,1,0.563
2026-03-19_conferinta-presedintelui-romaniei-nicusor-dan-si-a-secretaru,2026-03-19,video-transcript-diarizat,2026Q2 cotitură UE + criză guvern,domnule secretar general,persoană politică,1,0.477
2026-03-19_conferinta-presedintelui-romaniei-nicusor-dan-si-a-secretaru,2026-03-19,video-transcript-diarizat,2026Q2 cotitură UE + criză guvern,mark,persoană politică,1,0.672
2026-03-19_conferinta-presedintelui-romaniei-nicusor-dan-si-a-secretaru,2026-03-19,video-transcript-diarizat,2026Q2 cotitură UE + criză guvern,ministerul de externe iranian,instituție națională,1,0.53
2026-03-19_conferinta-presedintelui-romaniei-nicusor-dan-si-a-secretaru,2026-03-19,video-transcript-diarizat,2026Q2 cotitură UE + criză guvern,românia,țară,1,0.962
2026-03-19_nicusor-dan-romania-has-taken-a-clear-position-on-the-transa,2026-03-19,video-transcript,2026Q2 cotitură UE + criză guvern,românia,țară,2,0.984
2026-03-19_nicusor-dan-romania-has-taken-a-clear-position-on-the-transa,2026-03-19,video-transcript,2026Q2 cotitură UE + criză guvern,nato,instituție internațională,1,0.459
2026-03-19_nicusor-dan-romania-has-taken-a-clear-position-on-the-transa,2026-03-19,video-transcript,2026Q2 cotitură UE + criză guvern,domnul secretar general,persoană politică,1,0.497
2026-03-19_nicusor-dan-romania-has-taken-a-clear-position-on-the-transa,2026-03-19,video-transcript,2026Q2 cotitură UE + criză guvern,ucraina,țară,4,0.981
2026-03-19_nicusor-dan-romania-has-taken-a-clear-position-on-the-transa_BurJvC,2026-03-19,video-transcript,2026Q2 cotitură UE + criză guvern,româniei,țară,1,0.899
2026-03-19_nicusor-dan-romania-has-taken-a-clear-position-on-the-transa_BurJvC,2026-03-19,video-transcript,2026Q2 cotitură UE + criză guvern,românia,țară,4,0.972
2026-03-19_nicusor-dan-romania-has-taken-a-clear-position-on-the-transa_BurJvC,2026-03-19,video-transcript,2026Q2 cotitură UE + criză guvern,nato,instituție internațională,2,0.505
2026-03-19_nicusor-dan-romania-has-taken-a-clear-position-on-the-transa_BurJvC,2026-03-19,video-transcript,2026Q2 cotitură UE + criză guvern,ucraina,țară,4,0.963
2026-03-26_ce-a-spus-nicusor-dan-despre-o-eventuala-rationalizare-a-car,2026-03-26,video-transcript,2026Q2 cotitură UE + criză guvern,piața mondială de petrol,instituție internațională,1,0.602
2026-03-26_nicusor-dan-a-anuntat-ca-va-promulga-legea-bugetului-asa-cum,2026-03-26,video-transcript,2026Q2 cotitură UE + criză guvern,curții constituționale,instituție națională,1,0.577
2026-03-27_nicusor-dan-if-the-measures-are-not-sufficient-the-governmen,2026-03-27,video-transcript,2026Q2 cotitură UE + criză guvern,piața mondială de petrol,instituție internațională,1,0.486
2026-03-30_o-posibila-iesire-a-psd-de-la-guvernare-nicusor-dan-nu-cred,2026-03-30,video-transcript,2026Q2 cotitură UE + criză guvern,președintele,persoană politică,1,0.596
2026-03-30_o-posibila-iesire-a-psd-de-la-guvernare-nicusor-dan-nu-cred,2026-03-30,video-transcript,2026Q2 cotitură UE + criză guvern,parlamentul,instituție națională,1,0.555
2026-03-30_o-posibila-iesire-a-psd-de-la-guvernare-nicusor-dan-nu-cred,2026-03-30,video-transcript,2026Q2 cotitură UE + criză guvern,guvernului,instituție națională,1,0.597
2026-03-30_o-posibila-iesire-a-psd-de-la-guvernare-nicusor-dan-nu-cred,2026-03-30,video-transcript,2026Q2 cotitură UE + criză guvern,guvernul,instituție națională,3,0.622
2026-03-30_o-posibila-iesire-a-psd-de-la-guvernare-nicusor-dan-nu-cred,2026-03-30,video-transcript,2026Q2 cotitură UE + criză guvern,guvern,instituție națională,1,0.52
2026-03-30_o-posibila-iesire-a-psd-de-la-guvernare-nicusor-dan-nu-cred,2026-03-30,video-transcript,2026Q2 cotitură UE + criză guvern,psd,partid politic,1,0.957
2026-03-30_o-posibila-iesire-a-psd-de-la-guvernare-nicusor-dan-nu-cred,2026-03-30,video-transcript,2026Q2 cotitură UE + criză guvern,președinte,persoană politică,1,0.587
2026-04-01_presedintele-nicusor-dan-trecerea-romaniei-la-euro-esentiala,2026-04-01,video-transcript,2026Q2 cotitură UE + criză guvern,românia,țară,2,0.991
2026-04-01_presedintele-nicusor-dan-trecerea-romaniei-la-euro-esentiala,2026-04-01,video-transcript,2026Q2 cotitură UE + criză guvern,ce,instituție internațională,1,0.629
2026-04-07_declaratiile-presedintelui-nicusor-dan-dupa-vizita-la-centru,2026-04-07,video-transcript,2026Q2 cotitură UE + criză guvern,românia,țară,12,0.989
2026-04-07_declaratiile-presedintelui-nicusor-dan-dupa-vizita-la-centru,2026-04-07,video-transcript,2026Q2 cotitură UE + criză guvern,serbia,țară,1,0.849
2026-04-07_declaratiile-presedintelui-nicusor-dan-dupa-vizita-la-centru,2026-04-07,video-transcript,2026Q2 cotitură UE + criză guvern,româniei,țară,3,0.905
2026-04-07_declaratiile-presedintelui-nicusor-dan-dupa-vizita-la-centru,2026-04-07,video-transcript,2026Q2 cotitură UE + criză guvern,ue,instituție internațională,1,0.649
2026-04-07_declaratiile-presedintelui-nicusor-dan-dupa-vizita-la-centru,2026-04-07,video-transcript,2026Q2 cotitură UE + criză guvern,rusia,țară,1,0.879
2026-04-07_declaratiile-presedintelui-nicusor-dan-dupa-vizita-la-centru,2026-04-07,video-transcript,2026Q2 cotitură UE + criză guvern,banca mondială,instituție internațională,3,0.959
2026-04-07_declaratiile-presedintelui-nicusor-dan-dupa-vizita-la-centru,2026-04-07,video-transcript,2026Q2 cotitură UE + criză guvern,grigore alexandrescu,persoană politică,1,0.756
2026-04-07_declaratiile-presedintelui-nicusor-dan-dupa-vizita-la-centru,2026-04-07,video-transcript,2026Q2 cotitură UE + criză guvern,ocde,instituție internațională,1,0.818
2026-04-07_declaratiile-presedintelui-nicusor-dan-dupa-vizita-la-centru,2026-04-07,video-transcript,2026Q2 cotitură UE + criză guvern,pnrr,partid politic,1,0.835
2026-04-07_declaratiile-presedintelui-nicusor-dan-dupa-vizita-la-centru,2026-04-07,video-transcript,2026Q2 cotitură UE + criză guvern,ministrului apărării,persoană politică,1,0.556
2026-04-07_declaratiile-presedintelui-nicusor-dan-dupa-vizita-la-centru,2026-04-07,video-transcript,2026Q2 cotitură UE + criză guvern,bulgaria,țară,1,0.934
2026-04-07_declaratiile-presedintelui-nicusor-dan-dupa-vizita-la-centru,2026-04-07,video-transcript,2026Q2 cotitură UE + criză guvern,turcia,țară,1,0.822
2026-04-07_declaratiile-presedintelui-nicusor-dan-dupa-vizita-la-centru,2026-04-07,video-transcript,2026Q2 cotitură UE + criză guvern,polonia,țară,1,0.945
2026-04-07_declaratiile-presedintelui-nicusor-dan-dupa-vizita-la-centru,2026-04-07,video-transcript,2026Q2 cotitură UE + criză guvern,secretarul de stat,persoană politică,1,0.613
2026-04-07_declaratiile-presedintelui-nicusor-dan-dupa-vizita-la-centru,2026-04-07,video-transcript,2026Q2 cotitură UE + criză guvern,b9,instituție internațională,2,0.571
2026-04-07_declaratiile-presedintelui-nicusor-dan-dupa-vizita-la-centru,2026-04-07,video-transcript,2026Q2 cotitură UE + criză guvern,țările nordice,țară,1,0.706
2026-04-07_declaratiile-presedintelui-nicusor-dan-dupa-vizita-la-centru,2026-04-07,video-transcript,2026Q2 cotitură UE + criză guvern,ministrul justiției,persoană politică,1,0.483
2026-04-07_declaratiile-presedintelui-nicusor-dan-dupa-vizita-la-centru,2026-04-07,video-transcript,2026Q2 cotitură UE + criză guvern,dicot,instituție națională,2,0.505
2026-04-07_declaratiile-presedintelui-nicusor-dan-dupa-vizita-la-centru,2026-04-07,video-transcript,2026Q2 cotitură UE + criză guvern,politician,persoană politică,2,0.486
2026-04-07_declaratiile-presedintelui-nicusor-dan-dupa-vizita-la-centru,2026-04-07,video-transcript,2026Q2 cotitură UE + criză guvern,ucraina,țară,1,0.817
2026-04-07_declaratiile-presedintelui-nicusor-dan-dupa-vizita-la-centru,2026-04-07,video-transcript,2026Q2 cotitură UE + criză guvern,domnii miniștri,persoană politică,2,0.574
2026-04-07_nicusor-dan-despre-demisia-lui-bolojan-in-ce-calitate-sa-i-o,2026-04-07,video-transcript,2026Q2 cotitură UE + criză guvern,bolojan,persoană politică,1,0.955
2026-04-07_nicusor-dan-despre-demisia-lui-bolojan-in-ce-calitate-sa-i-o,2026-04-07,video-transcript,2026Q2 cotitură UE + criză guvern,româniei,țară,1,0.919
2026-04-07_nicusor-dan-intrebat-daca-ii-va-cere-demisia-lui-bolojan-eu,2026-04-07,video-transcript,2026Q2 cotitură UE + criză guvern,ocde,instituție internațională,1,0.92
2026-04-07_nicusor-dan-intrebat-daca-ii-va-cere-demisia-lui-bolojan-eu,2026-04-07,video-transcript,2026Q2 cotitură UE + criză guvern,pnrr,partid politic,1,0.909
2026-04-07_nicusor-dan-intrebat-daca-ii-va-cere-demisia-lui-bolojan-eu,2026-04-07,video-transcript,2026Q2 cotitură UE + criză guvern,românia,țară,7,0.986
2026-04-07_nicusor-dan-intrebat-daca-ii-va-cere-demisia-lui-bolojan-eu,2026-04-07,video-transcript,2026Q2 cotitură UE + criză guvern,româniei,țară,1,0.958
2026-04-07_nicusor-dan-intrebat-daca-ii-va-cere-demisia-lui-bolojan-eu,2026-04-07,video-transcript,2026Q2 cotitură UE + criză guvern,ministrului apărării,persoană politică,1,0.613
2026-04-07_nicusor-dan-intrebat-daca-ii-va-cere-demisia-lui-bolojan-eu,2026-04-07,video-transcript,2026Q2 cotitură UE + criză guvern,bulgaria,țară,1,0.951
2026-04-07_nicusor-dan-intrebat-daca-ii-va-cere-demisia-lui-bolojan-eu,2026-04-07,video-transcript,2026Q2 cotitură UE + criză guvern,turcia,țară,1,0.875
2026-04-07_nicusor-dan-intrebat-daca-ii-va-cere-demisia-lui-bolojan-eu,2026-04-07,video-transcript,2026Q2 cotitură UE + criză guvern,polonia,țară,1,0.977
2026-04-07_nicusor-dan-intrebat-daca-ii-va-cere-demisia-lui-bolojan-eu,2026-04-07,video-transcript,2026Q2 cotitură UE + criză guvern,secretarul de stat,persoană politică,1,0.481
2026-04-07_nicusor-dan-intrebat-daca-ii-va-cere-demisia-lui-bolojan-eu,2026-04-07,video-transcript,2026Q2 cotitură UE + criză guvern,b9,instituție internațională,1,0.484
2026-04-07_nicusor-dan-intrebat-daca-ii-va-cere-demisia-lui-bolojan-eu,2026-04-07,video-transcript,2026Q2 cotitură UE + criză guvern,dicot,instituție națională,2,0.552
2026-04-07_nicusor-dan-intrebat-daca-ii-va-cere-demisia-lui-bolojan-eu,2026-04-07,video-transcript,2026Q2 cotitură UE + criză guvern,ucraina,țară,1,0.528
2026-04-07_nicusor-dan-nu-sunt-riscuri-acum-dar-avem-un-plan-de-criza-p,2026-04-07,video-transcript,2026Q2 cotitură UE + criză guvern,românia,țară,2,0.993
2026-04-08_nicusor-dan-anunta-numiri-in-fruntea-parchetelor-astept-o-di,2026-04-08,video-transcript,2026Q2 cotitură UE + criză guvern,florența,persoană politică,2,0.724
2026-04-08_nicusor-dan-anunta-numiri-in-fruntea-parchetelor-astept-o-di,2026-04-08,video-transcript,2026Q2 cotitură UE + criză guvern,csm,instituție națională,6,0.661
2026-04-08_nicusor-dan-anunta-numiri-in-fruntea-parchetelor-astept-o-di,2026-04-08,video-transcript,2026Q2 cotitură UE + criză guvern,înaltei curți,instituție națională,1,0.453
2026-04-08_nicusor-dan-anunta-numiri-in-fruntea-parchetelor-astept-o-di,2026-04-08,video-transcript,2026Q2 cotitură UE + criză guvern,dna,instituție națională,2,0.637
2026-04-08_nicusor-dan-anunta-numiri-in-fruntea-parchetelor-astept-o-di,2026-04-08,video-transcript,2026Q2 cotitură UE + criză guvern,parchetul general,instituție națională,4,0.744
2026-04-08_nicusor-dan-anunta-numiri-in-fruntea-parchetelor-astept-o-di,2026-04-08,video-transcript,2026Q2 cotitură UE + criză guvern,doamna chiriac,persoană politică,1,0.505
2026-04-08_nicusor-dan-anunta-numiri-in-fruntea-parchetelor-astept-o-di,2026-04-08,video-transcript,2026Q2 cotitură UE + criză guvern,parchetului general,instituție națională,1,0.653
2026-04-08_nicusor-dan-anunta-numiri-in-fruntea-parchetelor-astept-o-di,2026-04-08,video-transcript,2026Q2 cotitură UE + criză guvern,procurorul general,persoană politică,1,0.569
2026-04-08_nicusor-dan-anunta-numiri-in-fruntea-parchetelor-astept-o-di,2026-04-08,video-transcript,2026Q2 cotitură UE + criză guvern,guvern,instituție națională,1,0.465
2026-04-08_nicusor-dan-anunta-numiri-in-fruntea-parchetelor-astept-o-di,2026-04-08,video-transcript,2026Q2 cotitură UE + criză guvern,președinte,persoană politică,1,0.476
2026-04-08_nicusor-dan-anunta-numiri-in-fruntea-parchetelor-astept-o-di,2026-04-08,video-transcript,2026Q2 cotitură UE + criză guvern,csm-ului,instituție națională,2,0.846
2026-04-08_nicusor-dan-anunta-numiri-in-fruntea-parchetelor-astept-o-di,2026-04-08,video-transcript,2026Q2 cotitură UE + criză guvern,românia,țară,4,0.971
2026-04-08_nicusor-dan-anunta-numiri-in-fruntea-parchetelor-astept-o-di,2026-04-08,video-transcript,2026Q2 cotitură UE + criză guvern,voineag,persoană politică,2,0.707
2026-04-08_nicusor-dan-anunta-numiri-in-fruntea-parchetelor-astept-o-di,2026-04-08,video-transcript,2026Q2 cotitură UE + criză guvern,româniei,țară,2,0.83
2026-04-08_nicusor-dan-anunta-numiri-in-fruntea-parchetelor-astept-o-di,2026-04-08,video-transcript,2026Q2 cotitură UE + criză guvern,ucrainei,țară,1,0.939
2026-04-08_nicusor-dan-anunta-numiri-in-fruntea-parchetelor-astept-o-di,2026-04-08,video-transcript,2026Q2 cotitură UE + criză guvern,ungaria,țară,2,0.98
2026-04-08_nicusor-dan-anunta-numiri-in-fruntea-parchetelor-astept-o-di,2026-04-08,video-transcript,2026Q2 cotitură UE + criză guvern,statul român,țară,1,0.675
2026-04-08_nicusor-dan-anunta-numiri-in-fruntea-parchetelor-astept-o-di,2026-04-08,video-transcript,2026Q2 cotitură UE + criză guvern,ministerul finanțelor,instituție națională,1,0.809
2026-04-08_nicusor-dan-anunta-numiri-in-fruntea-parchetelor-astept-o-di,2026-04-08,video-transcript,2026Q2 cotitură UE + criză guvern,statului român,țară,1,0.618
2026-04-08_nicusor-dan-anunta-numiri-in-fruntea-parchetelor-astept-o-di,2026-04-08,video-transcript,2026Q2 cotitură UE + criză guvern,curtea de conturi,instituție națională,1,0.706
2026-04-08_nicusor-dan-anunta-numiri-in-fruntea-parchetelor-astept-o-di,2026-04-08,video-transcript,2026Q2 cotitură UE + criză guvern,primar,persoană politică,2,0.506
2026-04-08_nicusor-dan-anunta-numiri-in-fruntea-parchetelor-astept-o-di,2026-04-08,video-transcript,2026Q2 cotitură UE + criză guvern,dicot,instituție națională,2,0.693
2026-04-08_nicusor-dan-anunta-numiri-in-fruntea-parchetelor-astept-o-di,2026-04-08,video-transcript,2026Q2 cotitură UE + criză guvern,premierului,persoană politică,1,0.455
2026-04-08_nicusor-dan-anunta-numiri-in-fruntea-parchetelor-astept-o-di,2026-04-08,video-transcript,2026Q2 cotitură UE + criză guvern,pnrr,partid politic,2,0.956
2026-04-08_nicusor-dan-anunta-numiri-in-fruntea-parchetelor-astept-o-di,2026-04-08,video-transcript,2026Q2 cotitură UE + criză guvern,uniunii europene,instituție internațională,1,0.674
2026-04-08_nicusor-dan-anunta-numiri-in-fruntea-parchetelor-astept-o-di,2026-04-08,video-transcript,2026Q2 cotitură UE + criză guvern,fbi,instituție națională,1,0.529
2026-04-08_nicusor-dan-anunta-numiri-in-fruntea-parchetelor-astept-o-di,2026-04-08,video-transcript,2026Q2 cotitură UE + criză guvern,sri,instituție națională,1,0.592
2026-04-08_nicusor-dan-anunta-numiri-in-fruntea-parchetelor-astept-o-di,2026-04-08,video-transcript,2026Q2 cotitură UE + criză guvern,inspecția judiciară,instituție națională,1,0.538
2026-04-08_nicusor-dan-anunta-numiri-in-fruntea-parchetelor-astept-o-di,2026-04-08,video-transcript,2026Q2 cotitură UE + criză guvern,serviciul român de informații,instituție națională,1,0.845
2026-04-08_nicusor-dan-anunta-numiri-in-fruntea-parchetelor-astept-o-di,2026-04-08,video-transcript,2026Q2 cotitură UE + criză guvern,psd,partid politic,3,0.982
2026-04-08_nicusor-dan-anunta-numiri-in-fruntea-parchetelor-astept-o-di,2026-04-08,video-transcript,2026Q2 cotitură UE + criză guvern,giovanni falcone,persoană politică,1,0.897
2026-04-08_nicusor-dan-anunta-numiri-in-fruntea-parchetelor-astept-o-di,2026-04-08,video-transcript,2026Q2 cotitură UE + criză guvern,ministerul justiției,instituție națională,1,0.452
2026-04-08_nicusor-dan-i-was-happy-that-the-head-of-the-iasi-dna-is-run,2026-04-08,video-transcript,2026Q2 cotitură UE + criză guvern,parchetul general,instituție națională,1,0.693
2026-04-08_nicusor-dan-i-was-happy-that-the-head-of-the-iasi-dna-is-run,2026-04-08,video-transcript,2026Q2 cotitură UE + criză guvern,președintele,persoană politică,1,0.488
2026-04-08_nicusor-dan-i-was-happy-that-the-head-of-the-iasi-dna-is-run,2026-04-08,video-transcript,2026Q2 cotitură UE + criză guvern,psd,partid politic,3,0.977
2026-04-08_nicusor-dan-i-was-happy-that-the-head-of-the-iasi-dna-is-run,2026-04-08,video-transcript,2026Q2 cotitură UE + criză guvern,giovanni falcone,persoană politică,1,0.912
2026-04-08_nicusor-dan-i-was-happy-that-the-head-of-the-iasi-dna-is-run,2026-04-08,video-transcript,2026Q2 cotitură UE + criză guvern,ministerul justiției,instituție națională,1,0.497
2026-04-08_nicusor-dan-i-was-happy-that-the-head-of-the-iasi-dna-is-run,2026-04-08,video-transcript,2026Q2 cotitură UE + criză guvern,româniei,țară,1,0.581
2026-04-08_nicusor-dan-i-was-happy-that-the-head-of-the-iasi-dna-is-run,2026-04-08,video-transcript,2026Q2 cotitură UE + criză guvern,procurorul general,persoană politică,2,0.508
2026-04-08_nicusor-dan-i-was-happy-that-the-head-of-the-iasi-dna-is-run,2026-04-08,video-transcript,2026Q2 cotitură UE + criză guvern,parchetului general,instituție națională,1,0.557
2026-04-08_nicusor-dan-i-was-happy-that-the-head-of-the-iasi-dna-is-run,2026-04-08,video-transcript,2026Q2 cotitură UE + criză guvern,dna,instituție națională,6,0.734
2026-04-08_nicusor-dan-i-was-happy-that-the-head-of-the-iasi-dna-is-run,2026-04-08,video-transcript,2026Q2 cotitură UE + criză guvern,românia,țară,6,0.914
2026-04-08_nicusor-dan-i-was-happy-that-the-head-of-the-iasi-dna-is-run,2026-04-08,video-transcript,2026Q2 cotitură UE + criză guvern,dico,instituție națională,1,0.492
2026-04-08_nicusor-dan-i-was-happy-that-the-head-of-the-iasi-dna-is-run,2026-04-08,video-transcript,2026Q2 cotitură UE + criză guvern,țară,țară,1,0.575
2026-04-08_nicusor-dan-i-was-happy-that-the-head-of-the-iasi-dna-is-run,2026-04-08,video-transcript,2026Q2 cotitură UE + criză guvern,direcția generală anticorupție,instituție națională,1,0.534
2026-04-08_nicusor-dan-i-was-happy-that-the-head-of-the-iasi-dna-is-run,2026-04-08,video-transcript,2026Q2 cotitură UE + criză guvern,csm,instituție națională,3,0.724
2026-04-08_nicusor-dan-i-was-happy-that-the-head-of-the-iasi-dna-is-run,2026-04-08,video-transcript,2026Q2 cotitură UE + criză guvern,înalta curte,instituție națională,2,0.55
2026-04-08_nicusor-dan-if-i-make-a-mistake-romanians-will-penalize-me,2026-04-08,video-transcript,2026Q2 cotitură UE + criză guvern,csm,instituție națională,2,0.861
2026-04-08_nicusor-dan-if-i-make-a-mistake-romanians-will-penalize-me,2026-04-08,video-transcript,2026Q2 cotitură UE + criză guvern,românia,țară,2,0.92
2026-04-08_nicusor-dan-if-i-make-a-mistake-romanians-will-penalize-me,2026-04-08,video-transcript,2026Q2 cotitură UE + criză guvern,voineag,persoană politică,2,0.814
2026-04-08_nicusor-dan-if-i-make-a-mistake-romanians-will-penalize-me,2026-04-08,video-transcript,2026Q2 cotitură UE + criză guvern,florența,persoană politică,1,0.764
2026-04-08_nicusor-dan-if-i-make-a-mistake-romanians-will-penalize-me,2026-04-08,video-transcript,2026Q2 cotitură UE + criză guvern,româniei,țară,1,0.916
2026-04-08_nicusor-dan-if-i-make-a-mistake-romanians-will-penalize-me,2026-04-08,video-transcript,2026Q2 cotitură UE + criză guvern,ucrainei,țară,1,0.822
2026-04-08_nicusor-dan-if-i-make-a-mistake-romanians-will-penalize-me,2026-04-08,video-transcript,2026Q2 cotitură UE + criză guvern,ungaria,țară,2,0.893
2026-04-08_nicusor-dan-if-i-make-a-mistake-romanians-will-penalize-me,2026-04-08,video-transcript,2026Q2 cotitură UE + criză guvern,statul român,instituție națională,1,0.625
2026-04-08_nicusor-dan-if-i-make-a-mistake-romanians-will-penalize-me,2026-04-08,video-transcript,2026Q2 cotitură UE + criză guvern,ministerul finanțelor,instituție națională,1,0.879
2026-04-08_nicusor-dan-if-i-make-a-mistake-romanians-will-penalize-me,2026-04-08,video-transcript,2026Q2 cotitură UE + criză guvern,statului român,instituție națională,1,0.53
2026-04-08_nicusor-dan-if-i-make-a-mistake-romanians-will-penalize-me,2026-04-08,video-transcript,2026Q2 cotitură UE + criză guvern,curtea de conturi,instituție națională,1,0.869
2026-04-08_nicusor-dan-if-i-make-a-mistake-romanians-will-penalize-me,2026-04-08,video-transcript,2026Q2 cotitură UE + criză guvern,primar,persoană politică,1,0.477
2026-04-08_nicusor-dan-respinge-acuzatiile-nu-sunt-propunerile-psd,2026-04-08,video-transcript,2026Q2 cotitură UE + criză guvern,psd,partid politic,2,0.972
2026-04-08_nicusor-dan-respinge-acuzatiile-nu-sunt-propunerile-psd,2026-04-08,video-transcript,2026Q2 cotitură UE + criză guvern,giovanni falcone,persoană politică,1,0.918
2026-04-08_nicusor-dan-respinge-acuzatiile-nu-sunt-propunerile-psd,2026-04-08,video-transcript,2026Q2 cotitură UE + criză guvern,româniei,țară,1,0.803
2026-04-09_conferinta-de-presa-sustinuta-de-presedintele-romaniei-nicus_yJJ1E7,2026-04-09,video-transcript,2026Q2 cotitură UE + criză guvern,președintele,persoană politică,1,0.487
2026-04-09_conferinta-de-presa-sustinuta-de-presedintele-romaniei-nicus_yJJ1E7,2026-04-09,video-transcript,2026Q2 cotitură UE + criză guvern,psd,partid politic,3,0.976
2026-04-09_conferinta-de-presa-sustinuta-de-presedintele-romaniei-nicus_yJJ1E7,2026-04-09,video-transcript,2026Q2 cotitură UE + criză guvern,giovanni falcone,persoană politică,1,0.912
2026-04-09_conferinta-de-presa-sustinuta-de-presedintele-romaniei-nicus_yJJ1E7,2026-04-09,video-transcript,2026Q2 cotitură UE + criză guvern,ministerul justiției,instituție națională,1,0.516
2026-04-09_conferinta-de-presa-sustinuta-de-presedintele-romaniei-nicus_yJJ1E7,2026-04-09,video-transcript,2026Q2 cotitură UE + criză guvern,româniei,țară,2,0.831
2026-04-09_conferinta-de-presa-sustinuta-de-presedintele-romaniei-nicus_yJJ1E7,2026-04-09,video-transcript,2026Q2 cotitură UE + criză guvern,procurorul general,persoană politică,3,0.541
2026-04-09_conferinta-de-presa-sustinuta-de-presedintele-romaniei-nicus_yJJ1E7,2026-04-09,video-transcript,2026Q2 cotitură UE + criză guvern,parchetului general,instituție națională,2,0.637
2026-04-09_conferinta-de-presa-sustinuta-de-presedintele-romaniei-nicus_yJJ1E7,2026-04-09,video-transcript,2026Q2 cotitură UE + criză guvern,dna,instituție națională,7,0.742
2026-04-09_conferinta-de-presa-sustinuta-de-presedintele-romaniei-nicus_yJJ1E7,2026-04-09,video-transcript,2026Q2 cotitură UE + criză guvern,românia,țară,9,0.972
2026-04-09_conferinta-de-presa-sustinuta-de-presedintele-romaniei-nicus_yJJ1E7,2026-04-09,video-transcript,2026Q2 cotitură UE + criză guvern,dico,instituție națională,1,0.507
2026-04-09_conferinta-de-presa-sustinuta-de-presedintele-romaniei-nicus_yJJ1E7,2026-04-09,video-transcript,2026Q2 cotitură UE + criză guvern,țară,țară,1,0.525
2026-04-09_conferinta-de-presa-sustinuta-de-presedintele-romaniei-nicus_yJJ1E7,2026-04-09,video-transcript,2026Q2 cotitură UE + criză guvern,deputat,persoană politică,1,0.571
2026-04-09_conferinta-de-presa-sustinuta-de-presedintele-romaniei-nicus_yJJ1E7,2026-04-09,video-transcript,2026Q2 cotitură UE + criză guvern,csm,instituție națională,11,0.79
2026-04-09_conferinta-de-presa-sustinuta-de-presedintele-romaniei-nicus_yJJ1E7,2026-04-09,video-transcript,2026Q2 cotitură UE + criză guvern,înalta curte,instituție națională,3,0.622
2026-04-09_conferinta-de-presa-sustinuta-de-presedintele-romaniei-nicus_yJJ1E7,2026-04-09,video-transcript,2026Q2 cotitură UE + criză guvern,florența,persoană politică,3,0.717
2026-04-09_conferinta-de-presa-sustinuta-de-presedintele-romaniei-nicus_yJJ1E7,2026-04-09,video-transcript,2026Q2 cotitură UE + criză guvern,înaltei curți,instituție națională,1,0.496
2026-04-09_conferinta-de-presa-sustinuta-de-presedintele-romaniei-nicus_yJJ1E7,2026-04-09,video-transcript,2026Q2 cotitură UE + criză guvern,parchetul general,instituție națională,4,0.736
2026-04-09_conferinta-de-presa-sustinuta-de-presedintele-romaniei-nicus_yJJ1E7,2026-04-09,video-transcript,2026Q2 cotitură UE + criză guvern,doamna chiriac,persoană politică,1,0.504
2026-04-09_conferinta-de-presa-sustinuta-de-presedintele-romaniei-nicus_yJJ1E7,2026-04-09,video-transcript,2026Q2 cotitură UE + criză guvern,guvern,instituție națională,1,0.544
2026-04-09_conferinta-de-presa-sustinuta-de-presedintele-romaniei-nicus_yJJ1E7,2026-04-09,video-transcript,2026Q2 cotitură UE + criză guvern,parlament,instituție națională,1,0.522
2026-04-09_conferinta-de-presa-sustinuta-de-presedintele-romaniei-nicus_yJJ1E7,2026-04-09,video-transcript,2026Q2 cotitură UE + criză guvern,președinte,persoană politică,1,0.454
2026-04-09_conferinta-de-presa-sustinuta-de-presedintele-romaniei-nicus_yJJ1E7,2026-04-09,video-transcript,2026Q2 cotitură UE + criză guvern,voineag,persoană politică,2,0.681
2026-04-09_conferinta-de-presa-sustinuta-de-presedintele-romaniei-nicus_yJJ1E7,2026-04-09,video-transcript,2026Q2 cotitură UE + criză guvern,ucrainei,țară,1,0.94
2026-04-09_conferinta-de-presa-sustinuta-de-presedintele-romaniei-nicus_yJJ1E7,2026-04-09,video-transcript,2026Q2 cotitură UE + criză guvern,ungaria,țară,2,0.981
2026-04-09_conferinta-de-presa-sustinuta-de-presedintele-romaniei-nicus_yJJ1E7,2026-04-09,video-transcript,2026Q2 cotitură UE + criză guvern,statul român,țară,1,0.679
2026-04-09_conferinta-de-presa-sustinuta-de-presedintele-romaniei-nicus_yJJ1E7,2026-04-09,video-transcript,2026Q2 cotitură UE + criză guvern,ministerul finanțelor,instituție națională,1,0.811
2026-04-09_conferinta-de-presa-sustinuta-de-presedintele-romaniei-nicus_yJJ1E7,2026-04-09,video-transcript,2026Q2 cotitură UE + criză guvern,statului român,țară,1,0.622
2026-04-09_conferinta-de-presa-sustinuta-de-presedintele-romaniei-nicus_yJJ1E7,2026-04-09,video-transcript,2026Q2 cotitură UE + criză guvern,curtea de conturi,instituție națională,1,0.711
2026-04-09_conferinta-de-presa-sustinuta-de-presedintele-romaniei-nicus_yJJ1E7,2026-04-09,video-transcript,2026Q2 cotitură UE + criză guvern,primar,persoană politică,2,0.507
2026-04-09_conferinta-de-presa-sustinuta-de-presedintele-romaniei-nicus_yJJ1E7,2026-04-09,video-transcript,2026Q2 cotitură UE + criză guvern,premierului,persoană politică,1,0.468
2026-04-09_conferinta-de-presa-sustinuta-de-presedintele-romaniei-nicus_yJJ1E7,2026-04-09,video-transcript,2026Q2 cotitură UE + criză guvern,pnrr,partid politic,1,0.842
2026-04-09_conferinta-de-presa-sustinuta-de-presedintele-romaniei-nicus_yJJ1E7,2026-04-09,video-transcript,2026Q2 cotitură UE + criză guvern,ministrul apărării,persoană politică,1,0.582
2026-04-09_conferinta-de-presa-sustinuta-de-presedintele-romaniei-nicus_yJJ1E7,2026-04-09,video-transcript,2026Q2 cotitură UE + criză guvern,uniunii europene,instituție internațională,1,0.689
2026-04-09_conferinta-de-presa-sustinuta-de-presedintele-romaniei-nicus_yJJ1E7,2026-04-09,video-transcript,2026Q2 cotitură UE + criză guvern,fbi,instituție națională,1,0.53
2026-04-09_conferinta-de-presa-sustinuta-de-presedintele-romaniei-nicus_yJJ1E7,2026-04-09,video-transcript,2026Q2 cotitură UE + criză guvern,sri,instituție națională,1,0.598
2026-04-09_conferinta-de-presa-sustinuta-de-presedintele-romaniei-nicus_yJJ1E7,2026-04-09,video-transcript,2026Q2 cotitură UE + criză guvern,inspecția judiciară,instituție națională,1,0.526
2026-04-09_conferinta-de-presa-sustinuta-de-presedintele-romaniei-nicus_yJJ1E7,2026-04-09,video-transcript,2026Q2 cotitură UE + criză guvern,serviciul român de informații,instituție națională,1,0.847
2026-04-17_nicusor-dan-calin-georgescu-a-fost-sustinut-de-o-infrastruct,2026-04-17,video-transcript,2026Q2 cotitură UE + criză guvern,georgescu,persoană politică,1,0.963
2026-04-17_nicusor-dan-calin-georgescu-a-fost-sustinut-de-o-infrastruct,2026-04-17,video-transcript,2026Q2 cotitură UE + criză guvern,rusia,țară,1,0.932
2026-04-20_nicusor-dan-lack-of-financial-education-led-to-unhealthy-dec,2026-04-20,video-transcript,2026Q2 cotitură UE + criză guvern,academiei de studii economice,instituție națională,1,0.751
2026-04-20_nicusor-dan-lack-of-financial-education-led-to-unhealthy-dec,2026-04-20,video-transcript,2026Q2 cotitură UE + criză guvern,politicieni,persoană politică,1,0.474
2026-04-20_nicusor-dan-lack-of-financial-education-led-to-unhealthy-dec,2026-04-20,video-transcript,2026Q2 cotitură UE + criză guvern,domnul guvernator,persoană politică,2,0.809
2026-04-20_nicusor-dan-traim-un-razboi-informational-ce-a-anuntat-prese,2026-04-20,video-transcript,2026Q2 cotitură UE + criză guvern,domnul guvernator,persoană politică,2,0.768
2026-04-20_we-will-enter-political-turbulence-nicusor-dan-i-do-not-supp,2026-04-20,video-transcript,2026Q2 cotitură UE + criză guvern,românia,țară,10,0.965
2026-04-20_we-will-enter-political-turbulence-nicusor-dan-i-do-not-supp,2026-04-20,video-transcript,2026Q2 cotitură UE + criză guvern,pnrr,partid politic,5,0.97
2026-04-20_we-will-enter-political-turbulence-nicusor-dan-i-do-not-supp,2026-04-20,video-transcript,2026Q2 cotitură UE + criză guvern,psd,partid politic,1,0.913
2026-04-20_we-will-enter-political-turbulence-nicusor-dan-i-do-not-supp,2026-04-20,video-transcript,2026Q2 cotitură UE + criză guvern,pnl,partid politic,1,0.968
2026-04-20_we-will-enter-political-turbulence-nicusor-dan-i-do-not-supp,2026-04-20,video-transcript,2026Q2 cotitură UE + criză guvern,parlament,instituție națională,3,0.718
2026-04-20_we-will-enter-political-turbulence-nicusor-dan-i-do-not-supp,2026-04-20,video-transcript,2026Q2 cotitură UE + criză guvern,ocde,instituție internațională,1,0.677
2026-04-20_we-will-enter-political-turbulence-nicusor-dan-i-do-not-supp,2026-04-20,video-transcript,2026Q2 cotitură UE + criză guvern,româniei,țară,1,0.862
2026-04-20_we-will-enter-political-turbulence-nicusor-dan-i-do-not-supp,2026-04-20,video-transcript,2026Q2 cotitură UE + criză guvern,președintele,persoană politică,1,0.61
2026-04-20_we-will-enter-political-turbulence-nicusor-dan-i-do-not-supp,2026-04-20,video-transcript,2026Q2 cotitură UE + criză guvern,parlamentul,instituție națională,1,0.669
2026-04-20_we-will-enter-political-turbulence-nicusor-dan-i-do-not-supp,2026-04-20,video-transcript,2026Q2 cotitură UE + criză guvern,guvern,instituție națională,1,0.455
2026-04-20_we-will-enter-political-turbulence-nicusor-dan-i-do-not-supp,2026-04-20,video-transcript,2026Q2 cotitură UE + criză guvern,premier,persoană politică,1,0.551
2026-04-20_we-will-enter-political-turbulence-nicusor-dan-i-do-not-supp,2026-04-20,video-transcript,2026Q2 cotitură UE + criză guvern,organizația internațională a energiei,instituție internațională,1,0.794
2026-04-22_declaratie-de-presa-sustinuta-de-presedintele-romaniei-nicus,2026-04-22,video-transcript,2026Q2 cotitură UE + criză guvern,partidele prooccidentale,partid politic,1,0.515
2026-04-22_declaratie-de-presa-sustinuta-de-presedintele-romaniei-nicus,2026-04-22,video-transcript,2026Q2 cotitură UE + criză guvern,președintelui,persoană politică,1,0.588
2026-04-22_declaratie-de-presa-sustinuta-de-presedintele-romaniei-nicus,2026-04-22,video-transcript,2026Q2 cotitură UE + criză guvern,româniei,țară,1,0.855
2026-04-22_declaratie-de-presa-sustinuta-de-presedintele-romaniei-nicus,2026-04-22,video-transcript,2026Q2 cotitură UE + criză guvern,românia,țară,1,0.968
2026-04-22_declaratie-de-presa-sustinuta-de-presedintele-romaniei-nicus,2026-04-22,video-transcript,2026Q2 cotitură UE + criză guvern,oecd,instituție internațională,1,0.829
2026-04-22_declaratie-de-presa-sustinuta-de-presedintele-romaniei-nicus,2026-04-22,video-transcript,2026Q2 cotitură UE + criză guvern,pnrr,partid politic,1,0.863
2026-04-22_kelemen-hunor-at-the-end-of-discussions-with-nicusor-dan-we,2026-04-22,video-transcript,2026Q2 cotitură UE + criză guvern,premier,persoană politică,1,0.493
2026-04-22_kelemen-hunor-at-the-end-of-discussions-with-nicusor-dan-we,2026-04-22,video-transcript,2026Q2 cotitură UE + criză guvern,psd,partid politic,1,0.937
2026-04-22_kelemen-hunor-at-the-end-of-discussions-with-nicusor-dan-we,2026-04-22,video-transcript,2026Q2 cotitură UE + criză guvern,pnl,partid politic,1,0.965
2026-04-22_kelemen-hunor-at-the-end-of-discussions-with-nicusor-dan-we,2026-04-22,video-transcript,2026Q2 cotitură UE + criză guvern,românia,țară,2,0.9
2026-04-22_kelemen-hunor-at-the-end-of-discussions-with-nicusor-dan-we,2026-04-22,video-transcript,2026Q2 cotitură UE + criză guvern,parlament,instituție națională,1,0.54
2026-04-23_nicusor-dan-despre-situatia-demisiilor-ministrilor-psd-aprec,2026-04-23,video-transcript,2026Q2 cotitură UE + criză guvern,cipru,țară,1,0.953
2026-04-23_nicusor-dan-despre-situatia-demisiilor-ministrilor-psd-aprec,2026-04-23,video-transcript,2026Q2 cotitură UE + criză guvern,ucraina,țară,1,0.885
2026-04-23_nicusor-dan-despre-situatia-demisiilor-ministrilor-psd-aprec,2026-04-23,video-transcript,2026Q2 cotitură UE + criză guvern,românia,țară,4,0.984
2026-04-23_nicusor-dan-despre-situatia-demisiilor-ministrilor-psd-aprec,2026-04-23,video-transcript,2026Q2 cotitură UE + criză guvern,nato,instituție internațională,1,0.709
2026-04-23_nicusor-dan-despre-situatia-demisiilor-ministrilor-psd-aprec,2026-04-23,video-transcript,2026Q2 cotitură UE + criză guvern,sua,țară,1,0.586
2026-04-23_nicusor-dan-despre-situatia-demisiilor-ministrilor-psd-aprec,2026-04-23,video-transcript,2026Q2 cotitură UE + criză guvern,direcția europeană,instituție națională,1,0.598
2026-04-23_nicusor-dan-despre-situatia-demisiilor-ministrilor-psd-aprec,2026-04-23,video-transcript,2026Q2 cotitură UE + criză guvern,sfe ocd,partid politic,1,0.676
2026-04-23_nicusor-dan-despre-situatia-demisiilor-ministrilor-psd-aprec,2026-04-23,video-transcript,2026Q2 cotitură UE + criză guvern,uniune ocd,partid politic,1,0.799
2026-04-23_nicusor-dan-despre-situatia-demisiilor-ministrilor-psd-aprec,2026-04-23,video-transcript,2026Q2 cotitură UE + criză guvern,safe,partid politic,1,0.501
2026-04-23_nicusor-dan-despre-situatia-demisiilor-ministrilor-psd-aprec,2026-04-23,video-transcript,2026Q2 cotitură UE + criză guvern,pnrr,partid politic,1,0.868
2026-04-24_nicusor-dan-reacts-to-george-simion-s-new-discriminatory-sta,2026-04-24,video-transcript,2026Q2 cotitură UE + criză guvern,românia,țară,3,0.953
2026-04-24_nicusor-dan-reacts-to-george-simion-s-new-discriminatory-sta,2026-04-24,video-transcript,2026Q2 cotitură UE + criză guvern,româniei,țară,1,0.931
2026-04-24_nicusor-dan-reacts-to-george-simion-s-new-discriminatory-sta,2026-04-24,video-transcript,2026Q2 cotitură UE + criză guvern,ucraina,țară,6,0.992
2026-04-24_nicusor-dan-reacts-to-george-simion-s-new-discriminatory-sta,2026-04-24,video-transcript,2026Q2 cotitură UE + criză guvern,președintele zelenschi,persoană politică,2,0.912
2026-04-24_nicusor-dan-reacts-to-george-simion-s-new-discriminatory-sta,2026-04-24,video-transcript,2026Q2 cotitură UE + criză guvern,ucrainei,țară,1,0.976
2026-04-24_nicusor-dan-reacts-to-george-simion-s-new-discriminatory-sta,2026-04-24,video-transcript,2026Q2 cotitură UE + criză guvern,ungariei,țară,1,0.817
2026-04-24_nicusor-dan-reacts-to-george-simion-s-new-discriminatory-sta,2026-04-24,video-transcript,2026Q2 cotitură UE + criză guvern,agenția internațională pentru energie,instituție internațională,1,0.703
2026-04-24_nicusor-dan-reacts-to-george-simion-s-new-discriminatory-sta,2026-04-24,video-transcript,2026Q2 cotitură UE + criză guvern,primul ministru,persoană politică,1,0.697
2026-04-24_nicusor-dan-reacts-to-george-simion-s-new-discriminatory-sta,2026-04-24,video-transcript,2026Q2 cotitură UE + criză guvern,ministrul transporturilor,persoană politică,1,0.641
2026-04-24_nicusor-dan-reacts-to-george-simion-s-new-discriminatory-sta,2026-04-24,video-transcript,2026Q2 cotitură UE + criză guvern,ministrul energiei,persoană politică,1,0.563
2026-04-24_nicusor-dan-reacts-to-george-simion-s-new-discriminatory-sta,2026-04-24,video-transcript,2026Q2 cotitură UE + criză guvern,guvern,instituție națională,2,0.636
2026-04-24_nicusor-dan-reacts-to-george-simion-s-new-discriminatory-sta,2026-04-24,video-transcript,2026Q2 cotitură UE + criză guvern,parlamentului,instituție națională,1,0.738
2026-04-24_nicusor-dan-reacts-to-george-simion-s-new-discriminatory-sta,2026-04-24,video-transcript,2026Q2 cotitură UE + criză guvern,președinte,persoană politică,1,0.546
2026-04-24_nicusor-dan-reacts-to-george-simion-s-new-discriminatory-sta,2026-04-24,video-transcript,2026Q2 cotitură UE + criză guvern,curtea constituțională,instituție națională,1,0.796
2026-04-24_nicusor-dan-reacts-to-george-simion-s-new-discriminatory-sta,2026-04-24,video-transcript,2026Q2 cotitură UE + criză guvern,sav,partid politic,1,0.663
2026-04-24_nicusor-dan-reacts-to-george-simion-s-new-discriminatory-sta,2026-04-24,video-transcript,2026Q2 cotitură UE + criză guvern,pnrr,partid politic,1,0.779
2026-04-24_nicusor-dan-reacts-to-george-simion-s-new-discriminatory-sta,2026-04-24,video-transcript,2026Q2 cotitură UE + criză guvern,psa,partid politic,1,0.679
2026-04-24_nicusor-dan-reacts-to-george-simion-s-new-discriminatory-sta,2026-04-24,video-transcript,2026Q2 cotitură UE + criză guvern,pnr,partid politic,1,0.649
2026-04-24_nicusor-dan-reacts-to-george-simion-s-new-discriminatory-sta,2026-04-24,video-transcript,2026Q2 cotitură UE + criză guvern,pnl,partid politic,1,0.937
2026-04-24_nicusor-dan-reacts-to-george-simion-s-new-discriminatory-sta,2026-04-24,video-transcript,2026Q2 cotitură UE + criză guvern,psd,partid politic,1,0.927
2026-04-24_nicusor-dan-simion-s-statement-to-me-is-below-any-level-of-d,2026-04-24,video-transcript,2026Q2 cotitură UE + criză guvern,românia,țară,1,0.906
2026-04-25_nicusor-dan-a-semnat-demisiile-ministrilor-psd-anuntul-facut,2026-04-25,video-transcript,2026Q2 cotitură UE + criză guvern,aur,partid politic,3,0.958
2026-04-25_nicusor-dan-a-semnat-demisiile-ministrilor-psd-anuntul-facut,2026-04-25,video-transcript,2026Q2 cotitură UE + criză guvern,parlament,instituție națională,1,0.461
2026-04-25_nicusor-dan-a-semnat-demisiile-ministrilor-psd-anuntul-facut,2026-04-25,video-transcript,2026Q2 cotitură UE + criză guvern,pnl,partid politic,1,0.892
2026-04-25_nicusor-dan-a-semnat-demisiile-ministrilor-psd-anuntul-facut,2026-04-25,video-transcript,2026Q2 cotitură UE + criză guvern,psd,partid politic,1,0.916
2026-04-29_nicusor-dan-i-wish-romania-would-be-governed-by-pro-western,2026-04-29,video-transcript,2026Q2 cotitură UE + criză guvern,românia,țară,1,0.936
2026-04-29_nicusor-dan-i-wish-romania-would-be-governed-by-pro-western,2026-04-29,video-transcript,2026Q2 cotitură UE + criză guvern,parlamentul,instituție națională,1,0.657
2026-04-29_nicusor-dan-i-wish-romania-would-be-governed-by-pro-western,2026-04-29,video-transcript,2026Q2 cotitură UE + criză guvern,președintele,persoană politică,1,0.586
2026-04-29_nicusor-dan-i-wish-romania-would-be-governed-by-pro-western,2026-04-29,video-transcript,2026Q2 cotitură UE + criză guvern,psd,partid politic,1,0.938
2026-05-04_nicusor-dan-europa-isi-consolideaza-apararea-pe-fondul-reori,2026-05-04,video-transcript,2026Q2 cotitură UE + criză guvern,președintelui trump,persoană politică,1,0.563
2026-05-04_nicusor-dan-europa-isi-consolideaza-apararea-pe-fondul-reori,2026-05-04,video-transcript,2026Q2 cotitură UE + criză guvern,statelor unite,țară,1,0.961
2026-05-04_nicusor-dan-europa-isi-consolideaza-apararea-pe-fondul-reori,2026-05-04,video-transcript,2026Q2 cotitură UE + criză guvern,europa,țară,5,0.779
2026-05-04_nicusor-dan-europa-isi-consolideaza-apararea-pe-fondul-reori,2026-05-04,video-transcript,2026Q2 cotitură UE + criză guvern,sua,țară,2,0.975
2026-05-04_nicusor-dan-regardless-of-what-happens-romania-will-continue,2026-05-04,video-transcript,2026Q2 cotitură UE + criză guvern,turcia,țară,2,0.947
2026-05-04_nicusor-dan-regardless-of-what-happens-romania-will-continue,2026-05-04,video-transcript,2026Q2 cotitură UE + criză guvern,moldova,țară,6,0.988
2026-05-04_nicusor-dan-regardless-of-what-happens-romania-will-continue,2026-05-04,video-transcript,2026Q2 cotitură UE + criză guvern,serbia,țară,1,0.965
2026-05-04_nicusor-dan-regardless-of-what-happens-romania-will-continue,2026-05-04,video-transcript,2026Q2 cotitură UE + criză guvern,armenia,țară,1,0.944
2026-05-04_nicusor-dan-regardless-of-what-happens-romania-will-continue,2026-05-04,video-transcript,2026Q2 cotitură UE + criză guvern,grecia,țară,1,0.926
2026-05-04_nicusor-dan-regardless-of-what-happens-romania-will-continue,2026-05-04,video-transcript,2026Q2 cotitură UE + criză guvern,ucraina,țară,4,0.967
2026-05-04_nicusor-dan-regardless-of-what-happens-romania-will-continue,2026-05-04,video-transcript,2026Q2 cotitură UE + criză guvern,moldovei,țară,4,0.918
2026-05-04_nicusor-dan-regardless-of-what-happens-romania-will-continue,2026-05-04,video-transcript,2026Q2 cotitură UE + criză guvern,ucraine,țară,1,0.63
2026-05-04_nicusor-dan-regardless-of-what-happens-romania-will-continue,2026-05-04,video-transcript,2026Q2 cotitură UE + criză guvern,ungariei,țară,2,0.948
2026-05-04_nicusor-dan-regardless-of-what-happens-romania-will-continue,2026-05-04,video-transcript,2026Q2 cotitură UE + criză guvern,ucrainei,țară,3,0.978
2026-05-04_nicusor-dan-regardless-of-what-happens-romania-will-continue,2026-05-04,video-transcript,2026Q2 cotitură UE + criză guvern,ue,instituție internațională,3,0.727
2026-05-04_nicusor-dan-regardless-of-what-happens-romania-will-continue,2026-05-04,video-transcript,2026Q2 cotitură UE + criză guvern,macedonia de nord,țară,1,0.893
2026-05-04_nicusor-dan-regardless-of-what-happens-romania-will-continue,2026-05-04,video-transcript,2026Q2 cotitură UE + criză guvern,monaco,țară,1,0.944
2026-05-04_nicusor-dan-regardless-of-what-happens-romania-will-continue,2026-05-04,video-transcript,2026Q2 cotitură UE + criză guvern,elveția,țară,1,0.944
2026-05-04_nicusor-dan-regardless-of-what-happens-romania-will-continue,2026-05-04,video-transcript,2026Q2 cotitură UE + criză guvern,bulgaria,țară,1,0.963
2026-05-04_nicusor-dan-regardless-of-what-happens-romania-will-continue,2026-05-04,video-transcript,2026Q2 cotitură UE + criză guvern,cioloș,persoană politică,1,0.455
2026-05-04_nicusor-dan-regardless-of-what-happens-romania-will-continue,2026-05-04,video-transcript,2026Q2 cotitură UE + criză guvern,românia,țară,7,0.985
2026-05-04_nicusor-dan-regardless-of-what-happens-romania-will-continue,2026-05-04,video-transcript,2026Q2 cotitură UE + criză guvern,pnrr,partid politic,2,0.863
2026-05-04_nicusor-dan-regardless-of-what-happens-romania-will-continue,2026-05-04,video-transcript,2026Q2 cotitură UE + criză guvern,ue,țară,2,0.844
2026-05-04_nicusor-dan-regardless-of-what-happens-romania-will-continue,2026-05-04,video-transcript,2026Q2 cotitură UE + criză guvern,ungaria,țară,3,0.975
2026-05-04_nicusor-dan-regardless-of-what-happens-romania-will-continue,2026-05-04,video-transcript,2026Q2 cotitură UE + criză guvern,președintelui trump,persoană politică,1,0.632
2026-05-04_nicusor-dan-regardless-of-what-happens-romania-will-continue,2026-05-04,video-transcript,2026Q2 cotitură UE + criză guvern,statelor unite,țară,2,0.922
2026-05-04_nicusor-dan-regardless-of-what-happens-romania-will-continue,2026-05-04,video-transcript,2026Q2 cotitură UE + criză guvern,europa,țară,5,0.64
2026-05-04_nicusor-dan-regardless-of-what-happens-romania-will-continue,2026-05-04,video-transcript,2026Q2 cotitură UE + criză guvern,sua,țară,2,0.956
2026-05-04_nicusor-dan-regardless-of-what-happens-romania-will-continue,2026-05-04,video-transcript,2026Q2 cotitură UE + criză guvern,președinte,persoană politică,1,0.725
2026-05-05_declaratii-de-presa-sustinute-de-presedintele-romaniei-nicus,2026-05-05,video-transcript,2026Q2 cotitură UE + criză guvern,românia,țară,2,0.964
2026-05-05_declaratii-de-presa-sustinute-de-presedintele-romaniei-nicus,2026-05-05,video-transcript,2026Q2 cotitură UE + criză guvern,româniei,țară,1,0.937
2026-05-05_declaratii-de-presa-sustinute-de-presedintele-romaniei-nicus,2026-05-05,video-transcript,2026Q2 cotitură UE + criză guvern,ocde,instituție internațională,1,0.736
2026-05-05_declaratii-de-presa-sustinute-de-presedintele-romaniei-nicus,2026-05-05,video-transcript,2026Q2 cotitură UE + criză guvern,pnrr,instituție națională,3,0.517
2026-05-05_nicusor-dan-vom-avea-un-nou-guvern-pro-occidental-in-termen,2026-05-05,video-transcript,2026Q2 cotitură UE + criză guvern,românia,țară,2,0.975
2026-05-06_usr-attack-on-nicusor-dan-he-was-totally-disinterested-in-th,2026-05-06,video-transcript,2026Q2 cotitură UE + criză guvern,psd,partid politic,2,0.991
2026-05-06_usr-attack-on-nicusor-dan-he-was-totally-disinterested-in-th,2026-05-06,video-transcript,2026Q2 cotitură UE + criză guvern,usr,partid politic,2,0.99
2026-05-06_usr-attack-on-nicusor-dan-he-was-totally-disinterested-in-th,2026-05-06,video-transcript,2026Q2 cotitură UE + criză guvern,pnl,partid politic,2,0.988
2026-05-06_usr-attack-on-nicusor-dan-he-was-totally-disinterested-in-th,2026-05-06,video-transcript,2026Q2 cotitură UE + criză guvern,ilie bolojeanu,persoană politică,1,0.936
2026-05-09_mesajul-presedintelui-romaniei-nicusor-dan-cu-prilejul-zilei,2026-05-09,video-transcript,2026Q2 cotitură UE + criză guvern,româniei,țară,5,0.969
2026-05-09_mesajul-presedintelui-romaniei-nicusor-dan-cu-prilejul-zilei,2026-05-09,video-transcript,2026Q2 cotitură UE + criză guvern,ue,instituție internațională,7,0.734
2026-05-09_mesajul-presedintelui-romaniei-nicusor-dan-cu-prilejul-zilei,2026-05-09,video-transcript,2026Q2 cotitură UE + criză guvern,românia,țară,13,0.982
2026-05-09_mesajul-presedintelui-romaniei-nicusor-dan-cu-prilejul-zilei,2026-05-09,video-transcript,2026Q2 cotitură UE + criză guvern,europa,instituție internațională,4,0.53
2026-05-09_mesajul-presedintelui-romaniei-nicusor-dan-cu-prilejul-zilei,2026-05-09,video-transcript,2026Q2 cotitură UE + criză guvern,rusia,țară,1,0.79
2026-05-09_mesajul-presedintelui-romaniei-nicusor-dan-cu-prilejul-zilei,2026-05-09,video-transcript,2026Q2 cotitură UE + criză guvern,uniunii europene,instituție internațională,3,0.532
2026-05-09_mesajul-presedintelui-romaniei-nicusor-dan-cu-prilejul-zilei,2026-05-09,video-transcript,2026Q2 cotitură UE + criză guvern,republicii moldova,țară,1,0.894
2026-05-09_mesajul-presedintelui-romaniei-nicusor-dan-cu-prilejul-zilei,2026-05-09,video-transcript,2026Q2 cotitură UE + criză guvern,pnrr,partid politic,1,0.588
2026-05-09_nicusor-dan-we-will-continue-discussions-for-a-pro-western-g,2026-05-09,video-transcript,2026Q2 cotitură UE + criză guvern,românia,țară,1,0.968
2026-05-09_nicusor-dan-we-will-continue-discussions-for-a-pro-western-g,2026-05-09,video-transcript,2026Q2 cotitură UE + criză guvern,oecd,instituție internațională,1,0.82
2026-05-09_nicusor-dan-we-will-continue-discussions-for-a-pro-western-g,2026-05-09,video-transcript,2026Q2 cotitură UE + criză guvern,pnrr,partid politic,1,0.775
2026-05-09_nicusor-dan-we-will-continue-discussions-for-a-pro-western-g,2026-05-09,video-transcript,2026Q2 cotitură UE + criză guvern,româniei,țară,1,0.953
2026-05-12_nicusor-dan-daca-ne-referim-la-europa-asa-ca-la-o-icoana-nu,2026-05-12,video-transcript,2026Q2 cotitură UE + criză guvern,românia,țară,4,0.975
2026-05-12_nicusor-dan-daca-ne-referim-la-europa-asa-ca-la-o-icoana-nu,2026-05-12,video-transcript,2026Q2 cotitură UE + criză guvern,ucraina,țară,2,0.968
2026-05-12_nicusor-dan-daca-ne-referim-la-europa-asa-ca-la-o-icoana-nu,2026-05-12,video-transcript,2026Q2 cotitură UE + criză guvern,vonder derlen,persoană politică,1,0.493
2026-05-12_nicusor-dan-daca-ne-referim-la-europa-asa-ca-la-o-icoana-nu,2026-05-12,video-transcript,2026Q2 cotitură UE + criză guvern,europa,instituție internațională,6,0.919
2026-05-12_nicusor-dan-daca-ne-referim-la-europa-asa-ca-la-o-icoana-nu,2026-05-12,video-transcript,2026Q2 cotitură UE + criză guvern,sua,țară,1,0.467
2026-05-12_nicusor-dan-daca-ne-referim-la-europa-asa-ca-la-o-icoana-nu,2026-05-12,video-transcript,2026Q2 cotitură UE + criză guvern,nato,instituție internațională,1,0.597
2026-05-12_nicusor-dan-suntem-intr-o-perioada-cu-provocari-statele-care,2026-05-12,video-transcript,2026Q2 cotitură UE + criză guvern,românia,țară,3,0.969
2026-05-12_nicusor-dan-suntem-intr-o-perioada-cu-provocari-statele-care,2026-05-12,video-transcript,2026Q2 cotitură UE + criză guvern,nato,instituție internațională,5,0.728
2026-05-12_nicusor-dan-suntem-intr-o-perioada-cu-provocari-statele-care,2026-05-12,video-transcript,2026Q2 cotitură UE + criză guvern,uniunii europene,instituție internațională,1,0.572
2026-05-12_nicusor-dan-suntem-intr-o-perioada-cu-provocari-statele-care,2026-05-12,video-transcript,2026Q2 cotitură UE + criză guvern,moldovei,țară,1,0.54
2026-05-12_nicusor-dan-suntem-intr-o-perioada-cu-provocari-statele-care,2026-05-12,video-transcript,2026Q2 cotitură UE + criză guvern,ucrainei,țară,1,0.784
2026-05-12_nicusor-dan-suntem-intr-o-perioada-cu-provocari-statele-care,2026-05-12,video-transcript,2026Q2 cotitură UE + criză guvern,româniei,țară,1,0.927
2026-05-12_nicusor-dan-suntem-intr-o-perioada-cu-provocari-statele-care,2026-05-12,video-transcript,2026Q2 cotitură UE + criză guvern,consiliului nordatlantic,instituție internațională,1,0.536
2026-05-12_nicusor-dan-suntem-intr-o-perioada-cu-provocari-statele-care,2026-05-12,video-transcript,2026Q2 cotitură UE + criză guvern,bulgaria,țară,1,0.828
2026-05-12_nicusor-dan-suntem-intr-o-perioada-cu-provocari-statele-care,2026-05-12,video-transcript,2026Q2 cotitură UE + criză guvern,turcia,țară,1,0.897
2026-05-13_nicusor-dan-am-discutat-cu-secretarul-general-al-nato-despre,2026-05-13,video-transcript,2026Q2 cotitură UE + criză guvern,marc rute,persoană politică,1,0.876
2026-05-13_nicusor-dan-am-discutat-cu-secretarul-general-al-nato-despre,2026-05-13,video-transcript,2026Q2 cotitură UE + criză guvern,nato,țară,1,0.598
2026-05-13_nicusor-dan-am-discutat-cu-secretarul-general-al-nato-despre,2026-05-13,video-transcript,2026Q2 cotitură UE + criză guvern,rusia,țară,3,0.983
2026-05-13_nicusor-dan-am-discutat-cu-secretarul-general-al-nato-despre,2026-05-13,video-transcript,2026Q2 cotitură UE + criză guvern,ucraina,țară,3,0.973
2026-05-13_nicusor-dan-am-discutat-cu-secretarul-general-al-nato-despre,2026-05-13,video-transcript,2026Q2 cotitură UE + criză guvern,ucrainei,țară,1,0.649
2026-05-13_nicusor-dan-am-discutat-cu-secretarul-general-al-nato-despre,2026-05-13,video-transcript,2026Q2 cotitură UE + criză guvern,nato,instituție internațională,6,0.607
2026-05-13_nicusor-dan-am-discutat-cu-secretarul-general-al-nato-despre,2026-05-13,video-transcript,2026Q2 cotitură UE + criză guvern,româniei,țară,1,0.887
2026-05-13_nicusor-dan-am-discutat-cu-secretarul-general-al-nato-despre,2026-05-13,video-transcript,2026Q2 cotitură UE + criză guvern,moldova,țară,4,0.985
2026-05-13_nicusor-dan-am-discutat-cu-secretarul-general-al-nato-despre,2026-05-13,video-transcript,2026Q2 cotitură UE + criză guvern,domnul secretar general,persoană politică,1,0.506
2026-05-13_nicusor-dan-moldova-e-un-stat-pe-flancul-estic-amenintat-int,2026-05-13,video-transcript,2026Q2 cotitură UE + criză guvern,sua,țară,1,0.821
2026-05-13_nicusor-dan-moldova-e-un-stat-pe-flancul-estic-amenintat-int,2026-05-13,video-transcript,2026Q2 cotitură UE + criză guvern,moldova,țară,4,0.995
2026-05-13_nicusor-dan-moldova-e-un-stat-pe-flancul-estic-amenintat-int,2026-05-13,video-transcript,2026Q2 cotitură UE + criză guvern,rusia,țară,1,0.944
2026-05-13_nicusor-dan-moldova-e-un-stat-pe-flancul-estic-amenintat-int,2026-05-13,video-transcript,2026Q2 cotitură UE + criză guvern,ucraina,țară,1,0.919
2026-05-13_summit-b9-la-bucuresti-nicusor-dan-trebuie-sa-sporim-cheltui,2026-05-13,video-transcript,2026Q2 cotitură UE + criză guvern,statelor unite,țară,1,0.905
2026-05-13_summit-b9-la-bucuresti-nicusor-dan-trebuie-sa-sporim-cheltui,2026-05-13,video-transcript,2026Q2 cotitură UE + criză guvern,ucrainei,țară,2,0.959
2026-05-13_summit-b9-la-bucuresti-nicusor-dan-trebuie-sa-sporim-cheltui_VSRZ5y,2026-05-13,video-transcript,2026Q2 cotitură UE + criză guvern,statelor unite,țară,1,0.883
2026-05-13_summit-b9-la-bucuresti-nicusor-dan-trebuie-sa-sporim-cheltui_VSRZ5y,2026-05-13,video-transcript,2026Q2 cotitură UE + criză guvern,ucrainei,țară,2,0.926
2026-05-13_summit-b9-la-bucuresti-nicusor-dan-trebuie-sa-sporim-cheltui_VSRZ5y,2026-05-13,video-transcript,2026Q2 cotitură UE + criză guvern,ucraina,țară,1,0.963
2026-05-13_summit-b9-la-bucuresti-nicusor-dan-trebuie-sa-sporim-cheltui_VSRZ5y,2026-05-13,video-transcript,2026Q2 cotitură UE + criză guvern,r. moldova,țară,1,0.972
2026-05-15_nicusor-dan-i-would-not-like-to-appoint-a-government-that-wo,2026-05-15,video-transcript,2026Q2 cotitură UE + criză guvern,tehnocrat,persoană politică,1,0.453
2026-05-15_nicusor-dan-majoritatea-parlamentara-va-fi-cheia-consultaril,2026-05-15,video-transcript,2026Q2 cotitură UE + criză guvern,românia,țară,6,0.979
2026-05-15_nicusor-dan-majoritatea-parlamentara-va-fi-cheia-consultaril,2026-05-15,video-transcript,2026Q2 cotitură UE + criză guvern,țara asta,țară,1,0.458
2026-05-15_nicusor-dan-majoritatea-parlamentara-va-fi-cheia-consultaril,2026-05-15,video-transcript,2026Q2 cotitură UE + criză guvern,parlament,instituție națională,3,0.728
2026-05-15_nicusor-dan-majoritatea-parlamentara-va-fi-cheia-consultaril,2026-05-15,video-transcript,2026Q2 cotitură UE + criză guvern,bolojan,persoană politică,1,0.651
2026-05-15_nicusor-dan-majoritatea-parlamentara-va-fi-cheia-consultaril,2026-05-15,video-transcript,2026Q2 cotitură UE + criză guvern,președintele,persoană politică,1,0.592
