doc_id,date,tip,canonical,label,count,max_score
2025-05-08_dezbatere-euronews-simion,2025-05-08,dezbatere-electorala,ROMÂNIA,țară,3,0.994
2025-05-08_dezbatere-euronews-simion,2025-05-08,dezbatere-electorala,SUA,țară,1,0.898
2025-05-08_dezbatere-euronews-simion,2025-05-08,dezbatere-electorala,NATO,instituție internațională,1,0.877
2025-05-08_dezbatere-euronews-simion,2025-05-08,dezbatere-electorala,UE,instituție internațională,1,0.874
2025-05-08_dezbatere-euronews-simion,2025-05-08,dezbatere-electorala,TRUMP,persoană politică,1,0.923
2024-12-16_anunt-candidatura,2024-12-16,anunt-candidatura,ROMÂNIA,țară,5,0.988
2025-02-03_lansare-campanie-romania-onesta,2025-02-03,lansare-campanie,ROMÂNIA,țară,4,0.977
2025-05-19_discurs-victorie,2025-05-19,discurs-victorie,ROMÂNIA,țară,10,0.992
2025-05-19_discurs-victorie,2025-05-19,discurs-victorie,R. MOLDOVA,țară,1,0.673
2025-05-26_discurs-investitura,2025-05-26,discurs-investitura,ROMÂNIA,țară,19,0.99
2025-05-26_discurs-investitura,2025-05-26,discurs-investitura,R. MOLDOVA,țară,4,0.976
2025-05-26_discurs-investitura,2025-05-26,discurs-investitura,STATUL ROMÂN,instituție națională,2,0.607
2025-05-26_discurs-investitura,2025-05-26,discurs-investitura,SUA,țară,1,0.685
2025-05-26_discurs-investitura,2025-05-26,discurs-investitura,NATO,instituție internațională,2,0.685
2025-05-26_discurs-investitura,2025-05-26,discurs-investitura,UE,instituție națională,2,0.527
2025-09-04_autoevaluare-100-zile,2025-09-04,interviu-autoevaluare,ROMÂNIA,țară,1,0.914
2025-12-31_mesaj-anul-nou,2025-12-31,mesaj-anul-nou,ROMÂNIA,țară,3,0.992
2024-12-04_political-studio-nicusor-dan-the-signal-is-good-even-if-it-i,2024-12-04,video-transcript,PARLAMENT,instituție internațională,8,0.882
2024-12-04_political-studio-nicusor-dan-the-signal-is-good-even-if-it-i,2024-12-04,video-transcript,NATO,instituție internațională,3,0.927
2024-12-04_political-studio-nicusor-dan-the-signal-is-good-even-if-it-i,2024-12-04,video-transcript,UE,instituție internațională,2,0.953
2024-12-04_political-studio-nicusor-dan-the-signal-is-good-even-if-it-i,2024-12-04,video-transcript,STATUL ROMÂN,țară,2,0.631
2024-12-04_political-studio-nicusor-dan-the-signal-is-good-even-if-it-i,2024-12-04,video-transcript,GEORGESCU,persoană politică,4,0.792
2024-12-04_political-studio-nicusor-dan-the-signal-is-good-even-if-it-i,2024-12-04,video-transcript,PSD,partid politic,1,0.89
2024-12-04_political-studio-nicusor-dan-the-signal-is-good-even-if-it-i,2024-12-04,video-transcript,PNL,partid politic,1,0.94
2024-12-04_political-studio-nicusor-dan-the-signal-is-good-even-if-it-i,2024-12-04,video-transcript,LASCONI,persoană politică,1,0.802
2024-12-04_political-studio-nicusor-dan-the-signal-is-good-even-if-it-i,2024-12-04,video-transcript,ROMÂNIA,țară,2,0.953
2024-12-04_political-studio-nicusor-dan-the-signal-is-good-even-if-it-i,2024-12-04,video-transcript,GUVERN,instituție națională,1,0.473
2024-12-04_political-studio-nicusor-dan-the-signal-is-good-even-if-it-i,2024-12-04,video-transcript,UCRAINA,țară,1,0.862
2024-12-16_nicusor-dan-despre-calin-georgescu-in-ceea-ce-priveste-conte,2024-12-16,video-transcript,ROMÂNIA,țară,1,0.95
2024-12-16_nicusor-dan-despre-calin-georgescu-in-ceea-ce-priveste-conte,2024-12-16,video-transcript,UE,instituție internațională,1,0.901
2024-12-16_nicusor-dan-despre-calin-georgescu-in-ceea-ce-priveste-conte,2024-12-16,video-transcript,NATO,instituție internațională,1,0.827
2024-12-16_nicusor-dan-intentionez-sa-candidez-ca-independent-la-aleger,2024-12-16,video-transcript,ROMÂNIA,țară,12,0.989
2024-12-16_nicusor-dan-si-a-anuntat-candidatura-la-alegerile-prezidenti,2024-12-16,video-transcript,ROMÂNIA,țară,15,0.981
2024-12-16_nicusor-dan-si-a-anuntat-candidatura-la-alegerile-prezidenti,2024-12-16,video-transcript,CCR,instituție națională,2,0.892
2024-12-16_nicusor-dan-si-a-anuntat-candidatura-la-alegerile-prezidenti,2024-12-16,video-transcript,UE,instituție internațională,1,0.763
2024-12-16_nicusor-dan-si-a-anuntat-candidatura-la-alegerile-prezidenti,2024-12-16,video-transcript,NATO,instituție internațională,1,0.711
2024-12-18_nicusor-dan-iesirea-unui-partid-din-coalitie-ne-ar-lasa-cu-u,2024-12-18,video-transcript,ROMÂNIA,țară,10,0.963
2024-12-18_nicusor-dan-iesirea-unui-partid-din-coalitie-ne-ar-lasa-cu-u,2024-12-18,video-transcript,USR,partid politic,2,0.845
2024-12-18_nicusor-dan-iesirea-unui-partid-din-coalitie-ne-ar-lasa-cu-u,2024-12-18,video-transcript,GUVERN,instituție națională,1,0.476
2024-12-18_nicusor-dan-iesirea-unui-partid-din-coalitie-ne-ar-lasa-cu-u,2024-12-18,video-transcript,CCR,instituție națională,1,0.588
2024-12-18_nicusor-dan-iesirea-unui-partid-din-coalitie-ne-ar-lasa-cu-u,2024-12-18,video-transcript,COMISIA EUROPEANĂ,instituție națională,1,0.683
2024-12-18_nicusor-dan-iesirea-unui-partid-din-coalitie-ne-ar-lasa-cu-u,2024-12-18,video-transcript,GEORGESCU,persoană politică,2,0.897
2024-12-18_nicusor-dan-iesirea-unui-partid-din-coalitie-ne-ar-lasa-cu-u,2024-12-18,video-transcript,RUSIA,țară,2,0.945
2024-12-18_nicusor-dan-iesirea-unui-partid-din-coalitie-ne-ar-lasa-cu-u,2024-12-18,video-transcript,PARLAMENT,instituție națională,1,0.566
2024-12-18_nicusor-dan-iesirea-unui-partid-din-coalitie-ne-ar-lasa-cu-u,2024-12-18,video-transcript,FRANȚA,țară,2,0.932
2024-12-18_nicusor-dan-iesirea-unui-partid-din-coalitie-ne-ar-lasa-cu-u,2024-12-18,video-transcript,SUA,țară,2,0.882
2024-12-18_nicusor-dan-iesirea-unui-partid-din-coalitie-ne-ar-lasa-cu-u,2024-12-18,video-transcript,TRUMP,persoană politică,1,0.907
2024-12-18_nicusor-dan-iesirea-unui-partid-din-coalitie-ne-ar-lasa-cu-u,2024-12-18,video-transcript,NATO,instituție internațională,1,0.474
2024-12-19_nicusor-dan-dupa-retragerea-psd-de-la-negocieri-sunt-surprin,2024-12-19,video-transcript,ROMÂNIA,țară,2,0.94
2024-12-19_nicusor-dan-dupa-retragerea-psd-de-la-negocieri-sunt-surprin,2024-12-19,video-transcript,PARLAMENT,instituție națională,3,0.781
2024-12-19_nicusor-dan-dupa-retragerea-psd-de-la-negocieri-sunt-surprin,2024-12-19,video-transcript,GEORGESCU,persoană politică,1,0.62
2024-12-23_nicusor-dan-despre-candidatura-lui-crin-antonescu-partidele,2024-12-23,video-transcript,UE,instituție internațională,1,0.605
2024-12-23_nicusor-dan-despre-candidatura-lui-crin-antonescu-partidele,2024-12-23,video-transcript,GEORGESCU,persoană politică,1,0.775
2024-12-23_nicusor-dan-despre-candidatura-lui-crin-antonescu-partidele,2024-12-23,video-transcript,ROMÂNIA,țară,1,0.957
2024-12-25_mesajul-lui-nicusor-dan-pentru-romani-stiri-b1tv-25-dec-2024,2024-12-25,video-transcript,ROMÂNIA,țară,3,0.955
2024-12-30_nicusor-dan-candidez-indiferent-de-ce-va-fi-stiri-b1tv-30-de,2024-12-30,video-transcript,ROMÂNIA,țară,4,0.956
2024-12-30_nicusor-dan-despre-calin-georgescu-stiri-b1tv-30-dec-2024,2024-12-30,video-transcript,CCR,instituție națională,1,0.755
2024-12-30_nicusor-dan-despre-calin-georgescu-stiri-b1tv-30-dec-2024,2024-12-30,video-transcript,GEORGESCU,persoană politică,4,0.976
2025-01-09_nicusor-dan-critica-decizia-coalitiei-privind-data-alegerilo,2025-01-09,video-transcript,ROMÂNIA,țară,8,0.989
2025-01-09_nicusor-dan-critica-decizia-coalitiei-privind-data-alegerilo,2025-01-09,video-transcript,USR,partid politic,1,0.844
2025-01-09_nicusor-dan-critica-decizia-coalitiei-privind-data-alegerilo,2025-01-09,video-transcript,PNL,partid politic,1,0.91
2025-01-09_nicusor-dan-critica-decizia-coalitiei-privind-data-alegerilo,2025-01-09,video-transcript,UE,instituție internațională,1,0.607
2025-01-09_nicusor-dan-critica-decizia-coalitiei-privind-data-alegerilo,2025-01-09,video-transcript,NATO,instituție internațională,1,0.63
2025-01-18_nicusor-dan-cere-explicatii-pentru-anulare-stiri-b1tv-18-ian,2025-01-18,video-transcript,IOHANNIS,persoană politică,3,0.968
2025-01-18_nicusor-dan-cere-explicatii-pentru-anulare-stiri-b1tv-18-ian,2025-01-18,video-transcript,PNL,partid politic,1,0.956
2025-01-30_nicusor-dan-despre-alegerile-prezidentiale-daca-va-castiga-g,2025-01-30,video-transcript,GEORGESCU,persoană politică,1,0.5
2025-02-04_nicusor-dan-declara-iar-ca-nu-se-retrage-din-cursa-in-turul,2025-02-04,video-transcript,ROMÂNIA,țară,1,0.954
2025-02-05_nicusor-dan-cand-statul-se-imprumuta-ca-sa-plateasca-deficit,2025-02-05,video-transcript,ROMÂNIA,țară,3,0.978
2025-02-05_nicusor-dan-cand-statul-se-imprumuta-ca-sa-plateasca-deficit,2025-02-05,video-transcript,GUVERN,instituție națională,1,0.466
2025-02-05_nicusor-dan-cand-statul-se-imprumuta-ca-sa-plateasca-deficit,2025-02-05,video-transcript,PARLAMENT,instituție națională,1,0.548
2025-02-05_nicusor-dan-despre-scandalul-nordis-mult-din-ce-se-construie,2025-02-05,video-transcript,CIOLACU,persoană politică,1,0.833
2025-02-05_nicusor-dan-despre-scandalul-nordis-mult-din-ce-se-construie,2025-02-05,video-transcript,CSM,instituție națională,2,0.763
2025-02-05_nicusor-dan-despre-scandalul-nordis-mult-din-ce-se-construie,2025-02-05,video-transcript,ROMÂNIA,țară,14,0.976
2025-02-05_nicusor-dan-despre-scandalul-nordis-mult-din-ce-se-construie,2025-02-05,video-transcript,PNL,partid politic,1,0.832
2025-02-05_nicusor-dan-despre-scandalul-nordis-mult-din-ce-se-construie,2025-02-05,video-transcript,UDMR,partid politic,1,0.886
2025-02-05_nicusor-dan-despre-scandalul-nordis-mult-din-ce-se-construie,2025-02-05,video-transcript,PSD,partid politic,1,0.618
2025-02-05_nicusor-dan-despre-scandalul-nordis-mult-din-ce-se-construie,2025-02-05,video-transcript,PARLAMENT,instituție națională,2,0.647
2025-02-05_nicusor-dan-despre-scandalul-nordis-mult-din-ce-se-construie,2025-02-05,video-transcript,GUVERN,instituție națională,2,0.498
2025-02-05_nicusor-dan-despre-scandalul-nordis-mult-din-ce-se-construie,2025-02-05,video-transcript,GEORGESCU,persoană politică,4,0.936
2025-02-05_nicusor-dan-despre-scandalul-nordis-mult-din-ce-se-construie,2025-02-05,video-transcript,CCR,instituție națională,1,0.737
2025-02-05_nicusor-dan-despre-scandalul-nordis-mult-din-ce-se-construie,2025-02-05,video-transcript,ANAF,instituție națională,1,0.517
2025-02-05_nicusor-dan-despre-scandalul-nordis-mult-din-ce-se-construie,2025-02-05,video-transcript,NATO,instituție internațională,1,0.631
2025-02-05_nicusor-dan-despre-scandalul-nordis-mult-din-ce-se-construie,2025-02-05,video-transcript,USR,partid politic,1,0.973
2025-02-05_nicusor-dan-despre-scandalul-nordis-mult-din-ce-se-construie,2025-02-05,video-transcript,SIMION,persoană politică,1,0.761
2025-02-08_nicusor-dan-reactie-in-scandalul-cu-lasconi-stiri-b1tv-8-feb,2025-02-08,video-transcript,ROMÂNIA,țară,3,0.986
2025-02-24_nicusor-dan-despre-demisia-lui-ciolacu-stiri-b1tv-24-febr-20,2025-02-24,video-transcript,ROMÂNIA,țară,4,0.96
2025-02-26_nicusor-dan-despre-dovezile-pe-care-vrea-sa-le-vada-in-legat,2025-02-26,video-transcript,UE,instituție internațională,1,0.741
2025-02-26_nicusor-dan-despre-dovezile-pe-care-vrea-sa-le-vada-in-legat,2025-02-26,video-transcript,ROMÂNIA,țară,1,0.855
2025-02-27_nicusor-dan-despre-inculparea-lui-calin-georgescu-trebuie-sa,2025-02-27,video-transcript,GEORGESCU,persoană politică,3,0.949
2025-02-27_nicusor-dan-despre-inculparea-lui-calin-georgescu-trebuie-sa,2025-02-27,video-transcript,ROMÂNIA,țară,2,0.926
2025-02-27_sume-uriase-si-tehnologie-avansata-nicusor-dan-despre-campan,2025-02-27,video-transcript,ROMÂNIA,țară,1,0.917
2025-02-27_sume-uriase-si-tehnologie-avansata-nicusor-dan-despre-campan,2025-02-27,video-transcript,GEORGESCU,persoană politică,1,0.711
2025-03-07_nicusor-dan-candidatura-mea-este-candidatura-celor-240-de-mi,2025-03-07,video-transcript,ROMÂNIA,țară,1,0.966
2025-03-07_nicusor-dan-candidatura-mea-este-candidatura-celor-240-de-mi,2025-03-07,video-transcript,CCR,instituție națională,2,0.799
2025-03-07_nicusor-dan-fata-de-aceasta-decizie-a-ccr-ne-invartim-in-cee,2025-03-07,video-transcript,CCR,instituție națională,3,0.882
2025-03-07_nicusor-dan-fata-de-aceasta-decizie-a-ccr-ne-invartim-in-cee,2025-03-07,video-transcript,GEORGESCU,persoană politică,1,0.794
2025-03-07_nicusor-dan-primul-candidat-care-s-a-inscris-oficial-la-prez,2025-03-07,video-transcript,ROMÂNIA,țară,1,0.967
2025-03-07_nicusor-dan-primul-candidat-care-s-a-inscris-oficial-la-prez,2025-03-07,video-transcript,CCR,instituție națională,2,0.793
2025-03-14_buna-romania-nicusor-dan-romania-e-un-stat-bolnav-bec-trebui,2025-03-14,video-transcript,ROMÂNIA,țară,15,0.963
2025-03-14_buna-romania-nicusor-dan-romania-e-un-stat-bolnav-bec-trebui,2025-03-14,video-transcript,GEORGESCU,persoană politică,11,0.93
2025-03-14_buna-romania-nicusor-dan-romania-e-un-stat-bolnav-bec-trebui,2025-03-14,video-transcript,CCR,instituție națională,1,0.525
2025-03-14_buna-romania-nicusor-dan-romania-e-un-stat-bolnav-bec-trebui,2025-03-14,video-transcript,PNL,partid politic,2,0.976
2025-03-14_buna-romania-nicusor-dan-romania-e-un-stat-bolnav-bec-trebui,2025-03-14,video-transcript,STATUL ROMÂN,instituție națională,1,0.465
2025-03-14_buna-romania-nicusor-dan-romania-e-un-stat-bolnav-bec-trebui,2025-03-14,video-transcript,CIOLACU,persoană politică,1,0.565
2025-03-14_buna-romania-nicusor-dan-romania-e-un-stat-bolnav-bec-trebui,2025-03-14,video-transcript,GUVERN,instituție națională,6,0.659
2025-03-14_buna-romania-nicusor-dan-romania-e-un-stat-bolnav-bec-trebui,2025-03-14,video-transcript,USR,partid politic,4,0.983
2025-03-14_buna-romania-nicusor-dan-romania-e-un-stat-bolnav-bec-trebui,2025-03-14,video-transcript,PARLAMENT,instituție națională,5,0.8
2025-03-14_buna-romania-nicusor-dan-romania-e-un-stat-bolnav-bec-trebui,2025-03-14,video-transcript,PSD,partid politic,6,0.988
2025-03-14_buna-romania-nicusor-dan-romania-e-un-stat-bolnav-bec-trebui,2025-03-14,video-transcript,PONTA,persoană politică,1,0.846
2025-03-14_buna-romania-nicusor-dan-romania-e-un-stat-bolnav-bec-trebui,2025-03-14,video-transcript,RUSIA,țară,1,0.736
2025-03-14_nicusor-dan-despre-premierul-ciolacu-este-evident-ca-toata-l,2025-03-14,video-transcript,CIOLACU,persoană politică,1,0.605
2025-03-14_nicusor-dan-despre-premierul-ciolacu-este-evident-ca-toata-l,2025-03-14,video-transcript,ROMÂNIA,țară,2,0.962
2025-03-14_nicusor-dan-despre-premierul-ciolacu-este-evident-ca-toata-l,2025-03-14,video-transcript,GUVERN,instituție națională,2,0.576
2025-03-14_nicusor-dan-despre-premierul-ciolacu-este-evident-ca-toata-l,2025-03-14,video-transcript,USR,partid politic,1,0.672
2025-03-19_nicusor-dan-am-discutat-cu-bolojan-la-cotroceni-despre-alege,2025-03-19,video-transcript,SIMION,persoană politică,2,0.671
2025-03-19_nicusor-dan-am-discutat-cu-bolojan-la-cotroceni-despre-alege,2025-03-19,video-transcript,PSD,partid politic,2,0.988
2025-03-19_nicusor-dan-am-discutat-cu-bolojan-la-cotroceni-despre-alege,2025-03-19,video-transcript,USR,partid politic,1,0.938
2025-03-19_nicusor-dan-am-discutat-cu-bolojan-la-cotroceni-despre-alege,2025-03-19,video-transcript,ROMÂNIA,țară,1,0.913
2025-03-19_nicusor-dan-am-discutat-cu-bolojan-la-cotroceni-despre-alege,2025-03-19,video-transcript,BOLOJAN,persoană politică,1,0.879
2025-04-01_nicusor-dan-criticat-dur-dupa-declaratia-despre-introducerea,2025-04-01,video-transcript,GUVERN,instituție națională,3,0.659
2025-04-01_nicusor-dan-criticat-dur-dupa-declaratia-despre-introducerea,2025-04-01,video-transcript,FRANȚA,țară,1,0.763
2025-04-01_nicusor-dan-criticat-dur-dupa-declaratia-despre-introducerea,2025-04-01,video-transcript,SUA,țară,1,0.786
2025-04-01_nicusor-dan-criticat-dur-dupa-declaratia-despre-introducerea,2025-04-01,video-transcript,PSD,partid politic,1,0.729
2025-04-01_nicusor-dan-criticat-dur-dupa-declaratia-despre-introducerea,2025-04-01,video-transcript,SIMION,persoană politică,2,0.872
2025-04-01_nicusor-dan-criticat-dur-dupa-declaratia-despre-introducerea,2025-04-01,video-transcript,ROMÂNIA,țară,3,0.852
2025-04-01_nicusor-dan-criticat-dur-dupa-declaratia-despre-introducerea,2025-04-01,video-transcript,PARLAMENTUL EUROPEAN,instituție națională,3,0.707
2025-04-01_nicusor-dan-criticat-dur-dupa-declaratia-despre-introducerea,2025-04-01,video-transcript,GEORGESCU,persoană politică,1,0.657
2025-04-08_crin-antonescu-il-troleaza-pe-nicusor-dan-nu-mananc-medenele,2025-04-08,video-transcript,ROMÂNIA,țară,1,0.939
2025-04-11_lasconi-arata-mesajul-de-la-nicusor-dan-cand-ii-cere-sa-se-v,2025-04-11,video-transcript,R. MOLDOVA,țară,1,0.678
2025-04-11_lasconi-arata-mesajul-de-la-nicusor-dan-cand-ii-cere-sa-se-v,2025-04-11,video-transcript,USR,partid politic,1,0.969
2025-05-02_nicusor-dan-mesaj-pentru-romani-sa-aleaga-pe-cei-care-au-dov,2025-05-02,video-transcript,SUA,țară,1,0.902
2025-05-02_nicusor-dan-mesaj-pentru-romani-sa-aleaga-pe-cei-care-au-dov,2025-05-02,video-transcript,ROMÂNIA,țară,3,0.933
2025-05-02_nicusor-dan-mesaj-pentru-romani-sa-aleaga-pe-cei-care-au-dov,2025-05-02,video-transcript,PONTA,persoană politică,1,0.925
2025-05-04_nicusor-dan-am-votat-pentru-speranta-si-pentru-un-nou-incepu,2025-05-04,video-transcript,ROMÂNIA,țară,5,0.988
2025-05-04_nicusor-dan-am-votat-pentru-speranta-si-pentru-un-nou-incepu,2025-05-04,video-transcript,R. MOLDOVA,țară,1,0.911
2025-05-04_nicusor-dan-o-sa-fie-o-disputa-intre-un-candidat-pro-occiden,2025-05-04,video-transcript,ROMÂNIA,țară,2,0.902
2025-05-04_nicusor-dan-o-sa-fie-o-disputa-intre-un-candidat-pro-occiden,2025-05-04,video-transcript,UE,instituție internațională,1,0.924
2025-05-04_nicusor-dan-o-sa-fie-o-disputa-intre-un-candidat-pro-occiden,2025-05-04,video-transcript,NATO,instituție internațională,1,0.816
2025-05-04_nicusor-dan-o-sa-fie-o-disputa-intre-un-candidat-pro-occiden,2025-05-04,video-transcript,USR,partid politic,4,0.954
2025-05-04_nicusor-dan-o-sa-fie-o-disputa-intre-un-candidat-pro-occiden,2025-05-04,video-transcript,LASCONI,persoană politică,1,0.966
2025-05-04_nicusor-dan-o-sa-fie-o-disputa-intre-un-candidat-pro-occiden,2025-05-04,video-transcript,PARLAMENT,instituție națională,2,0.644
2025-05-04_nicusor-dan-o-sa-fie-o-disputa-intre-un-candidat-pro-occiden,2025-05-04,video-transcript,PSD,partid politic,2,0.989
2025-05-04_nicusor-dan-o-sa-fie-o-disputa-intre-un-candidat-pro-occiden,2025-05-04,video-transcript,PNL,partid politic,1,0.956
2025-05-04_nicusor-dan-o-sa-fie-o-disputa-intre-un-candidat-pro-occiden,2025-05-04,video-transcript,UDMR,partid politic,1,0.937
2025-05-04_nicusor-dan-sa-ne-raportam-cu-pruden-a-la-rezultatele-exit-p,2025-05-04,video-transcript,ROMÂNIA,țară,1,0.917
2025-05-05_exclusiv-nicusor-dan-dupa-turul-i-al-prezidentialelor-urmeaz,2025-05-05,video-transcript,ROMÂNIA,țară,5,0.976
2025-05-05_nicusor-dan-despre-turul-doi-ii-chem-pe-toti-romanii-sa-fie,2025-05-05,video-transcript,ROMÂNIA,țară,5,0.979
2025-05-05_nicusor-dan-despre-turul-doi-ii-chem-pe-toti-romanii-sa-fie,2025-05-05,video-transcript,R. MOLDOVA,țară,1,0.828
2025-05-06_apelul-lui-nicusor-dan-dupa-evolutiile-pietei-financiare-din,2025-05-06,video-transcript,ROMÂNIA,țară,4,0.981
2025-05-06_apelul-lui-nicusor-dan-dupa-evolutiile-pietei-financiare-din,2025-05-06,video-transcript,BNR,instituție națională,1,0.632
2025-05-07_editie-speciala-nicusor-dan-anunta-ca-accepta-invitatia-lui,2025-05-07,video-transcript,ROMÂNIA,țară,30,0.98
2025-05-07_editie-speciala-nicusor-dan-anunta-ca-accepta-invitatia-lui,2025-05-07,video-transcript,BNR,instituție națională,1,0.625
2025-05-07_editie-speciala-nicusor-dan-anunta-ca-accepta-invitatia-lui,2025-05-07,video-transcript,PONTA,persoană politică,1,0.927
2025-05-07_editie-speciala-nicusor-dan-anunta-ca-accepta-invitatia-lui,2025-05-07,video-transcript,CIOLACU,persoană politică,3,0.93
2025-05-07_editie-speciala-nicusor-dan-anunta-ca-accepta-invitatia-lui,2025-05-07,video-transcript,PARLAMENT,instituție națională,1,0.507
2025-05-07_editie-speciala-nicusor-dan-anunta-ca-accepta-invitatia-lui,2025-05-07,video-transcript,GERMANIA,țară,2,0.935
2025-05-07_editie-speciala-nicusor-dan-anunta-ca-accepta-invitatia-lui,2025-05-07,video-transcript,UDMR,partid politic,1,0.841
2025-05-07_editie-speciala-nicusor-dan-anunta-ca-accepta-invitatia-lui,2025-05-07,video-transcript,PSD,partid politic,8,0.964
2025-05-07_editie-speciala-nicusor-dan-anunta-ca-accepta-invitatia-lui,2025-05-07,video-transcript,SIMION,persoană politică,2,0.903
2025-05-07_editie-speciala-nicusor-dan-anunta-ca-accepta-invitatia-lui,2025-05-07,video-transcript,UE,instituție internațională,4,0.871
2025-05-07_interviu-nicusor-dan-despre-criza-economica-in-care-poate-in,2025-05-07,video-transcript,ROMÂNIA,țară,26,0.991
2025-05-07_interviu-nicusor-dan-despre-criza-economica-in-care-poate-in,2025-05-07,video-transcript,SIMION,persoană politică,3,0.942
2025-05-07_interviu-nicusor-dan-despre-criza-economica-in-care-poate-in,2025-05-07,video-transcript,GEORGESCU,persoană politică,1,0.812
2025-05-07_interviu-nicusor-dan-despre-criza-economica-in-care-poate-in,2025-05-07,video-transcript,PARLAMENT,instituție națională,1,0.616
2025-05-07_interviu-nicusor-dan-despre-criza-economica-in-care-poate-in,2025-05-07,video-transcript,SUA,țară,3,0.876
2025-05-07_interviu-nicusor-dan-despre-criza-economica-in-care-poate-in,2025-05-07,video-transcript,UE,instituție internațională,2,0.525
2025-05-07_interviu-nicusor-dan-despre-criza-economica-in-care-poate-in,2025-05-07,video-transcript,R. MOLDOVA,țară,1,0.798
2025-05-07_interviu-nicusor-dan-despre-criza-economica-in-care-poate-in,2025-05-07,video-transcript,UCRAINA,țară,1,0.727
2025-05-07_nicusor-dan-interviu-exclusiv-pentru-euronews-romania,2025-05-07,video-transcript,PARLAMENT,instituție națională,1,0.694
2025-05-07_nicusor-dan-interviu-exclusiv-pentru-euronews-romania,2025-05-07,video-transcript,ROMÂNIA,țară,1,0.954
2025-05-07_nicusor-dan-romania-are-nevoie-de-schimbare-dar-nu-una-care,2025-05-07,video-transcript,ROMÂNIA,țară,3,0.992
2025-05-07_nicusor-dan-romania-are-nevoie-de-schimbare-dar-nu-una-care_yMbfqR,2025-05-07,video-transcript,ROMÂNIA,țară,3,0.992
2025-05-15_educatia-e-o-problema-de-securitate-nationala-nicusor-dan-ce,2025-05-15,video-transcript,STATUL ROMÂN,instituție națională,2,0.605
2025-05-15_educatia-e-o-problema-de-securitate-nationala-nicusor-dan-ce,2025-05-15,video-transcript,ROMÂNIA,țară,2,0.948
2025-05-15_nicusor-dan-nu-sunt-izolationist-sunt-suveranist-ce-a-spus-c,2025-05-15,video-transcript,SIMION,persoană politică,1,0.813
2025-05-15_nicusor-dan-nu-sunt-izolationist-sunt-suveranist-ce-a-spus-c,2025-05-15,video-transcript,ROMÂNIA,țară,1,0.892
2025-05-15_nicusor-dan-prima-reactie-dupa-jignirea-lui-simion-n-dan-con,2025-05-15,video-transcript,ROMÂNIA,țară,2,0.976
2025-05-15_nicusor-dan-vs-george-simion-cele-mai-importante-momente-din,2025-05-15,video-transcript,SIMION,persoană politică,3,0.824
2025-05-15_nicusor-dan-vs-george-simion-cele-mai-importante-momente-din,2025-05-15,video-transcript,PARLAMENT,instituție națională,1,0.474
2025-05-15_nicusor-dan-vs-george-simion-cele-mai-importante-momente-din,2025-05-15,video-transcript,STATUL ROMÂN,instituție națională,2,0.501
2025-05-15_nicusor-dan-vs-george-simion-cele-mai-importante-momente-din,2025-05-15,video-transcript,CIOLACU,persoană politică,1,0.835
2025-05-15_nicusor-dan-vs-george-simion-cele-mai-importante-momente-din,2025-05-15,video-transcript,GEORGESCU,persoană politică,1,0.807
2025-05-15_nicusor-dan-vs-george-simion-cele-mai-importante-momente-din,2025-05-15,video-transcript,ROMÂNIA,țară,5,0.975
2025-05-15_nicusor-dan-vs-george-simion-cele-mai-importante-momente-din,2025-05-15,video-transcript,UCRAINA,țară,3,0.98
2025-05-15_nicusor-dan-vs-george-simion-cele-mai-importante-momente-din,2025-05-15,video-transcript,TRUMP,persoană politică,4,0.905
2025-05-15_nicusor-dan-vs-george-simion-cele-mai-importante-momente-din,2025-05-15,video-transcript,UK,țară,1,0.984
2025-05-15_nicusor-dan-vs-george-simion-cele-mai-importante-momente-din,2025-05-15,video-transcript,FRANȚA,țară,1,0.984
2025-05-15_nicusor-dan-vs-george-simion-cele-mai-importante-momente-din,2025-05-15,video-transcript,GERMANIA,țară,1,0.987
2025-05-18_alegeri-prezidentiale-2025-mesajul-lui-nicusor-dan-dupa-apar,2025-05-18,video-transcript,ROMÂNIA,țară,8,0.961
2025-05-18_nicusor-dan-dupa-ce-a-castigat-alegerile-prezidentiale-e-vic,2025-05-18,video-transcript,ROMÂNIA,țară,9,0.986
2025-05-18_nicusor-dan-dupa-ce-a-castigat-alegerile-prezidentiale-e-vic,2025-05-18,video-transcript,R. MOLDOVA,țară,1,0.73
2025-05-18_nicusor-dan-incepem-o-noua-etapa-de-maine-la-munca-sustinato,2025-05-18,video-transcript,ROMÂNIA,țară,10,0.984
2025-05-18_nicusor-dan-incepem-o-noua-etapa-de-maine-la-munca-sustinato,2025-05-18,video-transcript,R. MOLDOVA,țară,1,0.933
2025-05-18_romania-alege-cu-l-chiriac-discursul-presedintelui-nicusor-d,2025-05-18,video-transcript,ROMÂNIA,țară,12,0.983
2025-05-18_romania-alege-cu-l-chiriac-discursul-presedintelui-nicusor-d,2025-05-18,video-transcript,R. MOLDOVA,țară,1,0.733
2025-05-19_nicusor-dan-despre-scenariul-unei-victorii-a-lui-george-simi,2025-05-19,video-transcript,ROMÂNIA,țară,5,0.986
2025-05-19_nicusor-dan-despre-scenariul-unei-victorii-a-lui-george-simi,2025-05-19,video-transcript,SIMION,persoană politică,1,0.93
2025-05-19_nicusor-dan-despre-scenariul-unei-victorii-a-lui-george-simi,2025-05-19,video-transcript,R. MOLDOVA,țară,1,0.649
2025-05-19_nicusor-dan-despre-scenariul-unei-victorii-a-lui-george-simi,2025-05-19,video-transcript,UCRAINA,țară,1,0.812
2025-05-19_nicusor-dan-despre-scenariul-unei-victorii-a-lui-george-simi,2025-05-19,video-transcript,UNGARIA,țară,1,0.907
2025-05-19_nicusor-dan-despre-scenariul-unei-victorii-a-lui-george-simi,2025-05-19,video-transcript,COMISIA EUROPEANĂ,instituție internațională,1,0.859
2025-05-19_nicusor-dan-despre-viitorul-premier-bolojan-ramane-optiunea,2025-05-19,video-transcript,UDMR,partid politic,1,0.914
2025-05-19_nicusor-dan-despre-viitorul-premier-bolojan-ramane-optiunea,2025-05-19,video-transcript,PSD,partid politic,1,0.849
2025-05-20_nicusor-dan-despre-planurile-pentru-romania-stiri-b1tv-20-ma,2025-05-20,video-transcript,ROMÂNIA,țară,1,0.96
2025-05-20_nicusor-dan-despre-planurile-pentru-romania-stiri-b1tv-20-ma,2025-05-20,video-transcript,GUVERN,instituție națională,3,0.533
2025-05-20_nicusor-dan-despre-planurile-pentru-romania-stiri-b1tv-20-ma,2025-05-20,video-transcript,PSD,partid politic,2,0.977
2025-05-22_ce-spune-nicusor-dan-despre-relatiile-romaniei-cu-sua-si-ue,2025-05-22,video-transcript,ROMÂNIA,țară,19,0.988
2025-05-22_ce-spune-nicusor-dan-despre-relatiile-romaniei-cu-sua-si-ue,2025-05-22,video-transcript,NATO,instituție internațională,1,0.647
2025-05-22_ce-spune-nicusor-dan-despre-relatiile-romaniei-cu-sua-si-ue,2025-05-22,video-transcript,UE,instituție internațională,1,0.878
2025-05-22_ce-spune-nicusor-dan-despre-relatiile-romaniei-cu-sua-si-ue,2025-05-22,video-transcript,SUA,țară,2,0.794
2025-05-22_ce-spune-nicusor-dan-despre-relatiile-romaniei-cu-sua-si-ue,2025-05-22,video-transcript,UCRAINA,țară,4,0.977
2025-05-22_ce-spune-nicusor-dan-despre-relatiile-romaniei-cu-sua-si-ue,2025-05-22,video-transcript,R. MOLDOVA,țară,11,0.992
2025-05-22_ce-spune-nicusor-dan-despre-relatiile-romaniei-cu-sua-si-ue,2025-05-22,video-transcript,PSD,partid politic,1,0.879
2025-05-22_ce-spune-nicusor-dan-despre-relatiile-romaniei-cu-sua-si-ue,2025-05-22,video-transcript,PARLAMENT,instituție națională,1,0.612
2025-05-22_ce-spune-nicusor-dan-despre-relatiile-romaniei-cu-sua-si-ue,2025-05-22,video-transcript,CCR,instituție națională,2,0.843
2025-05-22_nicusor-dan-daca-sunt-amenintari-institutiile-isi-vor-face-d,2025-05-22,video-transcript,ROMÂNIA,țară,2,0.99
2025-05-22_nicusor-dan-despre-cum-va-evita-romania-atacurile-hibride-tr,2025-05-22,video-transcript,ROMÂNIA,țară,1,0.953
2025-05-22_nicusor-dan-despre-subventiile-pentru-partide-b1tv-22-mai-20,2025-05-22,video-transcript,ROMÂNIA,țară,3,0.969
2025-05-22_nicusor-dan-despre-subventiile-pentru-partide-b1tv-22-mai-20,2025-05-22,video-transcript,STATUL ROMÂN,instituție națională,1,0.483
2025-05-22_nicusor-dan-statul-roman-trebuie-sa-rezolve-obstacolele-pe-c,2025-05-22,video-transcript,ROMÂNIA,țară,2,0.959
2025-05-22_nicusor-dan-urmeaza-un-nou-capitol-in-istoria-recenta-si-con,2025-05-22,video-transcript,ROMÂNIA,țară,1,0.942
2025-05-24_nicusor-dan-e-un-deficit-de-implicare-in-politica-statul-est,2025-05-24,video-transcript,STATUL ROMÂN,instituție națională,1,0.503
2025-05-24_nicusor-dan-e-un-deficit-de-implicare-in-politica-statul-est,2025-05-24,video-transcript,ROMÂNIA,țară,1,0.933
2025-05-26_live-investirea-lui-nicusor-dan-juramantul-de-la-parlament-s,2025-05-26,video-transcript,ROMÂNIA,țară,23,0.98
2025-05-26_live-investirea-lui-nicusor-dan-juramantul-de-la-parlament-s,2025-05-26,video-transcript,UE,instituție internațională,5,0.698
2025-05-26_live-investirea-lui-nicusor-dan-juramantul-de-la-parlament-s,2025-05-26,video-transcript,SUA,țară,1,0.765
2025-05-26_live-investirea-lui-nicusor-dan-juramantul-de-la-parlament-s,2025-05-26,video-transcript,NATO,instituție internațională,2,0.664
2025-05-26_live-investirea-lui-nicusor-dan-juramantul-de-la-parlament-s,2025-05-26,video-transcript,R. MOLDOVA,țară,3,0.977
2025-05-26_live-investirea-lui-nicusor-dan-juramantul-de-la-parlament-s,2025-05-26,video-transcript,COMISIA EUROPEANĂ,instituție națională,1,0.793
2025-05-26_live-investirea-lui-nicusor-dan-juramantul-de-la-parlament-s,2025-05-26,video-transcript,PUTIN,persoană politică,1,0.617
2025-05-26_live-investirea-lui-nicusor-dan-juramantul-de-la-parlament-s,2025-05-26,video-transcript,POLONIA,țară,3,0.992
2025-05-26_live-investirea-lui-nicusor-dan-juramantul-de-la-parlament-s,2025-05-26,video-transcript,TRUMP,persoană politică,1,0.577
2025-05-26_live-investirea-lui-nicusor-dan-juramantul-de-la-parlament-s,2025-05-26,video-transcript,PARLAMENT,instituție națională,1,0.578
2025-05-26_live-investirea-lui-nicusor-dan-juramantul-de-la-parlament-s,2025-05-26,video-transcript,BOLOJAN,persoană politică,1,0.853
2025-05-26_nicusor-dan-oficial-presedintele-romaniei-ceremonia-de-inves,2025-05-26,video-transcript,ROMÂNIA,țară,29,0.991
2025-05-26_nicusor-dan-oficial-presedintele-romaniei-ceremonia-de-inves,2025-05-26,video-transcript,R. MOLDOVA,țară,4,0.936
2025-05-26_nicusor-dan-oficial-presedintele-romaniei-ceremonia-de-inves,2025-05-26,video-transcript,SUA,țară,1,0.825
2025-05-26_nicusor-dan-oficial-presedintele-romaniei-ceremonia-de-inves,2025-05-26,video-transcript,NATO,instituție internațională,2,0.555
2025-05-26_nicusor-dan-oficial-presedintele-romaniei-ceremonia-de-inves,2025-05-26,video-transcript,UE,instituție internațională,2,0.636
2025-05-26_nicusor-dan-oficial-presedintele-romaniei-ceremonia-de-inves,2025-05-26,video-transcript,PSD,partid politic,1,0.957
2025-05-26_nicusor-dan-oficial-presedintele-romaniei-ceremonia-de-inves,2025-05-26,video-transcript,COMISIA EUROPEANĂ,instituție internațională,1,0.884
2025-05-26_nicusor-dan-oficial-presedintele-romaniei-ceremonia-de-inves,2025-05-26,video-transcript,STATUL ROMÂN,instituție națională,1,0.624
2025-05-26_nicusor-dan-oficial-presedintele-romaniei-ceremonia-de-inves,2025-05-26,video-transcript,PARLAMENT,instituție națională,1,0.496
2025-05-26_nicusor-dan-reformele-fiscale-sunt-inevitabile-e-obligatoriu,2025-05-26,video-transcript,GUVERN,instituție națională,2,0.625
2025-05-26_nicusor-dan-reformele-fiscale-sunt-inevitabile-e-obligatoriu,2025-05-26,video-transcript,ROMÂNIA,țară,4,0.932
2025-05-26_nicusor-dan-reformele-fiscale-sunt-inevitabile-e-obligatoriu,2025-05-26,video-transcript,COMISIA EUROPEANĂ,instituție internațională,1,0.825
2025-05-26_stirile-kanal-d-exclusiv-nicusor-dan-primul-discurs-ca-prese,2025-05-26,video-transcript,ROMÂNIA,țară,14,0.992
2025-05-26_stirile-kanal-d-exclusiv-nicusor-dan-primul-discurs-ca-prese,2025-05-26,video-transcript,R. MOLDOVA,țară,1,0.472
2025-05-26_stirile-kanal-d-exclusiv-nicusor-dan-primul-discurs-ca-prese,2025-05-26,video-transcript,STATUL ROMÂN,instituție națională,2,0.64
2025-05-27_nicusor-dan-despre-fetita-sa-mi-a-zis-ca-m-am-plictisit-la-d,2025-05-27,video-transcript,ROMÂNIA,țară,1,0.862
2025-05-29_nicusor-dan-explica-de-ce-nu-vrea-un-premier-tehnocrat-in-vi,2025-05-29,video-transcript,GUVERN,instituție națională,1,0.457
2025-05-30_nicusor-dan-dupa-decizia-ccr-privind-declaratiile-de-avere-d,2025-05-30,video-transcript,CCR,instituție națională,2,0.783
2025-05-30_nicusor-dan-dupa-decizia-ccr-privind-declaratiile-de-avere-d,2025-05-30,video-transcript,PARLAMENT,instituție națională,1,0.495
2025-05-30_presedintele-nicusor-dan-l-am-invitat-pe-donald-trump-in-rom,2025-05-30,video-transcript,SUA,țară,1,0.774
2025-06-02_briefing-nicusor-dan-avem-un-stat-disfunctional-si-trebuie-s,2025-06-02,video-transcript,GUVERN,instituție națională,1,0.458
2025-06-02_briefing-nicusor-dan-avem-un-stat-disfunctional-si-trebuie-s,2025-06-02,video-transcript,SIMION,persoană politică,3,0.954
2025-06-02_briefing-nicusor-dan-avem-un-stat-disfunctional-si-trebuie-s,2025-06-02,video-transcript,POLONIA,țară,4,0.944
2025-06-02_briefing-nicusor-dan-avem-un-stat-disfunctional-si-trebuie-s,2025-06-02,video-transcript,GEORGESCU,persoană politică,2,0.821
2025-06-02_briefing-nicusor-dan-avem-un-stat-disfunctional-si-trebuie-s,2025-06-02,video-transcript,ROMÂNIA,țară,1,0.637
2025-06-02_conferinta-presa-nicusor-dan-concluzii-summit-si-situatia-di,2025-06-02,video-transcript,ROMÂNIA,țară,7,0.987
2025-06-02_conferinta-presa-nicusor-dan-concluzii-summit-si-situatia-di,2025-06-02,video-transcript,POLONIA,țară,5,0.991
2025-06-02_conferinta-presa-nicusor-dan-concluzii-summit-si-situatia-di,2025-06-02,video-transcript,NATO,instituție internațională,2,0.492
2025-06-02_conferinta-presa-nicusor-dan-concluzii-summit-si-situatia-di,2025-06-02,video-transcript,SUA,țară,2,0.818
2025-06-02_conferinta-presa-nicusor-dan-concluzii-summit-si-situatia-di,2025-06-02,video-transcript,UCRAINA,țară,5,0.987
2025-06-02_conferinta-presa-nicusor-dan-concluzii-summit-si-situatia-di,2025-06-02,video-transcript,RUSIA,țară,3,0.955
2025-06-02_conferinta-presa-nicusor-dan-concluzii-summit-si-situatia-di,2025-06-02,video-transcript,COMISIA EUROPEANĂ,instituție internațională,1,0.833
2025-06-02_conferinta-presa-nicusor-dan-concluzii-summit-si-situatia-di,2025-06-02,video-transcript,PARLAMENT,instituție națională,3,0.747
2025-06-03_nicusor-dan-anunturi-de-ultima-ora-despre-situatia-economica,2025-06-03,video-transcript,COMISIA EUROPEANĂ,instituție internațională,1,0.827
2025-06-03_nicusor-dan-anunturi-de-ultima-ora-despre-situatia-economica,2025-06-03,video-transcript,ROMÂNIA,țară,1,0.942
2025-06-03_nicusor-dan-cere-implicarea-serviciilor-secrete-pentru-a-com,2025-06-03,video-transcript,ANAF,instituție națională,1,0.504
2025-06-03_romania-lui-vitalie-nicusor-dan-cere-implicarea-serviciilor,2025-06-03,video-transcript,ANAF,instituție națională,5,0.89
2025-06-03_romania-lui-vitalie-nicusor-dan-cere-implicarea-serviciilor,2025-06-03,video-transcript,ROMÂNIA,țară,4,0.981
2025-06-03_romania-lui-vitalie-nicusor-dan-cere-implicarea-serviciilor,2025-06-03,video-transcript,FRANȚA,țară,1,0.879
2025-06-03_romania-lui-vitalie-nicusor-dan-cere-implicarea-serviciilor,2025-06-03,video-transcript,ITALIA,țară,1,0.912
2025-06-03_romania-lui-vitalie-nicusor-dan-cere-implicarea-serviciilor,2025-06-03,video-transcript,GUVERN,instituție națională,4,0.728
2025-06-04_conferinta-de-presa-sustinuta-de-presedintele-romaniei-nicus_74PzSE,2025-06-04,video-transcript,PSD,partid politic,1,0.971
2025-06-04_conferinta-de-presa-sustinuta-de-presedintele-romaniei-nicus_74PzSE,2025-06-04,video-transcript,PNL,partid politic,1,0.983
2025-06-04_conferinta-de-presa-sustinuta-de-presedintele-romaniei-nicus_74PzSE,2025-06-04,video-transcript,USR,partid politic,1,0.977
2025-06-04_conferinta-de-presa-sustinuta-de-presedintele-romaniei-nicus_74PzSE,2025-06-04,video-transcript,UDMR,partid politic,1,0.972
2025-06-04_conferinta-de-presa-sustinuta-de-presedintele-romaniei-nicus_74PzSE,2025-06-04,video-transcript,ROMÂNIA,țară,11,0.962
2025-06-04_conferinta-de-presa-sustinuta-de-presedintele-romaniei-nicus_74PzSE,2025-06-04,video-transcript,COMISIA EUROPEANĂ,instituție internațională,5,0.91
2025-06-04_conferinta-de-presa-sustinuta-de-presedintele-romaniei-nicus_74PzSE,2025-06-04,video-transcript,UCRAINA,țară,6,0.802
2025-06-04_conferinta-de-presa-sustinuta-de-presedintele-romaniei-nicus_74PzSE,2025-06-04,video-transcript,ANAF,instituție națională,2,0.575
2025-06-04_conferinta-de-presa-sustinuta-de-presedintele-romaniei-nicus_74PzSE,2025-06-04,video-transcript,PARLAMENT,instituție națională,1,0.777
2025-06-04_conferinta-de-presa-sustinuta-de-presedintele-romaniei-nicus_74PzSE,2025-06-04,video-transcript,GUVERN,instituție națională,1,0.486
2025-06-04_conferinta-de-presa-sustinuta-de-presedintele-romaniei-nicus_74PzSE,2025-06-04,video-transcript,STATUL ROMÂN,instituție națională,3,0.676
2025-06-04_conferinta-de-presa-sustinuta-de-presedintele-romaniei-nicus_74PzSE,2025-06-04,video-transcript,R. MOLDOVA,țară,2,0.775
2025-06-04_conferinta-de-presa-sustinuta-de-presedintele-romaniei-nicus_74PzSE,2025-06-04,video-transcript,SUA,instituție internațională,2,0.769
2025-06-04_conferinta-de-presa-sustinuta-de-presedintele-romaniei-nicus_74PzSE,2025-06-04,video-transcript,RUSIA,țară,2,0.912
2025-06-04_conferinta-de-presa-sustinuta-de-presedintele-romaniei-nicus_74PzSE,2025-06-04,video-transcript,BULGARIA,țară,1,0.92
2025-06-04_conferinta-de-presa-sustinuta-de-presedintele-romaniei-nicus_74PzSE,2025-06-04,video-transcript,FRANȚA,țară,1,0.807
2025-06-04_nicusor-dan-amenintarea-ruseasca-vizeaza-toata-europa-relati,2025-06-04,video-transcript,SUA,țară,2,0.935
2025-06-04_nicusor-dan-despre-situatia-bugetului,2025-06-04,video-transcript,ANAF,instituție națională,1,0.734
2025-06-04_nicusor-dan-despre-situatia-bugetului,2025-06-04,video-transcript,ROMÂNIA,țară,1,0.884
2025-06-04_nicusor-dan-luni-vom-avea-o-prima-schita-a-programului-de-gu,2025-06-04,video-transcript,PSD,partid politic,1,0.988
2025-06-04_nicusor-dan-luni-vom-avea-o-prima-schita-a-programului-de-gu,2025-06-04,video-transcript,PNL,partid politic,1,0.993
2025-06-04_nicusor-dan-luni-vom-avea-o-prima-schita-a-programului-de-gu,2025-06-04,video-transcript,USR,partid politic,1,0.99
2025-06-04_nicusor-dan-luni-vom-avea-o-prima-schita-a-programului-de-gu,2025-06-04,video-transcript,UDMR,partid politic,1,0.989
2025-06-04_zamfir-si-buzaianu-au-comentat-conferinta-de-presa-a-lui-nic,2025-06-04,video-transcript,PSD,partid politic,3,0.991
2025-06-05_alocutiunea-presedintelui-romaniei-nicusor-dan-la-forumul-na,2025-06-05,video-transcript,ROMÂNIA,țară,1,0.937
2025-06-10_conferinta-sustinuta-de-presedinta-moldovei-maia-sandu-si-pr,2025-06-10,video-transcript,ROMÂNIA,țară,7,0.959
2025-06-10_conferinta-sustinuta-de-presedinta-moldovei-maia-sandu-si-pr,2025-06-10,video-transcript,R. MOLDOVA,țară,14,0.971
2025-06-10_conferinta-sustinuta-de-presedinta-moldovei-maia-sandu-si-pr,2025-06-10,video-transcript,UE,instituție internațională,3,0.812
2025-06-10_conferinta-sustinuta-de-presedinta-moldovei-maia-sandu-si-pr,2025-06-10,video-transcript,RUSIA,țară,1,0.718
2025-06-10_nicusor-dan-a-confirmat-continuarea-sprijinului-romaniei-pen,2025-06-10,video-transcript,ROMÂNIA,țară,1,0.91
2025-06-10_nicusor-dan-a-confirmat-continuarea-sprijinului-romaniei-pen,2025-06-10,video-transcript,R. MOLDOVA,țară,3,0.951
2025-06-10_nicusor-dan-a-confirmat-continuarea-sprijinului-romaniei-pen,2025-06-10,video-transcript,UE,instituție internațională,2,0.94
2025-06-10_nicusor-dan-a-confirmat-continuarea-sprijinului-romaniei-pen,2025-06-10,video-transcript,RUSIA,țară,1,0.707
2025-06-10_studio-politic-nicusor-dan-romania-sprijina-aderarea-republi,2025-06-10,video-transcript,ROMÂNIA,țară,4,0.981
2025-06-10_studio-politic-nicusor-dan-romania-sprijina-aderarea-republi,2025-06-10,video-transcript,R. MOLDOVA,țară,11,0.972
2025-06-10_studio-politic-nicusor-dan-romania-sprijina-aderarea-republi,2025-06-10,video-transcript,UE,instituție internațională,3,0.904
2025-06-10_studio-politic-nicusor-dan-romania-sprijina-aderarea-republi,2025-06-10,video-transcript,RUSIA,țară,1,0.795
2025-06-20_declaratie-de-presa-sustinuta-de-presedintele-romaniei-nicus,2025-06-20,video-transcript,BOLOJAN,persoană politică,1,0.932
2025-06-20_declaratie-de-presa-sustinuta-de-presedintele-romaniei-nicus,2025-06-20,video-transcript,ROMÂNIA,țară,3,0.961
2025-06-20_declaratie-de-presa-sustinuta-de-presedintele-romaniei-nicus,2025-06-20,video-transcript,GUVERN,instituție națională,3,0.618
2025-06-26_declaratia-presedintelui-romaniei-nicusor-dan-dupa-participa,2025-06-26,video-transcript,UE,instituție internațională,1,0.791
2025-06-26_declaratia-presedintelui-romaniei-nicusor-dan-dupa-participa,2025-06-26,video-transcript,R. MOLDOVA,țară,3,0.971
2025-06-26_declaratia-presedintelui-romaniei-nicusor-dan-dupa-participa,2025-06-26,video-transcript,ROMÂNIA,țară,4,0.956
2025-06-26_declaratia-presedintelui-romaniei-nicusor-dan-dupa-participa,2025-06-26,video-transcript,RUSIA,țară,1,0.916
2025-06-26_nicusor-dan-declaratie-de-la-summitul-nato-digi24v-stiriledi,2025-06-26,video-transcript,RUSIA,țară,1,0.869
2025-06-26_nicusor-dan-declaratie-de-la-summitul-nato-digi24v-stiriledi,2025-06-26,video-transcript,UCRAINA,țară,1,0.855
2025-06-26_nicusor-dan-declaratie-de-la-summitul-nato-digi24v-stiriledi,2025-06-26,video-transcript,ROMÂNIA,țară,3,0.98
2025-07-14_conferinta-de-presa-sustinuta-de-presedintele-romaniei-nicus_cp-szg,2025-07-14,video-transcript,ROMÂNIA,țară,34,0.986
2025-07-14_conferinta-de-presa-sustinuta-de-presedintele-romaniei-nicus_cp-szg,2025-07-14,video-transcript,OCDE,instituție internațională,2,0.68
2025-07-14_conferinta-de-presa-sustinuta-de-presedintele-romaniei-nicus_cp-szg,2025-07-14,video-transcript,ADMINISTRAȚIA PREZIDENȚIALĂ,instituție națională,2,0.616
2025-07-14_conferinta-de-presa-sustinuta-de-presedintele-romaniei-nicus_cp-szg,2025-07-14,video-transcript,COMISIA EUROPEANĂ,instituție națională,2,0.781
2025-07-14_conferinta-de-presa-sustinuta-de-presedintele-romaniei-nicus_cp-szg,2025-07-14,video-transcript,PARLAMENT,instituție națională,4,0.839
2025-07-14_conferinta-de-presa-sustinuta-de-presedintele-romaniei-nicus_cp-szg,2025-07-14,video-transcript,GERMANIA,țară,3,0.982
2025-07-14_conferinta-de-presa-sustinuta-de-presedintele-romaniei-nicus_cp-szg,2025-07-14,video-transcript,CSM,instituție națională,1,0.667
2025-07-14_conferinta-de-presa-sustinuta-de-presedintele-romaniei-nicus_cp-szg,2025-07-14,video-transcript,CCR,instituție națională,5,0.849
2025-07-14_conferinta-de-presa-sustinuta-de-presedintele-romaniei-nicus_cp-szg,2025-07-14,video-transcript,STATUL ROMÂN,instituție națională,2,0.501
2025-07-14_conferinta-de-presa-sustinuta-de-presedintele-romaniei-nicus_cp-szg,2025-07-14,video-transcript,SUA,țară,1,0.781
2025-07-14_conferinta-de-presa-sustinuta-de-presedintele-romaniei-nicus_cp-szg,2025-07-14,video-transcript,NATO,instituție internațională,1,0.712
2025-07-14_conferinta-de-presa-sustinuta-de-presedintele-romaniei-nicus_cp-szg,2025-07-14,video-transcript,USR,partid politic,1,0.956
2025-07-14_conferinta-de-presa-sustinuta-de-presedintele-romaniei-nicus_cp-szg,2025-07-14,video-transcript,UCRAINA,țară,2,0.962
2025-07-14_conferinta-de-presa-sustinuta-de-presedintele-romaniei-nicus_cp-szg,2025-07-14,video-transcript,RUSIA,țară,1,0.911
2025-07-14_conferinta-de-presa-sustinuta-de-presedintele-romaniei-nicus_cp-szg,2025-07-14,video-transcript,DNA,instituție națională,1,0.544
2025-07-14_conferinta-de-presa-sustinuta-de-presedintele-romaniei-nicus_cp-szg,2025-07-14,video-transcript,ANAF,instituție națională,1,0.6
2025-07-14_nicusor-dan-despre-cresterea-tva-digi24-stiriledigi24,2025-07-14,video-transcript,ROMÂNIA,țară,1,0.858
2025-07-14_nicusor-dan-despre-introducerea-femicidului-in-legislatia-ro,2025-07-14,video-transcript,STATUL ROMÂN,instituție națională,1,0.798
2025-07-14_nicusor-dan-despre-primele-de-pensionare-de-la-ccr-si-pensii,2025-07-14,video-transcript,CCR,instituție națională,1,0.669
2025-07-14_nicusor-dan-despre-primele-de-pensionare-de-la-ccr-si-pensii,2025-07-14,video-transcript,PARLAMENT,instituție națională,1,0.478
2025-07-14_nicusor-dan-nu-ne-dorim-sa-avem-rusia-ca-vecin-vom-ajuta-ucr,2025-07-14,video-transcript,RUSIA,țară,3,0.962
2025-07-14_nicusor-dan-nu-ne-dorim-sa-avem-rusia-ca-vecin-vom-ajuta-ucr,2025-07-14,video-transcript,UCRAINA,țară,2,0.971
2025-07-14_nicusor-dan-nu-ne-dorim-sa-avem-rusia-ca-vecin-vom-ajuta-ucr,2025-07-14,video-transcript,ROMÂNIA,țară,1,0.867
2025-07-15_nicusor-dan-masura-cresterii-tva-putea-sa-nu-fie-luata,2025-07-15,video-transcript,ROMÂNIA,țară,2,0.99
2025-07-16_nicusor-dan-despre-femicid-digi24-stiriledigi24,2025-07-16,video-transcript,STATUL ROMÂN,instituție națională,2,0.868
2025-07-16_nicusor-dan-despre-femicid-trebuie-sa-ajungem-sa-transmitem,2025-07-16,video-transcript,STATUL ROMÂN,țară,4,0.73
2025-07-18_declaratia-presedintelui-romaniei-nicusor-dan-si-cancelarul,2025-07-18,video-transcript,ROMÂNIA,țară,9,0.976
2025-07-18_declaratia-presedintelui-romaniei-nicusor-dan-si-cancelarul,2025-07-18,video-transcript,GERMANIA,țară,5,0.991
2025-07-18_declaratia-presedintelui-romaniei-nicusor-dan-si-cancelarul,2025-07-18,video-transcript,OCDE,instituție internațională,1,0.623
2025-07-18_declaratia-presedintelui-romaniei-nicusor-dan-si-cancelarul,2025-07-18,video-transcript,UCRAINA,țară,5,0.866
2025-07-18_declaratia-presedintelui-romaniei-nicusor-dan-si-cancelarul,2025-07-18,video-transcript,RUSIA,țară,4,0.934
2025-07-18_declaratia-presedintelui-romaniei-nicusor-dan-si-cancelarul,2025-07-18,video-transcript,R. MOLDOVA,țară,2,0.947
2025-07-18_declaratia-presedintelui-romaniei-nicusor-dan-si-cancelarul,2025-07-18,video-transcript,NATO,instituție internațională,1,0.473
2025-07-18_declaratia-presedintelui-romaniei-nicusor-dan-si-cancelarul,2025-07-18,video-transcript,UE,instituție internațională,5,0.708
2025-07-18_declaratia-presedintelui-romaniei-nicusor-dan-si-cancelarul,2025-07-18,video-transcript,SUA,țară,1,0.488
2025-07-18_nicusor-dan-despre-interferentele-rusesti-in-alegerile-prezi,2025-07-18,video-transcript,RUSIA,țară,2,0.865
2025-07-18_nicusor-dan-despre-interferentele-rusesti-in-alegerile-prezi,2025-07-18,video-transcript,UE,instituție internațională,1,0.839
2025-07-18_nicusor-dan-despre-interferentele-rusesti-in-alegerile-prezi,2025-07-18,video-transcript,NATO,instituție internațională,1,0.776
2025-07-18_nicusor-dan-despre-interferentele-rusesti-in-alegerile-prezi,2025-07-18,video-transcript,GERMANIA,țară,1,0.94
2025-07-18_nicusor-dan-despre-interferentele-rusesti-in-alegerile-prezi,2025-07-18,video-transcript,GUVERN,instituție națională,2,0.514
2025-07-18_nicusor-dan-despre-interferentele-rusesti-in-alegerile-prezi,2025-07-18,video-transcript,ROMÂNIA,țară,3,0.967
2025-07-18_nicusor-dan-despre-interferentele-rusesti-in-alegerile-prezi,2025-07-18,video-transcript,SUA,țară,4,0.962
2025-07-18_nicusor-dan-despre-interferentele-rusesti-in-alegerile-prezi,2025-07-18,video-transcript,UCRAINA,țară,1,0.685
2025-07-18_nicusor-dan-despre-interferentele-rusesti-in-alegerile-prezi,2025-07-18,video-transcript,STATUL ROMÂN,țară,1,0.578
2025-07-18_nicusor-dan-despre-interferentele-rusesti-in-alegerile-prezi,2025-07-18,video-transcript,CCR,instituție națională,3,0.83
2025-07-21_nicusor-dan-despre-influenta-rusiei-in-alegeri-anuntul-impor,2025-07-21,video-transcript,ROMÂNIA,țară,2,0.914
2025-07-21_nicusor-dan-despre-influenta-rusiei-in-alegeri-anuntul-impor,2025-07-21,video-transcript,NATO,instituție internațională,2,0.924
2025-07-21_nicusor-dan-despre-influenta-rusiei-in-alegeri-anuntul-impor,2025-07-21,video-transcript,UE,instituție internațională,2,0.88
2025-07-21_nicusor-dan-despre-influenta-rusiei-in-alegeri-anuntul-impor,2025-07-21,video-transcript,UK,țară,1,0.928
2025-07-21_nicusor-dan-despre-influenta-rusiei-in-alegeri-anuntul-impor,2025-07-21,video-transcript,RUSIA,țară,1,0.528
2025-07-30_nicusor-dan-propune-reguli-noi-privind-cererile-de-pensionar,2025-07-30,video-transcript,CSM,instituție națională,8,0.702
2025-07-30_nicusor-dan-propune-reguli-noi-privind-cererile-de-pensionar,2025-07-30,video-transcript,ROMÂNIA,țară,11,0.98
2025-07-30_nicusor-dan-propune-reguli-noi-privind-cererile-de-pensionar,2025-07-30,video-transcript,NATO,instituție internațională,1,0.569
2025-07-30_nicusor-dan-propune-reguli-noi-privind-cererile-de-pensionar,2025-07-30,video-transcript,UE,instituție internațională,1,0.628
2025-07-30_nicusor-dan-propune-reguli-noi-privind-cererile-de-pensionar,2025-07-30,video-transcript,R. MOLDOVA,țară,4,0.984
2025-07-30_nicusor-dan-propune-reguli-noi-privind-cererile-de-pensionar,2025-07-30,video-transcript,STATUL ROMÂN,instituție națională,1,0.56
2025-07-30_ora-14-presedintele-nicusor-dan-sustine-o-conferinta-de-pres,2025-07-30,video-transcript,CSM,instituție națională,10,0.72
2025-07-30_ora-14-presedintele-nicusor-dan-sustine-o-conferinta-de-pres,2025-07-30,video-transcript,ROMÂNIA,țară,19,0.98
2025-07-30_ora-14-presedintele-nicusor-dan-sustine-o-conferinta-de-pres,2025-07-30,video-transcript,CCR,instituție națională,1,0.56
2025-07-30_ora-14-presedintele-nicusor-dan-sustine-o-conferinta-de-pres,2025-07-30,video-transcript,NATO,instituție internațională,1,0.689
2025-07-30_ora-14-presedintele-nicusor-dan-sustine-o-conferinta-de-pres,2025-07-30,video-transcript,UE,instituție internațională,1,0.727
2025-07-30_ora-14-presedintele-nicusor-dan-sustine-o-conferinta-de-pres,2025-07-30,video-transcript,R. MOLDOVA,țară,4,0.979
2025-07-30_ora-14-presedintele-nicusor-dan-sustine-o-conferinta-de-pres,2025-07-30,video-transcript,STATUL ROMÂN,instituție națională,1,0.486
2025-07-30_ora-14-presedintele-nicusor-dan-sustine-o-conferinta-de-pres,2025-07-30,video-transcript,ONU,instituție internațională,1,0.892
2025-07-30_ora-14-presedintele-nicusor-dan-sustine-o-conferinta-de-pres,2025-07-30,video-transcript,SUA,țară,1,0.757
2025-07-30_ora-14-presedintele-nicusor-dan-sustine-o-conferinta-de-pres,2025-07-30,video-transcript,UCRAINA,țară,1,0.81
2025-07-30_ora-14-presedintele-nicusor-dan-sustine-o-conferinta-de-pres,2025-07-30,video-transcript,UK,țară,1,0.883
2025-07-31_conferinta-de-presa-sustinuta-de-presedintele-romaniei-nicus_nGAQ5B,2025-07-31,video-transcript,CSM,instituție națională,11,0.784
2025-07-31_conferinta-de-presa-sustinuta-de-presedintele-romaniei-nicus_nGAQ5B,2025-07-31,video-transcript,ROMÂNIA,țară,19,0.97
2025-07-31_conferinta-de-presa-sustinuta-de-presedintele-romaniei-nicus_nGAQ5B,2025-07-31,video-transcript,CCR,instituție națională,1,0.676
2025-07-31_conferinta-de-presa-sustinuta-de-presedintele-romaniei-nicus_nGAQ5B,2025-07-31,video-transcript,NATO,instituție internațională,1,0.743
2025-07-31_conferinta-de-presa-sustinuta-de-presedintele-romaniei-nicus_nGAQ5B,2025-07-31,video-transcript,UE,instituție internațională,1,0.771
2025-07-31_conferinta-de-presa-sustinuta-de-presedintele-romaniei-nicus_nGAQ5B,2025-07-31,video-transcript,R. MOLDOVA,țară,4,0.963
2025-07-31_conferinta-de-presa-sustinuta-de-presedintele-romaniei-nicus_nGAQ5B,2025-07-31,video-transcript,STATUL ROMÂN,instituție națională,1,0.518
2025-07-31_conferinta-de-presa-sustinuta-de-presedintele-romaniei-nicus_nGAQ5B,2025-07-31,video-transcript,ONU,instituție internațională,1,0.924
2025-07-31_conferinta-de-presa-sustinuta-de-presedintele-romaniei-nicus_nGAQ5B,2025-07-31,video-transcript,SUA,țară,1,0.764
2025-07-31_conferinta-de-presa-sustinuta-de-presedintele-romaniei-nicus_nGAQ5B,2025-07-31,video-transcript,UCRAINA,țară,1,0.786
2025-07-31_conferinta-de-presa-sustinuta-de-presedintele-romaniei-nicus_nGAQ5B,2025-07-31,video-transcript,UK,țară,1,0.885
2025-07-31_nicusor-dan-despre-valul-de-pensionari-din-justitie-ce-este,2025-07-31,video-transcript,CSM,instituție națională,1,0.471
2025-08-26_discursul-presedintelui-romaniei-nicusor-dan-cu-ocazia-reuni,2025-08-26,video-transcript,UE,instituție internațională,1,0.61
2025-08-26_discursul-presedintelui-romaniei-nicusor-dan-cu-ocazia-reuni,2025-08-26,video-transcript,NATO,instituție internațională,2,0.813
2025-08-26_discursul-presedintelui-romaniei-nicusor-dan-cu-ocazia-reuni,2025-08-26,video-transcript,SUA,instituție internațională,2,0.636
2025-08-26_discursul-presedintelui-romaniei-nicusor-dan-cu-ocazia-reuni,2025-08-26,video-transcript,ROMÂNIA,țară,11,0.989
2025-08-26_discursul-presedintelui-romaniei-nicusor-dan-cu-ocazia-reuni,2025-08-26,video-transcript,UCRAINA,țară,1,0.674
2025-08-26_discursul-presedintelui-romaniei-nicusor-dan-cu-ocazia-reuni,2025-08-26,video-transcript,R. MOLDOVA,țară,3,0.979
2025-08-26_discursul-presedintelui-romaniei-nicusor-dan-cu-ocazia-reuni,2025-08-26,video-transcript,OCDE,țară,1,0.69
2025-08-29_editie-speciala-nicusor-dan-reactioneaza-in-cazul-livratorul,2025-08-29,video-transcript,COMISIA EUROPEANĂ,instituție internațională,1,0.794
2025-08-31_nicusor-dan-sunteti-mai-europeni-decat-europenii-si-locul-du,2025-08-31,video-transcript,UE,instituție internațională,1,0.737
2025-09-02_conferinta-presedintele-romaniei-nicusor-dan-si-presedinta-c,2025-09-02,video-transcript,ROMÂNIA,țară,9,0.969
2025-09-02_conferinta-presedintele-romaniei-nicusor-dan-si-presedinta-c,2025-09-02,video-transcript,RUSIA,țară,1,0.71
2025-09-02_conferinta-presedintele-romaniei-nicusor-dan-si-presedinta-c,2025-09-02,video-transcript,UE,instituție internațională,1,0.647
2025-09-03_nicusor-dan-energia-nucleara-reprezinta-20-din-necesarul-de,2025-09-03,video-transcript,ROMÂNIA,țară,4,0.96
2025-09-03_nicusor-dan-energia-nucleara-reprezinta-20-din-necesarul-de,2025-09-03,video-transcript,ITALIA,țară,1,0.961
2025-09-03_nicusor-dan-energia-nucleara-reprezinta-20-din-necesarul-de,2025-09-03,video-transcript,SUA,țară,1,0.905
2025-09-05_nicusor-dan-despre-pensiile-specialilor-au-fost-suprasolicit,2025-09-05,video-transcript,CCR,instituție națională,2,0.889
2025-09-05_nicusor-dan-romania-nu-va-trimite-trupe-de-mentinere-a-pacii,2025-09-05,video-transcript,RUSIA,țară,2,0.968
2025-09-05_nicusor-dan-romania-nu-va-trimite-trupe-de-mentinere-a-pacii,2025-09-05,video-transcript,UCRAINA,țară,2,0.956
2025-09-10_alocutiunea-presedintelui-romaniei-nicusor-dan-sustinuta-in,2025-09-10,video-transcript,ROMÂNIA,țară,6,0.982
2025-09-10_alocutiunea-presedintelui-romaniei-nicusor-dan-sustinuta-in,2025-09-10,video-transcript,GUVERN,instituție națională,1,0.558
2025-09-10_alocutiunea-presedintelui-romaniei-nicusor-dan-sustinuta-in,2025-09-10,video-transcript,PARLAMENT,instituție națională,1,0.604
2025-09-10_alocutiunea-presedintelui-romaniei-nicusor-dan-sustinuta-in,2025-09-10,video-transcript,OCDE,instituție internațională,1,0.718
2025-09-10_alocutiunea-presedintelui-romaniei-nicusor-dan-sustinuta-in,2025-09-10,video-transcript,SUA,țară,1,0.725
2025-09-10_nicusor-dan-daca-se-va-intampla-si-la-noi-vom-reactiona-la-f,2025-09-10,video-transcript,POLONIA,țară,1,0.943
2025-09-10_nicusor-dan-daca-se-va-intampla-si-la-noi-vom-reactiona-la-f,2025-09-10,video-transcript,NATO,instituție internațională,1,0.645
2025-09-11_nicusor-dan-daca-ucraina-cedeaza-romania-ar-fi-vecina-direct,2025-09-11,video-transcript,UCRAINA,țară,5,0.972
2025-09-11_nicusor-dan-daca-ucraina-cedeaza-romania-ar-fi-vecina-direct,2025-09-11,video-transcript,ROMÂNIA,țară,3,0.966
2025-09-11_nicusor-dan-daca-ucraina-cedeaza-romania-ar-fi-vecina-direct,2025-09-11,video-transcript,RUSIA,țară,2,0.915
2025-09-11_nicusor-dan-daca-ucraina-cedeaza-romania-ar-fi-vecina-direct,2025-09-11,video-transcript,R. MOLDOVA,țară,1,0.833
2025-09-11_nicusor-dan-de-zece-ani-romania-e-in-razboiul-hibrid-al-fede,2025-09-11,video-transcript,ROMÂNIA,țară,6,0.992
2025-09-11_nicusor-dan-despre-cresterea-aur-in-sondaje-arata-ca-cei-40,2025-09-11,video-transcript,PSD,partid politic,1,0.965
2025-09-11_nicusor-dan-despre-cresterea-aur-in-sondaje-arata-ca-cei-40,2025-09-11,video-transcript,PNL,partid politic,1,0.979
2025-09-11_nicusor-dan-despre-cresterea-aur-in-sondaje-arata-ca-cei-40,2025-09-11,video-transcript,USR,partid politic,1,0.967
2025-09-11_nicusor-dan-despre-cresterea-aur-in-sondaje-arata-ca-cei-40,2025-09-11,video-transcript,RUSIA,țară,2,0.886
2025-09-11_nicusor-dan-despre-cresterea-aur-in-sondaje-arata-ca-cei-40,2025-09-11,video-transcript,R. MOLDOVA,țară,1,0.81
2025-09-11_nicusor-dan-despre-cresterea-aur-in-sondaje-arata-ca-cei-40,2025-09-11,video-transcript,PUTIN,persoană politică,1,0.616
2025-09-11_nicusor-dan-despre-cresterea-aur-in-sondaje-arata-ca-cei-40,2025-09-11,video-transcript,ROMÂNIA,țară,1,0.79
2025-09-16_nicusor-dan-reactie-dupa-incidentul-din-spatiul-aerian-roman,2025-09-16,video-transcript,PARLAMENT,instituție națională,1,0.533
2025-09-16_nicusor-dan-we-don-t-know-if-the-russian-drone-was-armed,2025-09-16,video-transcript,UCRAINA,țară,1,0.935
2025-09-25_nicusor-dan-au-fost-80-000-de-atacuri-cibernetice-in-perioad,2025-09-25,video-transcript,RUSIA,țară,1,0.824
2025-09-25_nicusor-dan-georgescu-nu-a-fost-un-calaret-singuratic-in-jur,2025-09-25,video-transcript,GEORGESCU,persoană politică,1,0.914
2025-09-25_nicusor-dan-nu-vad-rusia-capabila-sa-atace-nato-dar-provocar,2025-09-25,video-transcript,RUSIA,țară,1,0.963
2025-09-25_nicusor-dan-nu-vad-rusia-capabila-sa-atace-nato-dar-provocar,2025-09-25,video-transcript,NATO,țară,1,0.53
2025-09-25_nicusor-dan-primul-interviu-dupa-sedinta-csat-la-digi24,2025-09-25,video-transcript,ROMÂNIA,țară,10,0.989
2025-09-25_nicusor-dan-primul-interviu-dupa-sedinta-csat-la-digi24,2025-09-25,video-transcript,PSD,partid politic,2,0.976
2025-09-25_nicusor-dan-primul-interviu-dupa-sedinta-csat-la-digi24,2025-09-25,video-transcript,IOHANNIS,persoană politică,1,0.925
2025-09-25_nicusor-dan-primul-interviu-dupa-sedinta-csat-la-digi24,2025-09-25,video-transcript,CCR,instituție națională,4,0.881
2025-09-25_nicusor-dan-primul-interviu-dupa-sedinta-csat-la-digi24,2025-09-25,video-transcript,FRANȚA,țară,1,0.845
2025-09-25_nicusor-dan-primul-interviu-dupa-sedinta-csat-la-digi24,2025-09-25,video-transcript,UK,țară,1,0.922
2025-09-25_nicusor-dan-primul-interviu-dupa-sedinta-csat-la-digi24,2025-09-25,video-transcript,NATO,instituție internațională,1,0.491
2025-09-25_nicusor-dan-primul-interviu-dupa-sedinta-csat-la-digi24,2025-09-25,video-transcript,UE,instituție internațională,1,0.541
2025-09-25_nicusor-dan-primul-interviu-dupa-sedinta-csat-la-digi24,2025-09-25,video-transcript,RUSIA,țară,7,0.964
2025-09-25_nicusor-dan-primul-interviu-dupa-sedinta-csat-la-digi24,2025-09-25,video-transcript,GEORGESCU,persoană politică,3,0.947
2025-09-25_nicusor-dan-primul-interviu-dupa-sedinta-csat-rusia-ramane-i,2025-09-25,video-transcript,ROMÂNIA,țară,33,0.989
2025-09-25_nicusor-dan-primul-interviu-dupa-sedinta-csat-rusia-ramane-i,2025-09-25,video-transcript,UCRAINA,țară,3,0.983
2025-09-25_nicusor-dan-primul-interviu-dupa-sedinta-csat-rusia-ramane-i,2025-09-25,video-transcript,RUSIA,țară,11,0.985
2025-09-25_nicusor-dan-primul-interviu-dupa-sedinta-csat-rusia-ramane-i,2025-09-25,video-transcript,UE,instituție internațională,2,0.782
2025-09-25_nicusor-dan-primul-interviu-dupa-sedinta-csat-rusia-ramane-i,2025-09-25,video-transcript,NATO,instituție internațională,4,0.667
2025-09-25_nicusor-dan-primul-interviu-dupa-sedinta-csat-rusia-ramane-i,2025-09-25,video-transcript,R. MOLDOVA,țară,3,0.967
2025-09-25_nicusor-dan-primul-interviu-dupa-sedinta-csat-rusia-ramane-i,2025-09-25,video-transcript,POLONIA,țară,1,0.895
2025-09-25_nicusor-dan-primul-interviu-dupa-sedinta-csat-rusia-ramane-i,2025-09-25,video-transcript,PSD,partid politic,4,0.981
2025-09-25_nicusor-dan-primul-interviu-dupa-sedinta-csat-rusia-ramane-i,2025-09-25,video-transcript,IOHANNIS,persoană politică,1,0.961
2025-09-25_nicusor-dan-primul-interviu-dupa-sedinta-csat-rusia-ramane-i,2025-09-25,video-transcript,CCR,instituție națională,6,0.871
2025-09-25_nicusor-dan-primul-interviu-dupa-sedinta-csat-rusia-ramane-i,2025-09-25,video-transcript,FRANȚA,țară,1,0.871
2025-09-25_nicusor-dan-primul-interviu-dupa-sedinta-csat-rusia-ramane-i,2025-09-25,video-transcript,UK,țară,1,0.913
2025-09-25_nicusor-dan-primul-interviu-dupa-sedinta-csat-rusia-ramane-i,2025-09-25,video-transcript,GEORGESCU,persoană politică,4,0.945
2025-09-25_nicusor-dan-primul-interviu-dupa-sedinta-csat-rusia-ramane-i,2025-09-25,video-transcript,COMISIA EUROPEANĂ,instituție internațională,1,0.842
2025-09-25_nicusor-dan-primul-interviu-dupa-sedinta-csat-rusia-ramane-i,2025-09-25,video-transcript,OCDE,instituție internațională,2,0.763
2025-09-26_nicusor-dan-despre-influenta-sri-in-romania-stiri-b1tv-26-se,2025-09-26,video-transcript,STATUL ROMÂN,țară,1,0.786
2025-09-26_nicusor-dan-sri-a-intervenit-in-viata-politica-si-economica,2025-09-26,video-transcript,STATUL ROMÂN,țară,1,0.786
2025-09-30_nicusor-dan-a-anuntat-cand-va-desecretiza-sedinta-csat-si-ac,2025-09-30,video-transcript,RUSIA,țară,2,0.865
2025-09-30_nicusor-dan-a-anuntat-cand-va-desecretiza-sedinta-csat-si-ac,2025-09-30,video-transcript,ROMÂNIA,țară,3,0.96
2025-09-30_nicusor-dan-avem-dovada-cu-peschir-banuim-ca-au-fost-20-de-m,2025-09-30,video-transcript,RUSIA,țară,1,0.902
2025-09-30_nicusor-dan-despre-aderarea-moldovei-la-ue-poate-fi-facuta-c,2025-09-30,video-transcript,R. MOLDOVA,țară,4,0.97
2025-09-30_nicusor-dan-despre-aderarea-moldovei-la-ue-poate-fi-facuta-c,2025-09-30,video-transcript,UE,instituție internațională,1,0.587
2025-09-30_nicusor-dan-despre-aderarea-moldovei-la-ue-poate-fi-facuta-c,2025-09-30,video-transcript,UNGARIA,țară,1,0.944
2025-09-30_nicusor-dan-despre-aderarea-moldovei-la-ue-poate-fi-facuta-c,2025-09-30,video-transcript,UCRAINA,țară,2,0.938
2025-09-30_nicusor-dan-despre-aderarea-moldovei-la-ue-poate-fi-facuta-c,2025-09-30,video-transcript,ROMÂNIA,țară,1,0.933
2025-09-30_nicusor-dan-despre-anularea-alegerilor-avem-dovada-ca-au-fos,2025-09-30,video-transcript,RUSIA,țară,5,0.982
2025-09-30_nicusor-dan-despre-anularea-alegerilor-avem-dovada-ca-au-fos,2025-09-30,video-transcript,ROMÂNIA,țară,3,0.956
2025-09-30_nicusor-dan-despre-stagiul-militar-voluntar-romania-sa-aiba,2025-09-30,video-transcript,STATUL ROMÂN,țară,2,0.587
2025-09-30_nicusor-dan-despre-stagiul-militar-voluntar-romania-sa-aiba,2025-09-30,video-transcript,ROMÂNIA,țară,1,0.884
2025-10-02_nicusor-dan-amenin-area-nu-mai-este-o-chestiune-de-vecinatat,2025-10-02,video-transcript,RUSIA,țară,2,0.984
2025-10-02_nicusor-dan-zidul-anti-drone-ar-putea-fi-operational-in-cate,2025-10-02,video-transcript,R. MOLDOVA,țară,1,0.985
2025-10-02_nicusor-dan-zidul-anti-drone-ar-putea-fi-operational-in-cate,2025-10-02,video-transcript,UK,țară,1,0.983
2025-10-02_nicusor-dan-zidul-anti-drone-ar-putea-fi-operational-in-cate,2025-10-02,video-transcript,UCRAINA,țară,1,0.979
2025-10-21_nicusor-dan-in-principiu-imi-doresc-un-al-doilea-mandat-la-c,2025-10-21,video-transcript,ROMÂNIA,țară,1,0.872
2025-10-23_nicusor-dan-avem-un-razboi-hibrid-de-cel-putin-10-ani,2025-10-23,video-transcript,ROMÂNIA,țară,2,0.954
2025-10-23_nicusor-dan-avem-un-razboi-hibrid-de-cel-putin-10-ani,2025-10-23,video-transcript,UCRAINA,țară,5,0.976
2025-10-23_nicusor-dan-avem-un-razboi-hibrid-de-cel-putin-10-ani,2025-10-23,video-transcript,RUSIA,țară,5,0.976
2025-10-23_nicusor-dan-avem-un-razboi-hibrid-de-cel-putin-10-ani,2025-10-23,video-transcript,R. MOLDOVA,țară,1,0.888
2025-10-23_nicusor-dan-trebuie-sa-ne-echipam-ca-sa-descurajam-rusia-de,2025-10-23,video-transcript,RUSIA,țară,2,0.991
2025-10-27_nicusor-dan-catedrala-nationala-simbol-de-speranta-intr-o-pe,2025-10-27,video-transcript,ROMÂNIA,țară,1,0.738
2025-10-27_nicusor-dan-catedrala-nationala-simbol-de-speranta-intr-o-pe,2025-10-27,video-transcript,STATUL ROMÂN,instituție națională,1,0.462
2025-11-02_nicusor-dan-reactie-despre-reducerea-numarului-de-militari-a,2025-11-02,video-transcript,USR,partid politic,1,0.708
2025-11-02_nicusor-dan-reactie-despre-reducerea-numarului-de-militari-a,2025-11-02,video-transcript,ROMÂNIA,țară,8,0.987
2025-11-02_nicusor-dan-reactie-despre-reducerea-numarului-de-militari-a,2025-11-02,video-transcript,SUA,țară,3,0.905
2025-11-02_nicusor-dan-reactie-despre-reducerea-numarului-de-militari-a,2025-11-02,video-transcript,PARLAMENT,instituție națională,1,0.452
2025-11-06_rutte-nato-isi-va-juca-rolul-sau-nicusor-dan-reinarmarea-nu,2025-11-06,video-transcript,NATO,instituție internațională,8,0.944
2025-11-06_rutte-nato-isi-va-juca-rolul-sau-nicusor-dan-reinarmarea-nu,2025-11-06,video-transcript,ROMÂNIA,țară,7,0.974
2025-11-06_rutte-nato-isi-va-juca-rolul-sau-nicusor-dan-reinarmarea-nu,2025-11-06,video-transcript,UCRAINA,țară,2,0.742
2025-11-06_rutte-nato-isi-va-juca-rolul-sau-nicusor-dan-reinarmarea-nu,2025-11-06,video-transcript,RUSIA,țară,1,0.887
2025-11-07_nicusor-dan-despre-salariul-minim-sa-inghete,2025-11-07,video-transcript,ROMÂNIA,țară,1,0.921
2025-11-11_nicusor-dan-declaratia-oanei-gheorghiu-e-nefericita-reactia,2025-11-11,video-transcript,CSM,instituție națională,1,0.61
2025-11-12_ce-l-a-socat-pe-nicusor-dan-dupa-ce-a-ajuns-presedinte,2025-11-12,video-transcript,ROMÂNIA,țară,1,0.897
2025-11-12_conferinta-de-presa-sustinuta-de-presedintele-romaniei-nicus_6l2Eup,2025-11-12,video-transcript,ROMÂNIA,țară,21,0.978
2025-11-12_conferinta-de-presa-sustinuta-de-presedintele-romaniei-nicus_6l2Eup,2025-11-12,video-transcript,UCRAINA,țară,4,0.982
2025-11-12_conferinta-de-presa-sustinuta-de-presedintele-romaniei-nicus_6l2Eup,2025-11-12,video-transcript,UE,instituție internațională,1,0.62
2025-11-12_conferinta-de-presa-sustinuta-de-presedintele-romaniei-nicus_6l2Eup,2025-11-12,video-transcript,NATO,instituție internațională,1,0.687
2025-11-12_conferinta-de-presa-sustinuta-de-presedintele-romaniei-nicus_6l2Eup,2025-11-12,video-transcript,SUA,țară,3,0.914
2025-11-12_conferinta-de-presa-sustinuta-de-presedintele-romaniei-nicus_6l2Eup,2025-11-12,video-transcript,CSM,instituție națională,3,0.722
2025-11-12_conferinta-de-presa-sustinuta-de-presedintele-romaniei-nicus_6l2Eup,2025-11-12,video-transcript,STATUL ROMÂN,instituție națională,5,0.691
2025-11-12_conferinta-de-presa-sustinuta-de-presedintele-romaniei-nicus_6l2Eup,2025-11-12,video-transcript,RUSIA,țară,6,0.989
2025-11-12_conferinta-de-presa-sustinuta-de-presedintele-romaniei-nicus_6l2Eup,2025-11-12,video-transcript,GUVERN,instituție națională,1,0.487
2025-11-12_conferinta-de-presa-sustinuta-de-presedintele-romaniei-nicus_6l2Eup,2025-11-12,video-transcript,PARLAMENT,instituție națională,3,0.594
2025-11-12_conferinta-de-presa-sustinuta-de-presedintele-romaniei-nicus_6l2Eup,2025-11-12,video-transcript,CCR,instituție națională,4,0.647
2025-11-12_nicusor-dan-conferinta-de-presa-presedintele-prezinta-strate,2025-11-12,video-transcript,ROMÂNIA,țară,18,0.979
2025-11-12_nicusor-dan-conferinta-de-presa-presedintele-prezinta-strate,2025-11-12,video-transcript,UCRAINA,țară,1,0.72
2025-11-12_nicusor-dan-conferinta-de-presa-presedintele-prezinta-strate,2025-11-12,video-transcript,UE,instituție internațională,1,0.647
2025-11-12_nicusor-dan-conferinta-de-presa-presedintele-prezinta-strate,2025-11-12,video-transcript,NATO,instituție internațională,1,0.704
2025-11-12_nicusor-dan-conferinta-de-presa-presedintele-prezinta-strate,2025-11-12,video-transcript,CSM,instituție națională,1,0.717
2025-11-12_nicusor-dan-conferinta-de-presa-presedintele-prezinta-strate,2025-11-12,video-transcript,CHINA,țară,4,0.984
2025-11-12_nicusor-dan-conferinta-de-presa-presedintele-prezinta-strate,2025-11-12,video-transcript,DNA,instituție națională,1,0.717
2025-11-12_nicusor-dan-conferinta-de-presa-presedintele-prezinta-strate,2025-11-12,video-transcript,STATUL ROMÂN,instituție națională,3,0.759
2025-11-12_nicusor-dan-e-mai-bine-sa-fii-vecin-cu-ucraina-decat-cu-rusi,2025-11-12,video-transcript,UCRAINA,țară,3,0.99
2025-11-12_nicusor-dan-e-mai-bine-sa-fii-vecin-cu-ucraina-decat-cu-rusi,2025-11-12,video-transcript,ROMÂNIA,țară,1,0.864
2025-11-12_nicusor-dan-e-mai-bine-sa-fii-vecin-cu-ucraina-decat-cu-rusi,2025-11-12,video-transcript,RUSIA,țară,1,0.935
2025-11-12_nicusor-dan-nu-ne-dorim-sa-fim-vecini-cu-rusia,2025-11-12,video-transcript,UCRAINA,țară,3,0.99
2025-11-12_nicusor-dan-nu-ne-dorim-sa-fim-vecini-cu-rusia,2025-11-12,video-transcript,ROMÂNIA,țară,1,0.783
2025-11-12_nicusor-dan-nu-ne-dorim-sa-fim-vecini-cu-rusia,2025-11-12,video-transcript,RUSIA,țară,5,0.985
2025-11-12_nicusor-dan-nu-vrem-sa-aparam-statul-vrem-sa-aparam-cetateni,2025-11-12,video-transcript,ROMÂNIA,țară,11,0.978
2025-11-12_nicusor-dan-nu-vrem-sa-aparam-statul-vrem-sa-aparam-cetateni,2025-11-12,video-transcript,UCRAINA,țară,1,0.711
2025-11-12_nicusor-dan-nu-vrem-sa-aparam-statul-vrem-sa-aparam-cetateni,2025-11-12,video-transcript,UE,instituție internațională,1,0.646
2025-11-12_nicusor-dan-nu-vrem-sa-aparam-statul-vrem-sa-aparam-cetateni,2025-11-12,video-transcript,NATO,instituție internațională,1,0.699
2025-11-21_nicusor-dan-orice-plan-de-pace-trebuie-aprobat-de-ucraina,2025-11-21,video-transcript,STATUL ROMÂN,instituție națională,1,0.576
2025-11-21_nicusor-dan-orice-plan-de-pace-trebuie-aprobat-de-ucraina,2025-11-21,video-transcript,CSM,instituție națională,1,0.535
2025-11-21_nicusor-dan-orice-plan-de-pace-trebuie-aprobat-de-ucraina,2025-11-21,video-transcript,UCRAINA,țară,1,0.81
2025-11-26_nicusor-dan-declaratii-din-parlament-despre-problemele-inter,2025-11-26,video-transcript,ROMÂNIA,țară,10,0.99
2025-11-26_nicusor-dan-declaratii-din-parlament-despre-problemele-inter,2025-11-26,video-transcript,SUA,țară,2,0.904
2025-11-26_nicusor-dan-declaratii-din-parlament-despre-problemele-inter,2025-11-26,video-transcript,NATO,instituție internațională,4,0.899
2025-11-26_nicusor-dan-declaratii-din-parlament-despre-problemele-inter,2025-11-26,video-transcript,UE,instituție internațională,5,0.942
2025-11-26_nicusor-dan-declaratii-din-parlament-despre-problemele-inter,2025-11-26,video-transcript,R. MOLDOVA,țară,1,0.759
2025-11-26_nicusor-dan-declaratii-din-parlament-despre-problemele-inter,2025-11-26,video-transcript,UCRAINA,țară,1,0.804
2025-11-26_nicusor-dan-declaratii-din-parlament-despre-problemele-inter,2025-11-26,video-transcript,OCDE,instituție internațională,2,0.895
2025-11-26_nicusor-dan-declaratii-dupa-sustinerea-discursului-in-parlam,2025-11-26,video-transcript,GUVERN,instituție națională,2,0.646
2025-11-26_nicusor-dan-declaratii-dupa-sustinerea-discursului-in-parlam,2025-11-26,video-transcript,PARLAMENT,instituție națională,2,0.733
2025-11-26_nicusor-dan-drone-care-din-cand-in-cand-intra-pe-teritoriul,2025-11-26,video-transcript,RUSIA,țară,1,0.904
2025-11-26_nicusor-dan-vom-sustine-in-continuare-ucraina-si-republica-m,2025-11-26,video-transcript,R. MOLDOVA,țară,1,0.935
2025-11-26_nicusor-dan-vom-sustine-in-continuare-ucraina-si-republica-m,2025-11-26,video-transcript,UCRAINA,țară,1,0.942
2025-11-26_nicusor-dan-vom-sustine-in-continuare-ucraina-si-republica-m,2025-11-26,video-transcript,UE,instituție internațională,1,0.77
2025-12-01_nicusor-dan-mesaj-de-ziua-nationala-e-o-zi-de-sarbatoare-sa,2025-12-01,video-transcript,SUA,țară,1,0.974
2025-12-01_nicusor-dan-suntem-membri-ai-ue-dar-de-multe-ori-vocea-roman,2025-12-01,video-transcript,UE,instituție internațională,1,0.829
2025-12-01_nicusor-dan-suntem-membri-ai-ue-dar-de-multe-ori-vocea-roman,2025-12-01,video-transcript,ROMÂNIA,țară,4,0.985
2025-12-02_nicusor-dan-mesaj-de-1-decembrie-digi24-stiriledigi24,2025-12-02,video-transcript,ROMÂNIA,țară,2,0.98
2025-12-02_nicusor-dan-mesaj-de-1-decembrie-totusi-suntem-mai-putin-cor,2025-12-02,video-transcript,ROMÂNIA,țară,24,0.99
2025-12-02_nicusor-dan-mesaj-de-1-decembrie-totusi-suntem-mai-putin-cor,2025-12-02,video-transcript,RUSIA,țară,2,0.814
2025-12-02_nicusor-dan-mesaj-de-1-decembrie-totusi-suntem-mai-putin-cor,2025-12-02,video-transcript,UE,instituție internațională,1,0.611
2025-12-03_nicusor-dan-despre-criza-apei-potabile-din-prahova-vinova-ia,2025-12-03,video-transcript,USR,partid politic,1,0.965
2025-12-03_nicusor-dan-despre-criza-apei-potabile-din-prahova-vinova-ia,2025-12-03,video-transcript,ROMÂNIA,țară,1,0.933
2025-12-03_nicusor-dan-dupa-amenintarile-lui-putin-sunt-declaratii-pent,2025-12-03,video-transcript,PUTIN,persoană politică,1,0.912
2025-12-03_nicusor-dan-dupa-amenintarile-lui-putin-sunt-declaratii-pent,2025-12-03,video-transcript,RUSIA,țară,1,0.628
2025-12-03_nicusor-dan-dupa-amenintarile-lui-putin-sunt-declaratii-pent,2025-12-03,video-transcript,ROMÂNIA,țară,1,0.92
2025-12-04_nicusor-dan-despre-alegerile-anulate-au-aparut-suficiente-in,2025-12-04,video-transcript,RUSIA,țară,1,0.886
2025-12-04_nicusor-dan-despre-demisia-lui-mosteanu-intensitatea-critici,2025-12-04,video-transcript,USR,partid politic,1,0.975
2025-12-04_nicusor-dan-despre-demisia-lui-mosteanu-intensitatea-critici,2025-12-04,video-transcript,ROMÂNIA,țară,1,0.928
2025-12-04_nicusor-dan-vinovatia-este-la-apele-romane-newsroom-din-3-de,2025-12-04,video-transcript,USR,partid politic,1,0.969
2025-12-04_nicusor-dan-vinovatia-este-la-apele-romane-newsroom-din-3-de,2025-12-04,video-transcript,ROMÂNIA,țară,1,0.929
2025-12-07_presedintele-nicusor-dan-de-mult-nu-am-mai-votat-pentru-altc,2025-12-07,video-transcript,ROMÂNIA,țară,1,0.933
2025-12-10_nicusor-dan-nu-toti-votantii-aur-sunt-extremisti-stiri-b1tv,2025-12-10,video-transcript,ROMÂNIA,țară,2,0.96
2025-12-10_romania-lui-vitalie-nicusor-dan-despre-strategia-de-securita,2025-12-10,video-transcript,SUA,țară,11,0.95
2025-12-10_romania-lui-vitalie-nicusor-dan-despre-strategia-de-securita,2025-12-10,video-transcript,UE,instituție internațională,9,0.894
2025-12-10_romania-lui-vitalie-nicusor-dan-despre-strategia-de-securita,2025-12-10,video-transcript,ROMÂNIA,țară,2,0.907
2025-12-10_romania-lui-vitalie-nicusor-dan-despre-strategia-de-securita,2025-12-10,video-transcript,FRANȚA,țară,3,0.954
2025-12-10_romania-lui-vitalie-nicusor-dan-despre-strategia-de-securita,2025-12-10,video-transcript,UK,țară,2,0.869
2025-12-10_romania-lui-vitalie-nicusor-dan-despre-strategia-de-securita,2025-12-10,video-transcript,GERMANIA,țară,1,0.865
2025-12-10_romania-lui-vitalie-nicusor-dan-despre-strategia-de-securita,2025-12-10,video-transcript,ZELENSKI,persoană politică,2,0.706
2025-12-10_romania-lui-vitalie-nicusor-dan-despre-strategia-de-securita,2025-12-10,video-transcript,UCRAINA,țară,2,0.891
2025-12-10_romania-lui-vitalie-nicusor-dan-despre-strategia-de-securita,2025-12-10,video-transcript,PUTIN,persoană politică,1,0.881
2025-12-10_romania-lui-vitalie-nicusor-dan-despre-strategia-de-securita,2025-12-10,video-transcript,ORBAN,persoană politică,1,0.703
2025-12-15_nicusor-dan-anunturi-majore-in-scandalurile-momentului,2025-12-15,video-transcript,ROMÂNIA,țară,3,0.985
2025-12-16_nicusor-dan-declara-ca-rusia-va-continua-sa-fie-o-amenintare,2025-12-16,video-transcript,NATO,instituție internațională,1,0.796
2025-12-16_nicusor-dan-declara-ca-rusia-va-continua-sa-fie-o-amenintare,2025-12-16,video-transcript,UE,instituție internațională,1,0.843
2025-12-16_nicusor-dan-declara-ca-rusia-va-continua-sa-fie-o-amenintare,2025-12-16,video-transcript,ROMÂNIA,țară,4,0.976
2025-12-16_nicusor-dan-declara-ca-rusia-va-continua-sa-fie-o-amenintare,2025-12-16,video-transcript,CSM,instituție națională,1,0.669
2025-12-16_nicusor-dan-sunt-destul-de-pesimist-cu-privire-la-intentia-r,2025-12-16,video-transcript,UCRAINA,țară,2,0.947
2025-12-16_nicusor-dan-sunt-destul-de-pesimist-cu-privire-la-intentia-r,2025-12-16,video-transcript,RUSIA,țară,1,0.874
2025-12-16_nicusor-dan-trebuie-sa-fim-calmi-dar-sa-investim-in-aparare,2025-12-16,video-transcript,UCRAINA,țară,1,0.742
2025-12-16_nicusor-dan-trebuie-sa-fim-calmi-dar-sa-investim-in-aparare,2025-12-16,video-transcript,RUSIA,țară,1,0.826
2025-12-17_declaratia-presedintelui-romaniei-nicusor-dan-in-regatul-mar,2025-12-17,video-transcript,ROMÂNIA,țară,2,0.923
2025-12-17_nicusor-dan-sunt-probleme-la-modul-in-care-se-fac-promovaril,2025-12-17,video-transcript,GUVERN,instituție națională,2,0.709
2025-12-17_nicusor-dan-sunt-probleme-la-modul-in-care-se-fac-promovaril,2025-12-17,video-transcript,PARLAMENT,instituție națională,1,0.638
2025-12-17_nicusor-dan-sunt-probleme-la-modul-in-care-se-fac-promovaril,2025-12-17,video-transcript,ROMÂNIA,țară,1,0.784
2025-12-18_nicusor-dan-avem-atacuri-cibernetice-campanie-de-dezinformar,2025-12-18,video-transcript,ROMÂNIA,țară,3,0.962
2025-12-18_nicusor-dan-avem-atacuri-cibernetice-campanie-de-dezinformar,2025-12-18,video-transcript,POLONIA,țară,1,0.778
2025-12-18_nicusor-dan-avem-atacuri-cibernetice-campanie-de-dezinformar,2025-12-18,video-transcript,RUSIA,țară,1,0.942
2025-12-18_nicusor-dan-problema-fundamentala-este-de-ce-nu-reusim-in-15_wynkjt,2025-12-18,video-transcript,UCRAINA,țară,2,0.966
2025-12-18_nicusor-dan-problema-fundamentala-este-de-ce-nu-reusim-in-15_wynkjt,2025-12-18,video-transcript,ROMÂNIA,țară,1,0.47
2025-12-18_nicusor-dan-problema-fundamentala-este-de-ce-nu-reusim-in-15_wynkjt,2025-12-18,video-transcript,DNA,instituție națională,1,0.535
2025-12-18_nicusor-dan-sustinem-oricare-dintre-variantele-de-ajutor-fin,2025-12-18,video-transcript,UCRAINA,țară,5,0.985
2025-12-18_nicusor-dan-sustinem-oricare-dintre-variantele-de-ajutor-fin,2025-12-18,video-transcript,UNGARIA,țară,1,0.754
2025-12-18_nicusor-dan-sustinem-oricare-dintre-variantele-de-ajutor-fin,2025-12-18,video-transcript,ROMÂNIA,țară,1,0.606
2025-12-18_nicusor-dan-sustinem-oricare-dintre-variantele-de-ajutor-fin,2025-12-18,video-transcript,DNA,instituție națională,1,0.577
2025-12-21_declaratia-presedintelui-romaniei-nicusor-dan-pe-tema-proble,2025-12-21,video-transcript,ROMÂNIA,țară,1,0.827
2025-12-21_nicusor-dan-exista-magistrati-care-actioneaza-in-interesul-u_i-HYCW,2025-12-21,video-transcript,CSM,instituție națională,1,0.495
2025-12-22_discutii-publice-la-cotroceni-intre-presedintele-romaniei-ni_7lGgIp,2025-12-22,video-transcript,ROMÂNIA,țară,7,0.977
2025-12-22_discutii-publice-la-cotroceni-intre-presedintele-romaniei-ni_7lGgIp,2025-12-22,video-transcript,COMISIA EUROPEANĂ,instituție națională,1,0.55
2025-12-22_discutii-publice-la-cotroceni-intre-presedintele-romaniei-ni_7lGgIp,2025-12-22,video-transcript,PARLAMENT,instituție națională,3,0.65
2025-12-22_discutii-publice-la-cotroceni-intre-presedintele-romaniei-ni_7lGgIp,2025-12-22,video-transcript,CSM,instituție națională,21,0.778
2025-12-22_discutii-publice-la-cotroceni-intre-presedintele-romaniei-ni_7lGgIp,2025-12-22,video-transcript,UK,țară,1,0.843
2025-12-22_discutii-publice-la-cotroceni-intre-presedintele-romaniei-ni_7lGgIp,2025-12-22,video-transcript,UE,instituție internațională,1,0.91
2025-12-22_discutii-publice-la-cotroceni-intre-presedintele-romaniei-ni_7lGgIp,2025-12-22,video-transcript,ITALIA,țară,1,0.895
2025-12-22_discutii-publice-la-cotroceni-intre-presedintele-romaniei-ni_7lGgIp,2025-12-22,video-transcript,POLONIA,țară,1,0.946
2025-12-22_discutii-publice-la-cotroceni-intre-presedintele-romaniei-ni_7lGgIp,2025-12-22,video-transcript,DNA,instituție națională,5,0.661
2026-01-06_declaratia-presedintelui-romaniei-nicusor-dan-dupa-participa_iZQQF2,2026-01-06,video-transcript,UCRAINA,țară,8,0.988
2026-01-06_declaratia-presedintelui-romaniei-nicusor-dan-dupa-participa_iZQQF2,2026-01-06,video-transcript,SUA,țară,5,0.943
2026-01-06_declaratia-presedintelui-romaniei-nicusor-dan-dupa-participa_iZQQF2,2026-01-06,video-transcript,RUSIA,țară,1,0.451
2026-01-06_declaratia-presedintelui-romaniei-nicusor-dan-dupa-participa_iZQQF2,2026-01-06,video-transcript,ROMÂNIA,țară,14,0.992
2026-01-06_declaratia-presedintelui-romaniei-nicusor-dan-dupa-participa_iZQQF2,2026-01-06,video-transcript,BULGARIA,țară,1,0.948
2026-01-06_declaratia-presedintelui-romaniei-nicusor-dan-dupa-participa_iZQQF2,2026-01-06,video-transcript,FRANȚA,țară,1,0.664
2026-01-06_declaratia-presedintelui-romaniei-nicusor-dan-dupa-participa_iZQQF2,2026-01-06,video-transcript,CCR,instituție națională,1,0.721
2026-01-06_declaratia-presedintelui-romaniei-nicusor-dan-dupa-participa_iZQQF2,2026-01-06,video-transcript,PARLAMENT,instituție națională,3,0.727
2026-01-06_declaratia-presedintelui-romaniei-nicusor-dan-dupa-participa_iZQQF2,2026-01-06,video-transcript,PSD,partid politic,1,0.91
2026-01-06_nicusor-dan-declaratii-la-bordul-avionului-spartan-cu-care-a,2026-01-06,video-transcript,ROMÂNIA,țară,2,0.987
2026-01-06_nicusor-dan-suntem-intr-un-context-international-dificil,2026-01-06,video-transcript,ROMÂNIA,țară,2,0.955
2026-01-07_garantii-de-securitate-pentru-ucraina-si-mize-interne-nicuso,2026-01-07,video-transcript,UCRAINA,țară,7,0.983
2026-01-07_garantii-de-securitate-pentru-ucraina-si-mize-interne-nicuso,2026-01-07,video-transcript,SUA,țară,5,0.901
2026-01-07_garantii-de-securitate-pentru-ucraina-si-mize-interne-nicuso,2026-01-07,video-transcript,RUSIA,țară,1,0.465
2026-01-07_garantii-de-securitate-pentru-ucraina-si-mize-interne-nicuso,2026-01-07,video-transcript,ROMÂNIA,țară,13,0.975
2026-01-07_garantii-de-securitate-pentru-ucraina-si-mize-interne-nicuso,2026-01-07,video-transcript,BULGARIA,țară,1,0.908
2026-01-07_garantii-de-securitate-pentru-ucraina-si-mize-interne-nicuso,2026-01-07,video-transcript,FRANȚA,țară,1,0.769
2026-01-07_garantii-de-securitate-pentru-ucraina-si-mize-interne-nicuso,2026-01-07,video-transcript,CCR,instituție națională,1,0.78
2026-01-07_garantii-de-securitate-pentru-ucraina-si-mize-interne-nicuso,2026-01-07,video-transcript,PARLAMENT,instituție națională,3,0.586
2026-01-07_garantii-de-securitate-pentru-ucraina-si-mize-interne-nicuso,2026-01-07,video-transcript,PSD,partid politic,1,0.898
2026-01-07_garantii-de-securitate-pentru-ucraina-si-mize-interne-nicuso,2026-01-07,video-transcript,GUVERN,instituție națională,1,0.499
2026-01-07_nicusor-dan-e-nevoie-de-un-avion-prezidential,2026-01-07,video-transcript,FRANȚA,țară,1,0.919
2026-01-07_nicusor-dan-e-nevoie-de-un-avion-prezidential,2026-01-07,video-transcript,GERMANIA,țară,1,0.888
2026-01-07_nicusor-dan-mi-ar-fi-placut-mai-degraba-ca-taxele-sa-scada,2026-01-07,video-transcript,GUVERN,instituție națională,2,0.478
2026-01-07_nicusor-dan-mi-ar-fi-placut-mai-degraba-ca-taxele-sa-scada,2026-01-07,video-transcript,PARLAMENT,instituție națională,1,0.611
2026-01-15_nicusor-dan-romania-sustine-pacea-in-ucraina-si-integrarea-r,2026-01-15,video-transcript,ROMÂNIA,țară,26,0.993
2026-01-15_nicusor-dan-romania-sustine-pacea-in-ucraina-si-integrarea-r,2026-01-15,video-transcript,SUA,țară,5,0.98
2026-01-15_nicusor-dan-romania-sustine-pacea-in-ucraina-si-integrarea-r,2026-01-15,video-transcript,RUSIA,țară,3,0.851
2026-01-15_nicusor-dan-romania-sustine-pacea-in-ucraina-si-integrarea-r,2026-01-15,video-transcript,R. MOLDOVA,țară,4,0.967
2026-01-15_nicusor-dan-romania-sustine-pacea-in-ucraina-si-integrarea-r,2026-01-15,video-transcript,UE,instituție internațională,3,0.528
2026-01-15_nicusor-dan-romania-sustine-pacea-in-ucraina-si-integrarea-r,2026-01-15,video-transcript,UCRAINA,țară,3,0.916
2026-01-15_nicusor-dan-romania-sustine-pacea-in-ucraina-si-integrarea-r,2026-01-15,video-transcript,ONU,instituție internațională,1,0.825
2026-01-20_nicusor-dan-anunta-azi-daca-merge-la-davos-pentru-consiliul,2026-01-20,video-transcript,UE,instituție internațională,1,0.743
2026-01-20_nicusor-dan-anunta-azi-daca-merge-la-davos-pentru-consiliul,2026-01-20,video-transcript,ROMÂNIA,țară,1,0.95
2026-01-22_nicusor-dan-despre-pozitia-romaniei-cu-privire-la-groenlanda,2026-01-22,video-transcript,UCRAINA,țară,1,0.731
2026-01-22_nicusor-dan-despre-pozitia-romaniei-cu-privire-la-groenlanda,2026-01-22,video-transcript,ROMÂNIA,țară,4,0.951
2026-01-22_nicusor-dan-despre-pozitia-romaniei-cu-privire-la-groenlanda,2026-01-22,video-transcript,R. MOLDOVA,țară,1,0.671
2026-01-23_nicusor-dan-explica-ce-inseamna-ca-nu-a-mers-teleleu-la-davo,2026-01-23,video-transcript,STATUL ROMÂN,țară,1,0.846
2026-01-24_discursul-lui-nicusor-dan-de-la-iasi-bruiat-de-simpatizantii,2026-01-24,video-transcript,ROMÂNIA,țară,5,0.975
2026-01-24_huiduieli-si-aplauze-la-focsani-nicusor-dan-este-un-drept-pe,2026-01-24,video-transcript,ROMÂNIA,țară,2,0.92
2026-01-24_nicusor-dan-e-democratie-e-libertate-sa-spuna-fiecare-ce-vre,2026-01-24,video-transcript,ROMÂNIA,țară,16,0.978
2026-01-24_nicusor-dan-e-democratie-e-libertate-sa-spuna-fiecare-ce-vre,2026-01-24,video-transcript,FRANȚA,țară,2,0.97
2026-01-24_nicusor-dan-e-democratie-e-libertate-sa-spuna-fiecare-ce-vre,2026-01-24,video-transcript,PNL,partid politic,1,0.871
2026-01-24_nicusor-dan-e-democratie-e-libertate-sa-spuna-fiecare-ce-vre,2026-01-24,video-transcript,UCRAINA,țară,3,0.947
2026-01-24_nicusor-dan-la-multi-ani-dragi-focsaneni-care-huiduiti-autor,2026-01-24,video-transcript,ROMÂNIA,țară,2,0.914
2026-01-24_nicusor-dan-mae-analizeaza-participarea-romaniei-la-consiliu,2026-01-24,video-transcript,ROMÂNIA,țară,2,0.988
2026-01-24_nicusor-dan-nu-facem-comedii-din-relatia-intre-guvern-si-par,2026-01-24,video-transcript,ROMÂNIA,țară,1,0.937
2026-01-24_nicusor-dan-nu-facem-comedii-din-relatia-intre-guvern-si-par,2026-01-24,video-transcript,PNL,partid politic,2,0.985
2026-01-24_nicusor-dan-nu-facem-comedii-din-relatia-intre-guvern-si-par,2026-01-24,video-transcript,BOLOJAN,persoană politică,1,0.467
2026-01-24_ziua-unirii-principatelor-umbrita-de-proteste-discursul-lui,2026-01-24,video-transcript,ROMÂNIA,țară,2,0.938
2026-01-30_nicusor-dan-despre-numirile-la-sri-si-sie-digi24-stiriledigi,2026-01-30,video-transcript,PARLAMENT,instituție națională,1,0.573
2026-01-30_nicusor-dan-despre-tensiunile-din-coalitie-nu-exista-alterna,2026-01-30,video-transcript,PNL,partid politic,4,0.99
2026-01-30_nicusor-dan-despre-tensiunile-din-coalitie-nu-exista-alterna,2026-01-30,video-transcript,BOLOJAN,persoană politică,1,0.575
2026-01-30_nicusor-dan-despre-tensiunile-din-coalitie-nu-exista-alterna,2026-01-30,video-transcript,USR,partid politic,1,0.956
2026-01-30_nicusor-dan-despre-tensiunile-din-coalitie-nu-exista-alterna,2026-01-30,video-transcript,PSD,partid politic,2,0.925
2026-01-30_nicusor-dan-despre-tensiunile-din-coalitie-nu-exista-alterna,2026-01-30,video-transcript,ROMÂNIA,țară,12,0.98
2026-01-30_nicusor-dan-despre-tensiunile-din-coalitie-nu-exista-alterna,2026-01-30,video-transcript,UE,instituție internațională,5,0.749
2026-01-30_nicusor-dan-despre-tensiunile-din-coalitie-nu-exista-alterna,2026-01-30,video-transcript,GUVERN,instituție națională,3,0.852
2026-01-30_nicusor-dan-despre-tensiunile-din-coalitie-nu-exista-alterna,2026-01-30,video-transcript,STATUL ROMÂN,instituție națională,2,0.744
2026-01-30_nicusor-dan-despre-tensiunile-din-coalitie-nu-exista-alterna,2026-01-30,video-transcript,PARLAMENT,instituție națională,2,0.73
2026-01-30_nicusor-dan-despre-tensiunile-din-coalitie-nu-exista-alterna,2026-01-30,video-transcript,SUA,țară,9,0.958
2026-01-30_nicusor-dan-despre-tensiunile-din-coalitie-nu-exista-alterna,2026-01-30,video-transcript,TRUMP,persoană politică,1,0.966
2026-01-30_nicusor-dan-despre-tensiunile-din-coalitie-nu-exista-alterna,2026-01-30,video-transcript,FRANȚA,țară,2,0.983
2026-01-30_nicusor-dan-despre-tensiunile-din-coalitie-nu-exista-alterna,2026-01-30,video-transcript,GERMANIA,țară,1,0.966
2026-01-30_nicusor-dan-despre-tensiunile-din-coalitie-nu-exista-alterna,2026-01-30,video-transcript,COMISIA EUROPEANĂ,instituție internațională,1,0.685
2026-01-30_nicusor-dan-despre-tensiunile-din-coalitie-nu-exista-alterna_9sksTM,2026-01-30,video-transcript,BOLOJAN,persoană politică,2,0.97
2026-01-30_nicusor-dan-despre-tensiunile-din-coalitie-nu-exista-alterna_9sksTM,2026-01-30,video-transcript,PNL,partid politic,1,0.968
2026-01-30_nicusor-dan-despre-tensiunile-din-coalitie-nu-exista-alterna_9sksTM,2026-01-30,video-transcript,PSD,partid politic,1,0.922
2026-01-30_nicusor-dan-nu-exista-risc-de-crestere-de-taxe-in-viitorul-a,2026-01-30,video-transcript,GUVERN,instituție națională,2,0.709
2026-02-09_participa-sau-nu-romania-la-consiliul-pentru-pace-al-lui-tru,2026-02-09,video-transcript,ROMÂNIA,țară,1,0.955
2026-02-12_ce-spune-nicusor-dan-despre-participarea-romaniei-la-prima-e,2026-02-12,video-transcript,ROMÂNIA,țară,2,0.99
2026-02-12_declaratii-de-presa-sustinute-de-presedintele-romaniei-nicus,2026-02-12,video-transcript,SUA,țară,3,0.942
2026-02-12_declaratii-de-presa-sustinute-de-presedintele-romaniei-nicus,2026-02-12,video-transcript,ROMÂNIA,țară,4,0.982
2026-02-12_declaratii-de-presa-sustinute-de-presedintele-romaniei-nicus,2026-02-12,video-transcript,CHINA,țară,1,0.906
2026-02-12_declaratii-de-presa-sustinute-de-presedintele-romaniei-nicus,2026-02-12,video-transcript,UE,instituție internațională,2,0.537
2026-02-12_nicusor-dan-anunt-de-la-consiliul-european-il-refuza-din-nou,2026-02-12,video-transcript,ROMÂNIA,țară,4,0.911
2026-02-12_nicusor-dan-anunt-de-la-consiliul-european-il-refuza-din-nou,2026-02-12,video-transcript,SUA,țară,3,0.817
2026-02-12_nicusor-dan-anunt-de-la-consiliul-european-il-refuza-din-nou,2026-02-12,video-transcript,CHINA,țară,1,0.673
2026-02-12_nicusor-dan-anunt-de-la-consiliul-european-il-refuza-din-nou,2026-02-12,video-transcript,UE,instituție internațională,1,0.745
2026-02-12_nicusor-dan-dupa-summitul-din-belgia-comisia-europeana-va-pr,2026-02-12,video-transcript,ROMÂNIA,țară,5,0.963
2026-02-12_nicusor-dan-dupa-summitul-din-belgia-comisia-europeana-va-pr,2026-02-12,video-transcript,SUA,țară,5,0.946
2026-02-12_nicusor-dan-dupa-summitul-din-belgia-comisia-europeana-va-pr,2026-02-12,video-transcript,CHINA,țară,1,0.813
2026-02-12_nicusor-dan-dupa-summitul-din-belgia-comisia-europeana-va-pr,2026-02-12,video-transcript,NATO,instituție internațională,1,0.473
2026-02-12_nicusor-dan-dupa-summitul-din-belgia-comisia-europeana-va-pr,2026-02-12,video-transcript,UE,instituție internațională,1,0.684
2026-02-12_nicusor-dan-dupa-summitul-din-belgia-comisia-europeana-va-pr,2026-02-12,video-transcript,STATUL ROMÂN,țară,1,0.84
2026-02-12_nicusor-dan-dupa-summitul-din-belgia-comisia-europeana-va-pr,2026-02-12,video-transcript,PARLAMENT,instituție națională,1,0.625
2026-02-12_nicusor-dan-dupa-summitul-din-belgia-comisia-europeana-va-pr,2026-02-12,video-transcript,PARLAMENTUL EUROPEAN,instituție internațională,1,0.694
2026-02-12_nicusor-dan-pretul-energiei-este-o-chestiune-foarte-importan,2026-02-12,video-transcript,ROMÂNIA,țară,1,0.896
2026-02-12_nicusor-dan-pretul-energiei-este-o-chestiune-foarte-importan,2026-02-12,video-transcript,SUA,țară,1,0.844
2026-02-12_nicusor-dan-pretul-energiei-este-o-chestiune-foarte-importan,2026-02-12,video-transcript,CHINA,țară,1,0.944
2026-02-13_declaratiile-presedintelui-romaniei-nicusor-dan-dupa-reuniun,2026-02-13,video-transcript,ROMÂNIA,țară,5,0.962
2026-02-13_declaratiile-presedintelui-romaniei-nicusor-dan-dupa-reuniun,2026-02-13,video-transcript,SUA,țară,5,0.951
2026-02-13_declaratiile-presedintelui-romaniei-nicusor-dan-dupa-reuniun,2026-02-13,video-transcript,CHINA,țară,1,0.781
2026-02-13_declaratiile-presedintelui-romaniei-nicusor-dan-dupa-reuniun,2026-02-13,video-transcript,UE,instituție internațională,2,0.567
2026-02-13_declaratiile-presedintelui-romaniei-nicusor-dan-dupa-reuniun,2026-02-13,video-transcript,STATUL ROMÂN,țară,1,0.832
2026-02-13_declaratiile-presedintelui-romaniei-nicusor-dan-dupa-reuniun,2026-02-13,video-transcript,PARLAMENT,instituție națională,1,0.611
2026-02-13_declaratiile-presedintelui-romaniei-nicusor-dan-dupa-reuniun,2026-02-13,video-transcript,PARLAMENTUL EUROPEAN,instituție internațională,1,0.668
2026-02-13_nicusor-dan-in-ciuda-atacurilor-coalitia-functioneaza-mai-bi,2026-02-13,video-transcript,STATUL ROMÂN,țară,1,0.855
2026-02-17_nicusor-dan-prezenta-la-consiliul-de-pace-necesara-dupa-anul,2026-02-17,video-transcript,ROMÂNIA,țară,3,0.987
2026-02-17_nicusor-dan-prezenta-la-consiliul-de-pace-necesara-dupa-anul,2026-02-17,video-transcript,SUA,țară,1,0.76
2026-02-19_declaratii-de-presa-sustinute-de-presedintele-romaniei-nicus,2026-02-19,video-transcript,ROMÂNIA,țară,9,0.975
2026-02-19_declaratii-de-presa-sustinute-de-presedintele-romaniei-nicus,2026-02-19,video-transcript,SUA,țară,7,0.946
2026-02-19_declaratii-de-presa-sustinute-de-presedintele-romaniei-nicus,2026-02-19,video-transcript,UE,instituție internațională,3,0.777
2026-02-19_declaratii-de-presa-sustinute-de-presedintele-romaniei-nicus,2026-02-19,video-transcript,COMISIA EUROPEANĂ,instituție internațională,1,0.63
2026-02-19_interviu-exclusiv-cu-nicusor-dan-dupa-intalnirea-cu-trump,2026-02-19,video-transcript,ROMÂNIA,țară,12,0.984
2026-02-19_interviu-exclusiv-cu-nicusor-dan-dupa-intalnirea-cu-trump,2026-02-19,video-transcript,SUA,țară,7,0.972
2026-02-19_interviu-exclusiv-cu-nicusor-dan-dupa-intalnirea-cu-trump,2026-02-19,video-transcript,COMISIA EUROPEANĂ,instituție internațională,1,0.81
2026-02-19_interviu-exclusiv-cu-nicusor-dan-dupa-intalnirea-cu-trump,2026-02-19,video-transcript,UE,instituție internațională,2,0.812
2026-02-19_nicusor-dan-discurs-la-consiliul-pentru-pace-in-sua-avem-bur,2026-02-19,video-transcript,ROMÂNIA,țară,2,0.96
2026-02-19_prima-reactie-a-lui-nicusor-dan-dupa-ce-donald-trump-l-a-num,2026-02-19,video-transcript,ROMÂNIA,țară,1,0.916
2026-02-20_nicusor-dan-nu-alegem-intre-sua-si-ue-romania-trebuie-sa-fie,2026-02-20,video-transcript,SUA,țară,3,0.956
2026-02-20_nicusor-dan-nu-alegem-intre-sua-si-ue-romania-trebuie-sa-fie,2026-02-20,video-transcript,UE,instituție internațională,2,0.904
2026-02-20_nicusor-dan-nu-alegem-intre-sua-si-ue-romania-trebuie-sa-fie,2026-02-20,video-transcript,COMISIA EUROPEANĂ,instituție internațională,1,0.603
2026-02-20_presedintele-nicusor-dan-problema-legitimitatii-administrati,2026-02-20,video-transcript,TRUMP,persoană politică,3,0.945
2026-02-20_presedintele-nicusor-dan-problema-legitimitatii-administrati,2026-02-20,video-transcript,SUA,țară,9,0.955
2026-02-20_presedintele-nicusor-dan-problema-legitimitatii-administrati,2026-02-20,video-transcript,ROMÂNIA,țară,8,0.986
2026-02-20_presedintele-nicusor-dan-problema-legitimitatii-administrati,2026-02-20,video-transcript,COMISIA EUROPEANĂ,instituție internațională,1,0.59
2026-02-20_presedintele-nicusor-dan-problema-legitimitatii-administrati,2026-02-20,video-transcript,UE,instituție internațională,1,0.587
2026-02-24_nicusor-dan-explica-de-ce-nu-a-promulgat-legea-pensiilor-spe,2026-02-24,video-transcript,CCR,instituție națională,2,0.834
2026-03-05_acum-nicusor-dan-anunta-daca-romania-va-gazdui-arme-nucleare,2026-03-05,video-transcript,POLONIA,țară,6,0.991
2026-03-05_acum-nicusor-dan-anunta-daca-romania-va-gazdui-arme-nucleare,2026-03-05,video-transcript,ROMÂNIA,țară,9,0.985
2026-03-05_acum-nicusor-dan-anunta-daca-romania-va-gazdui-arme-nucleare,2026-03-05,video-transcript,OCDE,instituție internațională,1,0.544
2026-03-05_acum-nicusor-dan-anunta-daca-romania-va-gazdui-arme-nucleare,2026-03-05,video-transcript,R. MOLDOVA,țară,1,0.817
2026-03-05_acum-nicusor-dan-anunta-daca-romania-va-gazdui-arme-nucleare,2026-03-05,video-transcript,UCRAINA,țară,2,0.983
2026-03-05_nicusor-dan-conferinta-de-presa-in-polonia-stiri-b1tv-5-mar,2026-03-05,video-transcript,ROMÂNIA,țară,11,0.992
2026-03-05_nicusor-dan-conferinta-de-presa-in-polonia-stiri-b1tv-5-mar,2026-03-05,video-transcript,POLONIA,țară,7,0.994
2026-03-05_nicusor-dan-conferinta-de-presa-in-polonia-stiri-b1tv-5-mar,2026-03-05,video-transcript,UCRAINA,țară,1,0.771
2026-03-05_nicusor-dan-conferinta-de-presa-in-polonia-stiri-b1tv-5-mar,2026-03-05,video-transcript,R. MOLDOVA,țară,1,0.891
2026-03-05_nicusor-dan-conferinta-de-presa-in-polonia-stiri-b1tv-5-mar,2026-03-05,video-transcript,SUA,țară,1,0.854
2026-03-05_nicusor-dan-conferinta-de-presa-in-polonia-stiri-b1tv-5-mar,2026-03-05,video-transcript,FRANȚA,țară,1,0.771
2026-03-05_nicusor-dan-despre-umbrela-nucleara-propusa-de-franta-stiri,2026-03-05,video-transcript,ROMÂNIA,țară,3,0.946
2026-03-05_nicusor-dan-despre-umbrela-nucleara-propusa-de-franta-stiri,2026-03-05,video-transcript,NATO,instituție internațională,3,0.807
2026-03-05_nicusor-dan-despre-umbrela-nucleara-propusa-de-franta-stiri,2026-03-05,video-transcript,SUA,țară,1,0.835
2026-03-05_nicusor-dan-despre-umbrela-nucleara-propusa-de-franta-stiri,2026-03-05,video-transcript,FRANȚA,țară,1,0.707
2026-03-05_nicusor-dan-nu-o-sa-plangem-republica-islamica-iran,2026-03-05,video-transcript,ROMÂNIA,țară,1,0.5
2026-03-05_nicusor-dan-polonia-participa-la-brigada-multinationala-care,2026-03-05,video-transcript,ROMÂNIA,țară,2,0.977
2026-03-05_nicusor-dan-polonia-participa-la-brigada-multinationala-care,2026-03-05,video-transcript,POLONIA,țară,2,0.97
2026-03-05_nicusor-dan-polonia-si-romania-impreuna-au-multe-oportunitat,2026-03-05,video-transcript,ROMÂNIA,țară,16,0.99
2026-03-05_nicusor-dan-polonia-si-romania-impreuna-au-multe-oportunitat,2026-03-05,video-transcript,POLONIA,țară,7,0.989
2026-03-05_nicusor-dan-polonia-si-romania-impreuna-au-multe-oportunitat,2026-03-05,video-transcript,OCDE,instituție internațională,1,0.567
2026-03-05_nicusor-dan-polonia-si-romania-impreuna-au-multe-oportunitat,2026-03-05,video-transcript,R. MOLDOVA,țară,1,0.73
2026-03-05_nicusor-dan-polonia-si-romania-impreuna-au-multe-oportunitat,2026-03-05,video-transcript,UCRAINA,țară,2,0.978
2026-03-05_nicusor-dan-polonia-si-romania-impreuna-au-multe-oportunitat,2026-03-05,video-transcript,NATO,instituție internațională,3,0.802
2026-03-05_nicusor-dan-polonia-si-romania-impreuna-au-multe-oportunitat,2026-03-05,video-transcript,SUA,țară,1,0.775
2026-03-05_nicusor-dan-polonia-si-romania-impreuna-au-multe-oportunitat,2026-03-05,video-transcript,FRANȚA,țară,1,0.635
2026-03-05_nicusor-dan-romania-este-acoperita-de-o-umbrela-nucleara,2026-03-05,video-transcript,NATO,instituție internațională,1,0.541
2026-03-05_nicusor-dan-romania-este-acoperita-de-o-umbrela-nucleara,2026-03-05,video-transcript,ROMÂNIA,țară,2,0.988
2026-03-05_nicusor-dan-romania-este-acoperita-de-o-umbrela-nucleara,2026-03-05,video-transcript,FRANȚA,țară,1,0.91
2026-03-06_declaratii-de-presa-sustinute-de-presedintele-romaniei-nicus_Ry-ZYl,2026-03-06,video-transcript,POLONIA,țară,8,0.99
2026-03-06_declaratii-de-presa-sustinute-de-presedintele-romaniei-nicus_Ry-ZYl,2026-03-06,video-transcript,ROMÂNIA,țară,16,0.986
2026-03-06_declaratii-de-presa-sustinute-de-presedintele-romaniei-nicus_Ry-ZYl,2026-03-06,video-transcript,UE,instituție internațională,1,0.553
2026-03-06_declaratii-de-presa-sustinute-de-presedintele-romaniei-nicus_Ry-ZYl,2026-03-06,video-transcript,R. MOLDOVA,țară,1,0.718
2026-03-06_declaratii-de-presa-sustinute-de-presedintele-romaniei-nicus_Ry-ZYl,2026-03-06,video-transcript,UCRAINA,țară,2,0.974
2026-03-06_declaratii-de-presa-sustinute-de-presedintele-romaniei-nicus_Ry-ZYl,2026-03-06,video-transcript,NATO,instituție internațională,3,0.716
2026-03-06_declaratii-de-presa-sustinute-de-presedintele-romaniei-nicus_Ry-ZYl,2026-03-06,video-transcript,SUA,țară,1,0.826
2026-03-06_declaratii-de-presa-sustinute-de-presedintele-romaniei-nicus_Ry-ZYl,2026-03-06,video-transcript,FRANȚA,țară,1,0.879
2026-03-06_nicusor-dan-romania-nu-va-gazdui-focoase-nucleare-in-viitoru,2026-03-06,video-transcript,ROMÂNIA,țară,2,0.969
2026-03-06_nicusor-dan-romania-nu-va-gazdui-focoase-nucleare-in-viitoru,2026-03-06,video-transcript,NATO,instituție internațională,3,0.866
2026-03-06_nicusor-dan-romania-nu-va-gazdui-focoase-nucleare-in-viitoru,2026-03-06,video-transcript,SUA,țară,1,0.879
2026-03-06_nicusor-dan-romania-nu-va-gazdui-focoase-nucleare-in-viitoru,2026-03-06,video-transcript,FRANȚA,țară,1,0.75
2026-03-07_nicusor-dan-imi-voi-asuma-in-justitie-vin-din-societatea-civ,2026-03-07,video-transcript,ROMÂNIA,țară,1,0.921
2026-03-11_ce-trimite-sua-in-tara-noastra-declaratiile-lui-nicusor-dan,2026-03-11,video-transcript,ROMÂNIA,țară,4,0.983
2026-03-11_ce-trimite-sua-in-tara-noastra-declaratiile-lui-nicusor-dan,2026-03-11,video-transcript,PARLAMENT,instituție națională,1,0.584
2026-03-11_ce-trimite-sua-in-tara-noastra-declaratiile-lui-nicusor-dan,2026-03-11,video-transcript,SUA,țară,2,0.947
2026-03-11_declaratie-sustinuta-de-presedintele-romaniei-nicusor-dan-du,2026-03-11,video-transcript,ROMÂNIA,țară,7,0.98
2026-03-11_declaratie-sustinuta-de-presedintele-romaniei-nicusor-dan-du,2026-03-11,video-transcript,PARLAMENT,instituție națională,1,0.595
2026-03-11_declaratie-sustinuta-de-presedintele-romaniei-nicusor-dan-du,2026-03-11,video-transcript,SUA,țară,2,0.938
2026-03-12_nicusor-dan-we-will-produce-drones-in-romania-together-with,2026-03-12,video-transcript,ROMÂNIA,țară,5,0.984
2026-03-12_nicusor-dan-we-will-produce-drones-in-romania-together-with,2026-03-12,video-transcript,UCRAINA,țară,5,0.955
2026-03-12_nicusor-dan-we-will-produce-drones-in-romania-together-with,2026-03-12,video-transcript,UE,instituție internațională,1,0.606
2026-03-13_conferinta-sustinuta-de-presedintii-romaniei-si-ucrainei-nic,2026-03-13,video-transcript,ROMÂNIA,țară,12,0.984
2026-03-13_conferinta-sustinuta-de-presedintii-romaniei-si-ucrainei-nic,2026-03-13,video-transcript,UCRAINA,țară,10,0.968
2026-03-13_conferinta-sustinuta-de-presedintii-romaniei-si-ucrainei-nic,2026-03-13,video-transcript,UE,instituție internațională,1,0.468
2026-03-13_conferinta-sustinuta-de-presedintii-romaniei-si-ucrainei-nic,2026-03-13,video-transcript,COMISIA EUROPEANĂ,instituție națională,1,0.563
2026-03-19_conferinta-presedintelui-romaniei-nicusor-dan-si-a-secretaru,2026-03-19,video-transcript-diarizat,ROMÂNIA,țară,1,0.962
2026-03-19_nicusor-dan-romania-has-taken-a-clear-position-on-the-transa,2026-03-19,video-transcript,ROMÂNIA,țară,2,0.984
2026-03-19_nicusor-dan-romania-has-taken-a-clear-position-on-the-transa,2026-03-19,video-transcript,NATO,instituție internațională,1,0.459
2026-03-19_nicusor-dan-romania-has-taken-a-clear-position-on-the-transa,2026-03-19,video-transcript,UCRAINA,țară,4,0.981
2026-03-19_nicusor-dan-romania-has-taken-a-clear-position-on-the-transa_BurJvC,2026-03-19,video-transcript,ROMÂNIA,țară,5,0.972
2026-03-19_nicusor-dan-romania-has-taken-a-clear-position-on-the-transa_BurJvC,2026-03-19,video-transcript,NATO,instituție internațională,2,0.505
2026-03-19_nicusor-dan-romania-has-taken-a-clear-position-on-the-transa_BurJvC,2026-03-19,video-transcript,UCRAINA,țară,4,0.963
2026-03-30_o-posibila-iesire-a-psd-de-la-guvernare-nicusor-dan-nu-cred,2026-03-30,video-transcript,PARLAMENT,instituție națională,1,0.555
2026-03-30_o-posibila-iesire-a-psd-de-la-guvernare-nicusor-dan-nu-cred,2026-03-30,video-transcript,GUVERN,instituție națională,5,0.622
2026-03-30_o-posibila-iesire-a-psd-de-la-guvernare-nicusor-dan-nu-cred,2026-03-30,video-transcript,PSD,partid politic,1,0.957
2026-04-01_presedintele-nicusor-dan-trecerea-romaniei-la-euro-esentiala,2026-04-01,video-transcript,ROMÂNIA,țară,2,0.991
2026-04-01_presedintele-nicusor-dan-trecerea-romaniei-la-euro-esentiala,2026-04-01,video-transcript,COMISIA EUROPEANĂ,instituție internațională,1,0.629
2026-04-07_declaratiile-presedintelui-nicusor-dan-dupa-vizita-la-centru,2026-04-07,video-transcript,ROMÂNIA,țară,15,0.989
2026-04-07_declaratiile-presedintelui-nicusor-dan-dupa-vizita-la-centru,2026-04-07,video-transcript,UE,instituție internațională,1,0.649
2026-04-07_declaratiile-presedintelui-nicusor-dan-dupa-vizita-la-centru,2026-04-07,video-transcript,RUSIA,țară,1,0.879
2026-04-07_declaratiile-presedintelui-nicusor-dan-dupa-vizita-la-centru,2026-04-07,video-transcript,OCDE,instituție internațională,1,0.818
2026-04-07_declaratiile-presedintelui-nicusor-dan-dupa-vizita-la-centru,2026-04-07,video-transcript,BULGARIA,țară,1,0.934
2026-04-07_declaratiile-presedintelui-nicusor-dan-dupa-vizita-la-centru,2026-04-07,video-transcript,POLONIA,țară,1,0.945
2026-04-07_declaratiile-presedintelui-nicusor-dan-dupa-vizita-la-centru,2026-04-07,video-transcript,UCRAINA,țară,1,0.817
2026-04-07_nicusor-dan-despre-demisia-lui-bolojan-in-ce-calitate-sa-i-o,2026-04-07,video-transcript,BOLOJAN,persoană politică,1,0.955
2026-04-07_nicusor-dan-despre-demisia-lui-bolojan-in-ce-calitate-sa-i-o,2026-04-07,video-transcript,ROMÂNIA,țară,1,0.919
2026-04-07_nicusor-dan-intrebat-daca-ii-va-cere-demisia-lui-bolojan-eu,2026-04-07,video-transcript,OCDE,instituție internațională,1,0.92
2026-04-07_nicusor-dan-intrebat-daca-ii-va-cere-demisia-lui-bolojan-eu,2026-04-07,video-transcript,ROMÂNIA,țară,8,0.986
2026-04-07_nicusor-dan-intrebat-daca-ii-va-cere-demisia-lui-bolojan-eu,2026-04-07,video-transcript,BULGARIA,țară,1,0.951
2026-04-07_nicusor-dan-intrebat-daca-ii-va-cere-demisia-lui-bolojan-eu,2026-04-07,video-transcript,POLONIA,țară,1,0.977
2026-04-07_nicusor-dan-intrebat-daca-ii-va-cere-demisia-lui-bolojan-eu,2026-04-07,video-transcript,UCRAINA,țară,1,0.528
2026-04-07_nicusor-dan-nu-sunt-riscuri-acum-dar-avem-un-plan-de-criza-p,2026-04-07,video-transcript,ROMÂNIA,țară,2,0.993
2026-04-08_nicusor-dan-anunta-numiri-in-fruntea-parchetelor-astept-o-di,2026-04-08,video-transcript,CSM,instituție națională,6,0.661
2026-04-08_nicusor-dan-anunta-numiri-in-fruntea-parchetelor-astept-o-di,2026-04-08,video-transcript,DNA,instituție națională,2,0.637
2026-04-08_nicusor-dan-anunta-numiri-in-fruntea-parchetelor-astept-o-di,2026-04-08,video-transcript,GUVERN,instituție națională,1,0.465
2026-04-08_nicusor-dan-anunta-numiri-in-fruntea-parchetelor-astept-o-di,2026-04-08,video-transcript,ROMÂNIA,țară,6,0.971
2026-04-08_nicusor-dan-anunta-numiri-in-fruntea-parchetelor-astept-o-di,2026-04-08,video-transcript,UCRAINA,țară,1,0.939
2026-04-08_nicusor-dan-anunta-numiri-in-fruntea-parchetelor-astept-o-di,2026-04-08,video-transcript,UNGARIA,țară,2,0.98
2026-04-08_nicusor-dan-anunta-numiri-in-fruntea-parchetelor-astept-o-di,2026-04-08,video-transcript,STATUL ROMÂN,țară,1,0.675
2026-04-08_nicusor-dan-anunta-numiri-in-fruntea-parchetelor-astept-o-di,2026-04-08,video-transcript,UE,instituție internațională,1,0.674
2026-04-08_nicusor-dan-anunta-numiri-in-fruntea-parchetelor-astept-o-di,2026-04-08,video-transcript,PSD,partid politic,3,0.982
2026-04-08_nicusor-dan-i-was-happy-that-the-head-of-the-iasi-dna-is-run,2026-04-08,video-transcript,PSD,partid politic,3,0.977
2026-04-08_nicusor-dan-i-was-happy-that-the-head-of-the-iasi-dna-is-run,2026-04-08,video-transcript,ROMÂNIA,țară,7,0.914
2026-04-08_nicusor-dan-i-was-happy-that-the-head-of-the-iasi-dna-is-run,2026-04-08,video-transcript,DNA,instituție națională,6,0.734
2026-04-08_nicusor-dan-i-was-happy-that-the-head-of-the-iasi-dna-is-run,2026-04-08,video-transcript,CSM,instituție națională,3,0.724
2026-04-08_nicusor-dan-if-i-make-a-mistake-romanians-will-penalize-me,2026-04-08,video-transcript,CSM,instituție națională,2,0.861
2026-04-08_nicusor-dan-if-i-make-a-mistake-romanians-will-penalize-me,2026-04-08,video-transcript,ROMÂNIA,țară,3,0.92
2026-04-08_nicusor-dan-if-i-make-a-mistake-romanians-will-penalize-me,2026-04-08,video-transcript,UCRAINA,țară,1,0.822
2026-04-08_nicusor-dan-if-i-make-a-mistake-romanians-will-penalize-me,2026-04-08,video-transcript,UNGARIA,țară,2,0.893
2026-04-08_nicusor-dan-if-i-make-a-mistake-romanians-will-penalize-me,2026-04-08,video-transcript,STATUL ROMÂN,instituție națională,1,0.625
2026-04-08_nicusor-dan-respinge-acuzatiile-nu-sunt-propunerile-psd,2026-04-08,video-transcript,PSD,partid politic,2,0.972
2026-04-08_nicusor-dan-respinge-acuzatiile-nu-sunt-propunerile-psd,2026-04-08,video-transcript,ROMÂNIA,țară,1,0.803
2026-04-09_conferinta-de-presa-sustinuta-de-presedintele-romaniei-nicus_yJJ1E7,2026-04-09,video-transcript,PSD,partid politic,3,0.976
2026-04-09_conferinta-de-presa-sustinuta-de-presedintele-romaniei-nicus_yJJ1E7,2026-04-09,video-transcript,ROMÂNIA,țară,11,0.972
2026-04-09_conferinta-de-presa-sustinuta-de-presedintele-romaniei-nicus_yJJ1E7,2026-04-09,video-transcript,DNA,instituție națională,7,0.742
2026-04-09_conferinta-de-presa-sustinuta-de-presedintele-romaniei-nicus_yJJ1E7,2026-04-09,video-transcript,CSM,instituție națională,11,0.79
2026-04-09_conferinta-de-presa-sustinuta-de-presedintele-romaniei-nicus_yJJ1E7,2026-04-09,video-transcript,GUVERN,instituție națională,1,0.544
2026-04-09_conferinta-de-presa-sustinuta-de-presedintele-romaniei-nicus_yJJ1E7,2026-04-09,video-transcript,PARLAMENT,instituție națională,1,0.522
2026-04-09_conferinta-de-presa-sustinuta-de-presedintele-romaniei-nicus_yJJ1E7,2026-04-09,video-transcript,UCRAINA,țară,1,0.94
2026-04-09_conferinta-de-presa-sustinuta-de-presedintele-romaniei-nicus_yJJ1E7,2026-04-09,video-transcript,UNGARIA,țară,2,0.981
2026-04-09_conferinta-de-presa-sustinuta-de-presedintele-romaniei-nicus_yJJ1E7,2026-04-09,video-transcript,STATUL ROMÂN,țară,1,0.679
2026-04-09_conferinta-de-presa-sustinuta-de-presedintele-romaniei-nicus_yJJ1E7,2026-04-09,video-transcript,UE,instituție internațională,1,0.689
2026-04-17_nicusor-dan-calin-georgescu-a-fost-sustinut-de-o-infrastruct,2026-04-17,video-transcript,GEORGESCU,persoană politică,1,0.963
2026-04-17_nicusor-dan-calin-georgescu-a-fost-sustinut-de-o-infrastruct,2026-04-17,video-transcript,RUSIA,țară,1,0.932
2026-04-20_we-will-enter-political-turbulence-nicusor-dan-i-do-not-supp,2026-04-20,video-transcript,ROMÂNIA,țară,11,0.965
2026-04-20_we-will-enter-political-turbulence-nicusor-dan-i-do-not-supp,2026-04-20,video-transcript,PSD,partid politic,1,0.913
2026-04-20_we-will-enter-political-turbulence-nicusor-dan-i-do-not-supp,2026-04-20,video-transcript,PNL,partid politic,1,0.968
2026-04-20_we-will-enter-political-turbulence-nicusor-dan-i-do-not-supp,2026-04-20,video-transcript,PARLAMENT,instituție națională,4,0.718
2026-04-20_we-will-enter-political-turbulence-nicusor-dan-i-do-not-supp,2026-04-20,video-transcript,OCDE,instituție internațională,1,0.677
2026-04-20_we-will-enter-political-turbulence-nicusor-dan-i-do-not-supp,2026-04-20,video-transcript,GUVERN,instituție națională,1,0.455
2026-04-22_declaratie-de-presa-sustinuta-de-presedintele-romaniei-nicus,2026-04-22,video-transcript,ROMÂNIA,țară,2,0.968
2026-04-22_declaratie-de-presa-sustinuta-de-presedintele-romaniei-nicus,2026-04-22,video-transcript,OCDE,instituție internațională,1,0.829
2026-04-22_kelemen-hunor-at-the-end-of-discussions-with-nicusor-dan-we,2026-04-22,video-transcript,PSD,partid politic,1,0.937
2026-04-22_kelemen-hunor-at-the-end-of-discussions-with-nicusor-dan-we,2026-04-22,video-transcript,PNL,partid politic,1,0.965
2026-04-22_kelemen-hunor-at-the-end-of-discussions-with-nicusor-dan-we,2026-04-22,video-transcript,ROMÂNIA,țară,2,0.9
2026-04-22_kelemen-hunor-at-the-end-of-discussions-with-nicusor-dan-we,2026-04-22,video-transcript,PARLAMENT,instituție națională,1,0.54
2026-04-23_nicusor-dan-despre-situatia-demisiilor-ministrilor-psd-aprec,2026-04-23,video-transcript,UCRAINA,țară,1,0.885
2026-04-23_nicusor-dan-despre-situatia-demisiilor-ministrilor-psd-aprec,2026-04-23,video-transcript,ROMÂNIA,țară,4,0.984
2026-04-23_nicusor-dan-despre-situatia-demisiilor-ministrilor-psd-aprec,2026-04-23,video-transcript,NATO,instituție internațională,1,0.709
2026-04-23_nicusor-dan-despre-situatia-demisiilor-ministrilor-psd-aprec,2026-04-23,video-transcript,SUA,țară,1,0.586
2026-04-24_nicusor-dan-reacts-to-george-simion-s-new-discriminatory-sta,2026-04-24,video-transcript,ROMÂNIA,țară,4,0.953
2026-04-24_nicusor-dan-reacts-to-george-simion-s-new-discriminatory-sta,2026-04-24,video-transcript,UCRAINA,țară,7,0.992
2026-04-24_nicusor-dan-reacts-to-george-simion-s-new-discriminatory-sta,2026-04-24,video-transcript,UNGARIA,țară,1,0.817
2026-04-24_nicusor-dan-reacts-to-george-simion-s-new-discriminatory-sta,2026-04-24,video-transcript,GUVERN,instituție națională,2,0.636
2026-04-24_nicusor-dan-reacts-to-george-simion-s-new-discriminatory-sta,2026-04-24,video-transcript,CCR,instituție națională,1,0.796
2026-04-24_nicusor-dan-reacts-to-george-simion-s-new-discriminatory-sta,2026-04-24,video-transcript,PNL,partid politic,1,0.937
2026-04-24_nicusor-dan-reacts-to-george-simion-s-new-discriminatory-sta,2026-04-24,video-transcript,PSD,partid politic,1,0.927
2026-04-24_nicusor-dan-simion-s-statement-to-me-is-below-any-level-of-d,2026-04-24,video-transcript,ROMÂNIA,țară,1,0.906
2026-04-25_nicusor-dan-a-semnat-demisiile-ministrilor-psd-anuntul-facut,2026-04-25,video-transcript,AUR,partid politic,3,0.958
2026-04-25_nicusor-dan-a-semnat-demisiile-ministrilor-psd-anuntul-facut,2026-04-25,video-transcript,PARLAMENT,instituție națională,1,0.461
2026-04-25_nicusor-dan-a-semnat-demisiile-ministrilor-psd-anuntul-facut,2026-04-25,video-transcript,PNL,partid politic,1,0.892
2026-04-25_nicusor-dan-a-semnat-demisiile-ministrilor-psd-anuntul-facut,2026-04-25,video-transcript,PSD,partid politic,1,0.916
2026-04-29_nicusor-dan-i-wish-romania-would-be-governed-by-pro-western,2026-04-29,video-transcript,ROMÂNIA,țară,1,0.936
2026-04-29_nicusor-dan-i-wish-romania-would-be-governed-by-pro-western,2026-04-29,video-transcript,PARLAMENT,instituție națională,1,0.657
2026-04-29_nicusor-dan-i-wish-romania-would-be-governed-by-pro-western,2026-04-29,video-transcript,PSD,partid politic,1,0.938
2026-05-04_nicusor-dan-europa-isi-consolideaza-apararea-pe-fondul-reori,2026-05-04,video-transcript,SUA,țară,3,0.975
2026-05-04_nicusor-dan-regardless-of-what-happens-romania-will-continue,2026-05-04,video-transcript,R. MOLDOVA,țară,6,0.988
2026-05-04_nicusor-dan-regardless-of-what-happens-romania-will-continue,2026-05-04,video-transcript,UCRAINA,țară,7,0.978
2026-05-04_nicusor-dan-regardless-of-what-happens-romania-will-continue,2026-05-04,video-transcript,UNGARIA,țară,5,0.975
2026-05-04_nicusor-dan-regardless-of-what-happens-romania-will-continue,2026-05-04,video-transcript,UE,instituție internațională,5,0.844
2026-05-04_nicusor-dan-regardless-of-what-happens-romania-will-continue,2026-05-04,video-transcript,BULGARIA,țară,1,0.963
2026-05-04_nicusor-dan-regardless-of-what-happens-romania-will-continue,2026-05-04,video-transcript,ROMÂNIA,țară,7,0.985
2026-05-04_nicusor-dan-regardless-of-what-happens-romania-will-continue,2026-05-04,video-transcript,SUA,țară,4,0.956
2026-05-05_declaratii-de-presa-sustinute-de-presedintele-romaniei-nicus,2026-05-05,video-transcript,ROMÂNIA,țară,3,0.964
2026-05-05_declaratii-de-presa-sustinute-de-presedintele-romaniei-nicus,2026-05-05,video-transcript,OCDE,instituție internațională,1,0.736
2026-05-05_nicusor-dan-vom-avea-un-nou-guvern-pro-occidental-in-termen,2026-05-05,video-transcript,ROMÂNIA,țară,2,0.975
2026-05-06_usr-attack-on-nicusor-dan-he-was-totally-disinterested-in-th,2026-05-06,video-transcript,PSD,partid politic,2,0.991
2026-05-06_usr-attack-on-nicusor-dan-he-was-totally-disinterested-in-th,2026-05-06,video-transcript,USR,partid politic,2,0.99
2026-05-06_usr-attack-on-nicusor-dan-he-was-totally-disinterested-in-th,2026-05-06,video-transcript,PNL,partid politic,2,0.988
2026-05-09_mesajul-presedintelui-romaniei-nicusor-dan-cu-prilejul-zilei,2026-05-09,video-transcript,ROMÂNIA,țară,18,0.982
2026-05-09_mesajul-presedintelui-romaniei-nicusor-dan-cu-prilejul-zilei,2026-05-09,video-transcript,UE,instituție internațională,10,0.734
2026-05-09_mesajul-presedintelui-romaniei-nicusor-dan-cu-prilejul-zilei,2026-05-09,video-transcript,RUSIA,țară,1,0.79
2026-05-09_mesajul-presedintelui-romaniei-nicusor-dan-cu-prilejul-zilei,2026-05-09,video-transcript,R. MOLDOVA,țară,1,0.894
2026-05-09_nicusor-dan-we-will-continue-discussions-for-a-pro-western-g,2026-05-09,video-transcript,ROMÂNIA,țară,2,0.968
2026-05-09_nicusor-dan-we-will-continue-discussions-for-a-pro-western-g,2026-05-09,video-transcript,OCDE,instituție internațională,1,0.82
2026-05-12_nicusor-dan-daca-ne-referim-la-europa-asa-ca-la-o-icoana-nu,2026-05-12,video-transcript,ROMÂNIA,țară,4,0.975
2026-05-12_nicusor-dan-daca-ne-referim-la-europa-asa-ca-la-o-icoana-nu,2026-05-12,video-transcript,UCRAINA,țară,2,0.968
2026-05-12_nicusor-dan-daca-ne-referim-la-europa-asa-ca-la-o-icoana-nu,2026-05-12,video-transcript,SUA,țară,1,0.467
2026-05-12_nicusor-dan-daca-ne-referim-la-europa-asa-ca-la-o-icoana-nu,2026-05-12,video-transcript,NATO,instituție internațională,1,0.597
2026-05-12_nicusor-dan-suntem-intr-o-perioada-cu-provocari-statele-care,2026-05-12,video-transcript,ROMÂNIA,țară,4,0.969
2026-05-12_nicusor-dan-suntem-intr-o-perioada-cu-provocari-statele-care,2026-05-12,video-transcript,NATO,instituție internațională,5,0.728
2026-05-12_nicusor-dan-suntem-intr-o-perioada-cu-provocari-statele-care,2026-05-12,video-transcript,UE,instituție internațională,1,0.572
2026-05-12_nicusor-dan-suntem-intr-o-perioada-cu-provocari-statele-care,2026-05-12,video-transcript,UCRAINA,țară,1,0.784
2026-05-12_nicusor-dan-suntem-intr-o-perioada-cu-provocari-statele-care,2026-05-12,video-transcript,BULGARIA,țară,1,0.828
2026-05-13_nicusor-dan-am-discutat-cu-secretarul-general-al-nato-despre,2026-05-13,video-transcript,NATO,țară,7,0.607
2026-05-13_nicusor-dan-am-discutat-cu-secretarul-general-al-nato-despre,2026-05-13,video-transcript,RUSIA,țară,3,0.983
2026-05-13_nicusor-dan-am-discutat-cu-secretarul-general-al-nato-despre,2026-05-13,video-transcript,UCRAINA,țară,4,0.973
2026-05-13_nicusor-dan-am-discutat-cu-secretarul-general-al-nato-despre,2026-05-13,video-transcript,ROMÂNIA,țară,1,0.887
2026-05-13_nicusor-dan-am-discutat-cu-secretarul-general-al-nato-despre,2026-05-13,video-transcript,R. MOLDOVA,țară,4,0.985
2026-05-13_nicusor-dan-moldova-e-un-stat-pe-flancul-estic-amenintat-int,2026-05-13,video-transcript,SUA,țară,1,0.821
2026-05-13_nicusor-dan-moldova-e-un-stat-pe-flancul-estic-amenintat-int,2026-05-13,video-transcript,R. MOLDOVA,țară,4,0.995
2026-05-13_nicusor-dan-moldova-e-un-stat-pe-flancul-estic-amenintat-int,2026-05-13,video-transcript,RUSIA,țară,1,0.944
2026-05-13_nicusor-dan-moldova-e-un-stat-pe-flancul-estic-amenintat-int,2026-05-13,video-transcript,UCRAINA,țară,1,0.919
2026-05-13_summit-b9-la-bucuresti-nicusor-dan-trebuie-sa-sporim-cheltui,2026-05-13,video-transcript,SUA,țară,1,0.905
2026-05-13_summit-b9-la-bucuresti-nicusor-dan-trebuie-sa-sporim-cheltui,2026-05-13,video-transcript,UCRAINA,țară,2,0.959
2026-05-13_summit-b9-la-bucuresti-nicusor-dan-trebuie-sa-sporim-cheltui_VSRZ5y,2026-05-13,video-transcript,SUA,țară,1,0.883
2026-05-13_summit-b9-la-bucuresti-nicusor-dan-trebuie-sa-sporim-cheltui_VSRZ5y,2026-05-13,video-transcript,UCRAINA,țară,3,0.963
2026-05-13_summit-b9-la-bucuresti-nicusor-dan-trebuie-sa-sporim-cheltui_VSRZ5y,2026-05-13,video-transcript,R. MOLDOVA,țară,1,0.972
2026-05-15_nicusor-dan-majoritatea-parlamentara-va-fi-cheia-consultaril,2026-05-15,video-transcript,ROMÂNIA,țară,6,0.979
2026-05-15_nicusor-dan-majoritatea-parlamentara-va-fi-cheia-consultaril,2026-05-15,video-transcript,PARLAMENT,instituție națională,3,0.728
2026-05-15_nicusor-dan-majoritatea-parlamentara-va-fi-cheia-consultaril,2026-05-15,video-transcript,BOLOJAN,persoană politică,1,0.651
