id,date,tip,period,n_sentences,n_words,n_unique_lemmas,sent_len_mean,sent_len_std,sent_len_p95,word_len_mean,tree_depth_mean,tree_depth_max,ttr_lemma,mtld,func_ratio
2025-02-20_in-orasele-din-moldova-pe-care-le-am-vizitat-recent-am-intal,2025-02-20,facebook-post,2024Q4-2025Q1 candidatură-precampanie,2,19,18,9.5,10.606601717798213,2,5.684210526315789,3.0,4,0.9473684210526315,0.0,0.42105263157894735
2025-02-20_romania-asteapta-o-schimbare-reala-romania-puternica-are-nev,2025-02-20,facebook-post,2024Q4-2025Q1 candidatură-precampanie,3,16,14,5.333333333333333,3.0550504633038935,6,6.375,2.0,2,0.875,0.0,0.25
2025-02-21_discutiile-internationale-despre-reconfigurarea-securitatii,2025-02-21,facebook-post,2024Q4-2025Q1 candidatură-precampanie,4,90,69,22.5,17.31088289679838,30,5.122222222222222,4.5,9,0.7666666666666667,108.00000000000004,0.43333333333333335
2025-02-21_impreuna-pentru-romania-onesta,2025-02-21,facebook-post,2024Q4-2025Q1 candidatură-precampanie,1,5,5,5.0,0.0,5,5.6,2.0,2,1.0,0.0,0.2
2025-02-21_presedintele-trebuie-sa-uneasca-energiile-din-societate-doar,2025-02-21,facebook-post,2024Q4-2025Q1 candidatură-precampanie,3,18,16,6.0,3.4641016151377544,8,6.444444444444445,3.0,4,0.8888888888888888,0.0,0.2777777777777778
2025-02-21_ultimul-dintre-studiile-de-fundamentare-necesare-pentru-actu,2025-02-21,facebook-post,2024Q4-2025Q1 candidatură-precampanie,11,242,144,22.09090909090909,12.644797708579963,36,5.636363636363637,4.5,7,0.5950413223140496,81.49190110826939,0.384297520661157
2025-02-21_vrei-sa-fii-parte-din-schimbare-alatura-te-echipei-de-volunt,2025-02-21,facebook-post,2024Q4-2025Q1 candidatură-precampanie,5,61,55,12.2,6.760177512462229,11,6.081967213114754,4.0,7,0.9016393442622951,173.6466666666667,0.3114754098360656
2025-02-22_bucurestiul-este-finalist-la-premiile-saptamanii-europene-a,2025-02-22,facebook-post,2024Q4-2025Q1 candidatură-precampanie,4,66,54,17.0,10.739335795724674,22,5.863636363636363,3.75,5,0.8181818181818182,101.64000000000003,0.3181818181818182
2025-02-22_in-vremuri-complicate-singura-resursa-ramane-discernamantul,2025-02-22,facebook-post,2024Q4-2025Q1 candidatură-precampanie,1,9,9,9.0,0.0,9,6.777777777777778,2.0,2,1.0,0.0,0.2222222222222222
2025-02-23_am-discutat-in-acest-week-end-cu-oameni-din-ploiesti-brasov,2025-02-23,facebook-post,2024Q4-2025Q1 candidatură-precampanie,9,161,99,17.88888888888889,7.606649138162685,23,5.372670807453416,4.333333333333333,6,0.6149068322981367,80.5,0.4658385093167702
2025-02-23_felicit-blocul-de-centru-dreapta-pro-european-cdu-csu-pentru,2025-02-23,facebook-post,2024Q4-2025Q1 candidatură-precampanie,7,122,82,17.428571428571427,15.273693537769908,23,5.401639344262295,3.5714285714285716,6,0.6721311475409836,77.98032589922656,0.3770491803278688
2025-02-23_grup-de-suport-pentru-femeile-afectate-de-violenta-domestica,2025-02-23,facebook-post,2024Q4-2025Q1 candidatură-precampanie,7,83,60,12.571428571428571,7.1614044911395895,18,6.0,3.7142857142857144,6,0.7228915662650602,83.43304347826087,0.39759036144578314
2025-02-24_proiectul-politic-care-va-avea-cei-mai-multi-cei-mai-entuzia,2025-02-24,facebook-post,2024Q4-2025Q1 candidatură-precampanie,3,59,41,19.666666666666668,11.590225767142474,18,6.0,5.0,9,0.6949152542372882,52.64224137931035,0.4915254237288136
2025-02-25_cifrele-vorbesc-clar-suntem-pe-drumul-cel-bun-si-romania-one,2025-02-25,facebook-post,2024Q4-2025Q1 candidatură-precampanie,7,75,65,10.714285714285714,5.822779568622009,16,6.0,3.2857142857142856,5,0.8666666666666667,157.50000000000006,0.4
2025-02-25_impreuna-vom-reusi-romaniaonesta-romaniputernica-nicusorpres,2025-02-25,facebook-post,2024Q4-2025Q1 candidatură-precampanie,2,7,7,3.5,0.7071067811865476,3,8.857142857142858,1.5,2,1.0,0.0,0.14285714285714285
2025-02-25_mai-bine-mai-tarziu-decat-niciodata-alegerile-trebuie-organi,2025-02-25,facebook-post,2024Q4-2025Q1 candidatură-precampanie,2,14,13,7.0,0.0,7,6.0,3.5,4,0.9285714285714286,0.0,0.07142857142857142
2025-02-26_daca-voi-avea-increderea-romanilor-voi-fi-un-presedinte-acti,2025-02-26,facebook-post,2024Q4-2025Q1 candidatură-precampanie,2,37,34,18.5,21.920310216782973,3,6.45945945945946,3.5,6,0.918918918918919,0.0,0.43243243243243246
2025-02-26_suntem-aproape-de-100-000-de-semnaturi-pentru-depunerea-cand,2025-02-26,facebook-post,2024Q4-2025Q1 candidatură-precampanie,4,81,62,20.5,15.0,22,6.1234567901234565,4.75,7,0.7654320987654321,96.68842105263157,0.3950617283950617
2025-02-27_500-de-copii-vor-fi-ajutati-sa-ramana-alaturi-de-familiile-l,2025-02-27,facebook-post,2024Q4-2025Q1 candidatură-precampanie,6,180,110,31.166666666666668,17.769824609901658,33,5.572222222222222,6.0,7,0.6111111111111112,90.0,0.43333333333333335
2025-02-27_in-sibiu-am-descoperit-aceleasi-probleme-ca-la-bucuresti-cup,2025-02-27,facebook-post,2024Q4-2025Q1 candidatură-precampanie,6,59,51,9.833333333333334,6.013872850889571,16,5.610169491525424,3.1666666666666665,6,0.864406779661017,121.83500000000004,0.5084745762711864
2025-02-27_mai-multe-despre-copilaria-mea-la-fagaras-maine-dimineata-ro,2025-02-27,facebook-post,2024Q4-2025Q1 candidatură-precampanie,2,11,11,5.5,4.949747468305833,2,7.181818181818182,2.5,3,1.0,0.0,0.36363636363636365
2025-02-27_maine-dimineata-lansam-un-video-despre-copilaria-mea-la-faga,2025-02-27,facebook-post,2024Q4-2025Q1 candidatură-precampanie,3,14,14,4.666666666666667,4.618802153517006,2,6.571428571428571,1.6666666666666667,3,1.0,0.0,0.42857142857142855
2025-02-27_toata-viata-mea-am-luptat-pentru-dreptate-pentru-protectia-c,2025-02-27,facebook-post,2024Q4-2025Q1 candidatură-precampanie,6,105,74,17.666666666666668,4.844240566555986,19,4.419047619047619,4.0,8,0.7047619047619048,84.74897632188001,0.49523809523809526
2025-02-28_casa-bunicii-romaniaonesta-nicusorpresedinte,2025-02-28,facebook-post,2024Q4-2025Q1 candidatură-precampanie,1,4,4,4.0,0.0,4,10.25,2.0,2,1.0,0.0,0.0
2025-02-28_cred-ca-e-important-sa-stiti-de-unde-vin-daca-si-voua-vi-se,2025-02-28,facebook-post,2024Q4-2025Q1 candidatură-precampanie,3,21,19,7.0,4.358898943540674,9,4.9523809523809526,3.3333333333333335,5,0.9047619047619048,0.0,0.5714285714285714
2025-02-28_despre-mentinerea-legaturii-cu-parintii-cand-eram-in-straina,2025-02-28,facebook-post,2024Q4-2025Q1 candidatură-precampanie,2,11,11,5.5,4.949747468305833,2,7.818181818181818,2.0,3,1.0,0.0,0.36363636363636365
2025-02-28_este-profund-ingrijorator-ca-romania-a-fost-retrogradata-in,2025-02-28,facebook-post,2024Q4-2025Q1 candidatură-precampanie,7,168,115,24.142857142857142,22.281745678384144,29,6.035714285714286,5.857142857142857,14,0.6845238095238095,135.193201960171,0.39285714285714285
2025-02-28_in-politica-noastra-externa-trebuie-sa-punem-intotdeauna-pe,2025-02-28,facebook-post,2024Q4-2025Q1 candidatură-precampanie,2,16,16,8.5,7.7781745930520225,3,7.375,2.5,3,1.0,0.0,0.25
2025-02-28_mergeam-la-colindat-romaniaonesta-nicusorpresedinte,2025-02-28,facebook-post,2024Q4-2025Q1 candidatură-precampanie,2,5,5,2.5,0.7071067811865476,2,9.4,1.5,2,1.0,0.0,0.4
2025-02-28_sust-in-ferm-ucraina-i-n-lupta-sa-pentru-o-pace-justa-s-i-su,2025-02-28,facebook-post,2024Q4-2025Q1 candidatură-precampanie,3,68,54,23.333333333333332,10.503967504392486,23,4.720588235294118,5.0,8,0.7941176470588235,92.47999999999999,0.38235294117647056
2025-03-01_ce-le-as-spune-copiilor-din-orasele-mici-ale-romaniei-asa-cu,2025-03-01,facebook-post,2025Q2 campanie + investitură,2,18,17,9.0,9.899494936611665,2,5.055555555555555,2.5,4,0.9444444444444444,0.0,0.5
2025-03-01_filmele-si-cartile-din-copilarie-romaniaonesta-nicusorpresed,2025-03-01,facebook-post,2025Q2 campanie + investitură,2,7,7,3.5,2.1213203435596424,2,8.285714285714286,2.0,3,1.0,0.0,0.2857142857142857
2025-03-01_haideti-sa-stam-de-vorba-va-astept-mesajele-pe-whatsapp-la-0,2025-03-01,facebook-post,2025Q2 campanie + investitură,3,37,32,12.666666666666666,3.2145502536643185,14,7.27027027027027,4.0,6,0.8648648648648649,0.0,0.40540540540540543
2025-03-01_rolul-scolii-romaniaonesta-nicusorpresedinte,2025-03-01,facebook-post,2025Q2 campanie + investitură,2,4,4,2.0,0.0,2,10.25,1.5,2,1.0,0.0,0.0
2025-03-01_solidaritatea-dintre-noi-romaniaonesta-nicusorpresedinte,2025-03-01,facebook-post,2025Q2 campanie + investitură,2,5,5,2.5,0.7071067811865476,2,10.4,1.5,2,1.0,0.0,0.4
2025-03-01_traim-poate-cele-mai-provocatoare-vremuri-din-ultimele-decen,2025-03-01,facebook-post,2025Q2 campanie + investitură,2,31,28,15.5,13.435028842544403,6,4.870967741935484,4.0,5,0.9032258064516129,0.0,0.41935483870967744
2025-03-02_91-de-statii-stb-vor-primi-denumiri-noi-mai-precise-care-ref,2025-03-02,facebook-post,2025Q2 campanie + investitură,6,114,79,19.666666666666668,6.860515043833566,23,5.245614035087719,4.5,6,0.6929824561403509,94.51282051282051,0.32456140350877194
2025-03-02_cea-mai-entuziasta-echipa-de-voluntari-la-nivel-national-ei,2025-03-02,facebook-post,2025Q2 campanie + investitură,3,43,40,14.333333333333334,9.291573243177568,10,6.232558139534884,3.3333333333333335,4,0.9302325581395349,0.0,0.37209302325581395
2025-03-02_educatia-primita-de-la-parinti-romaniaonesta-nicusorpresedin,2025-03-02,facebook-post,2025Q2 campanie + investitură,2,7,7,3.5,2.1213203435596424,2,8.0,2.5,4,1.0,0.0,0.2857142857142857
2025-03-02_mancarea-de-la-bunici-lapte-cu-mamaliga-romaniaonesta-nicuso,2025-03-02,facebook-post,2025Q2 campanie + investitură,1,9,9,9.0,0.0,9,7.0,3.0,3,1.0,0.0,0.3333333333333333
2025-03-02_marim-capacitatea-de-cazare-a-adapostului-de-caini-aspa-miha,2025-03-02,facebook-post,2025Q2 campanie + investitură,5,80,53,16.8,9.85900603509299,25,5.2,3.6,6,0.6625,48.0030959752322,0.375
2025-03-02_romania-pe-primul-loc-din-lume-la-matematica-romaniaonesta-n,2025-03-02,facebook-post,2025Q2 campanie + investitură,2,9,9,5.0,4.242640687119285,2,6.777777777777778,2.0,3,1.0,0.0,0.3333333333333333
2025-03-02_satul-bunicilor-romaniaonesta-nicusorpresedinte,2025-03-02,facebook-post,2025Q2 campanie + investitură,2,4,4,2.0,0.0,2,11.0,1.5,2,1.0,0.0,0.0
2025-03-03_am-avut-onoarea-sa-primesc-astazi-la-sediul-primariei-capita,2025-03-03,facebook-post,2025Q2 campanie + investitură,5,153,98,30.6,4.722287581247038,33,5.647058823529412,6.2,8,0.6405228758169934,79.40744758960646,0.35294117647058826
2025-03-03_bucuria-de-a-merge-la-scoala-romaniaonesta-nicusorpresedinte,2025-03-03,facebook-post,2025Q2 campanie + investitură,2,8,8,4.0,2.8284271247461903,2,6.625,2.0,3,1.0,0.0,0.375
2025-03-03_cand-vom-alege-pentru-urmatorii-5-ani-sa-nu-uitam-de-tinerii,2025-03-03,facebook-post,2025Q2 campanie + investitură,2,22,22,11.5,3.5355339059327378,9,6.5,2.5,3,1.0,0.0,0.4090909090909091
2025-03-03_pe-panoul-de-la-liceul-radu-negru-din-fagaras-romaniaonesta,2025-03-03,facebook-post,2025Q2 campanie + investitură,2,11,11,5.5,4.949747468305833,2,6.090909090909091,2.0,3,1.0,0.0,0.36363636363636365
2025-03-03_vacantele-la-tara-la-bunici-romaniaonesta-nicusorpresedinte,2025-03-03,facebook-post,2025Q2 campanie + investitură,2,7,6,3.5,2.1213203435596424,2,7.571428571428571,1.5,2,0.8571428571428571,0.0,0.2857142857142857
2025-03-04_astazi-se-implinesc-48-de-ani-de-la-cutremurul-devastator-ca,2025-03-04,facebook-post,2025Q2 campanie + investitură,8,198,125,26.125,17.658971819284545,28,5.661616161616162,5.0,7,0.6313131313131313,72.77545248868779,0.40404040404040403
2025-03-04_azi-serviciul-de-informatii-externe-al-rusiei-a-dat-un-comun,2025-03-04,facebook-post,2025Q2 campanie + investitură,4,125,83,31.5,26.057628441590765,24,5.16,6.0,9,0.664,74.05703619067864,0.448
2025-03-04_in-2019-am-facut-o-promisiune-simpla-dar-esentiala-primaria,2025-03-04,facebook-post,2025Q2 campanie + investitură,3,37,32,12.666666666666666,3.0550504633038935,12,5.756756756756757,4.333333333333333,6,0.8648648648648649,0.0,0.40540540540540543
2025-03-04_viziunea-mea-pentru-un-viitor-guvern,2025-03-04,facebook-post,2025Q2 campanie + investitură,1,7,7,7.0,0.0,7,4.571428571428571,3.0,3,1.0,0.0,0.42857142857142855
2025-03-05_astazi-am-avut-o-intalnire-extrem-de-interesanta-cu-reprezen,2025-03-05,facebook-post,2025Q2 campanie + investitură,10,255,137,25.7,16.343874149730297,37,5.662745098039216,5.3,8,0.5372549019607843,78.82267441860465,0.41568627450980394
2025-03-05_interventia-presedintelui-trump-de-azi-noapte-din-congres-es,2025-03-05,facebook-post,2025Q2 campanie + investitură,5,133,93,26.8,8.555699854482976,29,5.2180451127819545,5.6,7,0.6992481203007519,133.0,0.46616541353383456
2025-03-05_organizam-cursuri-de-initiere-in-lumea-digitala-pentru-senio,2025-03-05,facebook-post,2025Q2 campanie + investitură,8,204,111,26.25,28.843172007055177,56,5.421568627450981,4.5,11,0.5441176470588235,43.471428571428575,0.4068627450980392
2025-03-06_copiii-familia-iubirea-care-ne-tine-ancorati-in-aceasta-lume,2025-03-06,facebook-post,2025Q2 campanie + investitură,5,34,29,6.8,7.259476565152615,12,5.147058823529412,2.4,5,0.8529411764705882,0.0,0.5294117647058824
2025-03-06_ne-vedem-la-cluj-sambata-vom-fi-la-cluj-dar-pana-atunci-trim,2025-03-06,facebook-post,2025Q2 campanie + investitură,6,44,35,7.333333333333333,3.9327683210007,10,4.5,2.3333333333333335,3,0.7954545454545454,0.0,0.5454545454545454
2025-03-06_o-afacere-de-familie-infiintata-in-1995-in-bacau-a-crescut-s,2025-03-06,facebook-post,2025Q2 campanie + investitură,4,87,64,22.25,15.063753405664428,27,5.517241379310345,4.5,6,0.735632183908046,92.14434782608696,0.4367816091954023
2025-03-07_acum-trei-luni-romanii-au-spus-clar-nu-se-mai-poate-au-cerut,2025-03-07,facebook-post,2025Q2 campanie + investitură,6,89,66,15.166666666666666,10.684880283216405,23,5.134831460674158,3.6666666666666665,6,0.7415730337078652,85.34723293982148,0.42696629213483145
2025-03-07_candidez-pentru-toti-romanii-onesti-din-tara-si-din-diaspora,2025-03-07,facebook-post,2025Q2 campanie + investitură,8,171,96,21.375,20.839094441526417,36,5.058479532163743,3.5555555555555554,9,0.5614035087719298,61.200259803703865,0.5146198830409356
2025-03-07_vrei-sa-fii-parte-din-schimbare-alatura-te-echipei-de-volunt,2025-03-07,facebook-post,2025Q2 campanie + investitură,5,61,54,12.2,4.8166378315169185,15,5.950819672131147,4.0,7,0.8852459016393442,148.84,0.3442622950819672
2025-03-08_am-avut-ieri-placerea-de-a-oferi-flori-doamnelor-care-lucrea,2025-03-08,facebook-post,2025Q2 campanie + investitură,6,114,74,19.166666666666668,10.628577828979127,27,5.201754385964913,5.0,8,0.6491228070175439,56.589354838709674,0.45614035087719296
2025-03-08_ce-ne-am-face-fara-femeile-din-viata-noastra-azi-sa-le-sarba,2025-03-08,facebook-post,2025Q2 campanie + investitură,4,30,25,7.5,5.0,9,4.8,2.75,4,0.8333333333333334,0.0,0.6
2025-03-08_de-8-martie-femeile-sunt-sarbatorite-cu-flori-si-complimente,2025-03-08,facebook-post,2025Q2 campanie + investitură,6,138,96,24.0,11.865917579353061,29,5.130434782608695,5.166666666666667,9,0.6956521739130435,138.0,0.463768115942029
2025-03-08_peste-15-000-de-puieti-si-arbori-forestieri-sunt-plantati-in,2025-03-08,facebook-post,2025Q2 campanie + investitură,3,89,68,30.333333333333332,18.583146486355137,25,5.348314606741573,5.333333333333333,7,0.7640449438202247,105.61333333333334,0.34831460674157305
2025-03-08_vocea-oamenilor-va-conta-mai-mult-decat-vocea-politicienilor,2025-03-08,facebook-post,2025Q2 campanie + investitură,2,19,17,9.5,0.7071067811865476,9,6.157894736842105,2.5,3,0.8947368421052632,0.0,0.10526315789473684
2025-03-09_fiecare-conversatie-cu-tinerii-este-o-lectie-despre-dorinta,2025-03-09,facebook-post,2025Q2 campanie + investitură,3,31,28,10.333333333333334,10.115993936995679,5,5.354838709677419,3.3333333333333335,6,0.9032258064516129,0.0,0.3548387096774194
2025-03-09_interventii-pentru-repararea-strazilor-administratia-strazil,2025-03-09,facebook-post,2025Q2 campanie + investitură,16,159,117,10.125,11.971493919585253,31,5.811320754716981,3.1875,9,0.7358490566037735,168.54,0.3081761006289308
2025-03-09_sa-nu-uitam-niciodata-am-depus-astazi-o-coroana-de-flori-la,2025-03-09,facebook-post,2025Q2 campanie + investitură,2,54,42,27.0,15.556349186104045,16,4.833333333333333,5.5,6,0.7777777777777778,68.04,0.5
2025-03-11_facem-curatenia-de-primavara-in-parcurile-pe-care-le-adminis,2025-03-11,facebook-post,2025Q2 campanie + investitură,6,131,94,21.833333333333332,14.218532507494107,38,5.99236641221374,5.333333333333333,8,0.7175572519083969,111.0709939148073,0.3282442748091603
2025-03-11_onest-cu-el-insusi-onest-cu-membrii-familiei-onest-cu-cei-di,2025-03-11,facebook-post,2025Q2 campanie + investitură,2,15,11,7.5,7.7781745930520225,2,5.533333333333333,2.5,4,0.7333333333333333,0.0,0.4666666666666667
2025-03-11_partidele-politice-corupte-care-au-promovat-incompetenti-in,2025-03-11,facebook-post,2025Q2 campanie + investitură,9,97,66,11.0,8.108637370113428,22,5.618556701030927,3.4444444444444446,6,0.6804123711340206,57.33686440677966,0.4639175257731959
2025-03-11_pe-nicusor-l-am-vazut-mereu-ca-pe-un-invingator-romaniaonest,2025-03-11,facebook-post,2025Q2 campanie + investitură,2,12,11,6.0,5.656854249492381,2,5.75,1.5,2,0.9166666666666666,0.0,0.4166666666666667
2025-03-11_responsabilitate-tenacitate-si-acasa-si-in-societate-romania,2025-03-11,facebook-post,2025Q2 campanie + investitură,2,9,8,4.5,3.5355339059327378,2,8.444444444444445,1.0,2,0.8888888888888888,0.0,0.3333333333333333
2025-03-12_am-semnat-un-acord-cadru-pe-patru-ani-prin-administratia-str,2025-03-12,facebook-post,2025Q2 campanie + investitură,5,149,100,30.0,13.0,35,5.74496644295302,6.8,10,0.6711409395973155,88.48405732341772,0.37583892617449666
2025-03-12_cand-m-am-intors-din-franta-n-am-suportat-nedreptatea-lupta,2025-03-12,facebook-post,2025Q2 campanie + investitură,3,14,13,4.666666666666667,4.618802153517006,2,6.357142857142857,1.6666666666666667,3,0.9285714285714286,0.0,0.35714285714285715
2025-03-12_domnul-cristian-tudor-popescu-mi-a-solicitat-la-finalul-inte,2025-03-12,facebook-post,2025Q2 campanie + investitură,3,52,47,17.666666666666668,14.742229591663987,23,5.75,3.6666666666666665,6,0.9038461538461539,151.42400000000004,0.34615384615384615
2025-03-12_m-am-revazut-la-alba-iulia-cu-un-prieten-vechi-alaturi-de-ca,2025-03-12,facebook-post,2025Q2 campanie + investitură,2,45,35,22.5,2.1213203435596424,21,4.711111111111111,6.5,7,0.7777777777777778,0.0,0.4666666666666667
2025-03-12_nicusor-ar-putea-sa-faca-din-romania-o-tara-din-care-sa-nu-s,2025-03-12,facebook-post,2025Q2 campanie + investitură,2,18,16,9.0,9.899494936611665,2,4.777777777777778,3.0,5,0.8888888888888888,0.0,0.5555555555555556
2025-03-12_schimbari-prin-puterea-exemplului-romaniaonesta-nicusorprese,2025-03-12,facebook-post,2025Q2 campanie + investitură,2,6,6,3.0,1.4142135623730951,2,10.0,2.0,2,1.0,0.0,0.16666666666666666
2025-03-13_34-4-milioane-de-euro-pentru-modernizarea-sistemului-de-term,2025-03-13,facebook-post,2025Q2 campanie + investitură,6,182,101,30.833333333333332,17.30221565773201,43,5.686813186813187,5.0,7,0.554945054945055,61.529891903816456,0.41208791208791207
2025-03-13_cea-mai-violenta-problema-cu-care-se-confrunta-multe-familii,2025-03-13,facebook-post,2025Q2 campanie + investitură,2,16,16,8.0,8.48528137423857,2,6.375,3.5,5,1.0,0.0,0.4375
2025-03-13_lucrurile-importante-nu-sunt-doar-cele-care-se-vad-la-supraf,2025-03-13,facebook-post,2025Q2 campanie + investitură,3,23,22,7.666666666666667,5.8594652770823155,10,5.521739130434782,1.75,4,0.9565217391304348,0.0,0.5652173913043478
2025-03-13_lupta-de-10-ani-cu-institutiile-strambe-ale-statului-si-cu-m,2025-03-13,facebook-post,2025Q2 campanie + investitură,3,36,35,12.666666666666666,9.71253485622231,15,5.194444444444445,2.6666666666666665,4,0.9722222222222222,0.0,0.4444444444444444
2025-03-13_niciodata-nu-am-suportat-nedreptatea-am-luptat-peste-10-ani,2025-03-13,facebook-post,2025Q2 campanie + investitură,5,54,43,11.0,12.328828005937952,12,6.203703703703703,3.0,6,0.7962962962962963,74.22545454545454,0.42592592592592593
2025-03-13_tomograful-sonic-picus-detecteaza-in-mod-non-invaziv-eventua,2025-03-13,facebook-post,2025Q2 campanie + investitură,3,147,107,49.333333333333336,28.148416178061126,46,5.700680272108843,7.333333333333333,8,0.7278911564625851,122.76560596026492,0.4489795918367347
2025-03-14_am-avut-o-intalnire-importanta-la-sediul-primariei-capitalei,2025-03-14,facebook-post,2025Q2 campanie + investitură,7,181,110,26.571428571428573,19.01628374890971,36,5.790055248618785,4.857142857142857,8,0.6077348066298343,81.30154193741492,0.39226519337016574
2025-03-14_arcul-de-triumf-va-fi-deschis-permanent-pentru-vizitare-ince,2025-03-14,facebook-post,2025Q2 campanie + investitură,7,142,89,21.285714285714285,10.515294982615968,28,5.464788732394366,4.428571428571429,7,0.6267605633802817,74.75633383010432,0.4507042253521127
2025-03-14_ce-le-as-spune-tinerilor-e-nevoie-de-o-schimbare-si-simt-si,2025-03-14,facebook-post,2025Q2 campanie + investitură,3,17,15,5.666666666666667,4.041451884327381,5,4.9411764705882355,2.0,3,0.8823529411764706,0.0,0.6470588235294118
2025-03-14_daca-vrem-sa-i-aducem-pe-romanii-plecati-acasa-trebuie-sa-le,2025-03-14,facebook-post,2025Q2 campanie + investitură,2,20,18,10.0,11.313708498984761,2,5.5,3.5,5,0.9,0.0,0.4
2025-03-14_sarut-mana-aglaia-romaniaonesta-nicusorpresedinte,2025-03-14,facebook-post,2025Q2 campanie + investitură,2,5,5,2.5,0.7071067811865476,2,9.0,1.5,2,1.0,0.0,0.0
2025-03-14_te-astept-sambata-15-martie-in-orasele-tulcea-si-constanta-s,2025-03-14,facebook-post,2025Q2 campanie + investitură,4,61,52,15.5,6.60807586719967,19,5.885245901639344,5.0,7,0.8524590163934426,115.76444444444441,0.3114754098360656
2025-03-14_tinerii-au-nevoie-de-motive-sa-ramana-in-romania-si-sa-conti,2025-03-14,facebook-post,2025Q2 campanie + investitură,3,36,29,12.0,7.937253933193772,15,4.861111111111111,3.6666666666666665,6,0.8055555555555556,0.0,0.5555555555555556
2025-03-15_anul-acesta-se-implinesc-35-de-ani-de-la-citirea-proclamatie,2025-03-15,facebook-post,2025Q2 campanie + investitură,5,113,80,23.2,12.755391017134675,30,5.336283185840708,4.8,6,0.7079646017699115,67.26121876593575,0.45132743362831856
2025-03-15_de-ziua-internationala-a-raurilor-angajatii-alpab-impreuna-c,2025-03-15,facebook-post,2025Q2 campanie + investitură,7,199,126,28.857142857142858,10.253919111386491,42,5.1959798994974875,5.285714285714286,9,0.6331658291457286,99.5,0.38190954773869346
2025-03-15_felicit-comunitatea-maghiara-din-romania-cu-ocazia-zilei-mag,2025-03-15,facebook-post,2025Q2 campanie + investitură,2,39,36,19.5,4.949747468305833,16,5.769230769230769,5.0,6,0.9230769230769231,0.0,0.4358974358974359
2025-03-15_la-constanta-am-simtit-ca-oamenii-vor-cu-adevarat-o-schimbar,2025-03-15,facebook-post,2025Q2 campanie + investitură,4,80,59,20.0,14.259499757471625,31,5.65,4.25,8,0.7375,82.66666666666669,0.4125
2025-03-15_romania-trebuie-sa-se-dezvolte-mult-mai-echilibrat-si-sa-imp,2025-03-15,facebook-post,2025Q2 campanie + investitură,6,148,96,24.666666666666668,9.41629792788369,26,5.574324324324325,4.5,9,0.6486486486486487,94.29510109133079,0.4527027027027027
2025-03-16_in-zgomotul-electoral-a-fost-tratata-prea-discret-stirea-ca,2025-03-16,facebook-post,2025Q2 campanie + investitură,6,205,118,34.5,47.73573085226621,28,4.712195121951219,4.166666666666667,9,0.5756097560975609,88.38931718061674,0.5073170731707317
2025-03-16_o-noua-actiune-de-informare-si-control-pentru-verificarea-ca,2025-03-16,facebook-post,2025Q2 campanie + investitură,7,119,75,19.0,11.224972160321824,23,5.19327731092437,4.571428571428571,7,0.6302521008403361,64.94311667686745,0.47058823529411764
2025-03-16_tulcea-si-ivan-patzaichinivan-patzaichin-un-model-de-modesti,2025-03-16,facebook-post,2025Q2 campanie + investitură,2,14,13,7.0,8.48528137423857,1,6.428571428571429,2.0,3,0.9285714285714286,0.0,0.2857142857142857
2025-03-17_un-bloc-de-locuinte-situat-pe-calea-victoriei-nr-101-va-fi-c,2025-03-17,facebook-post,2025Q2 campanie + investitură,4,102,70,27.25,12.737739202856996,24,5.549019607843137,6.0,8,0.6862745098039216,90.30275229357798,0.39215686274509803
2025-03-17_unii-ma-considera-incapatanat-altii-ma-vad-perseverent-acest,2025-03-17,facebook-post,2025Q2 campanie + investitură,3,54,45,18.0,21.0,9,5.722222222222222,3.6666666666666665,7,0.8333333333333334,90.72000000000004,0.48148148148148145
2025-03-18_am-acordat-un-interviu-pentru-cotidianul-le-monde-in-care-am,2025-03-18,facebook-post,2025Q2 campanie + investitură,3,53,41,17.666666666666668,14.011899704655802,22,5.660377358490566,4.666666666666667,7,0.7735849056603774,59.271666666666675,0.4528301886792453
2025-03-18_am-semnat-autorizatia-de-construire-pentru-restaurarea-palat,2025-03-18,facebook-post,2025Q2 campanie + investitură,3,78,59,26.333333333333332,7.505553499465135,26,5.833333333333333,8.666666666666666,14,0.7564102564102564,89.65894736842105,0.38461538461538464
2025-03-18_transparenta-cheltuirii-banilor-cetatenilor-trebuie-sa-devin,2025-03-18,facebook-post,2025Q2 campanie + investitură,4,100,69,25.25,27.244265451650556,14,5.27,5.25,8,0.69,100.0,0.45
2025-03-19_deschidem-inca-doua-noi-santiere-pentru-modernizarea-a-21-5,2025-03-19,facebook-post,2025Q2 campanie + investitură,4,174,100,46.5,26.614532371118855,43,5.672413793103448,6.5,11,0.5747126436781609,69.08497957543696,0.3218390804597701
2025-03-19_multumesc-diaspora-sunt-impresionat-de-gestul-romanilor-din,2025-03-19,facebook-post,2025Q2 campanie + investitură,3,24,22,8.0,6.0,8,6.083333333333333,2.6666666666666665,4,0.9166666666666666,0.0,0.4166666666666667
2025-03-20_am-o-mare-admiratie-pentru-romanii-care-au-plecat-din-tara-a,2025-03-20,facebook-post,2025Q2 campanie + investitură,6,101,63,17.0,10.158740079360236,22,4.425742574257426,4.666666666666667,8,0.6237623762376238,57.662607449856736,0.5742574257425742
2025-03-20_daca-voi-fi-ales-presedinte-voi-pune-in-practica-toata-exper,2025-03-20,facebook-post,2025Q2 campanie + investitură,5,70,55,14.0,8.689073598491383,16,5.242857142857143,3.6,5,0.7857142857142857,91.46666666666667,0.42857142857142855
2025-03-20_ne-vedem-la-19-00-cu-amintiri-din-studentia-de-la-paris-nicu,2025-03-20,facebook-post,2025Q2 campanie + investitură,2,12,11,6.5,7.7781745930520225,1,4.833333333333333,3.0,5,0.9166666666666666,0.0,0.5
2025-03-21_am-atribuit-contractul-pentru-realizarea-unui-nou-plan-integ,2025-03-21,facebook-post,2025Q2 campanie + investitură,4,164,97,41.25,26.068819177963036,38,5.579268292682927,8.0,12,0.5914634146341463,73.97127937336815,0.36585365853658536
2025-03-21_combaterea-ferma-a-evaziunii-fiscale-si-recuperarea-justa-a,2025-03-21,facebook-post,2025Q2 campanie + investitură,7,110,86,15.714285714285714,7.609517849690735,24,5.463636363636364,3.857142857142857,5,0.7818181818181819,141.1666666666667,0.38181818181818183
2025-03-21_increderea-cetatenilor-se-castiga-greu-si-se-pierde-usor-ale,2025-03-21,facebook-post,2025Q2 campanie + investitură,5,60,50,12.2,7.496665925596525,18,5.633333333333334,3.8,7,0.8333333333333334,100.80000000000004,0.43333333333333335
2025-03-21_politicienii-sunt-alesi-pentru-a-servi-interesele-cetatenilo,2025-03-21,facebook-post,2025Q2 campanie + investitură,2,23,22,11.5,13.435028842544403,2,6.782608695652174,2.5,4,0.9565217391304348,0.0,0.391304347826087
2025-03-22_andrei-m-a-intrebat-ce-masuri-putem-lua-pentru-reducerea-def,2025-03-22,facebook-post,2025Q2 campanie + investitură,3,24,23,8.0,5.5677643628300215,9,6.0,2.6666666666666665,5,0.9583333333333334,0.0,0.4166666666666667
2025-03-22_echipa-se-sustine-si-in-momente-dificile,2025-03-22,facebook-post,2025Q2 campanie + investitură,1,8,8,8.0,0.0,8,4.375,2.0,2,1.0,0.0,0.5
2025-03-22_luna-sanatatii-orale-campanie-educationala-pentru-copii-in-s,2025-03-22,facebook-post,2025Q2 campanie + investitură,5,127,81,26.4,11.480418110852932,28,5.5984251968503935,4.8,6,0.6377952755905512,72.04716981132077,0.3464566929133858
2025-03-22_pozitia-11-pe-buletinul-de-vot-nicusorpresedinte-romaniaones,2025-03-22,facebook-post,2025Q2 campanie + investitură,3,9,9,3.3333333333333335,2.516611478423583,3,6.444444444444445,2.0,3,1.0,0.0,0.2222222222222222
2025-03-23_anul-acesta-continuam-investitiile-in-modernizarea-transport,2025-03-23,facebook-post,2025Q2 campanie + investitură,3,43,36,14.666666666666666,8.962886439832502,10,6.534883720930233,5.333333333333333,6,0.8372093023255814,0.0,0.27906976744186046
2025-03-23_romania-se-confrunta-cu-o-criza-de-datorie-si-cheltuieli-far,2025-03-23,facebook-post,2025Q2 campanie + investitură,6,139,92,23.5,29.797650914124088,21,5.532374100719425,3.857142857142857,11,0.6618705035971223,67.88298686805773,0.39568345323741005
2025-03-23_suntem-multi-si-energici-impreuna-suntem-romania-onesta-volu,2025-03-23,facebook-post,2025Q2 campanie + investitură,3,33,32,11.0,10.392304845413264,5,6.515151515151516,2.0,3,0.9696969696969697,0.0,0.12121212121212122
2025-03-23_week-end-in-bucuresti-romaniaonesta-nicusorpresedinte-nd11,2025-03-23,facebook-post,2025Q2 campanie + investitură,3,7,7,2.3333333333333335,0.5773502691896257,2,7.714285714285714,1.0,2,1.0,0.0,0.14285714285714285
2025-03-24_asociatia-salvati-bucurestiul-a-fost-o-scoala-de-dreptul-urb,2025-03-24,facebook-post,2025Q2 campanie + investitură,2,12,12,6.0,5.656854249492381,2,7.5,2.0,2,1.0,0.0,0.3333333333333333
2025-03-24_fara-ego-pana-la-capat-pentru-a-opri-abuzurile-urbanistice-d,2025-03-24,facebook-post,2025Q2 campanie + investitură,2,14,14,7.0,7.0710678118654755,2,6.5,3.0,4,1.0,0.0,0.42857142857142855
2025-03-24_tramvaiele-imperio-de-la-astra-arad-sunt-exemplul-perfect-ca,2025-03-24,facebook-post,2025Q2 campanie + investitură,2,109,75,55.0,50.91168824543142,19,4.954128440366972,7.0,8,0.6880733944954128,94.65789473684211,0.5321100917431193
2025-03-24_un-presedinte-inovator-nicusorpresedinte-romaniaonesta,2025-03-24,facebook-post,2025Q2 campanie + investitură,2,5,5,2.5,0.7071067811865476,2,10.0,1.5,2,1.0,0.0,0.2
2025-03-24_una-dintre-cele-mai-importante-lupte-in-activitatea-mea-publ,2025-03-24,facebook-post,2025Q2 campanie + investitură,7,126,93,18.0,7.788880963698615,24,5.880952380952381,4.285714285714286,6,0.7380952380952381,134.7054545454546,0.38095238095238093
2025-03-25_ce-ar-putea-face-nicusor-dan-ca-presedinte-nicusorpresedinte,2025-03-25,facebook-post,2025Q2 campanie + investitură,2,10,10,5.0,4.242640687119285,2,6.5,2.5,3,1.0,0.0,0.2
2025-03-25_mergeai-cu-nicusor-dan-la-o-actiune-si-stiai-ca-merita-sa-lu,2025-03-25,facebook-post,2025Q2 campanie + investitură,3,18,18,6.0,8.660254037844387,1,5.333333333333333,2.3333333333333335,5,1.0,0.0,0.4444444444444444
2025-03-25_nicusor-dan-a-avut-curajul-de-a-merge-dincolo-de-protest-ca,2025-03-25,facebook-post,2025Q2 campanie + investitură,2,16,14,8.0,8.48528137423857,2,5.6875,2.0,5,0.875,0.0,0.25
2025-03-25_si-alte-lucruri-ipotetice-despre-care-am-vorbit,2025-03-25,facebook-post,2025Q2 campanie + investitură,1,9,9,9.0,0.0,9,4.555555555555555,4.0,4,1.0,0.0,0.5555555555555556
2025-03-26_am-gestionat-o-situatie-financiara-complicata-la-primaria-ca,2025-03-26,facebook-post,2025Q2 campanie + investitură,3,34,29,11.333333333333334,4.163331998932265,10,6.382352941176471,4.0,5,0.8529411764705882,0.0,0.38235294117647056
2025-03-26_de-ce-candidez-nicusorpresedinte-romaniaonesta-panalacapat,2025-03-26,facebook-post,2025Q2 campanie + investitură,2,6,6,3.0,0.0,3,8.833333333333334,2.5,3,1.0,0.0,0.3333333333333333
2025-03-26_incepem-modernizarea-liniei-de-tramvai-pe-bulevardul-expozit,2025-03-26,facebook-post,2025Q2 campanie + investitură,7,161,96,23.428571428571427,17.55806692907036,30,5.925465838509317,5.142857142857143,8,0.5962732919254659,68.51332288401254,0.39751552795031053
2025-03-26_o-schimbare-profunda-a-sistemului-nicusorpresedinte-romaniao,2025-03-26,facebook-post,2025Q2 campanie + investitură,2,7,7,3.5,2.1213203435596424,2,8.428571428571429,2.0,2,1.0,0.0,0.2857142857142857
2025-03-26_romania-e-pe-minus-e-nevoie-urgenta-de-reforme-pentru-a-echi,2025-03-26,facebook-post,2025Q2 campanie + investitură,2,25,22,12.5,10.606601717798213,5,6.04,2.5,4,0.88,0.0,0.32
2025-03-26_un-presedinte-onest-care-poate-reforma-statul-roman-nicusorp,2025-03-26,facebook-post,2025Q2 campanie + investitură,1,10,10,10.0,0.0,10,7.4,7.0,7,1.0,0.0,0.3
2025-03-26_viziunea-puterea-cuvantului-dat-pot-aduce-schimbarea-de-care,2025-03-26,facebook-post,2025Q2 campanie + investitură,2,13,13,6.5,6.363961030678928,2,7.076923076923077,3.5,5,1.0,0.0,0.23076923076923078
2025-03-27_4-ani-si-jumatate-de-munca-pentru-un-bucuresti-mai-functiona,2025-03-27,facebook-post,2025Q2 campanie + investitură,5,58,50,11.6,8.44393273303382,18,6.362068965517241,3.6,5,0.8620689655172413,117.73999999999997,0.29310344827586204
2025-03-27_am-fost-invitat-de-mihai-morar-la-podcastul-fain-simplu-unde,2025-03-27,facebook-post,2025Q2 campanie + investitură,2,48,40,24.0,25.45584412271571,6,4.854166666666667,4.5,7,0.8333333333333334,0.0,0.4583333333333333
2025-03-27_astazi-27-martie-marcam-107-ani-de-la-un-moment-esential-in,2025-03-27,facebook-post,2025Q2 campanie + investitură,7,154,104,22.571428571428573,11.472534489773723,28,5.220779220779221,4.285714285714286,8,0.6753246753246753,119.06192979050634,0.38961038961038963
2025-03-27_astazi-este-ziua-internationala-a-teatrului-un-bun-prilej-sa,2025-03-27,facebook-post,2025Q2 campanie + investitură,3,49,42,16.333333333333332,4.509249752822894,16,5.081632653061225,5.0,7,0.8571428571428571,0.0,0.5102040816326531
2025-03-27_telul-meu-este-sa-reconstruim-increderea-oamenilor-in-autori,2025-03-27,facebook-post,2025Q2 campanie + investitură,2,19,18,9.5,10.606601717798213,2,6.2631578947368425,3.0,5,0.9473684210526315,0.0,0.47368421052631576
2025-03-28_am-acordat-un-interviu-publicatiei-politico-si-am-raspuns-in,2025-03-28,facebook-post,2025Q2 campanie + investitură,1,45,36,45.0,0.0,45,5.133333333333334,7.0,7,0.8,0.0,0.5333333333333333
2025-03-28_functiile-publice-nu-sunt-mosteniri-de-familie-romania-are-n,2025-03-28,facebook-post,2025Q2 campanie + investitură,3,29,27,9.666666666666666,4.725815626252608,8,6.068965517241379,2.75,6,0.9310344827586207,0.0,0.3448275862068966
2025-03-28_presedintele-trebuie-sa-fie-acolo-unde-se-iau-deciziile-voi,2025-03-28,facebook-post,2025Q2 campanie + investitură,2,26,24,13.0,4.242640687119285,10,5.423076923076923,3.5,4,0.9230769230769231,0.0,0.2692307692307692
2025-03-28_vom-relua-lucrarile-pentru-finalizarea-proiectului-prelungir,2025-03-28,facebook-post,2025Q2 campanie + investitură,6,138,88,23.666666666666668,7.788880963698615,29,5.7101449275362315,6.5,10,0.6376811594202898,76.31997447860589,0.34057971014492755
2025-03-29_aderarea-republicii-moldova-la-uniunea-europeana-este-o-prio,2025-03-29,facebook-post,2025Q2 campanie + investitură,5,68,49,13.6,6.308724118235001,17,5.294117647058823,4.2,7,0.7205882352941176,68.0,0.38235294117647056
2025-03-29_am-deschis-astazi-oficial-sediul-de-campanie-pentru-candidat,2025-03-29,facebook-post,2025Q2 campanie + investitură,14,175,106,12.714285714285714,4.664573052085449,20,4.9314285714285715,3.466666666666667,6,0.6057142857142858,77.22566182749787,0.45714285714285713
2025-03-29_primul-transplant-hepatic-din-2025-a-fost-realizat-cu-succes,2025-03-29,facebook-post,2025Q2 campanie + investitură,7,162,94,23.857142857142858,12.047524938461724,30,5.314814814814815,5.428571428571429,8,0.5802469135802469,81.3014888337469,0.43209876543209874
2025-03-29_un-raspuns-scurt-la-o-intrebare-clara-nicusorpresedinte-roma,2025-03-29,facebook-post,2025Q2 campanie + investitură,2,10,9,5.0,4.242640687119285,2,6.2,2.0,2,0.9,0.0,0.3
2025-03-30_am-fost-invitatul-lui-radu-andrei-tudor-la-the-news-man-podc,2025-03-30,facebook-post,2025Q2 campanie + investitură,2,39,35,19.5,13.435028842544403,10,5.17948717948718,4.5,6,0.8974358974358975,0.0,0.41025641025641024
2025-03-30_astazi-am-discutat-cu-sustinatorii-din-chisinau-despre-impor,2025-03-30,facebook-post,2025Q2 campanie + investitură,9,192,109,21.444444444444443,10.955718953029864,32,6.026041666666667,4.444444444444445,7,0.5677083333333334,68.76182261330558,0.4114583333333333
2025-03-30_romanii-vor-o-schimbare-alegerile-prezidentiale-din-mai-vor,2025-03-30,facebook-post,2025Q2 campanie + investitură,2,19,17,9.5,6.363961030678928,5,6.315789473684211,2.5,4,0.8947368421052632,0.0,0.3157894736842105
2025-03-31_am-vizitat-ieri-la-chisinau-cramele-cricova-un-adevarat-simb,2025-03-31,facebook-post,2025Q2 campanie + investitură,4,71,56,17.75,11.086778913041726,25,6.323943661971831,4.75,8,0.7887323943661971,94.09866666666666,0.39436619718309857
2025-03-31_asa-cum-v-am-obisnuit-in-spiritul-transparentei-va-impartase,2025-03-31,facebook-post,2025Q2 campanie + investitură,2,18,17,9.0,11.313708498984761,1,5.666666666666667,1.3333333333333333,4,0.9444444444444444,0.0,0.3888888888888889
2025-03-31_voluntarii-campaniei-au-fost-si-in-acest-week-end-prezenti-i,2025-03-31,facebook-post,2025Q2 campanie + investitură,6,39,37,6.5,4.888762624632126,12,5.923076923076923,1.8333333333333333,3,0.9487179487179487,0.0,0.28205128205128205
2025-04-01_psd-care-a-cheltuit-peste-50-de-milioane-de-euro-din-bani-pu,2025-04-01,facebook-post,2025Q2 campanie + investitură,6,127,88,21.833333333333332,18.443607745413225,26,4.874015748031496,4.5,8,0.6929133858267716,117.37878787878788,0.47244094488188976
2025-04-01_situatia-financiara-actuala-a-romaniei-este-similara-cu-cea,2025-04-01,facebook-post,2025Q2 campanie + investitură,4,63,50,16.5,3.696845502136472,19,5.317460317460317,4.25,6,0.7936507936507936,85.48615384615384,0.47619047619047616
2025-04-02_nicusor-dan-ar-putea-fi-un-presedinte-care-sa-aduca-prestigi,2025-04-02,facebook-post,2025Q2 campanie + investitură,2,14,14,7.0,7.0710678118654755,2,6.142857142857143,1.3333333333333333,3,1.0,0.0,0.42857142857142855
2025-04-02_o-finala-ponta-simion-ar-fi-cea-mai-rea-varianta-pentru-roma,2025-04-02,facebook-post,2025Q2 campanie + investitură,2,14,14,7.0,7.0710678118654755,2,6.0,2.0,2,1.0,0.0,0.35714285714285715
2025-04-02_teatrul-ion-creanga-a-fost-abandonat-desi-are-multa-istorie,2025-04-02,facebook-post,2025Q2 campanie + investitură,3,33,28,11.333333333333334,5.507570547286102,14,5.818181818181818,2.5,4,0.8484848484848485,0.0,0.3939393939393939
2025-04-03_acum-si-la-new-york-multumesc-romanilor-din-new-york-care-mi,2025-04-03,facebook-post,2025Q2 campanie + investitură,3,18,16,6.0,4.58257569495584,5,6.055555555555555,2.6666666666666665,4,0.8888888888888888,0.0,0.4444444444444444
2025-04-03_am-avut-astazi-o-intalnire-cu-directori-ai-teatrelor-aflate,2025-04-03,facebook-post,2025Q2 campanie + investitură,4,156,97,39.0,16.350331291240963,40,6.0,8.0,10,0.6217948717948718,69.45698223782723,0.4166666666666667
2025-04-03_am-semnat-astazi-un-protocol-de-colaborare-cu-untold-univers,2025-04-03,facebook-post,2025Q2 campanie + investitură,7,188,114,27.0,14.944341180973263,39,5.191489361702128,5.857142857142857,9,0.6063829787234043,60.211076280041794,0.44680851063829785
2025-04-03_in-cateva-ore-incepe-oficial-campania-electorala-voluntarii,2025-04-03,facebook-post,2025Q2 campanie + investitură,5,85,65,17.0,11.40175425099138,28,5.2823529411764705,4.4,8,0.7647058823529411,101.14999999999999,0.47058823529411764
2025-04-03_madrid-londra-roma-paris-berlin-bruxelles-new-york-acolo-und,2025-04-03,facebook-post,2025Q2 campanie + investitură,12,92,78,7.666666666666667,15.161754116156477,15,4.804347826086956,2.0833333333333335,6,0.8478260869565217,169.28,0.2717391304347826
2025-04-03_si-la-berlin-multumesc-si-danke-sch-n-romanilor-din-berlin-c,2025-04-03,facebook-post,2025Q2 campanie + investitură,3,18,17,6.0,5.196152422706632,3,6.777777777777778,2.6666666666666665,4,0.9444444444444444,0.0,0.3888888888888889
2025-04-03_suntem-la-98-sa-atingem-obiectivul-de-donatii-cu-deadline-pa,2025-04-03,facebook-post,2025Q2 campanie + investitură,4,26,23,6.5,5.802298395176403,5,6.038461538461538,2.75,4,0.8846153846153846,0.0,0.34615384615384615
2025-04-03_suntem-multi-si-impreuna-mergem-pana-la-capat-nd11-romaniaon,2025-04-03,facebook-post,2025Q2 campanie + investitură,2,12,12,6.0,4.242640687119285,3,6.083333333333333,3.5,5,1.0,0.0,0.4166666666666667
2025-04-03_tarifele-impuse-de-statele-unite-vor-afecta-intreaga-lume-ia,2025-04-03,facebook-post,2025Q2 campanie + investitură,11,226,143,20.636363636363637,9.625723113332601,34,5.349557522123894,4.7272727272727275,7,0.6327433628318584,119.10206810818956,0.42035398230088494
2025-04-03_un-proiect-inceput-acum-48-de-ani-finalizat-de-noi-statia-de,2025-04-03,facebook-post,2025Q2 campanie + investitură,3,34,29,11.666666666666666,6.027713773341708,11,5.176470588235294,4.333333333333333,6,0.8529411764705882,0.0,0.2647058823529412
2025-04-04_aniversam-azi-intr-un-context-geopolitic-foarte-complicat-76,2025-04-04,facebook-post,2025Q2 campanie + investitură,8,268,158,34.0,15.775206586829311,53,5.2611940298507465,6.375,8,0.5895522388059702,109.473729543497,0.41044776119402987
2025-04-04_cred-in-noi-cred-in-romania-in-europa-romaniaonesta-nicusorp,2025-04-04,facebook-post,2025Q2 campanie + investitură,3,10,7,3.3333333333333335,1.5275252316519468,3,6.0,1.6666666666666667,2,0.7,0.0,0.6
2025-04-04_voluntarii-nostri-au-inceput-campania-electorala-cu-multa-en,2025-04-04,facebook-post,2025Q2 campanie + investitură,2,53,50,26.5,20.506096654409877,12,5.339622641509434,6.0,8,0.9433962264150944,262.1733333333334,0.32075471698113206
2025-04-05_dupa-o-zi-lunga-la-madrid-am-ajuns-in-camera-de-hotel-si-am,2025-04-05,facebook-post,2025Q2 campanie + investitură,6,114,91,19.5,6.6558245169174945,22,5.473684210526316,4.333333333333333,6,0.7982456140350878,158.21217391304353,0.37719298245614036
2025-04-05_forta-antreprenorilor-romani-din-regiunea-madrid-am-avut-o-d,2025-04-05,facebook-post,2025Q2 campanie + investitură,7,167,111,24.0,14.888474289418197,34,5.706586826347305,5.0,7,0.6646706586826348,94.01048951048952,0.46107784431137727
2025-04-05_intalnire-romaneasca-la-arganda-del-rey-regiunea-madrid-am-f,2025-04-05,facebook-post,2025Q2 campanie + investitură,11,190,110,17.454545454545453,11.868981728553097,34,4.9526315789473685,4.181818181818182,7,0.5789473684210527,75.10225957209622,0.5052631578947369
2025-04-05_interviu-la-radio-romanul-alaturi-de-romanii-din-diaspora-am,2025-04-05,facebook-post,2025Q2 campanie + investitură,11,193,116,17.545454545454547,13.404205581560113,36,5.062176165803109,4.0,6,0.6010362694300518,74.35419815858184,0.49222797927461137
2025-04-05_prima-pajiste-urbana-cu-flori-de-camp-salbatice-din-bucurest,2025-04-05,facebook-post,2025Q2 campanie + investitură,7,196,112,28.428571428571427,12.58116506074514,39,5.045918367346939,5.571428571428571,7,0.5714285714285714,81.3709589364496,0.3877551020408163
2025-04-05_puterea-nu-ne-o-da-nimeni-o-construim-noi-romaniaonesta-nicu,2025-04-05,facebook-post,2025Q2 campanie + investitură,3,11,9,3.6666666666666665,2.0816659994661326,3,5.818181818181818,1.3333333333333333,2,0.8181818181818182,0.0,0.6363636363636364
2025-04-05_sunt-incantat-sa-anunt-bucurestenii-ca-incepand-cu-12-aprili,2025-04-05,facebook-post,2025Q2 campanie + investitură,4,160,108,41.5,40.74718804203958,41,5.89375,7.25,11,0.675,135.30864197530866,0.3375
2025-04-05_vizita-in-diaspora-romaneasca-din-spania-cubas-de-la-sagra-l,2025-04-05,facebook-post,2025Q2 campanie + investitură,11,217,134,20.181818181818183,15.25659320961388,34,5.308755760368664,4.454545454545454,10,0.6175115207373272,100.55011723329426,0.43317972350230416
2025-04-06_daca-se-repara-romania-ma-intorc-cu-acest-mesaj-am-plecat-di,2025-04-06,facebook-post,2025Q2 campanie + investitură,2,32,28,16.0,12.727922061357855,7,5.21875,4.5,7,0.875,0.0,0.625
2025-04-06_impreuna-vindecam-romania-avem-medici-profesionisti-si-asist,2025-04-06,facebook-post,2025Q2 campanie + investitură,4,53,48,13.5,9.882644720249063,14,6.056603773584905,3.75,7,0.9056603773584906,157.30400000000006,0.3584905660377358
2025-04-06_romania-joaca-in-liga-mare-nicusorpresedinte-romaniaonesta,2025-04-06,facebook-post,2025Q2 campanie + investitură,2,7,7,3.5,2.1213203435596424,2,7.428571428571429,2.0,2,1.0,0.0,0.14285714285714285
2025-04-06_romania-onesta-este-prezenta-peste-tot-voluntarii-nostri-au,2025-04-06,facebook-post,2025Q2 campanie + investitură,4,44,33,11.25,11.954775893619532,7,5.136363636363637,3.25,6,0.75,0.0,0.38636363636363635
2025-04-06_romanii-din-spania-poarta-in-suflet-o-dorinta-arzatoare-de-s,2025-04-06,facebook-post,2025Q2 campanie + investitură,4,47,40,11.75,10.1447851956888,16,4.808510638297872,3.5,5,0.851063829787234,0.0,0.40425531914893614
2025-04-06_traditii-si-flori-de-sarbatori-revine-in-bucuresti-primaria,2025-04-06,facebook-post,2025Q2 campanie + investitură,10,181,124,18.6,11.137524161340547,25,5.701657458563536,4.2,6,0.6850828729281768,90.5,0.36464088397790057
2025-04-06_zi-reusita-la-targul-de-adoptii-aspa-din-parcul-carol-de-ier,2025-04-06,facebook-post,2025Q2 campanie + investitură,4,88,61,22.75,15.261607604268518,26,4.590909090909091,5.0,9,0.6931818181818182,79.0569105691057,0.5454545454545454
2025-04-07_adevarul-acest-clip-demonteaza-o-minciuna-nu-am-afirmat-nici,2025-04-07,facebook-post,2025Q2 campanie + investitură,5,36,33,7.2,6.3796551630946325,6,5.416666666666667,2.6666666666666665,5,0.9166666666666666,0.0,0.3611111111111111
2025-04-07_asa-arata-stabilitatea-psd-pnl-riscam-sa-pierdem-miliarde-de,2025-04-07,facebook-post,2025Q2 campanie + investitură,14,164,115,11.928571428571429,7.20538565363315,24,5.603658536585366,3.7857142857142856,7,0.7012195121951219,126.91917258975761,0.36585365853658536
2025-04-07_e-timpul-sa-ne-recapatam-increderea-in-noi-nicusorpresedinte,2025-04-07,facebook-post,2025Q2 campanie + investitură,2,10,9,5.0,4.242640687119285,2,6.5,3.0,4,0.9,0.0,0.5
2025-04-07_ieri-m-am-intalnit-cu-una-dintre-cele-mai-puternice-comunita,2025-04-07,facebook-post,2025Q2 campanie + investitură,8,167,99,20.875,11.921619017566364,38,5.25748502994012,5.5,10,0.592814371257485,87.29474017169686,0.5029940119760479
2025-04-07_marcel-ciolacu-prim-ministru-al-guvernului-romaniei-conduce,2025-04-07,facebook-post,2025Q2 campanie + investitură,7,124,87,18.142857142857142,17.334249060059985,29,5.830645161290323,4.0,6,0.7016129032258065,110.47469458987783,0.3387096774193548
2025-04-07_patriotismul-inseamna-sa-pui-romania-in-valoare-nu-s-o-conda,2025-04-07,facebook-post,2025Q2 campanie + investitură,2,17,16,8.5,9.192388155425117,2,5.705882352941177,3.0,4,0.9411764705882353,0.0,0.47058823529411764
2025-04-08_astazi-de-ziua-internationala-a-romilor-gandurile-mele-se-in,2025-04-08,facebook-post,2025Q2 campanie + investitură,5,152,109,30.6,7.536577472566709,34,4.934210526315789,6.4,8,0.7171052631578947,152.0,0.4407894736842105
2025-04-08_consider-ca-propunerea-presedintelui-interimar-domnul-ilie-b,2025-04-08,facebook-post,2025Q2 campanie + investitură,5,130,89,26.6,6.268971207462991,29,5.584615384615384,6.6,8,0.6846153846153846,98.48247726056715,0.4461538461538462
2025-04-08_multi-se-declara-luptatori-anti-sistem-putini-au-fapte-concr,2025-04-08,facebook-post,2025Q2 campanie + investitură,3,31,29,10.333333333333334,7.234178138070235,14,5.225806451612903,2.3333333333333335,3,0.9354838709677419,0.0,0.5483870967741935
2025-04-09_succes-tati-va-astept-la-21-00-la-antena-3-sa-vorbim-despre,2025-04-09,facebook-post,2025Q2 campanie + investitură,1,22,20,24.0,0.0,24,5.454545454545454,5.0,5,0.9090909090909091,0.0,0.5454545454545454
2025-04-10_later-edit-steven-seagal-este-emisar-special-al-ministerului,2025-04-10,facebook-post,2025Q2 campanie + investitură,7,204,123,30.142857142857142,10.350983390135314,39,5.112745098039215,6.714285714285714,11,0.6029411764705882,92.94591563218827,0.4215686274509804
2025-04-10_ponta-este-singurul-candidat-autoproclamat-anti-sorosist-car,2025-04-10,facebook-post,2025Q2 campanie + investitură,2,24,19,12.0,2.8284271247461903,10,5.791666666666667,4.0,4,0.7916666666666666,0.0,0.5
2025-04-11_cuvintele-soacrei-mele-m-au-emotionat-profund-multumesc-lili,2025-04-11,facebook-post,2025Q2 campanie + investitură,2,10,10,5.0,4.242640687119285,2,5.7,2.5,3,1.0,0.0,0.4
2025-04-11_indemnizatiile-persoanelor-cu-dizabilitati-din-bucuresti-au,2025-04-11,facebook-post,2025Q2 campanie + investitură,5,116,84,23.4,6.58027355054484,28,5.491379310344827,5.2,6,0.7241379310344828,116.87,0.5
2025-04-11_la-finalul-anului-trecut-coalitia-stabilitatii-psd-pnl-infii,2025-04-11,facebook-post,2025Q2 campanie + investitură,9,203,141,23.11111111111111,18.217055500577228,42,5.674876847290641,4.333333333333333,8,0.6945812807881774,155.92676604350817,0.3497536945812808
2025-04-12_am-fost-onorat-sa-particip-astazi-alaturi-de-e-s-katae-takas,2025-04-12,facebook-post,2025Q2 campanie + investitură,12,193,110,16.166666666666668,11.55094119213852,29,5.051813471502591,4.083333333333333,10,0.5699481865284974,69.2283990091435,0.49222797927461137
2025-04-12_domnul-ciolacu-se-teme-ca-va-fi-obligat-sa-poarte-fusta-daca,2025-04-12,facebook-post,2025Q2 campanie + investitură,3,57,45,20.0,4.58257569495584,19,4.947368421052632,4.5,8,0.7894736842105263,66.405,0.49122807017543857
2025-04-12_live-declaratii-de-presa-la-sediul-de-campanie,2025-04-12,facebook-post,2025Q2 campanie + investitură,1,9,8,9.0,0.0,9,4.444444444444445,3.0,3,0.8888888888888888,0.0,0.3333333333333333
2025-04-12_sesizare-catre-autoritatea-electorala-permanenta-solicitam-r,2025-04-12,facebook-post,2025Q2 campanie + investitură,3,49,46,16.333333333333332,9.291573243177568,19,6.346938775510204,3.0,5,0.9387755102040817,0.0,0.40816326530612246
2025-04-13_avand-in-vedere-lipsa-de-reactie-a-institutiilor-responsabil,2025-04-13,facebook-post,2025Q2 campanie + investitură,3,48,40,16.333333333333332,25.696951829610715,2,5.25,2.5,9,0.8333333333333334,0.0,0.4375
2025-04-13_condamn-cu-fermitate-atacul-criminal-de-azi-al-rusiei-care-a,2025-04-13,facebook-post,2025Q2 campanie + investitură,5,87,73,18.0,8.660254037844387,22,5.505747126436781,4.4,6,0.8390804597701149,151.37999999999997,0.3793103448275862
2025-04-13_coruptia-e-motivul-principal-pentru-care-oamenii-o-duc-greu,2025-04-13,facebook-post,2025Q2 campanie + investitură,4,50,43,12.5,6.60807586719967,14,4.9,3.4,6,0.86,100.0,0.56
2025-04-13_primul-week-end-strazi-deschise-bucuresti-promenada-urbana-c,2025-04-13,facebook-post,2025Q2 campanie + investitură,6,128,95,21.666666666666668,12.816655830077778,34,5.46875,3.8333333333333335,6,0.7421875,139.0157575757576,0.2734375
2025-04-13_targul-de-paste-traditii-si-flori-de-sarbatori-s-a-deschis-i,2025-04-13,facebook-post,2025Q2 campanie + investitură,5,97,73,19.8,12.437845472588892,21,5.072164948453608,3.8333333333333335,7,0.7525773195876289,109.77166666666668,0.36082474226804123
2025-04-14_de-la-ce-functie-in-sus-considera-biroul-electoral-central-c,2025-04-14,facebook-post,2025Q2 campanie + investitură,9,240,137,27.11111111111111,12.363701351582021,45,5.408333333333333,5.444444444444445,8,0.5708333333333333,107.92977322604243,0.43333333333333335
2025-04-14_intarirea-pozitiei-romaniei-in-nato-si-ue-incepe-cu-consulta,2025-04-14,facebook-post,2025Q2 campanie + investitură,2,23,21,11.5,13.435028842544403,2,6.260869565217392,3.5,6,0.9130434782608695,0.0,0.391304347826087
2025-04-14_ne-dorim-ca-fetita-si-baietelul-nostru-sa-traiasca-in-romani,2025-04-14,facebook-post,2025Q2 campanie + investitură,3,29,24,9.666666666666666,5.8594652770823155,12,4.793103448275862,3.6666666666666665,5,0.8275862068965517,0.0,0.5172413793103449
2025-04-14_presedintele-absent-iohannis-si-tandemul-psd-pnl-au-tolerat,2025-04-14,facebook-post,2025Q2 campanie + investitură,3,58,49,19.333333333333332,19.2180470738661,16,5.758620689655173,3.6666666666666665,7,0.8448275862068966,104.65777777777781,0.41379310344827586
2025-04-15_activitatea-suspecta-asupra-conturilor-mele-de-social-media,2025-04-15,facebook-post,2025Q2 campanie + investitură,3,53,41,18.333333333333332,19.2180470738661,15,5.867924528301887,4.0,9,0.7735849056603774,65.54333333333335,0.41509433962264153
2025-04-15_avem-o-scadere-a-productiei-industriale-cu-3-9-in-primele-lu,2025-04-15,facebook-post,2025Q2 campanie + investitură,7,148,108,22.285714285714285,12.06529852806919,28,5.087837837837838,4.625,8,0.7297297297297297,124.19093602693603,0.40540540540540543
2025-04-15_pe-conturile-mele-de-instagram-nicusor-dan-pg-si-tiktok-nicu,2025-04-15,facebook-post,2025Q2 campanie + investitură,17,202,134,12.0,8.951256894984079,21,5.123762376237623,3.6470588235294117,7,0.6633663366336634,94.53938447339463,0.43564356435643564
2025-04-15_romania-e-a-voastra-nu-o-lasati-pe-mana-lor-nicusorpresedint,2025-04-15,facebook-post,2025Q2 campanie + investitură,2,14,14,7.0,1.4142135623730951,6,4.714285714285714,2.5,3,1.0,0.0,0.5714285714285714
2025-04-16_astazi-a-mai-venit-o-veste-ingrozitoare-moartea-unui-tanar-d,2025-04-16,facebook-post,2025Q2 campanie + investitură,8,213,126,27.375,23.8383694312941,22,5.154929577464789,5.0,10,0.5915492957746479,85.51057821447789,0.4131455399061033
2025-04-16_romanii-cenzurati-lui-marcel-ciolacu-i-se-permite-orice-ne-a,2025-04-16,facebook-post,2025Q2 campanie + investitură,2,28,27,14.0,4.242640687119285,11,5.785714285714286,5.0,6,0.9642857142857143,0.0,0.35714285714285715
2025-04-16_trei-pasaje-importante-din-bucuresti-vor-fi-reabilitate-prim,2025-04-16,facebook-post,2025Q2 campanie + investitură,8,134,88,17.375,7.652030542840993,23,6.395522388059701,5.0,7,0.6567164179104478,94.51789037975388,0.3358208955223881
2025-04-17_am-lansat-oficial-planul-de-actiune-pentru-oras-verde-paov-u,2025-04-17,facebook-post,2025Q2 campanie + investitură,5,179,110,36.4,21.755459085020476,33,5.631284916201118,5.166666666666667,8,0.6145251396648045,85.56073943661971,0.39106145251396646
2025-04-17_o-veste-buna-astazi-primaria-capitalei-a-atras-555-de-milioa,2025-04-17,facebook-post,2025Q2 campanie + investitură,7,116,84,16.857142857142858,15.0158646263274,27,4.698275862068965,4.142857142857143,8,0.7241379310344828,117.74000000000001,0.5
2025-04-17_presedintele-imparat-nu-a-reprezentat-pe-nimeni-romania-are,2025-04-17,facebook-post,2025Q2 campanie + investitură,3,15,14,5.0,2.0,5,6.666666666666667,1.5,2,0.9333333333333333,0.0,0.4
2025-04-17_suntem-atacati-cibernetic-de-2-zile-conturile-risca-sa-fie-b,2025-04-17,facebook-post,2025Q2 campanie + investitură,2,25,24,13.0,5.656854249492381,9,6.64,4.5,5,0.96,0.0,0.4
2025-04-18_am-vizitat-o-fabrica-de-panificatie-unde-in-prag-de-paste-mi,2025-04-18,facebook-post,2025Q2 campanie + investitură,8,137,90,17.125,5.436319658424385,21,4.824817518248175,4.25,6,0.656934306569343,86.8854724400702,0.48175182481751827
2025-04-18_realitatea-e-simpla-ei-au-furat-romania-iar-acum-le-e-frica,2025-04-18,facebook-post,2025Q2 campanie + investitură,3,28,23,9.333333333333334,4.932882862316247,7,5.607142857142857,3.0,4,0.8214285714285714,0.0,0.39285714285714285
2025-04-18_voi-fi-presedintele-care-va-face-schimbarile-dorite-de-oamen,2025-04-18,facebook-post,2025Q2 campanie + investitură,2,15,15,7.5,4.949747468305833,4,6.466666666666667,4.0,5,1.0,0.0,0.3333333333333333
2025-04-19_in-noaptea-invierii-lumina-e-speranta-speranta-ca-binele-e-m,2025-04-19,facebook-post,2025Q2 campanie + investitură,5,37,29,7.4,2.9664793948382653,10,4.945945945945946,3.0,4,0.7837837837837838,0.0,0.4594594594594595
2025-04-19_ne-pregatim-de-paste-de-sarbatori-momentele-alaturi-de-famil,2025-04-19,facebook-post,2025Q2 campanie + investitură,2,21,17,10.5,6.363961030678928,6,5.238095238095238,2.6666666666666665,5,0.8095238095238095,0.0,0.3333333333333333
2025-04-20_pastele-ne-aduce-impreuna-si-ne-reaminteste-cat-de-important,2025-04-20,facebook-post,2025Q2 campanie + investitură,3,34,28,11.333333333333334,9.073771725877465,15,5.411764705882353,3.3333333333333335,5,0.8235294117647058,0.0,0.47058823529411764
2025-04-20_sarbatori-cu-bine-si-paste-luminat-tuturor-nicusordan-nd11-r,2025-04-20,facebook-post,2025Q2 campanie + investitură,2,13,12,6.5,7.7781745930520225,1,5.615384615384615,2.5,5,0.9230769230769231,0.0,0.38461538461538464
2025-04-21_cu-profunda-tristete-am-aflat-vestea-trecerii-la-cele-vesnic,2025-04-21,facebook-post,2025Q2 campanie + investitură,4,68,56,17.0,13.490737563232042,18,5.323529411764706,4.25,6,0.8235294117647058,107.89333333333332,0.47058823529411764
2025-04-22_dragi-romani-din-diaspora-ca-voi-vreau-o-tara-in-care-sa-vre,2025-04-22,facebook-post,2025Q2 campanie + investitură,3,24,21,8.333333333333334,7.094598884597588,7,4.625,2.6666666666666665,5,0.875,0.0,0.5
2025-04-22_prea-multa-nedreptate-e-in-romania-vreau-o-romanie-in-care-o,2025-04-22,facebook-post,2025Q2 campanie + investitură,4,27,23,7.0,4.546060565661952,7,4.851851851851852,2.5,4,0.8518518518518519,0.0,0.5185185185185185
2025-04-22_preturile-mari-nu-apar-din-senin-exista-o-legatura-clara-int,2025-04-22,facebook-post,2025Q2 campanie + investitură,3,37,36,12.333333333333334,9.237604307034012,7,5.621621621621622,3.6666666666666665,5,0.972972972972973,0.0,0.43243243243243246
2025-04-22_votul-tau-conteaza-chiar-daca-pe-unii-ii-enerveaza-asta-nicu,2025-04-22,facebook-post,2025Q2 campanie + investitură,4,13,13,3.25,2.8722813232690143,4,5.230769230769231,1.5,2,1.0,0.0,0.46153846153846156
2025-04-23_crin-antonescu-si-mafia-imobiliara,2025-04-23,facebook-post,2025Q2 campanie + investitură,1,7,7,7.0,0.0,7,4.571428571428571,3.0,3,1.0,0.0,0.14285714285714285
2025-04-23_dragi-moldoveni-pe-4-mai-alegeti-o-romanie-onesta-si-puterni,2025-04-23,facebook-post,2025Q2 campanie + investitură,2,17,17,9.0,9.899494936611665,2,6.352941176470588,3.0,5,1.0,0.0,0.29411764705882354
2025-04-23_fara-profesori-bine-platiti-fara-investitii-in-institutiile,2025-04-23,facebook-post,2025Q2 campanie + investitură,2,35,33,17.5,7.7781745930520225,12,6.0285714285714285,4.5,5,0.9428571428571428,0.0,0.3142857142857143
2025-04-23_sanatatea-e-un-drept-fundamental-in-romania-onesta-pe-care-o,2025-04-23,facebook-post,2025Q2 campanie + investitură,6,91,65,15.166666666666666,11.285684147036308,22,5.263736263736264,3.3333333333333335,6,0.7142857142857143,91.0,0.4945054945054945
2025-04-24_am-semnat-astazi-declaratia-universitatii-din-bucuresti-un-a,2025-04-24,facebook-post,2025Q2 campanie + investitură,10,199,113,19.9,13.843971812870596,34,5.708542713567839,4.5,8,0.5678391959798995,84.57068870620199,0.4321608040201005
2025-04-24_crin-antonescu-reprezinta-garantia-ca-marcel-ciolacu-ramane,2025-04-24,facebook-post,2025Q2 campanie + investitură,2,16,14,8.0,9.899494936611665,1,5.375,2.5,5,0.875,0.0,0.3125
2025-04-24_educatia-este-temelia-unei-romanii-puternice-fiecare-copil-d,2025-04-24,facebook-post,2025Q2 campanie + investitură,6,81,61,13.5,9.181503144910424,21,5.666666666666667,3.8333333333333335,7,0.7530864197530864,91.85400000000001,0.4074074074074074
2025-04-24_in-loc-sa-cheltuim-pe-lucruri-care-dau-bine-in-bucuresti-am,2025-04-24,facebook-post,2025Q2 campanie + investitură,5,65,52,13.0,9.354143466934854,21,4.753846153846154,3.1666666666666665,7,0.8,91.00000000000003,0.4461538461538462
2025-04-24_justitia-are-nevoie-de-o-reforma-reala-coruptia-sistemica-ti,2025-04-24,facebook-post,2025Q2 campanie + investitură,4,31,29,7.75,3.304037933599835,10,6.032258064516129,2.75,4,0.9354838709677419,0.0,0.2903225806451613
2025-04-24_o-societate-dreapta-are-nevoie-de-o-justitie-libera-curajoas,2025-04-24,facebook-post,2025Q2 campanie + investitură,2,34,28,17.0,4.242640687119285,14,5.0,4.5,5,0.8235294117647058,0.0,0.5882352941176471
2025-04-25_bucurestiul-a-facut-un-pas-important-spre-un-urbanism-respon,2025-04-25,facebook-post,2025Q2 campanie + investitură,14,284,152,20.5,9.51719092363514,37,5.577464788732394,5.266666666666667,8,0.5352112676056338,87.61591163284649,0.41901408450704225
2025-04-25_haideti-alaturi-de-mine-sa-facem-dreptate-pentru-romania-nd1,2025-04-25,facebook-post,2025Q2 campanie + investitură,2,12,12,6.0,5.656854249492381,2,5.833333333333333,2.5,3,1.0,0.0,0.3333333333333333
2025-04-25_la-bebe-bucuresti-familiile-gasesc-haine-si-jucarii-donate-c,2025-04-25,facebook-post,2025Q2 campanie + investitură,3,60,50,20.0,7.54983443527075,19,5.716666666666667,6.0,8,0.8333333333333334,100.80000000000004,0.4166666666666667
2025-04-25_reconstruim-demnitatea-colectiva-printr-o-economie-puternica,2025-04-25,facebook-post,2025Q2 campanie + investitură,2,13,13,6.5,6.363961030678928,2,8.615384615384615,2.0,3,1.0,0.0,0.23076923076923078
2025-04-25_sunt-cel-mai-atacat-candidat-le-e-frica-de-schimbare-adica-d,2025-04-25,facebook-post,2025Q2 campanie + investitură,3,19,17,6.333333333333333,2.516611478423583,6,5.578947368421052,2.0,3,0.8947368421052632,0.0,0.3684210526315789
2025-04-26_din-1990-si-pana-azi-ati-fost-si-ramaneti-un-exemplu-de-impl,2025-04-26,facebook-post,2025Q2 campanie + investitură,3,22,21,7.666666666666667,5.507570547286102,5,5.5,2.6666666666666665,3,0.9545454545454546,0.0,0.5454545454545454
2025-04-26_m-au-intrebat-multi-tineri-ce-pot-face-pentru-campania-roman,2025-04-26,facebook-post,2025Q2 campanie + investitură,3,35,35,12.0,10.0,12,5.428571428571429,3.6666666666666665,6,1.0,0.0,0.45714285714285713
2025-04-26_o-veste-foarte-buna-toti-cateii-27-care-au-participat-astazi,2025-04-26,facebook-post,2025Q2 campanie + investitură,6,112,71,18.833333333333332,15.497311594811103,29,4.705357142857143,3.2857142857142856,6,0.6339285714285714,72.13540422142573,0.4375
2025-04-26_romania-are-nevoie-de-fapte-concrete-si-de-oameni-bine-inten,2025-04-26,facebook-post,2025Q2 campanie + investitură,2,24,21,12.0,12.727922061357855,3,5.625,3.5,4,0.875,0.0,0.3333333333333333
2025-04-26_romania-onesta-e-singura-varianta-de-schimbare-si-dreptate-p,2025-04-26,facebook-post,2025Q2 campanie + investitură,2,17,17,9.0,0.0,9,5.705882352941177,2.5,3,1.0,0.0,0.35294117647058826
2025-04-27_in-prea-multe-locuri-din-romania-oamenii-nu-au-acces-la-medi,2025-04-27,facebook-post,2025Q2 campanie + investitură,4,30,27,7.75,4.645786621588784,11,5.1,2.25,3,0.9,0.0,0.36666666666666664
2025-04-27_multumesc-tinerilor-bucuresteni-pentru-sustinere-pe-4-mai-ne,2025-04-27,facebook-post,2025Q2 campanie + investitură,2,13,13,7.0,2.8284271247461903,5,7.0,2.5,3,1.0,0.0,0.38461538461538464
2025-04-27_sa-ne-amintim-cine-e-crin-antonescu-candidatul-lui-marcel-ci,2025-04-27,facebook-post,2025Q2 campanie + investitură,2,35,34,18.0,21.213203435596427,3,5.371428571428571,4.0,6,0.9714285714285714,0.0,0.34285714285714286
2025-04-27_se-intreaba-mamele-de-la-sate-si-din-orasele-mici-ce-viitor,2025-04-27,facebook-post,2025Q2 campanie + investitură,2,31,28,15.5,19.091883092036785,2,4.903225806451613,2.5,4,0.9032258064516129,0.0,0.5483870967741935
2025-04-28_dezbaterea-s-a-incheiat-voi-cum-ati-perceput-aceasta-dezbate,2025-04-28,facebook-post,2025Q2 campanie + investitură,7,108,77,15.428571428571429,17.115851744870337,35,4.9907407407407405,4.571428571428571,12,0.7129629629629629,85.98783712321523,0.48148148148148145
2025-04-28_mai-e-putin-incepe-in-curand-prima-confruntare-intre-candida,2025-04-28,facebook-post,2025Q2 campanie + investitură,5,32,27,6.6,4.560701700396552,7,4.5625,2.4,3,0.84375,0.0,0.375
2025-04-28_multumesc-mirabela-cand-voi-fi-presedinte-voi-face-tot-ce-mi,2025-04-28,facebook-post,2025Q2 campanie + investitură,1,22,20,22.0,0.0,22,4.045454545454546,5.0,5,0.9090909090909091,0.0,0.5909090909090909
2025-04-28_un-presedinte-care-asculta-oamenii-si-gaseste-solutii-pentru,2025-04-28,facebook-post,2025Q2 campanie + investitură,1,12,12,12.0,0.0,12,7.0,4.0,4,1.0,0.0,0.5
2025-04-28_voi-participa-la-toate-cele-trei-dezbateri-cu-candidatii-la,2025-04-28,facebook-post,2025Q2 campanie + investitură,4,69,55,17.75,10.812801055539063,20,5.478260869565218,3.4,7,0.7971014492753623,95.22,0.5072463768115942
2025-04-29_adevarul-va-invinge-suntem-prea-multi-sa-nu-putem-reusi-nicu,2025-04-29,facebook-post,2025Q2 campanie + investitură,3,12,12,4.0,2.6457513110645907,3,6.333333333333333,1.6666666666666667,2,1.0,0.0,0.3333333333333333
2025-04-29_de-ziua-veteranilor-de-razboi-cinstim-curajul-celor-care-au,2025-04-29,facebook-post,2025Q2 campanie + investitură,3,54,43,18.0,2.6457513110645907,17,4.907407407407407,4.333333333333333,6,0.7962962962962963,74.22545454545454,0.5555555555555556
2025-04-29_domnul-crin-antonescu-cere-documentele-pe-care-de-altfel-i-l,2025-04-29,facebook-post,2025Q2 campanie + investitură,9,137,85,15.222222222222221,10.95191510396444,20,5.664233576642336,3.7777777777777777,7,0.6204379562043796,62.99946466809422,0.4744525547445255
2025-04-29_multumesc-pentru-sprijinul-vostru-am-dovedit-in-bucuresti-re,2025-04-29,facebook-post,2025Q2 campanie + investitură,3,17,16,5.666666666666667,2.0816659994661326,5,6.823529411764706,2.3333333333333335,3,0.9411764705882353,0.0,0.4117647058823529
2025-04-29_sistemul-are-nume-de-20-de-ani-ma-lupt-cu-el-romaniaonesta-n,2025-04-29,facebook-post,2025Q2 campanie + investitură,3,12,11,4.333333333333333,3.2145502536643185,3,5.166666666666667,1.6666666666666667,3,0.9166666666666666,0.0,0.5
2025-04-29_succes-nicusor-echipa-nd,2025-04-29,facebook-post,2025Q2 campanie + investitură,2,5,5,2.5,0.7071067811865476,2,4.4,1.5,2,1.0,0.0,0.0
2025-04-30_actele-confirma-ce-spun-eu-va-multumesc-ca-va-uitati-la-dezb,2025-04-30,facebook-post,2025Q2 campanie + investitură,2,14,13,7.0,2.8284271247461903,5,9.142857142857142,2.5,3,0.9285714285714286,0.0,0.5714285714285714
2025-04-30_de-la-mirabela-cu-drag-romaniaonesta,2025-04-30,facebook-post,2025Q2 campanie + investitură,2,7,7,3.5,3.5355339059327378,1,4.571428571428571,0.6666666666666666,2,1.0,0.0,0.42857142857142855
2025-04-30_diaspora-este-parte-din-viitorul-romaniei-romaniaonesta,2025-04-30,facebook-post,2025Q2 campanie + investitură,2,7,7,3.5,3.5355339059327378,1,7.0,0.6666666666666666,2,1.0,0.0,0.2857142857142857
2025-05-01_disperarea-atinge-cote-maxime-marcel-ciolacu-a-ajuns-sa-trim,2025-05-01,facebook-post,2025Q2 campanie + investitură,3,35,33,11.666666666666666,15.14375558880073,5,5.142857142857143,2.3333333333333335,4,0.9428571428571428,0.0,0.45714285714285713
2025-05-01_este-incalificabil-sa-folosesti-romanii-bolnavi-de-cancer-ca,2025-05-01,facebook-post,2025Q2 campanie + investitură,5,156,100,31.6,43.41428336388843,23,5.064102564102564,5.2,9,0.6410256410256411,87.5393903424847,0.47435897435897434
2025-05-01_in-cateva-minute-live-la-lucian-mindruta-material-publicitar,2025-05-01,facebook-post,2025Q2 campanie + investitură,1,26,26,29.0,0.0,29,6.5,4.0,4,1.0,0.0,0.11538461538461539
2025-05-01_ne-vedem-la-vot-daca-plecati-in-vacanta-nu-uitati-buletinele,2025-05-01,facebook-post,2025Q2 campanie + investitură,3,18,18,6.0,2.6457513110645907,7,4.222222222222222,2.3333333333333335,3,1.0,0.0,0.3333333333333333
2025-05-01_pozele-pe-care-le-a-postat-elena-lasconi-sunt-un-fals-grosol,2025-05-01,facebook-post,2025Q2 campanie + investitură,5,46,44,9.8,7.694153624668538,12,5.695652173913044,2.1666666666666665,4,0.9565217391304348,0.0,0.2391304347826087
2025-05-01_sa-ne-amintim-cine-este-victor-ponta-alegeriprezidentiale,2025-05-01,facebook-post,2025Q2 campanie + investitură,2,9,9,4.5,4.949747468305833,1,5.666666666666667,2.0,3,1.0,0.0,0.4444444444444444
2025-05-01_sunt-candidatul-pro-european-care-il-poate-invinge-pe-simion,2025-05-01,facebook-post,2025Q2 campanie + investitură,1,12,12,12.0,0.0,12,5.833333333333333,5.0,5,1.0,0.0,0.4166666666666667
2025-05-02_ai-plecat-din-localitate-in-minivacanta-de-1-mai-poti-vota-o,2025-05-02,facebook-post,2025Q2 campanie + investitură,3,15,14,5.333333333333333,3.5118845842842465,5,6.0,2.3333333333333335,3,0.9333333333333333,0.0,0.4
2025-05-02_astazi-celebram-energia-curajul-si-visurile-unei-generatii-c,2025-05-02,facebook-post,2025Q2 campanie + investitură,4,49,44,12.25,5.909032633745278,14,4.836734693877551,5.25,8,0.8979591836734694,0.0,0.42857142857142855
2025-05-02_daca-esti-plecat-din-romania-pe-4-mai-poti-vota-in-tara-in-c,2025-05-02,facebook-post,2025Q2 campanie + investitură,2,25,23,13.0,4.242640687119285,10,5.8,4.0,5,0.92,0.0,0.52
2025-05-02_dezinformare-marca-ciolacu-coalitia-lui-ciolacu-spune-ca-doa,2025-05-02,facebook-post,2025Q2 campanie + investitură,2,25,23,13.0,8.48528137423857,7,5.16,3.5,4,0.92,0.0,0.36
2025-05-02_diaspora-voteaza-lista-cu-sectiile-de-votare-din-strainatate,2025-05-02,facebook-post,2025Q2 campanie + investitură,2,12,12,6.0,5.656854249492381,2,8.75,2.5,3,1.0,0.0,0.25
2025-05-02_iesim-la-vot-pentru-ca-romania-are-nevoie-de-oameni-care-sa,2025-05-02,facebook-post,2025Q2 campanie + investitură,2,20,20,10.5,10.606601717798213,3,5.6,2.0,4,1.0,0.0,0.5
2025-05-02_multumesc-din-suflet-tuturor-voluntarilor-si-sustinatorilor,2025-05-02,facebook-post,2025Q2 campanie + investitură,4,36,31,9.0,5.773502691896258,10,5.388888888888889,2.75,4,0.8611111111111112,0.0,0.5
2025-05-02_multumim-bec-pentru-consecventa-fotografiile-false-vor-circu,2025-05-02,facebook-post,2025Q2 campanie + investitură,4,39,39,10.5,4.654746681256314,12,6.333333333333333,3.25,4,1.0,0.0,0.20512820512820512
2025-05-02_romani-din-diaspora-mergeti-la-vot-fiecare-vot-conteaza-pent,2025-05-02,facebook-post,2025Q2 campanie + investitură,3,16,15,5.333333333333333,3.0550504633038935,6,6.125,2.3333333333333335,3,0.9375,0.0,0.3125
2025-05-02_votati-cu-inima-impacata-nicusor-presedinte-romaniaonesta,2025-05-02,facebook-post,2025Q2 campanie + investitură,2,7,7,3.5,3.5355339059327378,1,7.285714285714286,1.3333333333333333,4,1.0,0.0,0.14285714285714285
2025-05-03_ca-inainte-de-vot-tinerii-nostri-vor-avea-un-rol-decisiv-la,2025-05-03,facebook-post,2025Q2 campanie + investitură,2,21,19,10.5,7.7781745930520225,5,4.428571428571429,3.5,4,0.9047619047619048,0.0,0.2857142857142857
2025-05-03_cu-cravata-sau-fara-maine-iesim-la-vot-4mai-alegeriprezident,2025-05-03,facebook-post,2025Q2 campanie + investitură,1,10,10,10.0,0.0,10,5.5,3.0,3,1.0,0.0,0.4
2025-05-03_daca-sunteti-plecati-de-acasa-puteti-vota-in-orice-sectie-vo,2025-05-03,facebook-post,2025Q2 campanie + investitură,3,21,21,7.0,9.539392014169456,2,6.190476190476191,2.3333333333333335,6,1.0,0.0,0.38095238095238093
2025-05-03_daca-sunteti-plecati-in-vacanta-va-rog-sa-votati-dimineata-d,2025-05-03,facebook-post,2025Q2 campanie + investitură,2,23,22,11.5,0.7071067811865476,11,5.6521739130434785,3.5,4,0.9565217391304348,0.0,0.43478260869565216
2025-05-03_daca-votati-in-diaspora-tineti-cont-ca-sectiile-se-inchid-la,2025-05-03,facebook-post,2025Q2 campanie + investitură,4,21,19,5.25,7.22841614740048,3,5.523809523809524,1.75,3,0.9047619047619048,0.0,0.3333333333333333
2025-05-03_in-doar-5-minute-poti-decide-cum-arata-urmatorii-5-ani-pentr,2025-05-03,facebook-post,2025Q2 campanie + investitură,3,17,17,6.333333333333333,6.8068592855540455,4,6.0,2.6666666666666665,5,1.0,0.0,0.29411764705882354
2025-05-03_romania-are-nevoie-de-o-presa-onesta-de-ziua-internationala,2025-05-03,facebook-post,2025Q2 campanie + investitură,3,68,47,22.666666666666668,14.294521094927712,26,5.294117647058823,4.666666666666667,7,0.6911764705882353,68.0,0.47058823529411764
2025-05-03_viitorul-vostru-alegerea-voastra-nu-lasati-pe-altii-sa-decid,2025-05-03,facebook-post,2025Q2 campanie + investitură,2,20,19,10.0,8.48528137423857,4,5.85,3.0,4,0.95,0.0,0.5
2025-05-04_a-mai-ramas-o-ora-dreptul-vostru-alegerea-voastra-hailavot-a,2025-05-04,facebook-post,2025Q2 campanie + investitură,3,12,11,4.333333333333333,3.0550504633038935,5,6.333333333333333,1.6666666666666667,3,0.9166666666666666,0.0,0.3333333333333333
2025-05-04_am-intrat-in-turul-2-multumesc-foto-credit-mihai-balanescu-p,2025-05-04,facebook-post,2025Q2 campanie + investitură,3,13,13,4.666666666666667,3.2145502536643185,6,6.230769230769231,2.3333333333333335,3,1.0,0.0,0.23076923076923078
2025-05-04_astazi-decidem-soarta-romaniei-hai-la-vot-alegeriprezidentia,2025-05-04,facebook-post,2025Q2 campanie + investitură,2,10,9,5.0,1.4142135623730951,4,6.5,2.0,2,0.9,0.0,0.1
2025-05-04_daca-la-ora-21-00-va-aflati-in-sectia-de-votare-sau-la-rand,2025-05-04,facebook-post,2025Q2 campanie + investitură,3,24,21,8.333333333333334,8.504900548115382,5,4.875,3.0,6,0.875,0.0,0.4583333333333333
2025-05-04_energie-pentru-echipa-hailavot,2025-05-04,facebook-post,2025Q2 campanie + investitură,2,4,4,2.0,1.4142135623730951,1,6.75,0.6666666666666666,2,1.0,0.0,0.25
2025-05-04_eu-si-mirabela-am-votat-voi-alegeriprezidentiale-romania-vot,2025-05-04,facebook-post,2025Q2 campanie + investitură,1,10,10,10.0,0.0,10,5.5,2.0,2,1.0,0.0,0.4
2025-05-04_hai-sa-le-aratam-ca-suntem-mai-puternici-decat-instrumentele,2025-05-04,facebook-post,2025Q2 campanie + investitură,2,18,16,9.0,2.8284271247461903,7,5.277777777777778,2.5,3,0.8888888888888888,0.0,0.3333333333333333
2025-05-04_mai-sunt-3-ore-pana-la-inchiderea-urnelor-si-drumurile-de-la,2025-05-04,facebook-post,2025Q2 campanie + investitură,4,30,26,7.75,5.619905100029122,9,5.0,3.0,4,0.8666666666666667,0.0,0.43333333333333335
2025-05-04_mai-sunt-5-ore-pana-la-inchiderea-sectiilor-de-votare-daca-s,2025-05-04,facebook-post,2025Q2 campanie + investitură,3,40,29,13.666666666666666,14.189197769195175,11,4.925,3.6666666666666665,6,0.725,0.0,0.4
2025-05-04_mai-sunt-cateva-ore-profitati-de-aceste-cateva-ore-si-merget,2025-05-04,facebook-post,2025Q2 campanie + investitură,2,25,23,12.5,2.1213203435596424,11,4.72,3.0,3,0.92,0.0,0.6
2025-05-04_multumesc-tare-mult-pentru-sprijin-multumesc-celor-care-m-au,2025-05-04,facebook-post,2025Q2 campanie + investitură,3,37,31,12.333333333333334,6.658328118479393,14,5.837837837837838,3.3333333333333335,4,0.8378378378378378,0.0,0.5405405405405406
2025-05-04_o-prezenta-mare-la-urne-le-strica-planurile-alegerea-ta-poat,2025-05-04,facebook-post,2025Q2 campanie + investitură,7,88,57,12.714285714285714,10.160614904526952,23,4.170454545454546,3.2857142857142856,8,0.6477272727272727,59.38099219620959,0.5
2025-05-05_prin-votul-romanilor-de-ieri-s-a-incheiat-o-epoca-politica-s,2025-05-05,facebook-post,2025Q2 campanie + investitură,4,67,53,17.25,11.146748404803978,24,5.074626865671642,2.8,6,0.7910447761194029,89.77999999999999,0.417910447761194
2025-05-05_romania-are-o-sansa-le-multumesc-tuturor-celor-care-au-votat,2025-05-05,facebook-post,2025Q2 campanie + investitură,12,150,90,12.666666666666666,8.710843121006592,25,4.673333333333333,4.0,7,0.6,65.74652134807683,0.5333333333333333
2025-05-06_6-mai-1990-podul-de-flori-ziua-in-care-prutul-a-unit-nu-a-de,2025-05-06,facebook-post,2025Q2 campanie + investitură,7,129,85,18.857142857142858,9.299257522845062,27,4.5813953488372094,4.714285714285714,7,0.6589147286821705,84.00026111348738,0.5038759689922481
2025-05-06_curajul-si-puterea-femeilor-care-aleg-sa-plece-din-relatii-t,2025-05-06,facebook-post,2025Q2 campanie + investitură,6,101,72,16.833333333333332,9.9079092984679,22,5.00990099009901,4.333333333333333,7,0.7128712871287128,101.0,0.49504950495049505
2025-05-07_am-vorbit-azi-in-cadrul-unui-eveniment-organizat-de-romanian,2025-05-07,facebook-post,2025Q2 campanie + investitură,5,124,85,24.8,8.64291617453276,28,4.895161290322581,6.0,9,0.6854838709677419,76.57792235404176,0.4274193548387097
2025-05-07_ce-ma-deosebeste-de-contracandidatul-meu-este-aventura-in-ca,2025-05-07,facebook-post,2025Q2 campanie + investitură,3,33,27,11.0,8.717797887081348,15,5.121212121212121,1.75,4,0.8181818181818182,0.0,0.6363636363636364
2025-05-07_eu-sunt-aici-pentru-dezbateri-asa-cum-am-fost-si-in-primul-t,2025-05-07,facebook-post,2025Q2 campanie + investitură,3,41,38,14.0,1.0,14,4.463414634146342,3.3333333333333335,4,0.926829268292683,0.0,0.3902439024390244
2025-05-08_clasa-politica-i-a-ignorat-si-tradat-pe-cetateni-dar-raspuns,2025-05-08,facebook-post,2025Q2 campanie + investitură,2,18,18,9.0,1.4142135623730951,8,4.222222222222222,3.0,3,1.0,0.0,0.5
2025-05-08_fapte-sau-vorbe-alegeti-intelept-pe-18-mai-alegeriprezidenti,2025-05-08,facebook-post,2025Q2 campanie + investitură,2,8,8,4.5,2.1213203435596424,3,6.625,2.0,2,1.0,0.0,0.25
2025-05-08_ipocrizia-lui-george-simion-este-clara-nu-si-asuma-opiniile,2025-05-08,facebook-post,2025Q2 campanie + investitură,5,48,42,9.6,9.396807968666806,17,4.791666666666667,2.6,5,0.875,0.0,0.4583333333333333
2025-05-08_prima-dezbatere-cu-contracandidatul-meu-sustinerea-voastra-i,2025-05-08,facebook-post,2025Q2 campanie + investitură,2,12,12,6.0,1.4142135623730951,5,6.333333333333333,2.5,3,1.0,0.0,0.5
2025-05-08_salut-alegerea-noului-papa-leon-al-xiv-lea-si-sunt-alaturi-d,2025-05-08,facebook-post,2025Q2 campanie + investitură,2,58,45,29.0,11.313708498984761,21,4.896551724137931,8.0,11,0.7758620689655172,72.45538461538462,0.41379310344827586
2025-05-09_alegerile-de-pe-18-mai-au-legatura-cu-facturile-pe-care-le-p,2025-05-09,facebook-post,2025Q2 campanie + investitură,2,23,18,12.0,9.899494936611665,5,5.0,4.5,7,0.782608695652174,0.0,0.5217391304347826
2025-05-09_avem-un-potential-urias-romaniaonesta-nicusorpresedinte-nicu,2025-05-09,facebook-post,2025Q2 campanie + investitură,2,8,8,4.0,0.0,4,10.0,2.0,2,1.0,0.0,0.125
2025-05-09_la-multi-ani-europa-astazi-de-ziua-europei-celebram-nu-doar,2025-05-09,facebook-post,2025Q2 campanie + investitură,3,238,134,80.0,54.147945482723536,104,5.088235294117647,7.666666666666667,10,0.5630252100840336,75.11347517730496,0.40756302521008403
2025-05-09_la-multi-ani-europa-foto-inquam-photos-octav-ganea,2025-05-09,facebook-post,2025Q2 campanie + investitură,1,9,9,9.0,0.0,9,4.666666666666667,4.0,4,1.0,0.0,0.2222222222222222
2025-05-09_oamenii-se-uita-la-fapte-alegeriprezidentiale,2025-05-09,facebook-post,2025Q2 campanie + investitură,2,6,6,3.0,2.8284271247461903,1,6.666666666666667,1.5,2,1.0,0.0,0.3333333333333333
2025-05-09_pacea-se-obtine-prin-descurajarea-razboiului-romaniaonesta,2025-05-09,facebook-post,2025Q2 campanie + investitură,2,7,7,3.5,3.5355339059327378,1,7.428571428571429,0.6666666666666666,2,1.0,0.0,0.42857142857142855
2025-05-09_ucraina-trebuie-sa-aiba-parte-de-o-pace-justa-securitatenati,2025-05-09,facebook-post,2025Q2 campanie + investitură,2,11,11,5.5,4.949747468305833,2,7.0,2.5,3,1.0,0.0,0.36363636363636365
2025-05-10_astazi-10-mai-celebram-ziua-independentei-de-stat-a-romaniei,2025-05-10,facebook-post,2025Q2 campanie + investitură,10,147,83,15.2,14.164117417693989,35,5.115646258503402,3.6,8,0.564625850340136,52.59887005649718,0.4421768707482993
2025-05-10_de-ce-se-bucura-simion-de-pierderea-dreptului-romanilor-la-c,2025-05-10,facebook-post,2025Q2 campanie + investitură,1,16,15,16.0,0.0,16,4.5,6.0,6,0.9375,0.0,0.4375
2025-05-10_george-simion-si-a-dezvaluit-adevarata-fata-un-suveranist-de,2025-05-10,facebook-post,2025Q2 campanie + investitură,3,70,54,23.333333333333332,29.670411748631555,12,5.071428571428571,3.75,8,0.7714285714285715,85.75000000000003,0.5428571428571428
2025-05-10_o-tara-care-isi-doreste-sa-fie-sigura-si-in-care-legea-este,2025-05-10,facebook-post,2025Q2 campanie + investitură,7,111,78,16.0,11.846237095944574,27,5.225225225225225,3.25,7,0.7027027027027027,89.48837209302326,0.4774774774774775
2025-05-10_p-rerea-mea-despre-diaspora-diaspora-romaniaonesta-nicusorpr,2025-05-10,facebook-post,2025Q2 campanie + investitură,2,7,6,3.5,0.7071067811865476,3,8.857142857142858,2.0,2,0.8571428571428571,0.0,0.2857142857142857
2025-05-10_romania-nu-si-permite-sa-faca-un-experiment-sa-vada-cum-ar-f,2025-05-10,facebook-post,2025Q2 campanie + investitură,5,57,44,11.6,10.691117808723277,17,5.526315789473684,4.0,7,0.7719298245614035,69.97846153846153,0.5087719298245614
2025-05-11_atacurile-botilor-continua-si-nu-intamplator-sunt-vizate-pos,2025-05-11,facebook-post,2025Q2 campanie + investitură,3,55,45,18.333333333333332,3.5118845842842465,18,5.618181818181818,5.0,8,0.8181818181818182,84.70000000000003,0.4
2025-05-11_multumesc-araicu-ca-ai-ales-sa-fii-o-voce-in-fata-romanilor,2025-05-11,facebook-post,2025Q2 campanie + investitură,2,28,23,14.0,18.384776310850235,1,4.464285714285714,2.0,6,0.8214285714285714,0.0,0.5357142857142857
2025-05-11_multumesc-geluduminica-ca-ai-urcat-pe-scena-romaniainlumina,2025-05-11,facebook-post,2025Q2 campanie + investitură,3,31,27,10.333333333333334,8.144527815247077,14,6.0,2.25,5,0.8709677419354839,0.0,0.45161290322580644
2025-05-11_nu-putem-trece-cu-vederea-faptul-ca-george-simion-a-dat-sper,2025-05-11,facebook-post,2025Q2 campanie + investitură,3,49,36,16.333333333333332,17.21433511156714,9,4.387755102040816,3.5,9,0.7346938775510204,0.0,0.5306122448979592
2025-05-11_romania-are-nevoie-de-noi-toti-traim-vremuri-care-ne-pun-la,2025-05-11,facebook-post,2025Q2 campanie + investitură,10,89,64,8.9,5.279941077112298,16,5.022471910112359,3.3,6,0.7191011235955056,71.28503184713375,0.47191011235955055
2025-05-11_scoala-trebuie-sa-i-ajute-pe-copii-sa-si-dezvolte-gandirea-c,2025-05-11,facebook-post,2025Q2 campanie + investitură,2,15,14,7.5,6.363961030678928,3,6.466666666666667,3.0,4,0.9333333333333333,0.0,0.4666666666666667
2025-05-11_va-astept-in-piata-victoriei-incepand-cu-ora-18-00-romaniaco,2025-05-11,facebook-post,2025Q2 campanie + investitură,2,12,12,6.0,7.0710678118654755,1,6.75,1.5,3,1.0,0.0,0.5
2025-05-12_aceasta-este-diploma-mea-de-bacalaureat-in-original-varianta,2025-05-12,facebook-post,2025Q2 campanie + investitură,4,31,27,7.75,3.947573094109004,9,5.709677419354839,3.25,5,0.8709677419354839,0.0,0.41935483870967744
2025-05-12_credem-in-noi-si-in-romania-mai-avem-de-facut-un-ultim-efort,2025-05-12,facebook-post,2025Q2 campanie + investitură,3,17,15,6.0,4.0,6,4.882352941176471,2.3333333333333335,3,0.8823529411764706,0.0,0.4117647058823529
2025-05-12_echilibru-si-o-schimbare-in-bine-sau-haos-social-si-dezastru,2025-05-12,facebook-post,2025Q2 campanie + investitură,2,32,31,16.0,4.242640687119285,13,5.625,3.5,4,0.96875,0.0,0.40625
2025-05-12_impreuna-putem-construi-o-romanie-in-care-copiii-nostri-sa-r,2025-05-12,facebook-post,2025Q2 campanie + investitură,3,43,40,14.333333333333334,14.047538337136986,13,5.162790697674419,3.0,5,0.9302325581395349,0.0,0.5348837209302325
2025-05-12_intotdeauna-inainte-de-primar-sau-presedinte-voi-fi-un-om-pr,2025-05-12,facebook-post,2025Q2 campanie + investitură,4,44,39,11.0,6.6332495807108,12,5.431818181818182,3.25,5,0.8863636363636364,0.0,0.5454545454545454
2025-05-12_mari-si-mici-deopotriva-cu-acelasi-gand-romaniainlumina,2025-05-12,facebook-post,2025Q2 campanie + investitură,1,8,8,8.0,0.0,8,6.0,3.0,3,1.0,0.0,0.375
2025-05-12_multumesc-medeleanumelania-pentru-felul-in-care-in-care-ai-e,2025-05-12,facebook-post,2025Q2 campanie + investitură,2,14,12,7.0,7.0710678118654755,2,7.285714285714286,3.0,4,0.8571428571428571,0.0,0.5
2025-05-12_romania-are-nevoie-de-un-presedinte-curajos-care-se-prezinta,2025-05-12,facebook-post,2025Q2 campanie + investitură,3,22,21,7.333333333333333,6.8068592855540455,5,5.045454545454546,2.6666666666666665,5,0.9545454545454546,0.0,0.4090909090909091
2025-05-12_romania-onesta-este-schimbarea-care-ne-uneste-nicusordan,2025-05-12,facebook-post,2025Q2 campanie + investitură,1,8,8,8.0,0.0,8,6.125,3.0,3,1.0,0.0,0.5
2025-05-13_contracandidatul-meu-este-inca-dator-sa-explice-cine-sunt-pa,2025-05-13,facebook-post,2025Q2 campanie + investitură,2,15,14,7.5,9.192388155425117,1,5.933333333333334,2.5,4,0.9333333333333333,0.0,0.4666666666666667
2025-05-13_iti-multumesc-delia-grigore-pentru-ca-esti-vocea-romilor-din,2025-05-13,facebook-post,2025Q2 campanie + investitură,2,32,27,16.0,19.79898987322333,2,5.84375,3.5,5,0.84375,0.0,0.5625
2025-05-13_multe-am-invatat-de-la-domnul-victor-rebengiuc-ii-multumesc,2025-05-13,facebook-post,2025Q2 campanie + investitură,3,19,18,6.333333333333333,3.7859388972001824,8,5.157894736842105,2.6666666666666665,3,0.9473684210526315,0.0,0.5789473684210527
2025-05-13_niciodata-nu-am-suportat-nedreptatea-de-20-ani-lupt-pentru-d,2025-05-13,facebook-post,2025Q2 campanie + investitură,3,16,16,5.666666666666667,4.041451884327381,5,6.875,2.6666666666666665,5,1.0,0.0,0.375
2025-05-13_o-romanie-buna-pentru-toti-romanii-din-tara-din-diaspora-din,2025-05-13,facebook-post,2025Q2 campanie + investitură,2,18,16,9.0,5.656854249492381,5,6.388888888888889,2.5,3,0.8888888888888888,0.0,0.3333333333333333
2025-05-13_oana-gheorghiu-este-omul-care-a-strans-milioane-de-romani-in,2025-05-13,facebook-post,2025Q2 campanie + investitură,3,32,28,10.666666666666666,7.637626158259733,9,4.53125,3.0,4,0.875,0.0,0.4375
2025-05-13_totul-pleaca-de-la-educatie-un-popor-puternic-are-nevoie-de,2025-05-13,facebook-post,2025Q2 campanie + investitură,2,18,16,9.0,4.242640687119285,6,4.722222222222222,4.0,5,0.8888888888888888,0.0,0.3888888888888889
2025-05-13_vin-dintr-o-familie-simpla-dintr-un-oras-mic-al-romaniei-am,2025-05-13,facebook-post,2025Q2 campanie + investitură,4,37,30,9.25,6.238322424070967,11,4.864864864864865,1.8,4,0.8108108108108109,0.0,0.5945945945945946
2025-05-13_vom-redresa-economia-si-vom-pune-ordine-in-cheltuielile-stat,2025-05-13,facebook-post,2025Q2 campanie + investitură,3,19,18,6.333333333333333,5.033222956847166,7,6.0,1.25,3,0.9473684210526315,0.0,0.3157894736842105
2025-05-14_a-patra-dezbatere-consecutiva-a-patra-oara-cand-george-simio,2025-05-14,facebook-post,2025Q2 campanie + investitură,3,26,25,9.333333333333334,4.618802153517006,12,6.5,3.6666666666666665,5,0.9615384615384616,0.0,0.3076923076923077
2025-05-14_am-primit-cu-multa-emotie-si-recunostinta-mesajul-presedinte,2025-05-14,facebook-post,2025Q2 campanie + investitură,8,112,85,14.375,3.9618718519695424,17,5.785714285714286,4.375,6,0.7589285714285714,108.19892626571524,0.4107142857142857
2025-05-14_banii-folositi-de-stat-pentru-retetele-compensate-nu-sunt-si,2025-05-14,facebook-post,2025Q2 campanie + investitură,2,39,32,19.5,4.949747468305833,16,6.230769230769231,4.5,5,0.8205128205128205,0.0,0.38461538461538464
2025-05-14_george-simion-nu-fuge-doar-de-dezbatere-ci-si-de-propriii-su,2025-05-14,facebook-post,2025Q2 campanie + investitură,2,16,15,8.0,7.0710678118654755,3,5.875,1.3333333333333333,3,0.9375,0.0,0.375
2025-05-14_gicu-micu-din-spania-este-unul-dintre-milioanele-de-romani-c,2025-05-14,facebook-post,2025Q2 campanie + investitură,2,25,24,12.5,16.263455967290593,1,5.48,3.5,6,0.96,0.0,0.52
2025-05-14_ii-multumesc-prim-ministrului-poloniei-donald-tusk-pentru-ac,2025-05-14,facebook-post,2025Q2 campanie + investitură,2,68,51,34.0,5.656854249492381,30,5.279411764705882,7.0,8,0.75,76.16000000000001,0.4852941176470588
2025-05-14_insusi-omul-pe-care-isi-cladeste-campania-george-simion-spun,2025-05-14,facebook-post,2025Q2 campanie + investitură,3,31,28,10.333333333333334,5.507570547286102,10,5.903225806451613,3.0,5,0.9032258064516129,0.0,0.41935483870967744
2025-05-14_lapte-cu-mamaliga-amintiri-radacini,2025-05-14,facebook-post,2025Q2 campanie + investitură,1,5,5,5.0,0.0,5,6.2,4.0,4,1.0,0.0,0.2
2025-05-14_vocea-femeilor-trebuie-auzita-multumesc-din-inima-adagales-r,2025-05-14,facebook-post,2025Q2 campanie + investitură,3,9,9,3.0,1.7320508075688772,4,7.222222222222222,1.25,3,1.0,0.0,0.2222222222222222
2025-05-15_cine-pe-cine-ia-de-mana-imparte-sau-nu-george-simion-pareril,2025-05-15,facebook-post,2025Q2 campanie + investitură,6,32,24,5.333333333333333,3.669695718539436,9,4.65625,1.8571428571428572,3,0.75,0.0,0.5625
2025-05-15_contracandidatul-meu-minte-ca-o-gazeta-ruseasca-nu-exista-ni,2025-05-15,facebook-post,2025Q2 campanie + investitură,4,106,80,28.5,38.50973902793941,21,5.339622641509434,3.5,7,0.7547169811320755,85.64116885168222,0.4056603773584906
2025-05-15_este-intolerabil-sa-jignesti-sute-de-mii-de-copii-si-adulti,2025-05-15,facebook-post,2025Q2 campanie + investitură,6,130,95,22.333333333333332,5.391351098441528,26,5.476923076923077,5.333333333333333,7,0.7307692307692307,111.88736964078795,0.46153846153846156
2025-05-15_ii-multumesc-starului-imsebastianstan-care-a-castigat-globul,2025-05-15,facebook-post,2025Q2 campanie + investitură,2,39,35,19.5,21.920310216782973,4,5.871794871794871,3.5,5,0.8974358974358975,0.0,0.38461538461538464
2025-05-15_romania-are-speranta-drumul-spre-stabilitate-cere-seriozitat,2025-05-15,facebook-post,2025Q2 campanie + investitură,4,41,37,10.25,11.29527924990495,7,6.073170731707317,2.8,8,0.9024390243902439,0.0,0.36585365853658536
2025-05-15_simion-si-interlopii-spune-mi-cu-cine-umbli-ca-sa-iti-spun-c,2025-05-15,facebook-post,2025Q2 campanie + investitură,4,42,36,10.5,4.43471156521669,13,5.333333333333333,2.6,5,0.8571428571428571,0.0,0.4523809523809524
2025-05-15_simion-si-partidul-lui-despre-femei-felul-in-care-un-barbat,2025-05-15,facebook-post,2025Q2 campanie + investitură,4,64,46,16.0,10.862780491200215,19,4.65625,3.2,6,0.71875,64.0,0.4375
2025-05-15_suntem-o-familie-cu-doi-copii-minunati-cladita-pe-iubire-si,2025-05-15,facebook-post,2025Q2 campanie + investitură,2,33,27,17.0,4.242640687119285,14,4.212121212121212,4.5,5,0.8181818181818182,0.0,0.42424242424242425
2025-05-15_va-multumesc-pentru-sutele-de-mesaje-in-care-imi-spuneti-ca,2025-05-15,facebook-post,2025Q2 campanie + investitură,4,37,35,9.25,8.261355820929152,13,5.621621621621622,3.0,6,0.9459459459459459,0.0,0.5405405405405406
2025-05-16_am-insotit-un-grup-de-lucratori-dintr-un-depozit-la-iesirea,2025-05-16,facebook-post,2025Q2 campanie + investitură,3,34,29,11.333333333333334,7.371114795831994,14,5.176470588235294,3.6666666666666665,5,0.8529411764705882,0.0,0.5882352941176471
2025-05-16_cirese-si-bujori-de-la-oamenii-vrednici-e-plina-romania-de-e,2025-05-16,facebook-post,2025Q2 campanie + investitură,4,20,18,5.0,1.4142135623730951,5,5.9,3.0,4,0.9,0.0,0.45
2025-05-16_eu-si-credinta-s-au-spus-multe-minciuni-despre-mine-in-aceas,2025-05-16,facebook-post,2025Q2 campanie + investitură,4,44,36,11.0,4.760952285695233,14,4.681818181818182,2.4,5,0.8181818181818182,0.0,0.5
2025-05-16_final-de-campanie-o-campanie-onesta-pentru-o-romanie-onesta,2025-05-16,facebook-post,2025Q2 campanie + investitură,3,34,29,11.666666666666666,7.023769168568493,11,5.264705882352941,3.6666666666666665,6,0.8529411764705882,0.0,0.35294117647058826
2025-05-16_in-timp-ce-contracandidatul-meu-jignea-poporul-francez-chiar,2025-05-16,facebook-post,2025Q2 campanie + investitură,9,84,65,9.333333333333334,10.665364503850771,22,5.214285714285714,2.2222222222222223,7,0.7738095238095238,103.98315789473686,0.4166666666666667
2025-05-16_multumesc-andreeamarinromania-romaniaonesta-faravotpierdemto,2025-05-16,facebook-post,2025Q2 campanie + investitură,1,4,4,4.0,0.0,4,14.75,3.0,3,1.0,0.0,0.25
2025-05-16_multumesc-horiatecau-romaniaonesta-faravotpierdemtot,2025-05-16,facebook-post,2025Q2 campanie + investitură,1,4,4,4.0,0.0,4,12.5,3.0,3,1.0,0.0,0.25
2025-05-16_nu-voi-vota-omul-perfect-votez-omul-onest-multumesc-mihaimor,2025-05-16,facebook-post,2025Q2 campanie + investitură,3,17,16,5.666666666666667,2.0816659994661326,5,7.529411764705882,2.6666666666666665,3,0.9411764705882353,0.0,0.29411764705882354
2025-05-16_romania-care-munceste-merita-respect-si-sustinere-am-fost-la,2025-05-16,facebook-post,2025Q2 campanie + investitură,5,58,45,11.6,9.09945053286186,14,5.086206896551724,5.0,7,0.7758620689655172,72.45538461538462,0.3793103448275862
2025-05-16_romania-nu-are-nevoie-de-vanzatori-de-iluzii-romaniaonesta-n,2025-05-16,facebook-post,2025Q2 campanie + investitură,2,12,11,6.0,4.242640687119285,3,7.166666666666667,2.5,3,0.9166666666666666,0.0,0.3333333333333333
2025-05-16_sa-ne-ascultam-unii-pe-altii-sa-nu-ne-certam-ne-unim-si-impr,2025-05-16,facebook-post,2025Q2 campanie + investitură,3,19,16,6.333333333333333,4.041451884327381,7,4.947368421052632,2.0,3,0.8421052631578947,0.0,0.5263157894736842
2025-05-16_sunt-oamenii-care-duc-romania-in-toata-europa-pe-ploaie-nins,2025-05-16,facebook-post,2025Q2 campanie + investitură,2,29,27,14.5,17.67766952966369,2,6.068965517241379,3.5,5,0.9310344827586207,0.0,0.41379310344827586
2025-05-16_tractorul-porneste-si-pana-pe-camp-arzi-motorina-de-200-de-l,2025-05-16,facebook-post,2025Q2 campanie + investitură,4,37,31,9.5,4.358898943540674,12,4.891891891891892,3.75,5,0.8378378378378378,0.0,0.5405405405405406
2025-05-16_voluntarii-au-fost-inima-campaniei-noastre-o-inima-care-bate,2025-05-16,facebook-post,2025Q2 campanie + investitură,4,17,15,4.25,1.707825127659933,5,6.176470588235294,1.75,2,0.8823529411764706,0.0,0.5294117647058824
2025-05-17_astazi-am-fost-invitat-de-studentii-din-grozavesti-la-o-lect,2025-05-17,facebook-post,2025Q2 campanie + investitură,2,16,14,8.0,7.0710678118654755,3,4.375,2.0,3,0.875,0.0,0.5625
2025-05-17_continuati-sa-credeti-in-romania-si-iesiti-la-vot-nu-e-o-ale,2025-05-17,facebook-post,2025Q2 campanie + investitură,2,24,23,12.5,4.949747468305833,9,4.625,4.0,5,0.9583333333333334,0.0,0.5
2025-05-17_dragi-romani-din-diaspora-dreptul-vostru-alegerea-voastra-do,2025-05-17,facebook-post,2025Q2 campanie + investitură,3,32,27,10.666666666666666,9.291573243177568,8,4.3125,3.6666666666666665,7,0.84375,0.0,0.5625
2025-05-17_gust-romanesc-nimic-nu-se-compara-cu-legumele-proaspete-de-l,2025-05-17,facebook-post,2025Q2 campanie + investitură,2,20,20,10.0,12.727922061357855,1,5.55,2.0,4,1.0,0.0,0.35
2025-05-17_maine-este-o-zi-importanta-pentru-romania-si-trebuie-sa-cont,2025-05-17,facebook-post,2025Q2 campanie + investitură,1,18,16,18.0,0.0,18,4.555555555555555,6.0,6,0.8888888888888888,0.0,0.5555555555555556
2025-05-17_romania-poate-fi-din-nou-locul-in-care-femeile-aleg-sa-raman,2025-05-17,facebook-post,2025Q2 campanie + investitură,1,29,26,29.0,0.0,29,3.9310344827586206,6.0,6,0.896551724137931,0.0,0.7241379310344828
2025-05-18_a-fost-o-mobilizare-fara-precedent-si-de-aceea-victoria-este,2025-05-18,facebook-post,2025Q2 campanie + investitură,4,74,54,18.5,11.67618659209133,19,4.621621621621622,3.4,6,0.7297297297297297,67.81167479674798,0.5945945945945946
2025-05-18_am-plecat-spre-fagaras-cu-mic-cu-mare-votul-este-despre-noi,2025-05-18,facebook-post,2025Q2 campanie + investitură,4,35,28,8.75,5.678908345800274,8,4.0285714285714285,2.75,3,0.8,0.0,0.5142857142857142
2025-05-18_am-votat-astazi-la-fagaras-in-orasul-meu-natal-in-scoala-in,2025-05-18,facebook-post,2025Q2 campanie + investitură,8,184,94,23.125,9.642724866817618,29,4.315217391304348,5.875,12,0.5108695652173914,47.953800298062596,0.5978260869565217
2025-05-18_cand-te-intorci-acasa-stii-ca-ai-radacini-dar-si-ca-porti-o,2025-05-18,facebook-post,2025Q2 campanie + investitură,2,16,15,8.0,2.8284271247461903,6,3.5,1.5,2,0.9375,0.0,0.625
2025-05-18_cu-nostalgie-si-incredere-in-generatiile-tinere-de-azi-va-in,2025-05-18,facebook-post,2025Q2 campanie + investitură,2,17,17,8.5,6.363961030678928,4,4.588235294117647,2.5,4,1.0,0.0,0.5294117647058824
2025-05-18_fiecare-vot-conteaza-iesim-la-vot-astazi-ca-sa-nu-regretam-m,2025-05-18,facebook-post,2025Q2 campanie + investitură,2,12,11,6.0,4.242640687119285,3,4.416666666666667,2.0,2,0.9166666666666666,0.0,0.3333333333333333
2025-05-18_important-daca-ora-21-00-va-prinde-la-sectia-de-votare-aveti,2025-05-18,facebook-post,2025Q2 campanie + investitură,3,29,25,9.666666666666666,7.505553499465135,14,4.413793103448276,3.0,4,0.8620689655172413,0.0,0.5517241379310345
2025-05-18_multumesc-ne-vedem-in-cateva-minute-la-cismigiu,2025-05-18,facebook-post,2025Q2 campanie + investitură,2,8,8,4.0,4.242640687119285,1,5.0,2.0,2,1.0,0.0,0.625
2025-05-18_putem-schimba-lumea-in-primul-rand-cu-implicare-e-timpul-vos,2025-05-18,facebook-post,2025Q2 campanie + investitură,3,10,10,3.6666666666666665,1.1547005383792515,3,4.7,1.6666666666666667,2,1.0,0.0,0.4
2025-05-18_raman-recunoscator-fiecarui-roman-care-alege-sa-si-exercite,2025-05-18,facebook-post,2025Q2 campanie + investitură,2,16,15,8.0,5.656854249492381,4,4.875,2.5,4,0.9375,0.0,0.6875
2025-05-18_romaniaonesta-e-foarte-aproape-sa-se-implineasca-asteptam-nu,2025-05-18,facebook-post,2025Q2 campanie + investitură,2,12,12,6.0,1.4142135623730951,5,6.5,2.5,3,1.0,0.0,0.4166666666666667
2025-05-18_un-gand-special-de-recunostinta-si-multumiri-cetatenilor-rom,2025-05-18,facebook-post,2025Q2 campanie + investitură,4,38,33,9.5,6.027713773341708,12,6.2894736842105265,2.4,5,0.868421052631579,0.0,0.39473684210526316
2025-05-18_votam-azi-ca-sa-nu-ne-para-rau-maine,2025-05-18,facebook-post,2025Q2 campanie + investitură,1,9,9,9.0,0.0,9,3.111111111111111,3.0,3,1.0,0.0,0.4444444444444444
2025-05-18_votul-este-un-drept-dar-si-o-responsabilitate-tu-decizi-pent,2025-05-18,facebook-post,2025Q2 campanie + investitură,2,12,11,6.0,2.8284271247461903,4,4.916666666666667,2.0,2,0.9166666666666666,0.0,0.6666666666666666
2025-05-21_am-avut-o-prima-discutie-informala-cu-presedinta-parlamentul,2025-05-21,facebook-post,2025Q2 campanie + investitură,2,23,20,11.5,2.1213203435596424,10,5.521739130434782,3.0,4,0.8695652173913043,0.0,0.30434782608695654
2025-05-21_prioritatea-principala-in-aceasta-perioada-este-corectarea-d,2025-05-21,facebook-post,2025Q2 campanie + investitură,3,70,57,23.333333333333332,3.7859388972001824,25,5.985714285714286,6.333333333333333,7,0.8142857142857143,105.53846153846155,0.38571428571428573
2025-05-22_am-fost-bucuros-sa-particip-la-gala-repatriot-un-eveniment-d,2025-05-22,facebook-post,2025Q2 campanie + investitură,4,65,45,16.25,14.930394055974098,19,5.061538461538461,5.25,9,0.6923076923076923,57.54587155963303,0.5230769230769231
2025-05-22_astazi-am-primit-validarea-mandatului-de-presedinte-al-roman,2025-05-22,facebook-post,2025Q2 campanie + investitură,7,81,62,11.714285714285714,6.156684327197709,15,5.802469135802469,4.0,6,0.7654320987654321,96.68842105263157,0.4444444444444444
2025-05-23_dragi-bucuresteni-orasul-apartine-oamenilor-nu-functiilor-ia,2025-05-23,facebook-post,2025Q2 campanie + investitură,9,183,117,20.333333333333332,18.9010581714358,31,5.808743169398907,4.777777777777778,10,0.639344262295082,95.91834677419355,0.41530054644808745
2025-05-24_investitia-in-educatia-tinerilor-ii-va-ajuta-pe-ei-sa-creasc,2025-05-24,facebook-post,2025Q2 campanie + investitură,8,155,105,19.5,6.502746672423452,25,5.690322580645161,4.666666666666667,7,0.6774193548387096,102.32184107184106,0.44516129032258067
2025-05-24_romania-continuam-pe-drumul-democratic-pro-european-si-trans,2025-05-24,facebook-post,2025Q2 campanie + investitură,20,267,148,13.4,6.142175167599316,23,5.164794007490637,4.523809523809524,9,0.5543071161048689,60.45187952898551,0.49812734082397003
2025-05-25_am-ajuns-la-varsovia-unde-am-o-prima-discutie-cu-prim-minist,2025-05-25,facebook-post,2025Q2 campanie + investitură,2,18,16,9.0,7.0710678118654755,4,3.7222222222222223,3.0,5,0.8888888888888888,0.0,0.3333333333333333
2025-05-25_am-avut-astazi-o-discutie-utila-si-foarte-placuta-cu-o-parte,2025-05-25,facebook-post,2025Q2 campanie + investitură,4,83,56,21.25,8.770214744615247,26,5.662650602409639,5.0,7,0.6746987951807228,47.475771722216194,0.4457831325301205
2025-05-25_am-participat-astazi-cu-emotie-si-speranta-la-marsul-milionu,2025-05-25,facebook-post,2025Q2 campanie + investitură,6,107,77,18.0,16.661332479726823,29,4.672897196261682,3.1666666666666665,7,0.719626168224299,91.80113636363636,0.42990654205607476
2025-05-25_cu-ocazia-zilei-romanilor-de-pretutindeni-gandurile-mele-se,2025-05-25,facebook-post,2025Q2 campanie + investitură,5,89,69,17.8,12.397580409095962,21,5.235955056179775,4.0,6,0.7752808988764045,110.894,0.5056179775280899
2025-05-26_astazi-am-depus-juramantul-in-fata-parlamentului-romaniei-ca,2025-05-26,facebook-post,2025Q2 campanie + investitură,12,114,81,9.583333333333334,7.153617436251565,20,5.026315789473684,2.5833333333333335,5,0.7105263157894737,114.0,0.42105263157894735
2025-05-28_am-fost-onorat-sa-port-o-discutie-cu-presedintele-donald-tru,2025-05-28,facebook-post,2025Q2 campanie + investitură,3,77,55,25.666666666666668,9.018499505645789,25,5.454545454545454,4.666666666666667,6,0.7142857142857143,77.0,0.4805194805194805
2025-05-29_decizia-surprinzatoare-a-curtii-constitutionale-anuntata-ast,2025-05-29,facebook-post,2025Q2 campanie + investitură,3,71,54,23.666666666666668,3.0550504633038935,23,6.633802816901408,5.333333333333333,6,0.7605633802816901,83.02823529411765,0.39436619718309857
2025-05-29_gandurile-mele-se-indreapta-catre-familiile-lovite-de-inunda,2025-05-29,facebook-post,2025Q2 campanie + investitură,6,115,85,19.166666666666668,13.51172330484408,31,6.0,4.833333333333333,8,0.7391304347826086,123.43333333333332,0.41739130434782606
2025-05-31_am-fost-astazi-in-comuna-bacel-grav-afectata-de-inundatii-am,2025-05-31,facebook-post,2025Q2 campanie + investitură,6,80,58,13.333333333333334,3.8815804341359033,18,5.15,4.0,5,0.725,81.45454545454545,0.4875
2025-05-31_astazi-am-fost-la-praid-alaturi-de-o-comunitate-profund-afec,2025-05-31,facebook-post,2025Q2 campanie + investitură,11,126,88,11.545454545454545,5.027198750072179,18,5.261904761904762,3.727272727272727,5,0.6984126984126984,106.55555555555556,0.4444444444444444
2025-06-01_astazi-de-1-iunie-celebram-inocenta-bucuria-si-speranta-pe-c,2025-06-01,facebook-post,2025Q3 deficit + reforma economică,7,143,84,20.571428571428573,18.155413727564778,38,4.426573426573427,5.0,10,0.5874125874125874,60.48829525089605,0.5664335664335665
2025-06-02_am-incheiat-astazi-un-summit-b9-important-la-vilnius-alaturi,2025-06-02,facebook-post,2025Q3 deficit + reforma economică,7,128,87,18.285714285714285,6.993193970194299,23,5.4765625,4.285714285714286,5,0.6796875,97.27969279692799,0.4609375
2025-06-04_astazi-am-prezentat-principalele-teme-care-se-afla-pe-agenda,2025-06-04,facebook-post,2025Q3 deficit + reforma economică,14,211,136,15.357142857142858,17.135689893665447,35,5.800947867298579,3.5,7,0.6445497630331753,108.8468571388887,0.3791469194312796
2025-06-08_astazi-romania-a-celebrat-o-pe-una-dintre-cele-mai-mari-spor,2025-06-08,facebook-post,2025Q3 deficit + reforma economică,6,58,50,9.666666666666666,12.863384728238003,10,4.275862068965517,2.1666666666666665,4,0.8620689655172413,117.73999999999997,0.4827586206896552
2025-06-10_i-am-urat-un-calduros-bun-venit-in-romania-majestatii-sale-f,2025-06-10,facebook-post,2025Q3 deficit + reforma economică,5,149,102,30.0,2.0,31,5.2885906040268456,7.2,9,0.6845637583892618,114.83349654001827,0.48322147651006714
2025-06-10_impreuna-suntem-mai-puternici-republicamoldova-romania,2025-06-10,facebook-post,2025Q3 deficit + reforma economică,2,6,6,3.0,1.4142135623730951,2,8.166666666666666,1.5,2,1.0,0.0,0.16666666666666666
2025-06-10_ma-bucur-sa-ma-aflu-astazi-la-chisinau-in-prima-mea-vizita-o,2025-06-10,facebook-post,2025Q3 deficit + reforma economică,3,70,48,23.666666666666668,5.033222956847166,23,5.228571428571429,4.666666666666667,5,0.6857142857142857,50.63257222739981,0.4714285714285714
2025-06-10_participare-la-evenimentul-viitorul-european-comun-al-romani,2025-06-10,facebook-post,2025Q3 deficit + reforma economică,1,19,17,19.0,0.0,19,6.421052631578948,5.0,5,0.8947368421052632,0.0,0.21052631578947367
2025-06-11_astazi-la-odesa-am-avut-o-discutie-foarte-buna-cu-reprezenta,2025-06-11,facebook-post,2025Q3 deficit + reforma economică,6,79,63,13.166666666666666,8.908797150382686,18,5.670886075949367,3.8333333333333335,6,0.7974683544303798,109.21750000000003,0.4050632911392405
2025-06-11_astazi-la-odesa-in-marja-summitului-ucraina-europa-de-sud-es,2025-06-11,facebook-post,2025Q3 deficit + reforma economică,3,109,80,37.0,42.15447781671598,20,6.743119266055046,4.0,7,0.7339449541284404,114.71310344827589,0.27522935779816515
2025-06-13_mineriada-din-13-15-iunie-1990-ramane-unul-dintre-cele-mai-d,2025-06-13,facebook-post,2025Q3 deficit + reforma economică,5,103,76,21.0,9.539392014169456,30,5.029126213592233,5.4,8,0.7378640776699029,101.33894689870594,0.5048543689320388
2025-06-16_i-am-invitat-astazi-la-palatul-cotroceni-pe-reprezentantii-s,2025-06-16,facebook-post,2025Q3 deficit + reforma economică,4,102,84,25.5,10.661457061146317,26,5.352941176470588,4.4,6,0.8235294117647058,161.83999999999997,0.45098039215686275
2025-06-18_romania-se-confrunta-cu-un-nivel-ingrijorator-de-violenta-im,2025-06-18,facebook-post,2025Q3 deficit + reforma economică,16,229,140,14.5,12.027745701779143,27,5.362445414847161,3.588235294117647,8,0.611353711790393,86.74242424242425,0.4366812227074236
2025-06-20_l-am-desemnat-astazi-pe-domnul-ilie-bolojan-in-functia-de-pr,2025-06-20,facebook-post,2025Q3 deficit + reforma economică,12,159,99,13.25,6.001893640571055,21,4.949685534591195,3.75,6,0.6226415094339622,84.17798977028937,0.4591194968553459
2025-06-25_a-fost-o-reala-onoare-sa-ma-intalnesc-cu-prim-ministrul-rega,2025-06-25,facebook-post,2025Q3 deficit + reforma economică,9,83,59,9.222222222222221,12.255384304233159,26,5.0602409638554215,2.0,7,0.7108433734939759,72.07894736842105,0.3373493975903614
2025-06-25_am-avut-o-intalnire-productiva-si-consistenta-cu-presedintel,2025-06-25,facebook-post,2025Q3 deficit + reforma economică,11,100,66,9.090909090909092,10.894535744624875,22,5.55,2.090909090909091,6,0.66,51.41509433962264,0.38
2025-06-25_am-avut-o-intrevedere-foarte-buna-cu-presedintele-petr-pavel,2025-06-25,facebook-post,2025Q3 deficit + reforma economică,4,66,51,16.5,7.681145747868608,23,6.287878787878788,3.4,6,0.7727272727272727,59.781485122897806,0.36363636363636365
2025-06-25_natosummit-usa-presidenttrump-romania,2025-06-25,facebook-post,2025Q3 deficit + reforma economică,2,4,4,2.0,1.4142135623730951,1,8.5,1.0,2,1.0,0.0,0.0
2025-06-26_am-avut-o-prima-intalnire-cu-membrii-romani-ai-parlamentului,2025-06-26,facebook-post,2025Q3 deficit + reforma economică,3,70,49,23.333333333333332,12.055427546683417,22,5.014285714285714,5.666666666666667,8,0.7,52.861806311207836,0.4142857142857143
2025-06-26_am-avut-un-dialog-foarte-bun-cu-presedintele-consiliului-eur,2025-06-26,facebook-post,2025Q3 deficit + reforma economică,5,54,40,10.8,13.79130160644745,21,5.018518518518518,2.4,7,0.7407407407407407,43.866953642384104,0.3333333333333333
2025-07-02_am-aflat-cu-profunda-tristete-vestea-disparitiei-lui-mihai-l,2025-07-02,facebook-post,2025Q3 deficit + reforma economică,6,85,65,14.166666666666666,8.084965470963168,21,5.141176470588236,4.833333333333333,7,0.7647058823529411,101.14999999999999,0.43529411764705883
2025-07-08_l-am-numit-astazi-pe-dacian-cosmin-dragos-in-functia-de-jude,2025-07-08,facebook-post,2025Q3 deficit + reforma economică,6,184,106,30.833333333333332,12.464616587230699,38,6.157608695652174,7.0,9,0.5760869565217391,67.81523699588774,0.4076086956521739
2025-07-14_asa-cum-am-promis-am-publicat-astazi-pe-site-ul-administrati,2025-07-14,facebook-post,2025Q3 deficit + reforma economică,2,46,40,23.0,11.313708498984761,15,7.891304347826087,5.0,5,0.8695652173913043,0.0,0.41304347826086957
2025-07-14_masurile-fiscale-adoptate-acum-reprezinta-o-situatie-provizo,2025-07-14,facebook-post,2025Q3 deficit + reforma economică,9,225,127,25.22222222222222,12.447668233225228,40,5.062222222222222,4.7,11,0.5644444444444444,86.64021428267631,0.4533333333333333
2025-07-18_am-avut-o-intalnire-foarte-buna-cu-cancelarul-federal-al-ger,2025-07-18,facebook-post,2025Q3 deficit + reforma economică,4,111,81,28.25,15.5,33,5.54054054054054,5.25,7,0.7297297297297297,86.81875471698113,0.36036036036036034
2025-07-21_ii-indemn-pe-cei-care-inca-se-indoiesc-de-interferentele-rus,2025-07-21,facebook-post,2025Q3 deficit + reforma economică,5,155,100,31.8,19.75348070594142,46,8.27741935483871,6.0,10,0.6451612903225806,112.22477064220183,0.47096774193548385
2025-07-22_ma-ingrijoreaza-profund-rezultatele-studiului-prezentat-asta,2025-07-22,facebook-post,2025Q3 deficit + reforma economică,8,222,150,28.0,24.703961509962614,41,5.563063063063063,5.75,10,0.6756756756756757,143.3743041973823,0.4189189189189189
2025-07-24_ieri-am-avut-o-intalnire-cu-ministrul-mediului-diana-buzoian,2025-07-24,facebook-post,2025Q3 deficit + reforma economică,5,141,91,28.4,12.033287165193059,32,5.468085106382978,6.4,8,0.6453900709219859,76.29458562956751,0.4397163120567376
2025-07-25_am-avut-o-intalnire-constructiva-cu-reprezentanti-ai-mediulu,2025-07-25,facebook-post,2025Q3 deficit + reforma economică,4,75,59,19.0,1.8257418583505538,20,6.52,4.5,5,0.7866666666666666,71.4748475609756,0.38666666666666666
2025-07-25_austria-si-romania-intra-intr-un-nou-capitol-al-relatiei-bil,2025-07-25,facebook-post,2025Q3 deficit + reforma economică,2,49,37,25.0,0.0,25,4.63265306122449,4.5,5,0.7551020408163265,0.0,0.46938775510204084
2025-07-26_in-cadrul-intalnirii-de-astazi-cu-cancelarul-federal-al-aust,2025-07-26,facebook-post,2025Q3 deficit + reforma economică,4,95,75,23.75,12.311918344975057,31,5.5473684210526315,4.75,7,0.7894736842105263,126.35000000000002,0.3368421052631579
2025-07-27_alaturi-de-austria-al-treilea-mare-investitor-din-romania-in,2025-07-27,facebook-post,2025Q3 deficit + reforma economică,1,34,31,36.0,0.0,36,5.970588235294118,9.0,9,0.9117647058823529,0.0,0.35294117647058826
2025-07-28_astazi-am-avut-placerea-de-a-l-primi-la-palatul-cotroceni-pe,2025-07-28,facebook-post,2025Q3 deficit + reforma economică,4,96,73,24.5,15.7797338380595,23,5.427083333333333,6.25,9,0.7604166666666666,112.19478260869565,0.3958333333333333
2025-07-29_sunt-profund-afectat-de-pierderile-de-vieti-omenesti-si-de-d,2025-07-29,facebook-post,2025Q3 deficit + reforma economică,8,149,108,18.625,8.617880084037903,25,6.0134228187919465,4.875,7,0.7248322147651006,150.30829268292683,0.4429530201342282
2025-07-30_astazi-comemorand-ziua-internationala-pentru-lupta-impotriva,2025-07-30,facebook-post,2025Q3 deficit + reforma economică,3,151,105,50.333333333333336,16.010413278030438,51,5.509933774834437,6.666666666666667,7,0.695364238410596,103.05159426225859,0.4768211920529801
2025-07-30_este-total-aberant-ca-pensia-pe-care-o-ia-un-magistrat-sa-fi,2025-07-30,facebook-post,2025Q3 deficit + reforma economică,14,230,133,16.571428571428573,10.903170221505343,24,5.030434782608696,5.285714285714286,10,0.5782608695652174,94.59907120743034,0.5217391304347826
2025-07-31_astazi-in-ziua-europeana-de-comemorare-a-holocaustului-impot,2025-07-31,facebook-post,2025Q3 deficit + reforma economică,5,122,82,24.4,15.15915564930976,31,5.319672131147541,6.0,11,0.6721311475409836,87.69060600363477,0.4426229508196721
2025-08-10_astazi-am-facut-o-drumetie-in-natura-iar-copiii-au-fost-cei,2025-08-10,facebook-post,2025Q3 deficit + reforma economică,2,15,14,7.5,9.192388155425117,1,4.666666666666667,1.0,3,0.9333333333333333,0.0,0.4
2025-08-10_orheiul-vechi-a-rasunat-de-muzica-folk-la-festivalul-lupilor,2025-08-10,facebook-post,2025Q3 deficit + reforma economică,2,19,19,9.5,4.949747468305833,6,6.368421052631579,2.5,3,1.0,0.0,0.3684210526315789
2025-08-12_aceste-zile-petrecute-dincolo-de-prut-ne-au-reamintit-cat-de,2025-08-12,facebook-post,2025Q3 deficit + reforma economică,2,38,33,19.0,0.0,19,5.2894736842105265,4.5,5,0.868421052631579,0.0,0.47368421052631576
2025-08-12_salut-eforturile-presedintelui-donald-trump-de-a-contribui-l,2025-08-12,facebook-post,2025Q3 deficit + reforma economică,3,97,69,32.333333333333336,5.8594652770823155,30,5.762886597938144,7.666666666666667,9,0.711340206185567,88.57986111111111,0.4329896907216495
2025-08-13_am-participat-astazi-la-videoconferinta-coalitiei-de-vointa,2025-08-13,facebook-post,2025Q3 deficit + reforma economică,4,128,77,32.0,17.60681686165901,26,5.0546875,5.75,7,0.6015625,59.010395010395015,0.484375
2025-08-17_astazi-in-cadrul-unei-noi-videoconferinte-a-coalitiei-de-voi,2025-08-17,facebook-post,2025Q3 deficit + reforma economică,11,212,121,19.363636363636363,10.782140114770604,32,5.514150943396227,4.090909090909091,6,0.5707547169811321,84.333273671022,0.4669811320754717
2025-08-17_cele-mai-frumoase-locuri-pe-care-le-am-vizitat-cu-familia-su,2025-08-17,facebook-post,2025Q3 deficit + reforma economică,1,28,26,28.0,0.0,28,4.714285714285714,5.0,5,0.9285714285714286,0.0,0.5714285714285714
2025-08-18_o-veste-buna-agentia-de-rating-fitch-a-confirmat-vineri-rati,2025-08-18,facebook-post,2025Q3 deficit + reforma economică,5,71,47,14.8,8.555699854482976,21,5.704225352112676,3.6,6,0.6619718309859155,47.8472273406133,0.3380281690140845
2025-08-18_rusia-nu-isi-doreste-pacea-in-cadrul-coalitiei-pentru-vointa,2025-08-18,facebook-post,2025Q3 deficit + reforma economică,3,40,34,13.333333333333334,18.009256878986797,5,5.275,3.3333333333333335,8,0.85,0.0,0.45
2025-08-19_astazi-la-videoconferintele-coalitiei-de-vointa-si-ale-consi,2025-08-19,facebook-post,2025Q3 deficit + reforma economică,3,44,38,14.666666666666666,11.846237095944574,21,6.0227272727272725,3.6666666666666665,5,0.8636363636363636,0.0,0.4318181818181818
2025-08-19_videoconferintele-coalitiei-de-vointa-si-ale-consiliului-eur,2025-08-19,facebook-post,2025Q3 deficit + reforma economică,11,163,107,14.818181818181818,7.8589844358947785,23,5.957055214723926,4.181818181818182,6,0.656441717791411,95.43032113858226,0.4294478527607362
2025-08-20_mult-respect-si-recunostinta-pentru-militarii-din-comandamen,2025-08-20,facebook-post,2025Q3 deficit + reforma economică,4,37,30,9.25,7.365459931328117,12,6.27027027027027,2.8,6,0.8108108108108109,0.0,0.4864864864864865
2025-08-21_am-avut-parte-de-o-primire-calduroasa-la-rosia-montana-trebu,2025-08-21,facebook-post,2025Q3 deficit + reforma economică,2,31,28,15.5,7.7781745930520225,10,5.580645161290323,5.5,8,0.9032258064516129,0.0,0.3870967741935484
2025-08-26_m-am-intalnit-astazi-la-palatul-cotroceni-cu-diplomatii-roma,2025-08-26,facebook-post,2025Q3 deficit + reforma economică,11,253,141,23.181818181818183,7.613385341859189,32,5.509881422924901,6.0,10,0.5573122529644269,104.72946800117569,0.49407114624505927
2025-08-28_condamn-cu-fermitate-agresiunea-asupra-unui-tanar-venit-la-m,2025-08-28,facebook-post,2025Q3 deficit + reforma economică,11,183,132,16.636363636363637,7.159227992915539,26,5.344262295081967,4.2727272727272725,6,0.7213114754098361,183.0,0.4644808743169399
2025-08-31_astazi-am-avut-onoarea-de-a-fi-prezent-la-marea-dictare-nati,2025-08-31,facebook-post,2025Q3 deficit + reforma economică,6,91,65,15.166666666666666,5.564770136013406,21,5.43956043956044,4.166666666666667,6,0.7142857142857143,58.44396551724138,0.42857142857142855
2025-08-31_participare-alaturi-de-presedintele-republicii-moldova-maia,2025-08-31,facebook-post,2025Q3 deficit + reforma economică,2,21,19,10.5,12.020815280171307,2,6.333333333333333,2.5,4,0.9047619047619048,0.0,0.19047619047619047
2025-09-01_astazi-i-am-urat-bun-venit-pe-tarmul-marii-negre-doamnei-pre,2025-09-01,facebook-post,2025Q4 stabilizare + diplomație,5,131,95,26.2,5.357238094391549,30,6.061068702290076,5.8,8,0.7251908396946565,133.47444444444446,0.31297709923664124
2025-09-01_ii-multumesc-lui-manfred-weber-pentru-vizita-de-astazi-de-la,2025-09-01,facebook-post,2025Q4 stabilizare + diplomație,4,63,54,15.75,14.244882121894399,14,5.365079365079365,3.4,6,0.8571428571428571,123.47999999999998,0.4126984126984127
2025-09-02_ieri-la-malul-marii-negre-am-intampinat-o-pe-ursula-von-der,2025-09-02,facebook-post,2025Q4 stabilizare + diplomație,5,57,47,11.4,8.142481194328912,15,5.052631578947368,3.0,6,0.8245614035087719,90.97200000000002,0.3508771929824561
2025-09-03_am-semnat-astazi-cu-respect-si-consideratie-decretul-de-deco,2025-09-03,facebook-post,2025Q4 stabilizare + diplomație,5,86,68,17.2,15.023315213360863,26,6.1976744186046515,4.2,7,0.7906976744186046,115.04888888888887,0.27906976744186046
2025-09-03_astazi-am-marcat-un-moment-important-pentru-securitatea-ener,2025-09-03,facebook-post,2025Q4 stabilizare + diplomație,16,248,141,15.875,8.777812939451376,24,5.82258064516129,4.0625,7,0.5685483870967742,85.13902518552274,0.4032258064516129
2025-09-03_m-am-bucurat-sa-il-primesc-astazi-la-palatul-cotroceni-pe-pr,2025-09-03,facebook-post,2025Q4 stabilizare + diplomație,3,104,71,34.666666666666664,17.61628034896508,40,5.586538461538462,6.666666666666667,8,0.6826923076923077,97.71980676328502,0.49038461538461536
2025-09-10_am-avut-astazi-o-intalnire-importanta-cu-reprezentantii-inve,2025-09-10,facebook-post,2025Q4 stabilizare + diplomație,5,84,66,17.0,5.477225575051661,20,6.25,4.8,7,0.7857142857142857,109.76,0.34523809523809523
2025-09-15_am-avut-astazi-o-discutie-excelenta-cu-secretarul-general-al,2025-09-15,facebook-post,2025Q4 stabilizare + diplomație,8,144,103,18.0,8.451542547285166,19,5.708333333333333,4.5,7,0.7152777777777778,108.34738445911631,0.375
2025-09-16_cercetarea-prezentata-azi-de-procurorul-general-reprezinta-o,2025-09-16,facebook-post,2025Q4 stabilizare + diplomație,5,117,75,23.8,12.11197754291181,31,5.452991452991453,5.0,6,0.6410256410256411,74.63091145396614,0.5042735042735043
2025-09-17_curtea-constitutionala-a-admis-astazi-sesizarea-pe-care-am-f,2025-09-17,facebook-post,2025Q4 stabilizare + diplomație,4,167,106,41.75,41.556186863891476,34,5.616766467065868,6.25,9,0.6347305389221557,100.02053348685475,0.4311377245508982
2025-09-23_am-avut-astazi-o-intalnire-cu-liderii-coalitiei-de-guvernare,2025-09-23,facebook-post,2025Q4 stabilizare + diplomație,5,141,95,28.2,12.19426094521517,38,5.808510638297872,7.2,11,0.6737588652482269,80.66661958977924,0.4397163120567376
2025-09-24_astazi-am-avut-o-intalnire-foarte-buna-la-palatul-cotroceni,2025-09-24,facebook-post,2025Q4 stabilizare + diplomație,5,87,60,17.4,8.018728078691781,23,6.310344827586207,4.4,7,0.6896551724137931,49.018656716417915,0.3793103448275862
2025-09-24_legatura-dintre-romania-si-republica-moldova-nu-este-doar-un,2025-09-24,facebook-post,2025Q4 stabilizare + diplomație,6,82,65,14.166666666666666,10.342469079802301,22,7.414634146341464,3.5,7,0.7926829268292683,110.74823529411768,0.43902439024390244
2025-09-26_sunt-profund-indurerat-de-tragedia-petrecuta-la-spitalul-de,2025-09-26,facebook-post,2025Q4 stabilizare + diplomație,10,188,120,19.1,6.951418720104711,25,5.558510638297872,5.2,7,0.6382978723404256,95.65895140824823,0.4574468085106383
2025-09-28_dragi-basarabeni-din-romania-astazi-este-o-zi-importanta-pen,2025-09-28,facebook-post,2025Q4 stabilizare + diplomație,3,37,34,12.333333333333334,1.1547005383792515,13,5.162162162162162,4.333333333333333,7,0.918918918918919,0.0,0.43243243243243246
2025-09-29_cu-ocazia-implinirii-a-30-de-ani-de-la-infiintarea-aliantei,2025-09-29,facebook-post,2025Q4 stabilizare + diplomație,5,154,90,31.6,36.177340974704045,35,5.3896103896103895,6.4,10,0.5844155844155844,57.846914231056786,0.5
2025-09-29_felicit-cetatenii-republicii-moldova-pentru-mobilizare-si-pe,2025-09-29,facebook-post,2025Q4 stabilizare + diplomație,5,79,57,15.8,7.049822692805827,18,5.481012658227848,4.0,5,0.7215189873417721,79.21545454545455,0.4430379746835443
2025-09-30_am-vizitat-azi-la-timisoara-doua-companii-care-folosesc-inte,2025-09-30,facebook-post,2025Q4 stabilizare + diplomație,6,102,82,17.166666666666668,11.267948645013727,30,5.1568627450980395,3.6666666666666665,5,0.803921568627451,145.65600000000003,0.4215686274509804
2025-09-30_in-luna-iulie-am-spus-ca-administratia-prezidentiala-va-cont,2025-09-30,facebook-post,2025Q4 stabilizare + diplomație,8,136,87,17.5,4.898979485566356,22,5.286764705882353,4.625,6,0.6397058823529411,69.05426356589147,0.4485294117647059
2025-09-30_marile-orase-europene-sunt-motoarele-dezvoltarii-insa-de-pre,2025-09-30,facebook-post,2025Q4 stabilizare + diplomație,6,136,91,22.666666666666668,8.262364471909155,27,5.411764705882353,5.833333333333333,7,0.6691176470588235,79.19016581388931,0.4411764705882353
2025-10-01_am-trimis-inapoi-parlamentului-o-lege-care-ar-fi-anulat-una,2025-10-01,facebook-post,2025Q4 stabilizare + diplomație,6,187,115,31.166666666666668,11.267948645013727,38,5.288770053475936,6.666666666666667,9,0.6149732620320856,84.25587979094077,0.43315508021390375
2025-10-01_astazi-si-maine-sunt-la-copenhaga-pentru-a-participa-la-reun,2025-10-01,facebook-post,2025Q4 stabilizare + diplomație,2,51,40,25.5,6.363961030678928,21,5.8431372549019605,5.5,6,0.7843137254901961,66.20727272727274,0.47058823529411764
2025-10-02_a-doua-zi-a-vizitei-mele-la-copenhaga-este-dedicata-particip,2025-10-02,facebook-post,2025Q4 stabilizare + diplomație,3,52,45,17.666666666666668,16.743157806499145,8,6.1923076923076925,4.333333333333333,6,0.8653846153846154,72.16924949290063,0.4230769230769231
2025-10-02_am-avut-discutie-foarte-productiva-cu-premierul-suediei-ulf,2025-10-02,facebook-post,2025Q4 stabilizare + diplomație,4,75,54,18.75,5.737304826019502,18,5.613333333333333,5.5,7,0.72,54.467680608365015,0.4
2025-10-02_declaratii-de-presa-sustinute-inaintea-participarii-la-reuni,2025-10-02,facebook-post,2025Q4 stabilizare + diplomație,1,11,11,11.0,0.0,11,7.636363636363637,4.0,4,1.0,0.0,0.2727272727272727
2025-10-02_le-am-prezentat-colegilor-europeni-principalele-concluzii-di,2025-10-02,facebook-post,2025Q4 stabilizare + diplomație,4,127,91,31.75,7.41057802513857,36,5.669291338582677,6.75,11,0.7165354330708661,119.58177570093457,0.41732283464566927
2025-10-02_romania-s-a-alaturat-initiativei-lansate-de-presedintele-emm,2025-10-02,facebook-post,2025Q4 stabilizare + diplomație,3,62,52,20.666666666666668,4.509249752822894,21,6.258064516129032,5.333333333333333,7,0.8387096774193549,107.63200000000003,0.3870967741935484
2025-10-02_sprijinul-nostru-pentru-republica-moldova-nu-se-opreste-am-d,2025-10-02,facebook-post,2025Q4 stabilizare + diplomație,3,44,39,14.666666666666666,5.8594652770823155,17,6.2727272727272725,4.333333333333333,6,0.8863636363636364,0.0,0.38636363636363635
2025-10-03_am-promulgat-astazi-legea-privind-activitatea-anre-asf-si-an,2025-10-03,facebook-post,2025Q4 stabilizare + diplomație,8,173,117,21.875,5.986592162013855,24,5.867052023121388,5.75,8,0.6763005780346821,110.93324698014882,0.4508670520231214
2025-10-06_am-anuntat-astazi-numirea-urmatorilor-consilieri-prezidentia,2025-10-06,facebook-post,2025Q4 stabilizare + diplomație,14,266,121,21.428571428571427,10.50065408742409,32,6.7330827067669174,5.285714285714286,8,0.4548872180451128,35.152363184079604,0.3609022556390977
2025-10-09_am-participat-astazi-la-ceremonia-dedicata-comemorarii-victi,2025-10-09,facebook-post,2025Q4 stabilizare + diplomație,5,162,104,32.4,10.382677881933928,41,5.4753086419753085,6.8,10,0.6419753086419753,83.28533696336781,0.4876543209876543
2025-10-12_la-usa-inimii-cuiva-trebuie-sa-ne-rugam-sa-navalim-sau-sa-ci,2025-10-12,facebook-post,2025Q4 stabilizare + diplomație,14,186,108,13.642857142857142,9.755528159476023,26,4.150537634408602,3.5714285714285716,5,0.5806451612903226,44.289923954372625,0.521505376344086
2025-10-13_am-primit-astazi-la-palatul-cotroceni-o-delegatie-condusa-de,2025-10-13,facebook-post,2025Q4 stabilizare + diplomație,6,132,98,22.0,10.430723848324238,26,6.1893939393939394,5.833333333333333,8,0.7424242424242424,143.49176470588236,0.4166666666666667
2025-10-13_am-promulgat-astazi-legea-de-aprobare-a-ordonantei-de-urgent,2025-10-13,facebook-post,2025Q4 stabilizare + diplomație,4,148,102,37.5,7.047458170621991,37,6.243243243243243,9.0,12,0.6891891891891891,109.14232209737827,0.3783783783783784
2025-10-14_fenomenul-coruptiei-trebuie-atacat-frontal-acest-flagel-care,2025-10-14,facebook-post,2025Q4 stabilizare + diplomație,4,57,50,14.25,12.711543310445563,22,5.43859649122807,4.25,7,0.8771929824561403,129.95999999999995,0.42105263157894735
2025-10-16_am-promulgat-astazi-legea-care-sanctioneaza-coruperea-functi,2025-10-16,facebook-post,2025Q4 stabilizare + diplomație,8,146,92,18.625,6.5013734812620285,26,5.458904109589041,5.125,7,0.6301369863013698,90.036829045318,0.3767123287671233
2025-10-17_explozia-produsa-astazi-intr-un-bloc-de-pe-calea-rahovei-din,2025-10-17,facebook-post,2025Q4 stabilizare + diplomație,13,196,120,15.153846153846153,6.322527894312446,24,5.346938775510204,4.384615384615385,7,0.6122448979591837,106.93003727017691,0.5255102040816326
2025-10-20_am-avut-astazi-la-palatul-cotroceni-un-dialog-constructiv-cu,2025-10-20,facebook-post,2025Q4 stabilizare + diplomație,7,173,115,24.857142857142858,7.289914755527471,32,5.61271676300578,6.285714285714286,11,0.6647398843930635,90.6324211502783,0.3988439306358382
2025-10-20_reforma-pensiilor-magistratilor-ramane-o-prioritate-nu-este,2025-10-20,facebook-post,2025Q4 stabilizare + diplomație,3,75,58,25.0,16.522711641858304,33,5.88,4.666666666666667,6,0.7733333333333333,92.6470588235294,0.4266666666666667
2025-10-21_am-semnat-astazi-decretul-pentru-trecerea-in-rezerva-a-doamn,2025-10-21,facebook-post,2025Q4 stabilizare + diplomație,6,113,85,19.0,7.9498427657407165,26,5.283185840707965,4.666666666666667,5,0.7522123893805309,127.68999999999998,0.3893805309734513
2025-10-22_am-promulgat-o-lege-care-aduce-noi-reglementari-in-domeniul,2025-10-22,facebook-post,2025Q4 stabilizare + diplomație,6,145,93,24.166666666666668,4.833908011812665,28,5.786206896551724,5.666666666666667,7,0.6413793103448275,85.82601825192992,0.42758620689655175
2025-10-22_in-drum-spre-bruxelles-la-o-noua-reuniune-a-consiliului-euro,2025-10-22,facebook-post,2025Q4 stabilizare + diplomație,1,10,10,11.0,0.0,11,5.0,3.0,3,1.0,0.0,0.5
2025-10-23_am-promulgat-saptamana-aceasta-legea-care-ne-va-permite-sa-f,2025-10-23,facebook-post,2025Q4 stabilizare + diplomație,8,176,119,22.0,8.28078671210825,31,6.028409090909091,4.75,6,0.6761363636363636,136.2139394952365,0.3806818181818182
2025-10-23_zi-extrem-de-incarcata-la-reuniunea-liderilor-ue-de-la-bruxe,2025-10-23,facebook-post,2025Q4 stabilizare + diplomație,6,114,80,19.166666666666668,5.52871293039046,21,5.508771929824562,5.5,7,0.7017543859649122,97.3657587548638,0.43859649122807015
2025-10-24_165-de-ani-de-traditie-si-excelenta-universitara-la-iasi-ast,2025-10-24,facebook-post,2025Q4 stabilizare + diplomație,10,202,118,20.5,13.745706400343508,28,5.465346534653466,6.0,12,0.5841584158415841,89.27518996565004,0.400990099009901
2025-10-24_antibiotice-iasi-un-simbol-al-industriei-farmaceutice-romane,2025-10-24,facebook-post,2025Q4 stabilizare + diplomație,3,83,61,28.0,6.082762530298219,25,6.048192771084337,5.666666666666667,7,0.7349397590361446,87.67818181818184,0.39759036144578314
2025-10-25_astazi-am-onorat-la-brigada-15-mecanizata-podu-inalt-din-ias,2025-10-25,facebook-post,2025Q4 stabilizare + diplomație,7,92,60,13.285714285714286,12.06529852806919,21,5.217391304347826,3.0,5,0.6521739130434783,38.573354936497154,0.5108695652173914
2025-10-25_cea-mai-mica-inima-artificiala-complet-implantabila-cu-aplic,2025-10-25,facebook-post,2025Q4 stabilizare + diplomație,7,163,105,23.571428571428573,14.512720200536068,33,5.484662576687117,5.285714285714286,11,0.6441717791411042,98.89630586121717,0.4233128834355828
2025-10-26_am-participat-alaturi-de-familie-la-sfintirea-picturii-cated,2025-10-26,facebook-post,2025Q4 stabilizare + diplomație,2,34,32,17.0,9.899494936611665,10,5.911764705882353,5.5,7,0.9411764705882353,0.0,0.38235294117647056
2025-10-26_azi-la-sfintirea-picturii-catedralei-nationale,2025-10-26,facebook-post,2025Q4 stabilizare + diplomație,1,6,6,6.0,0.0,6,6.833333333333333,4.0,4,1.0,0.0,0.16666666666666666
2025-10-28_am-avut-o-discutie-constructiva-astazi-cu-valdis-dombrovskis,2025-10-28,facebook-post,2025Q4 stabilizare + diplomație,8,175,101,21.875,6.151364540838538,27,5.291428571428572,5.125,6,0.5771428571428572,57.167478337866044,0.5257142857142857
2025-10-28_cu-profund-respect-si-in-semn-de-recunoastere-pentru-devotam,2025-10-28,facebook-post,2025Q4 stabilizare + diplomație,4,110,77,28.25,9.810708435174291,34,5.254545454545455,5.0,6,0.7,91.41891891891892,0.44545454545454544
2025-10-29_prin-redimensionarea-fortei-rotationale-care-opera-si-in-rom,2025-10-29,facebook-post,2025Q4 stabilizare + diplomație,5,108,69,21.6,10.064790112068906,28,6.018518518518518,4.6,6,0.6388888888888888,66.07903864345023,0.42592592592592593
2025-10-30_se-implinesc-astazi-10-ani-de-la-tragedia-care-a-schimbat-ro,2025-10-30,facebook-post,2025Q4 stabilizare + diplomație,16,326,180,20.6875,8.753808694886281,33,5.0552147239263805,5.4375,10,0.5521472392638037,96.31361413236388,0.46932515337423314
2025-11-04_am-aflat-cu-profunda-tristete-vestea-ca-romanul-prins-sub-da,2025-11-04,facebook-post,2025Q4 stabilizare + diplomație,5,75,60,15.2,6.220932405998316,20,5.333333333333333,5.4,8,0.8,105.00000000000003,0.49333333333333335
2025-11-05_i-am-urat-astazi-bun-venit-in-romania-domnului-mark-rutte-in,2025-11-05,facebook-post,2025Q4 stabilizare + diplomație,11,255,137,23.272727272727273,8.08815070446773,34,5.227450980392157,5.181818181818182,6,0.5372549019607843,85.11273209549071,0.4588235294117647
2025-11-05_multumim-emeric-ienei-pentru-toata-bucuria-pe-care-ne-ai-adu,2025-11-05,facebook-post,2025Q4 stabilizare + diplomație,8,175,112,22.125,9.833434220628547,34,5.257142857142857,4.75,7,0.64,99.89970018370246,0.4514285714285714
2025-11-06_romania-este-mai-aparata-ca-oricand-si-pregatita-sa-si-asume,2025-11-06,facebook-post,2025Q4 stabilizare + diplomație,11,286,170,26.09090909090909,14.003246376855229,47,5.468531468531468,6.0,8,0.5944055944055944,86.22058823529412,0.4405594405594406
2025-11-07_competitivitate-si-crestere-economica-acestea-sunt-doua-cuvi,2025-11-07,facebook-post,2025Q4 stabilizare + diplomație,9,228,141,25.666666666666668,8.170067319184096,33,5.548245614035087,5.666666666666667,8,0.618421052631579,88.98996605465268,0.4649122807017544
2025-11-07_in-semn-de-profund-respect-si-consideratie-pentru-memoria-ul,2025-11-07,facebook-post,2025Q4 stabilizare + diplomație,8,170,124,21.625,12.385907891055636,31,6.4,5.25,10,0.7294117647058823,172.95652173913044,0.3352941176470588
2025-11-09_astazi-odata-cu-repatrierea-ramasitelor-pamantesti-ale-ultim,2025-11-09,facebook-post,2025Q4 stabilizare + diplomație,14,282,164,20.642857142857142,9.540255946067878,34,5.173758865248227,5.357142857142857,8,0.5815602836879432,131.34246575342465,0.4219858156028369
2025-11-10_am-semnat-sesizarea-catre-curtea-constitutionala-in-legatura,2025-11-10,facebook-post,2025Q4 stabilizare + diplomație,7,200,123,28.714285714285715,10.435744434622855,42,6.415,7.571428571428571,10,0.615,107.30109707028795,0.39
2025-11-10_romania-are-toate-datele-pentru-a-deveni-un-hub-de-inovatie,2025-11-10,facebook-post,2025Q4 stabilizare + diplomație,7,171,101,24.571428571428573,6.654751256486923,33,5.409356725146199,6.142857142857143,9,0.5906432748538012,85.5,0.49122807017543857
2025-11-11_in-urma-cu-trei-decenii-trecea-la-cele-vesnice-marele-om-pol,2025-11-11,facebook-post,2025Q4 stabilizare + diplomație,10,201,127,20.3,8.44656406146573,29,5.537313432835821,4.7,7,0.6318407960199005,108.996869771468,0.417910447761194
2025-11-12_am-pus-astazi-in-dezbatere-strategia-nationala-de-aparare-ce,2025-11-12,facebook-post,2025Q4 stabilizare + diplomație,16,370,206,23.25,13.408952233489387,44,6.22972972972973,5.375,8,0.5567567567567567,99.37975756346995,0.45135135135135135
2025-11-13_astazi-s-a-incheiat-la-baza-militara-de-la-cincu-exercitiulu,2025-11-13,facebook-post,2025Q4 stabilizare + diplomație,12,296,165,25.416666666666668,8.969223472350865,36,5.631756756756757,6.416666666666667,12,0.5574324324324325,107.60951799877975,0.40878378378378377
2025-11-13_l-am-primit-astazi-la-palatul-cotroceni-in-prima-sa-vizita-e,2025-11-13,facebook-post,2025Q4 stabilizare + diplomație,3,72,55,24.333333333333332,1.5275252316519468,24,6.111111111111111,4.666666666666667,6,0.7638888888888888,85.3835294117647,0.3888888888888889
2025-11-17_l-am-primit-astazi-la-palatul-cotroceni-pe-enrico-letta-fost,2025-11-17,facebook-post,2025Q4 stabilizare + diplomație,6,174,111,29.0,9.23038460737146,29,5.436781609195402,6.166666666666667,11,0.6379310344827587,99.07490461365605,0.40804597701149425
2025-11-18_am-avut-astazi-o-discutie-cu-fatih-birol-presedintele-agenti,2025-11-18,facebook-post,2025Q4 stabilizare + diplomație,8,205,109,25.625,14.302222604496526,42,5.365853658536586,6.25,11,0.5317073170731708,75.25013688272409,0.44390243902439025
2025-11-18_ne-a-parasit-dumitru-lupescu-era-presedinte-de-asociatie-de,2025-11-18,facebook-post,2025Q4 stabilizare + diplomație,7,53,40,7.571428571428571,6.451282633635548,12,4.716981132075472,2.4285714285714284,5,0.7547169811320755,60.50153846153848,0.4716981132075472
2025-11-18_ne-luam-astazi-ramas-bun-de-la-un-patriot-care-a-crezut-si-a,2025-11-18,facebook-post,2025Q4 stabilizare + diplomație,5,129,83,25.8,10.709808588392232,25,4.829457364341085,5.8,8,0.6434108527131783,68.04690596919802,0.5348837209302325
2025-11-19_am-sesizat-curtea-constitutionala-in-legatura-cu-legea-de-ap,2025-11-19,facebook-post,2025Q4 stabilizare + diplomație,7,186,127,26.857142857142858,15.159469773363572,39,5.940860215053763,6.428571428571429,9,0.6827956989247311,125.35518355092573,0.43010752688172044
2025-11-20_operatiunea-de-readucere-in-tara-sub-escorta-a-lui-horatiu-p,2025-11-20,facebook-post,2025Q4 stabilizare + diplomație,3,56,47,18.666666666666668,4.725815626252608,17,6.0,4.0,4,0.8392857142857143,97.56444444444445,0.42857142857142855
2025-11-20_romania-a-facut-inca-un-pas-decisiv-spre-aderarea-la-ocde-am,2025-11-20,facebook-post,2025Q4 stabilizare + diplomație,11,257,152,23.636363636363637,9.790533461183076,38,6.124513618677042,5.909090909090909,8,0.5914396887159533,111.59210526315789,0.4046692607003891
2025-11-21_am-avut-astazi-la-palatul-cotroceni-o-discutie-importanta-cu,2025-11-21,facebook-post,2025Q4 stabilizare + diplomație,12,315,162,26.25,9.724617309600507,39,6.0476190476190474,6.166666666666667,8,0.5142857142857142,81.77884615384616,0.4
2025-11-21_romania-are-in-acest-moment-maturitatea-si-expertiza-pentru,2025-11-21,facebook-post,2025Q4 stabilizare + diplomație,9,171,113,19.0,6.670832032063167,27,5.8011695906432745,5.111111111111111,9,0.6608187134502924,103.02373133951352,0.4327485380116959
2025-11-23_am-promulgat-saptamana-aceasta-legea-care-introduce-amendare,2025-11-23,facebook-post,2025Q4 stabilizare + diplomație,2,58,50,30.5,23.33452377915607,14,6.103448275862069,6.0,7,0.8620689655172413,117.73999999999997,0.43103448275862066
2025-11-25_a-fost-o-onoare-sa-gazduiesc-astazi-la-palatul-cotroceni-sum,2025-11-25,facebook-post,2025Q4 stabilizare + diplomație,9,238,149,26.555555555555557,14.509575382407915,34,5.4411764705882355,6.222222222222222,10,0.6260504201680672,122.74033912912957,0.49159663865546216
2025-11-26_parlamentul-romaniei-a-votat-astazi-strategia-nationala-de-a,2025-11-26,facebook-post,2025Q4 stabilizare + diplomație,11,185,110,16.818181818181817,9.346851681910673,25,6.308108108108108,4.454545454545454,9,0.5945945945945946,96.84643562241246,0.4486486486486487
2025-12-01_cu-prilejul-zilei-nationale-a-romaniei-l-am-decorat-pe-veter,2025-12-01,facebook-post,2025Q4-2026Q1 reformă judiciară,10,209,123,21.5,15.130910231854674,37,4.784688995215311,4.8,9,0.5885167464114832,71.66732231838448,0.4784688995215311
2025-12-01_ziua-nationala-este-inainte-de-toate-o-sarbatoare-a-oamenilo,2025-12-01,facebook-post,2025Q4-2026Q1 reformă judiciară,10,187,116,18.8,12.380989010934824,36,4.839572192513369,4.8,8,0.6203208556149733,85.38368055555554,0.5454545454545454
2025-12-02_am-promulgat-recent-legea-pentru-modificarea-statutului-depu,2025-12-02,facebook-post,2025Q4-2026Q1 reformă judiciară,7,197,131,28.428571428571427,9.216961590045873,39,6.66497461928934,6.0,7,0.6649746192893401,124.19409410623334,0.38071065989847713
2025-12-03_astazi-am-avut-o-discutie-substantiala-cu-ambasadorii-statel,2025-12-03,facebook-post,2025Q4-2026Q1 reformă judiciară,7,149,101,21.571428571428573,6.051367417290709,25,6.369127516778524,6.142857142857143,9,0.6778523489932886,82.7386981402003,0.3825503355704698
2025-12-03_situatia-dezastruoasa-de-la-barajul-paltinu-care-a-generat-o,2025-12-03,facebook-post,2025Q4-2026Q1 reformă judiciară,7,169,114,24.142857142857142,11.15688982092189,32,5.609467455621302,6.142857142857143,10,0.6745562130177515,114.19226470867629,0.46745562130177515
2025-12-04_am-avut-astazi-onoarea-sa-l-felicit-pe-domnul-victor-rebengi,2025-12-04,facebook-post,2025Q4-2026Q1 reformă judiciară,6,207,120,34.666666666666664,18.107088851239084,42,5.028985507246377,6.666666666666667,9,0.5797101449275363,66.63931127012522,0.4830917874396135
2025-12-04_am-transmis-parlamentului-cererea-de-reexaminare-a-legii-car,2025-12-04,facebook-post,2025Q4-2026Q1 reformă judiciară,9,141,101,16.11111111111111,8.781293248212995,19,5.921985815602837,5.0,7,0.7163120567375887,124.8302752293578,0.40425531914893614
2025-12-05_am-semnat-astazi-decretul-de-promulgare-a-legii-care-introdu,2025-12-05,facebook-post,2025Q4-2026Q1 reformă judiciară,6,168,111,28.166666666666668,11.583033569262703,37,5.863095238095238,7.0,12,0.6607142857142857,84.24246311738294,0.39880952380952384
2025-12-07_dragi-bucuresteni-va-invit-sa-mergeti-la-vot-indiferent-de-o,2025-12-07,facebook-post,2025Q4-2026Q1 reformă judiciară,2,81,55,40.5,36.062445840513924,15,4.345679012345679,7.0,9,0.6790123456790124,65.88805970149255,0.5555555555555556
2025-12-08_felicitari-si-succes-alesilor-locali-confirmati-prin-votul-d,2025-12-08,facebook-post,2025Q4-2026Q1 reformă judiciară,10,138,94,14.0,6.128258770283412,17,5.673913043478261,4.3,5,0.6811594202898551,70.86788060740548,0.4057971014492754
2025-12-09_a-fost-o-reala-placere-sa-il-intalnesc-pe-presedintele-repub,2025-12-09,facebook-post,2025Q4-2026Q1 reformă judiciară,5,134,91,27.0,8.093207028119323,31,6.104477611940299,7.0,9,0.6791044776119403,85.07142857142858,0.41044776119402987
2025-12-09_am-avut-in-franta-o-intalnire-cu-reprezentantii-companiilor,2025-12-09,facebook-post,2025Q4-2026Q1 reformă judiciară,9,186,110,20.666666666666668,6.557438524302,26,5.623655913978495,4.888888888888889,8,0.5913978494623656,83.83004501484533,0.3924731182795699
2025-12-09_am-avut-o-excelenta-intrevedere-cu-primarul-parisului-anne-h,2025-12-09,facebook-post,2025Q4-2026Q1 reformă judiciară,9,213,131,23.666666666666668,11.937336386313323,31,5.516431924882629,5.777777777777778,9,0.6150234741784038,93.78896837349397,0.431924882629108
2025-12-10_am-vazut-cap-coada-documentarul-recorder-despre-justitie-cel,2025-12-10,facebook-post,2025Q4-2026Q1 reformă judiciară,24,339,164,14.25,6.215338669984822,23,5.150442477876106,3.8333333333333335,5,0.4837758112094395,57.69359176756011,0.49852507374631266
2025-12-11_cand-200-de-magistrati-spun-ca-este-o-problema-de-integritat,2025-12-11,facebook-post,2025Q4-2026Q1 reformă judiciară,6,106,72,18.166666666666668,13.22749661374618,26,5.518867924528302,4.0,7,0.6792452830188679,69.9575043536634,0.46226415094339623
2025-12-15_plec-la-summitul-de-la-helsinki-dar-iau-cu-mine-ingrijoraril,2025-12-15,facebook-post,2025Q4-2026Q1 reformă judiciară,9,90,67,10.11111111111111,7.025746302785998,16,5.555555555555555,3.3333333333333335,7,0.7444444444444445,98.60869565217392,0.5111111111111111
2025-12-16_actiunile-rusiei-reprezinta-o-amenintare-majora-pentru-regiu,2025-12-16,facebook-post,2025Q4-2026Q1 reformă judiciară,7,113,85,16.285714285714285,4.820590756130958,19,6.451327433628318,4.428571428571429,6,0.7522123893805309,127.68999999999998,0.35398230088495575
2025-12-16_am-trimis-curtii-constitutionale-o-sesizare-de-neconstitutio,2025-12-16,facebook-post,2025Q4-2026Q1 reformă judiciară,8,181,124,22.625,9.257236551554064,30,6.005524861878453,6.625,9,0.6850828729281768,109.52300995024878,0.3867403314917127
2025-12-16_foarte-utile-si-aplicate-discutiile-pe-care-le-am-purtat-cu,2025-12-16,facebook-post,2025Q4-2026Q1 reformă judiciară,7,204,130,29.428571428571427,18.626657804136013,35,5.9068627450980395,6.142857142857143,7,0.6372549019607843,95.84057971014494,0.4019607843137255
2025-12-17_la-londra-intr-unul-dintre-cele-mai-competitive-ecosisteme-e,2025-12-17,facebook-post,2025Q4-2026Q1 reformă judiciară,6,158,104,26.333333333333332,6.470445631227162,32,5.974683544303797,6.166666666666667,8,0.6582278481012658,86.81864529930142,0.41139240506329117
2025-12-17_multumesc-majestatii-sale-regele-charles-al-iii-lea-pentru-p,2025-12-17,facebook-post,2025Q4-2026Q1 reformă judiciară,2,19,19,9.5,7.7781745930520225,4,4.7368421052631575,3.0,4,1.0,0.0,0.3684210526315789
2025-12-17_o-intalnire-extraordinar-de-buna-si-calda-cu-comunitatea-de,2025-12-17,facebook-post,2025Q4-2026Q1 reformă judiciară,2,40,35,20.0,1.4142135623730951,19,5.15,5.5,7,0.875,0.0,0.4
2025-12-18_a-inceput-ultima-reuniune-a-consiliului-european-din-acest-a,2025-12-18,facebook-post,2025Q4-2026Q1 reformă judiciară,4,111,84,28.25,14.174507634012077,24,6.27027027027027,5.0,8,0.7567567567567568,127.77333333333335,0.3783783783783784
2025-12-18_dialog-cu-antreprenorii-romani-si-britanici-intalniri-cu-oam,2025-12-18,facebook-post,2025Q4-2026Q1 reformă judiciară,3,55,50,18.333333333333332,7.637626158259733,20,6.0181818181818185,4.333333333333333,6,0.9090909090909091,169.39999999999998,0.41818181818181815
2025-12-19_am-incheiat-turneul-european-cu-ultimul-consiliu-din-acest-a,2025-12-19,facebook-post,2025Q4-2026Q1 reformă judiciară,1,33,29,34.0,0.0,34,6.03030303030303,6.0,6,0.8787878787878788,0.0,0.36363636363636365
2025-12-20_am-primit-de-la-magistrati-sute-de-pagini-de-materiale-relev,2025-12-20,facebook-post,2025Q4-2026Q1 reformă judiciară,6,131,88,21.833333333333332,9.020347369512255,29,4.99236641221374,5.0,9,0.6717557251908397,81.38315367077762,0.4961832061068702
2025-12-20_curtea-constitutionala-a-decis-recent-o-schimbare-esentiala,2025-12-20,facebook-post,2025Q4-2026Q1 reformă judiciară,3,85,62,28.666666666666668,20.033305601755625,30,5.682352941176471,5.333333333333333,7,0.7294117647058823,87.95652173913044,0.47058823529411764
2025-12-21_libertate-acesta-a-fost-strigatul-limpede-al-natiunii-romane,2025-12-21,facebook-post,2025Q4-2026Q1 reformă judiciară,26,455,246,17.73076923076923,9.26307807289863,30,5.457142857142857,4.846153846153846,9,0.5406593406593406,97.08286450013466,0.4747252747252747
2025-12-21_voi-initia-in-ianuarie-imediat-dupa-sarbatori-un-referendum,2025-12-21,facebook-post,2025Q4-2026Q1 reformă judiciară,8,265,142,33.25,16.015617378046965,54,6.316981132075472,6.0,12,0.5358490566037736,73.2195311011604,0.4867924528301887
2025-12-25_nasterea-lui-hristos-este-pentru-noi-crestinii-sarbatoarea-s,2025-12-25,facebook-post,2025Q4-2026Q1 reformă judiciară,5,128,84,25.6,15.582040944625964,41,4.9140625,5.6,10,0.65625,73.93704477801,0.5078125
2025-12-26_in-cadrul-vizitelor-externe-din-ultimele-saptamani-am-avut-b,2025-12-26,facebook-post,2025Q4-2026Q1 reformă judiciară,6,125,82,21.0,12.016655108639842,31,5.472,4.428571428571429,8,0.656,81.46935806510274,0.432
2025-12-26_o-intalnire-speciala-la-paris-cu-un-regizor-si-scenarist-de,2025-12-26,facebook-post,2025Q4-2026Q1 reformă judiciară,6,68,50,11.333333333333334,5.354126134736337,15,5.3088235294117645,3.5,5,0.7352941176470589,53.673576349743215,0.4852941176470588
2025-12-27_astept-cu-ner-bdare-s-aflu-ce-a-spus-mirabela-despre-mine-in,2025-12-27,facebook-post,2025Q4-2026Q1 reformă judiciară,1,22,22,22.0,0.0,22,4.2272727272727275,6.0,6,1.0,0.0,0.5909090909090909
2025-12-27_l-am-revazut-cu-mare-emotie-la-paris-pe-profesorul-emerit-la,2025-12-27,facebook-post,2025Q4-2026Q1 reformă judiciară,4,98,69,24.75,16.520189667999176,20,5.479591836734694,5.75,6,0.7040816326530612,75.1379396151294,0.4387755102040816
2025-12-27_pe-fiul-marelui-ion-ratiu-nicolae-ratiu-l-am-revazut-la-lond,2025-12-27,facebook-post,2025Q4-2026Q1 reformă judiciară,3,60,47,20.0,18.520259177452136,21,5.4,3.0,7,0.7833333333333333,77.53846153846155,0.4166666666666667
2025-12-28_a-fost-o-veritabila-placere-sa-il-revad-la-londra-pe-sir-geo,2025-12-28,facebook-post,2025Q4-2026Q1 reformă judiciară,4,74,64,18.5,12.36931687685298,25,5.756756756756757,3.0,7,0.8648648648648649,153.3280000000001,0.40540540540540543
2025-12-28_redactia-romana-a-bbc-a-ramas-pana-astazi-un-reper-de-jurnal,2025-12-28,facebook-post,2025Q4-2026Q1 reformă judiciară,3,67,51,22.333333333333332,6.110100926607787,21,5.522388059701493,5.666666666666667,8,0.7611940298507462,78.5575,0.4626865671641791
2026-01-01_2025-a-fost-un-an-al-provocarilor-dar-si-al-curajului-de-a-n,2026-01-01,facebook-post,2025Q4-2026Q1 reformă judiciară,8,166,98,21.125,8.096516005577426,29,4.873493975903615,4.875,8,0.5903614457831325,64.93401887192036,0.5180722891566265
2026-01-04_am-sperat-pana-in-ultima-clipa-intr-un-deznodamant-diferit-i,2026-01-04,facebook-post,2025Q4-2026Q1 reformă judiciară,3,47,42,15.666666666666666,10.503967504392486,16,6.148936170212766,4.666666666666667,6,0.8936170212765957,0.0,0.3617021276595745
2026-01-05_cheltuielile-administratiei-prezidentiale-in-2025-au-fost-re,2026-01-05,facebook-post,2025Q4-2026Q1 reformă judiciară,1,22,19,24.0,0.0,24,4.909090909090909,4.0,4,0.8636363636363636,0.0,0.4090909090909091
2026-01-06_a-inceput-reuniunea-liderilor-de-state-si-de-guverne-la-pala,2026-01-06,facebook-post,2025Q4-2026Q1 reformă judiciară,1,12,11,12.0,0.0,12,4.916666666666667,5.0,5,0.9166666666666666,0.0,0.4166666666666667
2026-01-06_am-avut-placerea-de-a-l-reintalni-pe-presedintele-emmanuel-m,2026-01-06,facebook-post,2025Q4-2026Q1 reformă judiciară,1,20,18,20.0,0.0,20,5.6,8.0,8,0.9,0.0,0.4
2026-01-07_am-ajuns-la-bucuresti-pe-parcursul-zborului-deasupra-spatiul,2026-01-07,facebook-post,2025Q4-2026Q1 reformă judiciară,2,35,32,18.0,19.79898987322333,4,6.171428571428572,5.0,8,0.9142857142857143,0.0,0.42857142857142855
2026-01-08_puteti-asculta-inregistrarea-convorbirii-dintre-pilotul-roma,2026-01-08,facebook-post,2025Q4-2026Q1 reformă judiciară,5,111,78,22.2,6.648308055437865,26,5.531531531531532,6.4,9,0.7027027027027027,111.0,0.4594594594594595
2026-01-09_romania-a-votat-in-favoarea-acordului-comercial-dintre-uniun,2026-01-09,facebook-post,2025Q4-2026Q1 reformă judiciară,15,481,235,32.2,14.654107176585585,49,5.6798336798336795,6.133333333333334,10,0.4885654885654886,120.42304924848096,0.3991683991683992
2026-01-13_parteneriatul-strategic-dintre-romania-si-statele-unite-ale,2026-01-13,facebook-post,2025Q4-2026Q1 reformă judiciară,10,277,166,28.0,11.74734012447073,35,5.509025270758123,5.4,7,0.5992779783393501,125.86313868613139,0.4584837545126354
2026-01-15_reuniunea-anuala-cu-sefii-misiunilor-diplomatice-acreditati,2026-01-15,facebook-post,2025Q4-2026Q1 reformă judiciară,18,455,243,25.555555555555557,11.708328972157446,42,6.1802197802197805,5.555555555555555,9,0.5340659340659341,101.86653996594191,0.4351648351648352
2026-01-15_ziua-culturii-nationale-ne-reaminteste-ca-identitatea-romani,2026-01-15,facebook-post,2025Q4-2026Q1 reformă judiciară,14,275,169,19.714285714285715,8.023317666254178,32,5.4763636363636365,4.785714285714286,7,0.6145454545454545,123.25621546961327,0.44727272727272727
2026-01-16_decizia-comisiei-europene-de-a-aproba-aplicatia-romaniei-pen,2026-01-16,facebook-post,2025Q4-2026Q1 reformă judiciară,7,210,131,30.285714285714285,3.8172540616821107,34,5.419047619047619,6.857142857142857,9,0.6238095238095238,120.93414459556193,0.4380952380952381
2026-01-17_am-promulgat-legea-care-permite-politistilor-locali-sa-utili,2026-01-17,facebook-post,2025Q4-2026Q1 reformă judiciară,5,146,104,29.6,7.987490219086343,36,6.363013698630137,6.8,10,0.7123287671232876,146.0,0.3767123287671233
2026-01-17_am-promulgat-legea-de-adoptare-a-unei-ordonante-a-guvernului,2026-01-17,facebook-post,2025Q4-2026Q1 reformă judiciară,5,135,82,27.4,14.39791651594077,37,5.325925925925926,7.0,14,0.6074074074074074,75.85120536256821,0.43703703703703706
2026-01-19_l-am-primit-astazi-la-palatul-cotroceni-pe-generalul-alexus,2026-01-19,facebook-post,2025Q4-2026Q1 reformă judiciară,9,241,144,26.88888888888889,10.313152336269988,38,5.755186721991701,5.1,8,0.5975103734439834,109.86764705882354,0.4107883817427386
2026-01-23_relatia-transatlantica-are-o-istorie-care-a-adus-stabilitate,2026-01-23,facebook-post,2025Q4-2026Q1 reformă judiciară,10,252,146,25.2,9.425733098515174,39,6.01984126984127,6.4,9,0.5793650793650794,95.7065163322832,0.43253968253968256
2026-01-24_am-ales-sa-fiu-astazi-atat-la-iasi-cat-si-la-focsani-pentru,2026-01-24,facebook-post,2025Q4-2026Q1 reformă judiciară,14,326,166,23.357142857142858,8.661205661828122,33,4.984662576687117,4.625,10,0.50920245398773,69.9453002610966,0.5
2026-01-24_la-implinirea-a-160-de-ani-de-la-infiintare-am-acordat-coleg,2026-01-24,facebook-post,2025Q4-2026Q1 reformă judiciară,9,244,138,27.22222222222222,16.029486718059456,46,4.877049180327869,5.777777777777778,9,0.5655737704918032,59.852617148217135,0.5327868852459017
2026-01-24_traim-momente-complicate-dar-intr-o-zi-de-sarbatoare-cred-ca,2026-01-24,facebook-post,2025Q4-2026Q1 reformă judiciară,15,256,131,17.333333333333332,12.613296083706198,38,4.53125,4.066666666666666,9,0.51171875,48.26395533700595,0.5859375
2026-01-26_ziua-internationala-de-comemorare-a-victimelor-holocaustului,2026-01-26,facebook-post,2025Q4-2026Q1 reformă judiciară,7,190,126,27.285714285714285,4.644505202002531,29,5.605263157894737,6.142857142857143,9,0.6631578947368421,117.20007099486827,0.4473684210526316
2026-02-04_am-avut-astazi-o-convorbire-consistenta-cu-antonio-costa-pre,2026-02-04,facebook-post,2025Q4-2026Q1 reformă judiciară,7,233,151,33.857142857142854,15.60372360932449,52,5.939914163090129,4.333333333333333,8,0.648068669527897,114.13996316758748,0.39914163090128757
2026-02-04_romania-nu-este-subiectul-raportului-preliminar-al-comitetul,2026-02-04,facebook-post,2025Q4-2026Q1 reformă judiciară,11,334,192,30.454545454545453,15.989769456522108,49,5.862275449101796,5.083333333333333,9,0.5748502994011976,78.79034277863121,0.4041916167664671
2026-02-05_exercitiile-militare-desfasurate-in-ultimele-zile-la-smardan,2026-02-05,facebook-post,2025Q4-2026Q1 reformă judiciară,4,101,72,25.25,16.45954636879968,35,6.158415841584159,6.25,8,0.7128712871287128,83.9391891891892,0.39603960396039606
2026-02-08_am-primit-invitatia-de-a-participa-la-prima-reuniune-a-consi,2026-02-08,facebook-post,2025Q4-2026Q1 reformă judiciară,4,138,91,35.25,18.997806890972093,46,5.1521739130434785,6.0,7,0.6594202898550725,80.43737208105424,0.45652173913043476
2026-02-11_am-avut-ieri-o-discutie-cu-liderii-marilor-companii-american,2026-02-11,facebook-post,2025Q4-2026Q1 reformă judiciară,4,134,92,33.5,20.041623354076552,29,5.880597014925373,6.75,9,0.6865671641791045,81.4659090909091,0.44776119402985076
2026-02-12_o-importanta-dezbatere-la-care-particip-astazi-in-belgia-ala,2026-02-12,facebook-post,2025Q4-2026Q1 reformă judiciară,8,241,140,30.375,10.098620839359347,40,5.431535269709544,5.111111111111111,8,0.5809128630705395,92.59473684210528,0.44398340248962653
2026-02-13_va-invit-sa-privim-cu-echilibru-datele-publicate-azi-de-ins,2026-02-13,facebook-post,2025Q4-2026Q1 reformă judiciară,17,212,129,12.764705882352942,7.146060206196714,25,5.471698113207547,3.588235294117647,5,0.6084905660377359,62.6810384793695,0.45754716981132076
2026-02-15_voi-participa-s-pt-mana-viitoare-la-prima-reuniune-a-consili,2026-02-15,facebook-post,2025Q4-2026Q1 reformă judiciară,4,114,78,28.75,5.439056290693573,32,5.859649122807017,7.5,11,0.6842105263157895,89.62795191069128,0.40350877192982454
2026-02-18_salut-decizia-curtii-constitutionale-privind-reforma-pensiil,2026-02-18,facebook-post,2025Q4-2026Q1 reformă judiciară,3,42,36,14.0,5.291502622129181,16,6.261904761904762,4.333333333333333,5,0.8571428571428571,0.0,0.40476190476190477
2026-02-19_am-avut-o-interventie-astazi-la-washington-in-cadrul-reuniun,2026-02-19,facebook-post,2025Q4-2026Q1 reformă judiciară,13,293,172,23.0,7.979139469057215,35,5.774744027303754,5.461538461538462,8,0.5870307167235495,73.94103773584905,0.4402730375426621
2026-02-20_pacea-si-securitatea-sunt-temelia-unei-tari-prospere-pentru,2026-02-20,facebook-post,2025Q4-2026Q1 reformă judiciară,4,95,71,23.75,21.884164746836163,30,5.768421052631579,3.6,8,0.7473684210526316,105.29166666666667,0.45263157894736844
2026-02-24_am-avut-o-discutie-aplicat-cu-premierul-ilie-bolojan-inainte,2026-02-24,facebook-post,2025Q4-2026Q1 reformă judiciară,6,121,87,20.5,10.502380682492898,28,5.404958677685951,4.833333333333333,7,0.71900826446281,91.36129822412737,0.4214876033057851
2026-02-24_in-urma-cu-patru-ani-unul-dintre-cele-mai-teribile-scenarii,2026-02-24,facebook-post,2025Q4-2026Q1 reformă judiciară,10,167,110,16.9,8.710785141293394,21,5.7604790419161676,4.8,8,0.6586826347305389,132.29577973814335,0.4431137724550898
2026-02-27_am-promulgat-in-aceasta-dimineata-legea-privind-pensiile-mag,2026-02-27,facebook-post,2025Q4-2026Q1 reformă judiciară,5,86,66,17.2,2.16794833886788,19,6.255813953488372,5.6,8,0.7674418604651163,103.54400000000003,0.4186046511627907
2026-02-27_referitor-la-informatia-privind-plangerea-penala-a-aep-in-le,2026-02-27,facebook-post,2025Q4-2026Q1 reformă judiciară,8,216,117,27.75,8.564878449642054,36,4.736111111111111,5.625,8,0.5416666666666666,65.84965831435079,0.5648148148148148
2026-03-01_romania-este-in-deplina-siguranta-si-nu-se-afla-sub-niciun-f,2026-03-01,facebook-post,2026Q2 cotitură UE + criză guvern,8,162,107,20.25,9.779716618739888,33,5.8765432098765435,5.875,15,0.6604938271604939,97.31865181944721,0.4506172839506173
2026-03-03_m-am-bucurat-sa-l-primesc-astazi-la-palatul-cotroceni-pe-dar,2026-03-03,facebook-post,2026Q2 cotitură UE + criză guvern,4,101,74,25.5,13.279056191361393,26,5.2772277227722775,6.75,9,0.7326732673267327,105.78814814814815,0.44554455445544555
2026-03-05_am-avut-astazi-un-dialog-substantial-cu-premierul-polonez-do,2026-03-05,facebook-post,2026Q2 cotitură UE + criză guvern,5,161,111,32.2,16.46815108019112,43,5.968944099378882,6.2,8,0.6894409937888198,98.89222940761928,0.40993788819875776
2026-03-05_am-raspuns-cu-placere-invitatiei-presedintelui-karol-nawrock,2026-03-05,facebook-post,2026Q2 cotitură UE + criză guvern,11,230,139,21.181818181818183,10.712779114853268,35,5.756521739130434,4.545454545454546,6,0.6043478260869565,84.46334572397964,0.4217391304347826
2026-03-06_pe-5-martie-cu-ocazia-zilei-solidaritatii-romano-polone-sarb,2026-03-06,facebook-post,2026Q2 cotitură UE + criză guvern,3,67,57,23.0,11.357816691600547,18,6.029850746268656,4.666666666666667,7,0.8507462686567164,125.69200000000002,0.3880597014925373
2026-03-08_la-multi-ani-tuturor-doamnelor-si-domnisoarelor-de-ziua-inte,2026-03-08,facebook-post,2026Q2 cotitură UE + criză guvern,7,121,85,17.285714285714285,12.645345464033866,26,5.297520661157025,4.714285714285714,8,0.7024793388429752,93.9656632173095,0.49586776859504134
2026-03-09_am-avut-astazi-o-convorbire-cu-antonio-costa-presedintele-co,2026-03-09,facebook-post,2026Q2 cotitură UE + criză guvern,9,244,146,27.11111111111111,8.695464973830388,38,5.69672131147541,6.444444444444445,10,0.5983606557377049,103.37428827493233,0.4057377049180328
2026-03-09_ziua-detinutilor-politici-anticomunisti-marcata-in-fiecare-a,2026-03-09,facebook-post,2026Q2 cotitură UE + criză guvern,9,248,153,27.666666666666668,12.439855304624729,38,5.346774193548387,6.222222222222222,9,0.6169354838709677,125.09626719056975,0.4717741935483871
2026-03-10_am-avut-in-aceasta-seara-un-dialog-aplicat-cu-liderii-europe,2026-03-10,facebook-post,2026Q2 cotitură UE + criză guvern,6,181,115,30.333333333333332,11.021191708098842,39,5.751381215469613,7.5,11,0.6353591160220995,63.886372215930535,0.425414364640884
2026-03-11_am-convocat-astazi-sedinta-csat-pentru-analiza-evolutiei-sit,2026-03-11,facebook-post,2026Q2 cotitură UE + criză guvern,10,241,137,24.3,10.044899203078147,35,5.381742738589212,5.5,9,0.5684647302904564,74.8310502283105,0.4979253112033195
2026-03-12_am-semnat-astazi-cu-presedintele-zelenski-doua-documente-ofi,2026-03-12,facebook-post,2026Q2 cotitură UE + criză guvern,4,135,85,34.0,10.16530045465127,36,5.733333333333333,6.75,8,0.6296296296296297,82.7921950243539,0.4222222222222222
2026-03-12_i-am-urat-bun-venit-la-bucuresti-presedintelui-volodimir-zel,2026-03-12,facebook-post,2026Q2 cotitură UE + criză guvern,12,283,151,23.833333333333332,8.353913980157971,35,5.4734982332155475,5.583333333333333,10,0.5335689045936396,79.64709260542594,0.49823321554770317
2026-03-16_aderarea-romaniei-in-2026-la-organizatia-pentru-cooperare-si,2026-03-16,facebook-post,2026Q2 cotitură UE + criză guvern,5,179,113,36.2,19.123284236762263,43,5.888268156424581,6.0,9,0.6312849162011173,101.7068058924772,0.4022346368715084
2026-03-16_astazi-am-discutat-cu-alfred-stern-presedintele-consiliului,2026-03-16,facebook-post,2026Q2 cotitură UE + criză guvern,12,239,150,20.166666666666668,6.012613005301035,28,5.7740585774058575,5.25,7,0.6276150627615062,96.66890179344861,0.4100418410041841
2026-03-17_donarea-de-sange-salveaza-vieti-impreuna-prin-gesturi-simple,2026-03-17,facebook-post,2026Q2 cotitură UE + criză guvern,10,168,117,16.9,8.359292899389144,29,5.565476190476191,4.9,8,0.6964285714285714,111.82867132867133,0.4107142857142857
2026-03-19_declaratii-de-presa-sustinute-la-bruxelles-regatul-belgiei,2026-03-19,facebook-post,2026Q2 cotitură UE + criză guvern,1,9,9,9.0,0.0,9,5.777777777777778,3.0,3,1.0,0.0,0.2222222222222222
2026-03-19_romania-este-aparata-este-parte-din-nato-are-un-parteneriat,2026-03-19,facebook-post,2026Q2 cotitură UE + criză guvern,10,223,124,22.3,9.117138927438926,32,5.20627802690583,4.9,8,0.5560538116591929,81.34283625730995,0.45739910313901344
2026-03-20_am-decis-sa-ne-alaturam-declaratiei-regatului-unit-frantei-g,2026-03-20,facebook-post,2026Q2 cotitură UE + criză guvern,7,119,91,17.0,10.862780491200215,26,7.890756302521009,4.714285714285714,8,0.7647058823529411,141.60999999999999,0.42857142857142855
2026-03-20_o-onoare-si-o-bucurie-sa-ma-intalnesc-astazi-la-bruxelles-cu,2026-03-20,facebook-post,2026Q2 cotitură UE + criză guvern,3,62,49,20.666666666666668,4.509249752822894,21,4.887096774193548,5.333333333333333,7,0.7903225806451613,82.79384615384615,0.5
2026-03-21_cea-mai-mare-expozitie-din-europa-dedicata-lui-constantin-br,2026-03-21,facebook-post,2026Q2 cotitură UE + criză guvern,13,302,172,23.53846153846154,10.17034401757863,34,5.66887417218543,5.538461538461538,9,0.5695364238410596,113.0226176223785,0.40397350993377484
2026-03-22_am-avut-zilele-trecute-la-bruxelles-o-discutie-cu-oana-gheor,2026-03-22,facebook-post,2026Q2 cotitură UE + criză guvern,6,112,74,18.666666666666668,6.831300510639732,21,5.517857142857143,4.0,6,0.6607142857142857,54.72931696294884,0.4375
2026-03-23_francofonia-si-valorile-pe-care-le-promoveaza-fac-parte-din,2026-03-23,facebook-post,2026Q2 cotitură UE + criză guvern,7,207,125,29.571428571428573,6.502746672423452,34,5.628019323671498,5.714285714285714,7,0.6038647342995169,96.39382524195452,0.43478260869565216
2026-03-26_razboiul-informational-afecteaza-si-profesia-medicala-este-u,2026-03-26,facebook-post,2026Q2 cotitură UE + criză guvern,9,219,108,24.444444444444443,18.262742887577918,50,4.767123287671233,4.888888888888889,8,0.4931506849315068,51.86229759020783,0.5844748858447488
2026-03-27_l-am-primit-astazi-la-palatul-cotroceni-pe-prim-ministrul-sl,2026-03-27,facebook-post,2026Q2 cotitură UE + criză guvern,6,119,83,20.166666666666668,5.23131595936115,24,5.974789915966387,5.666666666666667,10,0.6974789915966386,103.10790598290599,0.42016806722689076
2026-03-27_m-am-intalnit-astazi-la-palatul-cotroceni-cu-numan-kurtulmus,2026-03-27,facebook-post,2026Q2 cotitură UE + criză guvern,9,175,116,19.666666666666668,7.648529270389178,26,6.131428571428572,5.0,6,0.6628571428571428,109.2431722015643,0.37714285714285717
2026-03-30_proiectul-european-trebuie-sa-se-concentreze-inainte-de-toat,2026-03-30,facebook-post,2026Q2 cotitură UE + criză guvern,7,162,114,23.142857142857142,7.819389819088006,29,6.061728395061729,5.285714285714286,7,0.7037037037037037,152.53738317757006,0.3950617283950617
2026-03-31_aderarea-romaniei-la-uniunea-europeana-a-fost-o-poveste-de-m,2026-03-31,facebook-post,2026Q2 cotitură UE + criză guvern,14,310,162,22.285714285714285,15.681584355928068,39,5.280645161290322,4.785714285714286,8,0.5225806451612903,82.43817193109751,0.46774193548387094
2026-03-31_discutia-aplicata-pe-care-am-avut-o-astazi-cu-prim-ministrul,2026-03-31,facebook-post,2026Q2 cotitură UE + criză guvern,5,155,105,31.0,12.389511693363866,32,6.2064516129032254,6.0,7,0.6774193548387096,129.24367547534644,0.3935483870967742
2026-03-31_transportul-si-asigurarea-unor-rute-sigure-pentru-marfuri-ca,2026-03-31,facebook-post,2026Q2 cotitură UE + criză guvern,7,227,132,32.714285714285715,11.146214390459894,44,5.969162995594714,6.0,9,0.5814977973568282,96.24212408981228,0.3788546255506608
2026-04-02_ma-bucur-ca-bratarile-dacice-si-coiful-de-la-cotofenesti-au,2026-04-02,facebook-post,2026Q2 cotitură UE + criză guvern,3,118,87,39.333333333333336,8.621678104251709,41,5.694915254237288,7.0,9,0.7372881355932204,125.76516129032261,0.4067796610169492
2026-04-05_tuturor-credinciosilor-care-celebreaza-invierea-le-doresc-ca,2026-04-05,facebook-post,2026Q2 cotitură UE + criză guvern,6,127,85,21.166666666666668,16.869103908230176,28,5.850393700787402,5.5,10,0.6692913385826772,84.1817579945947,0.5196850393700787
2026-04-07_de-ziua-mondiala-a-sanatatii-transmit-un-gand-de-recunostint,2026-04-07,facebook-post,2026Q2 cotitură UE + criză guvern,9,227,129,25.555555555555557,10.841022911966277,33,4.9118942731277535,5.333333333333333,8,0.5682819383259912,85.98618758922446,0.5462555066079295
2026-04-07_declaratiile-de-presa-sustinute-la-finalul-vizitei-la-centru,2026-04-07,facebook-post,2026Q2 cotitură UE + criză guvern,1,23,20,23.0,0.0,23,5.304347826086956,6.0,6,0.8695652173913043,0.0,0.30434782608695654
2026-04-08_fbi-impreuna-cu-mai-multi-parteneri-printre-care-sri-a-anunt,2026-04-08,facebook-post,2026Q2 cotitură UE + criză guvern,5,82,66,16.6,6.18869937870632,19,6.378048780487805,4.8,8,0.8048780487804879,117.67000000000004,0.4024390243902439
2026-04-12_hristos-a-inviat-este-certitudinea-care-ne-reaminteste-in-fi,2026-04-12,facebook-post,2026Q2 cotitură UE + criză guvern,5,134,91,26.8,23.252956801232827,35,4.932835820895522,4.6,8,0.6791044776119403,82.83564892833515,0.5149253731343284
2026-04-20_am-trecut-astazi-in-revista-impreuna-cu-ministrul-dragos-pas,2026-04-20,facebook-post,2026Q2 cotitură UE + criză guvern,5,147,99,29.4,8.96102672688794,31,5.387755102040816,6.6,8,0.673469387755102,108.03430353430352,0.4557823129251701
2026-04-22_am-avut-azi-consultari-cu-partidele-pro-occidentale-din-actu,2026-04-22,facebook-post,2026Q2 cotitură UE + criză guvern,11,185,113,16.818181818181817,14.57270175237373,41,5.45945945945946,4.363636363636363,8,0.6108108108108108,85.38088797166523,0.4702702702702703
2026-04-22_consultari-cu-partide-si-formatiuni-politice-parlamentare-pa,2026-04-22,facebook-post,2026Q2 cotitură UE + criză guvern,1,12,11,12.0,0.0,12,6.5,3.0,3,0.9166666666666666,0.0,0.16666666666666666
2026-04-22_live-consultari-cu-partide-si-formatiuni-politice-parlamenta,2026-04-22,facebook-post,2026Q2 cotitură UE + criză guvern,1,13,13,13.0,0.0,13,6.153846153846154,3.0,3,1.0,0.0,0.15384615384615385
2026-04-22_live-consultari-cu-partide-si-formatiuni-politice-parlamenta_564296,2026-04-22,facebook-post,2026Q2 cotitură UE + criză guvern,1,14,14,14.0,0.0,14,6.714285714285714,3.0,3,1.0,0.0,0.21428571428571427
2026-04-22_live-consultari-cu-partide-si-formatiuni-politice-parlamenta_597234,2026-04-22,facebook-post,2026Q2 cotitură UE + criză guvern,1,14,13,14.0,0.0,14,6.928571428571429,5.0,5,0.9285714285714286,0.0,0.21428571428571427
2026-04-22_live-consultari-cu-partide-si-formatiuni-politice-parlamenta_669920,2026-04-22,facebook-post,2026Q2 cotitură UE + criză guvern,1,12,11,12.0,0.0,12,6.75,4.0,4,0.9166666666666666,0.0,0.16666666666666666
2026-04-22_live-declaratie-de-presa-sustinuta-la-palatul-cotroceni,2026-04-22,facebook-post,2026Q2 cotitură UE + criză guvern,1,9,9,9.0,0.0,9,5.444444444444445,5.0,5,1.0,0.0,0.2222222222222222
2026-04-23_am-promulgat-astazi-legea-pentru-prevenirea-si-combaterea-fe,2026-04-23,facebook-post,2026Q2 cotitură UE + criză guvern,7,180,112,25.714285714285715,13.060299712159312,41,5.711111111111111,6.857142857142857,15,0.6222222222222222,98.7992967204708,0.4777777777777778
2026-04-23_particip-in-aceste-zile-in-cipru-la-reuniunea-informala-a-co,2026-04-23,facebook-post,2026Q2 cotitură UE + criză guvern,12,265,143,22.083333333333332,10.518022051640122,34,5.460377358490566,5.0,8,0.539622641509434,91.46258847941262,0.4641509433962264
2026-04-24_live-declaratiile-de-presa-sustinute-la-finalul-reuniunii-in,2026-04-24,facebook-post,2026Q2 cotitură UE + criză guvern,1,18,16,18.0,0.0,18,5.833333333333333,7.0,7,0.8888888888888888,0.0,0.2777777777777778
2026-04-24_subiectul-cel-mai-important-pentru-romania-pe-care-l-am-abor,2026-04-24,facebook-post,2026Q2 cotitură UE + criză guvern,5,196,122,40.2,14.096098751072937,53,5.209183673469388,6.6,8,0.6224489795918368,98.0,0.5051020408163265
2026-04-25_am-semnat-asear-demisiile-ministrilor-social-democrati-si-pr,2026-04-25,facebook-post,2026Q2 cotitură UE + criză guvern,3,61,51,20.666666666666668,16.258331197676263,15,5.737704918032787,5.666666666666667,7,0.8360655737704918,104.18800000000005,0.3770491803278688
2026-04-28_astazi-la-dubrovnik-in-marja-summitului-initiativei-celor-tr,2026-04-28,facebook-post,2026Q2 cotitură UE + criză guvern,6,153,102,26.0,9.695359714832659,36,6.352941176470588,6.333333333333333,10,0.6666666666666666,97.19865226986127,0.4117647058823529
2026-04-28_in-marja-summitului-initiativei-celor-trei-mari-de-la-dubrov,2026-04-28,facebook-post,2026Q2 cotitură UE + criză guvern,4,84,64,21.5,8.582928793055823,28,6.095238095238095,4.75,6,0.7619047619047619,98.78399999999999,0.42857142857142855
2026-04-28_live-declaratii-de-presa-sustinute-in-marja-summitului-initi,2026-04-28,facebook-post,2026Q2 cotitură UE + criză guvern,1,17,16,18.0,0.0,18,5.705882352941177,7.0,7,0.9411764705882353,0.0,0.29411764705882354
2026-04-28_romania-a-participat-activ-si-cu-succes-la-efortul-transatla,2026-04-28,facebook-post,2026Q2 cotitură UE + criză guvern,5,129,86,26.0,6.123724356957945,31,6.224806201550388,6.4,9,0.6666666666666666,81.79647435897436,0.3643410852713178
2026-04-29_am-participat-astazi-la-sesiunea-speciala-a-forumului-de-afa,2026-04-29,facebook-post,2026Q2 cotitură UE + criză guvern,3,94,69,31.666666666666668,17.7857620959388,24,5.414893617021277,6.0,9,0.7340425531914894,85.70178348623854,0.5
2026-04-29_live-declaratiile-de-presa-sustinute-dupa-participarea-la-fo,2026-04-29,facebook-post,2026Q2 cotitură UE + criză guvern,1,21,18,22.0,0.0,22,5.619047619047619,7.0,7,0.8571428571428571,0.0,0.38095238095238093
2026-05-03_felicitari-elevilor-romani-din-lotul-national-de-robotica-ca,2026-05-03,facebook-post,2026Q2 cotitură UE + criză guvern,5,133,78,27.4,12.621410380777577,34,5.2180451127819545,4.4,6,0.5864661654135338,63.77459016393442,0.40601503759398494
2026-05-03_in-drum-spre-armenia-unde-voi-participa-alaturi-de-doamna-pr,2026-05-03,facebook-post,2026Q2 cotitură UE + criză guvern,4,91,73,23.0,6.27162924074226,25,6.153846153846154,6.25,8,0.8021978021978022,128.8155555555556,0.34065934065934067
2026-05-04_am-avut-placerea-de-a-ma-intalni-cu-principele-albert-al-ii,2026-05-04,facebook-post,2026Q2 cotitură UE + criză guvern,3,64,50,21.333333333333332,7.094598884597588,20,5.03125,6.0,7,0.78125,59.257760210803696,0.484375
2026-05-04_am-organizat-astazi-in-marja-reuniunii-comunitatii-politice,2026-05-04,facebook-post,2026Q2 cotitură UE + criză guvern,4,100,79,25.0,8.86942313043338,30,6.15,5.25,7,0.79,133.33333333333337,0.38
2026-05-04_live-declaratii-de-presa-dupa-participarea-la-reuniunea-comu,2026-05-04,facebook-post,2026Q2 cotitură UE + criză guvern,1,17,15,17.0,0.0,17,6.0,6.0,6,0.8823529411764706,0.0,0.29411764705882354
2026-05-04_multumesc-prietenilor-europeni-pentru-participarea-la-discut,2026-05-04,facebook-post,2026Q2 cotitură UE + criză guvern,4,73,62,18.25,6.2915286960589585,23,6.972602739726027,4.75,7,0.8493150684931506,135.6472727272727,0.3972602739726027
2026-05-05_live-declaratii-de-presa-sustinute-la-palatul-cotroceni,2026-05-05,facebook-post,2026Q2 cotitură UE + criză guvern,1,9,9,9.0,0.0,9,5.444444444444445,4.0,4,1.0,0.0,0.2222222222222222
2026-05-12_abordarea-strategica-a-romaniei-in-ceea-ce-priveste-politica,2026-05-12,facebook-post,2026Q2 cotitură UE + criză guvern,8,180,98,22.75,9.315885051121782,35,5.238888888888889,4.5,6,0.5444444444444444,59.039692701664535,0.42777777777777776
2026-05-12_am-avut-o-discutie-substantiala-cu-presedintele-poloniei-kar,2026-05-12,facebook-post,2026Q2 cotitură UE + criză guvern,6,146,91,24.333333333333332,4.131182235954578,25,5.582191780821918,5.666666666666667,7,0.6232876712328768,71.56221689698813,0.4452054794520548
2026-05-12_intalnire-de-lucru-alaturi-de-secretarul-general-al-nato-mar,2026-05-12,facebook-post,2026Q2 cotitură UE + criză guvern,5,120,89,24.2,11.945710527214361,34,6.191666666666666,5.4,9,0.7416666666666667,130.06451612903228,0.3333333333333333
2026-05-12_live-declaratii-de-presa-comune-cu-presedintele-republicii-p,2026-05-12,facebook-post,2026Q2 cotitură UE + criză guvern,1,12,12,12.0,0.0,12,5.916666666666667,3.0,3,1.0,0.0,0.16666666666666666
2026-05-12_live-declaratii-de-presa-sustinute-dupa-participarea-la-conf,2026-05-12,facebook-post,2026Q2 cotitură UE + criză guvern,1,17,17,17.0,0.0,17,6.117647058823529,6.0,6,1.0,0.0,0.17647058823529413
2026-05-12_live-participare-la-conferinta-internationala-black-sea-and,2026-05-12,facebook-post,2026Q2 cotitură UE + criză guvern,1,12,12,12.0,0.0,12,6.083333333333333,4.0,4,1.0,0.0,0.08333333333333333
2026-05-12_live-primirea-presedintelui-republicii-polone-karol-nawrocki,2026-05-12,facebook-post,2026Q2 cotitură UE + criză guvern,1,11,11,11.0,0.0,11,6.636363636363637,4.0,4,1.0,0.0,0.09090909090909091
2026-05-12_live-primirea-secretarului-general-nato-mark-rutte-la-palatu,2026-05-12,facebook-post,2026Q2 cotitură UE + criză guvern,1,11,11,11.0,0.0,11,5.7272727272727275,3.0,3,1.0,0.0,0.09090909090909091
2026-05-13_am-avut-astazi-o-intrevedere-excelenta-cu-presedintele-curti,2026-05-13,facebook-post,2026Q2 cotitură UE + criză guvern,3,68,47,22.666666666666668,7.023769168568493,22,6.352941176470588,5.666666666666667,7,0.6911764705882353,40.72034317769345,0.3382352941176471
2026-05-13_b9summit-romania-polonia-ucraina-b92026,2026-05-13,facebook-post,2026Q2 cotitură UE + criză guvern,1,5,5,5.0,0.0,5,7.0,2.0,2,1.0,0.0,0.0
2026-05-13_le-am-urat-bun-venit-la-bucuresti-liderilor-statelor-membre,2026-05-13,facebook-post,2026Q2 cotitură UE + criză guvern,10,215,126,21.6,16.4668016188802,37,5.809302325581395,4.6,11,0.586046511627907,77.22142269736841,0.4511627906976744
2026-05-13_live-declaratii-de-presa-comune-ale-presedintelui-romaniei-n,2026-05-13,facebook-post,2026Q2 cotitură UE + criză guvern,2,34,29,17.5,10.606601717798213,10,5.852941176470588,4.0,4,0.8529411764705882,0.0,0.2647058823529412
2026-05-13_live-primirea-presedintelui-ucrainei-la-palatul-cotroceni-si,2026-05-13,facebook-post,2026Q2 cotitură UE + criză guvern,1,13,12,14.0,0.0,14,6.538461538461538,3.0,3,0.9230769230769231,0.0,0.23076923076923078
2026-05-13_o-participare-ampla-astazi-la-bucuresti-a-statelor-din-forma,2026-05-13,facebook-post,2026Q2 cotitură UE + criză guvern,10,252,146,25.3,16.26892060887193,33,6.0,5.6,12,0.5793650793650794,94.12979049565662,0.4642857142857143
2026-05-13_presedintele-volodimir-zelenski-a-fost-invitatul-special-al,2026-05-13,facebook-post,2026Q2 cotitură UE + criză guvern,6,131,88,22.0,7.4565407529228995,27,6.091603053435114,5.166666666666667,8,0.6717557251908397,93.21718189964157,0.3893129770992366
2026-05-13_summitul-b9-la-palatul-cotroceni-impreuna-suntem-mai-puterni,2026-05-13,facebook-post,2026Q2 cotitură UE + criză guvern,3,10,10,3.3333333333333335,2.0816659994661326,4,6.0,1.6666666666666667,2,1.0,0.0,0.2
2026-05-13_unitatea-forta-si-coerenta-trebuie-sa-ne-ghideze-in-consolid,2026-05-13,facebook-post,2026Q2 cotitură UE + criză guvern,2,21,21,10.5,2.1213203435596424,9,6.714285714285714,4.0,4,1.0,0.0,0.38095238095238093
2026-05-13_zi-foarte-importanta-astazi-la-palatul-cotroceni-unde-are-lo,2026-05-13,facebook-post,2026Q2 cotitură UE + criză guvern,2,70,55,35.5,45.96194077712559,3,5.828571428571428,5.5,9,0.7857142857142857,91.46666666666667,0.35714285714285715
2026-05-14_la-summitul-b9-am-reconfirmat-un-lucru-esential-securitatea,2026-05-14,facebook-post,2026Q2 cotitură UE + criză guvern,3,42,38,14.0,10.583005244258363,18,5.904761904761905,4.0,6,0.9047619047619048,0.0,0.3333333333333333
2026-05-15_investitiile-in-tot-ce-tine-de-apararea-cetatenilor-nostri-a,2026-05-15,facebook-post,2026Q2 cotitură UE + criză guvern,7,186,119,27.0,11.343133018115703,36,5.435483870967742,5.571428571428571,9,0.6397849462365591,79.37285843101894,0.44623655913978494
2026-05-15_live-declaratii-de-presa-sustinute-de-presedintele-romaniei,2026-05-15,facebook-post,2026Q2 cotitură UE + criză guvern,2,24,22,12.5,2.1213203435596424,11,5.958333333333333,4.5,5,0.9166666666666666,0.0,0.25
2026-05-21_t,2026-05-21,facebook-post,2026Q2 cotitură UE + criză guvern,5,133,91,26.8,8.497058314499201,31,5.593984962406015,6.0,8,0.6842105263157895,93.65363585568328,0.46616541353383456
2025-05-08_dezbatere-euronews-simion,2025-05-08,dezbatere-electorala,2025Q2 campanie + investitură,5,63,44,12.6,4.560701700396552,16,4.920634920634921,4.0,5,0.6984126984126984,49.875,0.5555555555555556
2024-12-16_anunt-candidatura,2024-12-16,anunt-candidatura,2024Q4-2025Q1 candidatură-precampanie,10,120,76,12.5,7.412451985979028,18,5.158333333333333,3.1818181818181817,7,0.6333333333333333,66.36726921632786,0.5416666666666666
2025-02-03_lansare-campanie-romania-onesta,2025-02-03,lansare-campanie,2024Q4-2025Q1 candidatură-precampanie,13,188,102,15.0,10.64581294844754,26,5.303191489361702,4.0,8,0.5425531914893617,47.0,0.5106382978723404
2025-05-19_discurs-victorie,2025-05-19,discurs-victorie,2025Q2 campanie + investitură,17,270,118,15.941176470588236,9.058632541913363,29,4.7407407407407405,4.588235294117647,9,0.43703703703703706,30.604072398190045,0.5481481481481482
2025-05-26_discurs-investitura,2025-05-26,discurs-investitura,2025Q2 campanie + investitură,25,1037,371,41.48,28.814232594327407,75,5.529411764705882,6.24,14,0.35776277724204436,40.199982110912345,0.49083895853423337
2025-06-04_conferinta-presa-cotroceni,2025-06-04,conferinta-presa,2025Q3 deficit + reforma economică,9,110,72,12.333333333333334,5.937171043518958,17,4.863636363636363,3.4444444444444446,6,0.6545454545454545,55.730537449268226,0.5
2025-09-04_autoevaluare-100-zile,2025-09-04,interviu-autoevaluare,2025Q4 stabilizare + diplomație,17,166,102,9.941176470588236,4.6699918125636755,16,4.63855421686747,3.2222222222222223,5,0.6144578313253012,53.84009386523634,0.5783132530120482
2025-12-31_mesaj-anul-nou,2025-12-31,mesaj-anul-nou,2025Q4-2026Q1 reformă judiciară,15,291,158,19.6,9.708611788363095,37,4.982817869415808,4.733333333333333,7,0.5429553264604811,75.53238432777691,0.5017182130584192
2024-12-04_political-studio-nicusor-dan-the-signal-is-good-even-if-it-i,2024-12-04,video-transcript,2024Q4-2025Q1 candidatură-precampanie,2,2453,546,1240.5,1655.3369747577078,70,4.185079494496535,17.5,28,0.22258459029759478,48.33958791818073,0.600896860986547
2024-12-16_nicusor-dan-despre-calin-georgescu-in-ceea-ce-priveste-conte,2024-12-16,video-transcript,2024Q4-2025Q1 candidatură-precampanie,1,70,50,70.0,0.0,70,4.828571428571428,9.0,9,0.7142857142857143,53.91544117647059,0.5571428571428572
2024-12-16_nicusor-dan-intentionez-sa-candidez-ca-independent-la-aleger,2024-12-16,video-transcript,2024Q4-2025Q1 candidatură-precampanie,1,710,260,716.0,0.0,716,4.857746478873239,24.0,24,0.36619718309859156,45.41288782816229,0.5732394366197183
2024-12-16_nicusor-dan-si-a-anuntat-candidatura-la-alegerile-prezidenti,2024-12-16,video-transcript,2024Q4-2025Q1 candidatură-precampanie,2,2531,546,1276.0,379.00923471598946,1008,4.582378506519162,26.0,28,0.21572500987751878,45.13045086269043,0.5748715922560252
2024-12-18_nicusor-dan-iesirea-unui-partid-din-coalitie-ne-ar-lasa-cu-u,2024-12-18,video-transcript,2024Q4-2025Q1 candidatură-precampanie,8,4252,718,539.75,560.4818717598532,981,4.312793979303857,13.875,23,0.16886171213546566,43.483768070470674,0.5787864534336783
2024-12-19_nicusor-dan-dupa-retragerea-psd-de-la-negocieri-sunt-surprin,2024-12-19,video-transcript,2024Q4-2025Q1 candidatură-precampanie,1,521,185,527.0,0.0,527,4.642994241842611,16.0,16,0.3550863723608445,33.049064817290535,0.5566218809980806
2024-12-23_nicusor-dan-despre-candidatura-lui-crin-antonescu-partidele,2024-12-23,video-transcript,2024Q4-2025Q1 candidatură-precampanie,2,561,225,284.5,190.21172413918129,150,4.566844919786096,13.5,17,0.40106951871657753,53.925581395348836,0.5329768270944741
2024-12-25_mesajul-lui-nicusor-dan-pentru-romani-stiri-b1tv-25-dec-2024,2024-12-25,video-transcript,2024Q4-2025Q1 candidatură-precampanie,1,203,116,206.0,0.0,206,4.699507389162561,10.0,10,0.5714285714285714,59.58161985957874,0.4975369458128079
2024-12-30_nicusor-dan-candidez-indiferent-de-ce-va-fi-stiri-b1tv-30-de,2024-12-30,video-transcript,2024Q4-2025Q1 candidatură-precampanie,1,221,101,223.0,0.0,223,4.529411764705882,18.0,18,0.45701357466063347,33.788546669413094,0.5294117647058824
2024-12-30_nicusor-dan-despre-calin-georgescu-stiri-b1tv-30-dec-2024,2024-12-30,video-transcript,2024Q4-2025Q1 candidatură-precampanie,3,641,222,214.33333333333334,335.83676590470753,29,4.355694227769111,11.666666666666666,27,0.3463338533541342,43.20327903906167,0.5756630265210608
2025-01-09_nicusor-dan-critica-decizia-coalitiei-privind-data-alegerilo,2025-01-09,video-transcript,2024Q4-2025Q1 candidatură-precampanie,2,529,198,267.0,98.99494936611666,197,4.780718336483932,13.0,15,0.3742911153119093,45.752846047451854,0.502835538752363
2025-01-13_nicusor-dan-explicatiile-privind-anularea-prezidentialelor-s,2025-01-13,video-transcript,2024Q4-2025Q1 candidatură-precampanie,1,129,74,132.0,0.0,132,4.294573643410852,8.0,8,0.5736434108527132,46.12867629889608,0.5813953488372093
2025-01-18_nicusor-dan-cere-explicatii-pentru-anulare-stiri-b1tv-18-ian,2025-01-18,video-transcript,2024Q4-2025Q1 candidatură-precampanie,3,217,104,73.0,85.56284240252891,49,4.548387096774194,5.0,8,0.4792626728110599,42.00265151515151,0.5345622119815668
2025-01-30_nicusor-dan-despre-alegerile-prezidentiale-daca-va-castiga-g,2025-01-30,video-transcript,2024Q4-2025Q1 candidatură-precampanie,2,167,94,85.0,4.242640687119285,82,4.131736526946108,8.5,11,0.562874251497006,54.62238681988094,0.6107784431137725
2025-02-04_nicusor-dan-declara-iar-ca-nu-se-retrage-din-cursa-in-turul,2025-02-04,video-transcript,2024Q4-2025Q1 candidatură-precampanie,1,90,52,92.0,0.0,92,4.122222222222222,10.0,10,0.5777777777777777,42.74096385542168,0.6666666666666666
2025-02-05_nicusor-dan-cand-statul-se-imprumuta-ca-sa-plateasca-deficit,2025-02-05,video-transcript,2024Q4-2025Q1 candidatură-precampanie,4,377,161,95.75,103.42589939984407,152,4.201591511936339,6.0,11,0.4270557029177719,61.805835240274604,0.5543766578249337
2025-02-05_nicusor-dan-despre-scandalul-nordis-mult-din-ce-se-construie,2025-02-05,video-transcript,2024Q4-2025Q1 candidatură-precampanie,9,5352,955,606.6666666666666,585.2520824396954,1277,4.38677130044843,17.11111111111111,24,0.17843796711509716,44.3126459753134,0.5827727952167414
2025-02-08_nicusor-dan-reactie-in-scandalul-cu-lasconi-stiri-b1tv-8-feb,2025-02-08,video-transcript,2024Q4-2025Q1 candidatură-precampanie,2,112,64,56.5,77.07463914933368,2,4.321428571428571,6.5,12,0.5714285714285714,50.7103274559194,0.5982142857142857
2025-02-16_nicusor-dan-vrem-sa-cumparam-inca-250-de-tramvaie-si-sa-mode,2025-02-16,video-transcript,2024Q4-2025Q1 candidatură-precampanie,3,305,135,106.0,111.30139262381222,80,4.829508196721312,8.666666666666666,12,0.4426229508196721,54.40233855965984,0.49508196721311476
2025-02-24_nicusor-dan-despre-demisia-lui-ciolacu-stiri-b1tv-24-febr-20,2025-02-24,video-transcript,2024Q4-2025Q1 candidatură-precampanie,1,173,95,173.0,0.0,173,4.913294797687861,8.0,8,0.5491329479768786,53.71689497716895,0.5491329479768786
2025-02-26_nicusor-dan-despre-dovezile-pe-care-vrea-sa-le-vada-in-legat,2025-02-26,video-transcript,2024Q4-2025Q1 candidatură-precampanie,2,210,102,107.0,114.5512985522207,26,4.161904761904762,10.5,12,0.4857142857142857,43.67695099818512,0.5857142857142857
2025-02-27_nicusor-dan-despre-inculparea-lui-calin-georgescu-trebuie-sa,2025-02-27,video-transcript,2024Q4-2025Q1 candidatură-precampanie,2,555,201,279.0,258.8010819142764,96,4.538738738738739,13.0,15,0.3621621621621622,46.45326859114367,0.5477477477477477
2025-02-27_sume-uriase-si-tehnologie-avansata-nicusor-dan-despre-campan,2025-02-27,video-transcript,2024Q4-2025Q1 candidatură-precampanie,1,139,75,139.0,0.0,139,4.474820143884892,9.0,9,0.539568345323741,44.73339296278559,0.5467625899280576
2025-03-07_nicusor-dan-candidatura-mea-este-candidatura-celor-240-de-mi,2025-03-07,video-transcript,2025Q2 campanie + investitură,1,130,69,132.0,0.0,132,4.461538461538462,11.0,11,0.5307692307692308,34.028160669718204,0.6
2025-03-07_nicusor-dan-fata-de-aceasta-decizie-a-ccr-ne-invartim-in-cee,2025-03-07,video-transcript,2025Q2 campanie + investitură,1,158,86,158.0,0.0,158,4.753164556962025,10.0,10,0.5443037974683544,66.6904432132964,0.5632911392405063
2025-03-07_nicusor-dan-primul-candidat-care-s-a-inscris-oficial-la-prez,2025-03-07,video-transcript,2025Q2 campanie + investitură,1,89,53,90.0,0.0,90,4.53932584269663,8.0,8,0.5955056179775281,30.660123171670516,0.6067415730337079
2025-03-14_buna-romania-nicusor-dan-romania-e-un-stat-bolnav-bec-trebui,2025-03-14,video-transcript,2025Q2 campanie + investitură,8,3106,660,392.5,437.6733942107973,387,4.372504829362524,14.0,28,0.21249195106245974,37.892986779716274,0.5824211204121056
2025-03-14_nicusor-dan-despre-premierul-ciolacu-este-evident-ca-toata-l,2025-03-14,video-transcript,2025Q2 campanie + investitură,1,430,175,435.0,0.0,435,4.518604651162791,14.0,14,0.4069767441860465,41.25226714005995,0.541860465116279
2025-03-19_nicusor-dan-am-discutat-cu-bolojan-la-cotroceni-despre-alege,2025-03-19,video-transcript,2025Q2 campanie + investitură,3,1343,358,454.3333333333333,331.97339250809443,425,4.147431124348474,14.0,18,0.2665673864482502,35.8197012802276,0.5941921072226359
2025-04-01_nicusor-dan-criticat-dur-dupa-declaratia-despre-introducerea,2025-04-01,video-transcript,2025Q2 campanie + investitură,78,1175,398,15.192307692307692,17.71422327661324,46,4.3421276595744684,3.6835443037974684,12,0.33872340425531916,49.14209476705939,0.5497872340425531
2025-04-02_nicusor-dan-ar-putea-fi-un-presedinte-care-sa-aduca-prestigi,2025-04-02,video-transcript,2025Q2 campanie + investitură,5,70,53,14.2,3.03315017762062,16,5.371428571428571,4.0,6,0.7571428571428571,69.81496649292627,0.44285714285714284
2025-04-08_crin-antonescu-il-troleaza-pe-nicusor-dan-nu-mananc-medenele,2025-04-08,video-transcript,2025Q2 campanie + investitură,4,56,45,14.25,9.358596760910972,17,4.285714285714286,2.75,5,0.8035714285714286,56.766230457440656,0.5357142857142857
2025-04-11_lasconi-arata-mesajul-de-la-nicusor-dan-cand-ii-cere-sa-se-v,2025-04-11,video-transcript,2025Q2 campanie + investitură,6,141,80,23.666666666666668,32.24696368135559,21,3.99290780141844,3.6666666666666665,7,0.5673758865248227,60.708333333333336,0.624113475177305
2025-05-02_nicusor-dan-mesaj-pentru-romani-sa-aleaga-pe-cei-care-au-dov,2025-05-02,video-transcript,2025Q2 campanie + investitură,11,202,100,18.636363636363637,20.284342371754263,43,4.297029702970297,4.636363636363637,12,0.49504950495049505,36.358435523428426,0.5891089108910891
2025-05-04_nicusor-dan-am-votat-pentru-speranta-si-pentru-un-nou-incepu,2025-05-04,video-transcript,2025Q2 campanie + investitură,11,145,71,13.272727272727273,12.86927277736321,23,4.427586206896552,3.727272727272727,7,0.4896551724137931,46.30592841163311,0.6137931034482759
2025-05-04_nicusor-dan-o-sa-fie-o-disputa-intre-un-candidat-pro-occiden,2025-05-04,video-transcript,2025Q2 campanie + investitură,32,669,234,21.21875,20.325947781734715,57,4.426008968609866,4.375,10,0.34977578475336324,44.16343339836821,0.5560538116591929
2025-05-04_nicusor-dan-sa-ne-raportam-cu-pruden-a-la-rezultatele-exit-p,2025-05-04,video-transcript,2025Q2 campanie + investitură,10,240,111,24.2,12.336035739968402,37,4.783333333333333,6.4,11,0.4625,50.24513461583176,0.6083333333333333
2025-05-05_exclusiv-nicusor-dan-dupa-turul-i-al-prezidentialelor-urmeaz,2025-05-05,video-transcript,2025Q2 campanie + investitură,5,167,87,34.2,19.018412131405714,45,5.191616766467066,5.6,7,0.5209580838323353,25.960850269451587,0.5029940119760479
2025-05-05_nicusor-dan-despre-turul-doi-ii-chem-pe-toti-romanii-sa-fie,2025-05-05,video-transcript,2025Q2 campanie + investitură,16,242,104,15.5625,19.595811627318053,37,4.487603305785124,3.5,7,0.4297520661157025,35.42761522279595,0.6074380165289256
2025-05-06_apelul-lui-nicusor-dan-dupa-evolutiile-pietei-financiare-din,2025-05-06,video-transcript,2025Q2 campanie + investitură,6,204,104,35.333333333333336,24.303634844744245,58,4.862745098039215,5.285714285714286,9,0.5098039215686274,42.596891191709844,0.5294117647058824
2025-05-07_editie-speciala-nicusor-dan-anunta-ca-accepta-invitatia-lui,2025-05-07,video-transcript,2025Q2 campanie + investitură,206,3723,819,18.37864077669903,16.940709522304832,51,4.453934998656997,4.019230769230769,12,0.2199838839645447,52.66050485751494,0.5600322320709106
2025-05-07_interviu-nicusor-dan-despre-criza-economica-in-care-poate-in,2025-05-07,video-transcript,2025Q2 campanie + investitură,92,1959,475,21.641304347826086,18.26940126155767,55,4.588055130168454,4.494623655913978,15,0.24247064828994386,40.87130763688761,0.5416028586013272
2025-05-07_nicusor-dan-despre-planul-lui-simion-de-concediere-a-bugetar,2025-05-07,video-transcript,2025Q2 campanie + investitură,3,69,42,24.0,18.520259177452136,23,4.6521739130434785,5.0,6,0.6086956521739131,23.944986072423397,0.5362318840579711
2025-05-07_nicusor-dan-interviu-exclusiv-pentru-euronews-romania,2025-05-07,video-transcript,2025Q2 campanie + investitură,5,136,64,28.0,20.211382931407737,40,4.1838235294117645,6.2,11,0.47058823529411764,32.25650054171181,0.6323529411764706
2025-05-07_nicusor-dan-romania-are-nevoie-de-schimbare-dar-nu-una-care,2025-05-07,video-transcript,2025Q2 campanie + investitură,8,99,57,12.5,8.315218406202998,24,4.838383838383838,4.25,6,0.5757575757575758,33.671606176404474,0.47474747474747475
2025-05-07_nicusor-dan-romania-are-nevoie-de-schimbare-dar-nu-una-care_yMbfqR,2025-05-07,video-transcript,2025Q2 campanie + investitură,7,98,57,14.142857142857142,8.071112509614592,22,4.8979591836734695,4.571428571428571,8,0.5816326530612245,38.7522704688836,0.46938775510204084
2025-05-10_nicusor-dan-nu-poti-sa-dai-afara-500-000-de-oameni-e-imposib,2025-05-10,video-transcript,2025Q2 campanie + investitură,16,202,91,13.25,7.362064927722384,25,4.252475247524752,3.625,6,0.4504950495049505,24.21516393442623,0.6138613861386139
2025-05-14_nicusor-dan-dau-in-scris-ca-tva-nu-va-creste,2025-05-14,video-transcript,2025Q2 campanie + investitură,6,96,62,16.333333333333332,18.12916618784953,31,3.9375,3.5,8,0.6458333333333334,31.105582335562126,0.53125
2025-05-15_educatia-e-o-problema-de-securitate-nationala-nicusor-dan-ce,2025-05-15,video-transcript,2025Q2 campanie + investitură,11,272,117,24.90909090909091,20.04721699116636,44,4.4411764705882355,5.2727272727272725,10,0.43014705882352944,53.245342962575826,0.49264705882352944
2025-05-15_nicusor-dan-nu-sunt-izolationist-sunt-suveranist-ce-a-spus-c,2025-05-15,video-transcript,2025Q2 campanie + investitură,6,91,62,15.666666666666666,9.563820714895625,20,5.472527472527473,3.6666666666666665,5,0.6813186813186813,57.957084386661855,0.5384615384615384
2025-05-15_nicusor-dan-prima-reactie-dupa-jignirea-lui-simion-n-dan-con,2025-05-15,video-transcript,2025Q2 campanie + investitură,4,80,55,20.0,4.396968652757639,22,4.65,5.5,7,0.6875,59.05169909962242,0.525
2025-05-15_nicusor-dan-vs-george-simion-cele-mai-importante-momente-din,2025-05-15,video-transcript,2025Q2 campanie + investitură,28,528,206,19.071428571428573,16.619775305849693,50,4.583333333333333,4.607142857142857,9,0.39015151515151514,38.45270741343249,0.5681818181818182
2025-05-16_fiul-lui-ratiu-mesaj-pentru-nicusor-dan-b1tv-16-mai-2025,2025-05-16,video-transcript,2025Q2 campanie + investitură,7,58,42,8.428571428571429,3.359421718944242,11,4.5344827586206895,3.0,4,0.7241379310344828,58.435,0.5344827586206896
2025-05-18_alegeri-prezidentiale-2025-mesajul-lui-nicusor-dan-dupa-apar,2025-05-18,video-transcript,2025Q2 campanie + investitură,12,363,140,30.333333333333332,15.847760572128642,54,4.953168044077135,6.583333333333333,14,0.3856749311294766,28.096682440596055,0.5454545454545454
2025-05-18_nicusor-dan-am-votat-pentru-o-directie-europeana-nu-pentru-i,2025-05-18,video-transcript,2025Q2 campanie + investitură,3,50,37,17.333333333333332,15.17673658377628,20,4.22,5.0,9,0.74,53.846153846153854,0.56
2025-05-18_nicusor-dan-dupa-ce-a-castigat-alegerile-prezidentiale-e-vic,2025-05-18,video-transcript,2025Q2 campanie + investitură,15,233,106,15.6,9.053807407462816,28,4.763948497854077,4.066666666666666,8,0.45493562231759654,30.503939327000957,0.5321888412017167
2025-05-18_nicusor-dan-incepem-o-noua-etapa-de-maine-la-munca-sustinato,2025-05-18,video-transcript,2025Q2 campanie + investitură,30,330,124,11.0,11.188047809743372,29,4.745454545454545,3.2,8,0.37575757575757573,19.87411909338043,0.48484848484848486
2025-05-18_romania-alege-cu-l-chiriac-discursul-presedintelui-nicusor-d,2025-05-18,video-transcript,2025Q2 campanie + investitură,31,452,172,14.64516129032258,12.281553612625112,40,4.9402654867256635,3.774193548387097,10,0.3805309734513274,26.46171271113061,0.5265486725663717
2025-05-19_nicusor-dan-despre-scenariul-unei-victorii-a-lui-george-simi,2025-05-19,video-transcript,2025Q2 campanie + investitură,19,287,145,15.263157894736842,11.859558288866307,32,4.651567944250871,3.8947368421052633,8,0.5052264808362369,37.365884736016724,0.49825783972125437
2025-05-19_nicusor-dan-despre-viitorul-premier-bolojan-ramane-optiunea,2025-05-19,video-transcript,2025Q2 campanie + investitură,14,220,116,15.785714285714286,16.460575611154958,42,4.368181818181818,3.642857142857143,8,0.5272727272727272,49.72693173293324,0.5409090909090909
2025-05-20_nicusor-dan-despre-planurile-pentru-romania-stiri-b1tv-20-ma,2025-05-20,video-transcript,2025Q2 campanie + investitură,12,199,101,17.083333333333332,17.552302792891116,43,4.517587939698492,3.75,7,0.507537688442211,36.59952567602605,0.5376884422110553
2025-05-22_ce-spune-nicusor-dan-despre-relatiile-romaniei-cu-sua-si-ue,2025-05-22,video-transcript,2025Q2 campanie + investitură,85,1759,484,20.95294117647059,16.521923301475283,43,4.718021603183627,4.6395348837209305,10,0.27515633882888,45.01281245636085,0.5247299602046618
2025-05-22_nicusor-dan-anunta-primele-masuri-dupa-ce-a-fost-validat,2025-05-22,video-transcript,2025Q2 campanie + investitură,1,15,15,15.0,0.0,15,5.2,6.0,6,1.0,0.0,0.5333333333333333
2025-05-22_nicusor-dan-daca-sunt-amenintari-institutiile-isi-vor-face-d,2025-05-22,video-transcript,2025Q2 campanie + investitură,5,64,46,12.8,7.259476565152615,17,4.6875,3.4,5,0.71875,54.90909090909091,0.5
2025-05-22_nicusor-dan-despre-cum-va-evita-romania-atacurile-hibride-tr,2025-05-22,video-transcript,2025Q2 campanie + investitură,4,74,61,18.75,16.45954636879968,29,4.851351351351352,4.25,7,0.8243243243243243,82.16633754305398,0.40540540540540543
2025-05-22_nicusor-dan-despre-subventiile-pentru-partide-b1tv-22-mai-20,2025-05-22,video-transcript,2025Q2 campanie + investitură,21,430,162,20.666666666666668,16.41747036949765,46,4.293023255813954,4.454545454545454,8,0.3767441860465116,44.20358188622268,0.5883720930232558
2025-05-22_nicusor-dan-o-tinta-realista-de-deficit-este-7-5-din-pib,2025-05-22,video-transcript,2025Q2 campanie + investitură,7,126,70,18.857142857142858,12.321100754783389,31,4.420634920634921,3.75,6,0.5555555555555556,37.638527257933276,0.5396825396825397
2025-05-22_nicusor-dan-statul-roman-trebuie-sa-rezolve-obstacolele-pe-c,2025-05-22,video-transcript,2025Q2 campanie + investitură,15,287,120,19.4,12.97139710505938,41,4.379790940766551,4.8,10,0.4181184668989547,43.414660174748214,0.5958188153310104
2025-05-22_nicusor-dan-trebuie-sa-lamurim-anularea-alegerilor-de-anul-t,2025-05-22,video-transcript,2025Q2 campanie + investitură,3,84,61,28.0,5.196152422706632,31,5.214285714285714,5.0,6,0.7261904761904762,64.75725752508362,0.47619047619047616
2025-05-22_nicusor-dan-urmeaza-un-nou-capitol-in-istoria-recenta-si-con,2025-05-22,video-transcript,2025Q2 campanie + investitură,6,92,62,15.333333333333334,9.287985070329661,24,5.130434782608695,4.166666666666667,7,0.6739130434782609,54.60945945945946,0.5652173913043478
2025-05-23_nicusor-dan-propune-o-tinta-de-deficit-bugetar-de-7-5-din-pi,2025-05-23,video-transcript,2025Q2 campanie + investitură,5,146,82,30.4,15.820872289478858,39,4.513698630136986,5.4,7,0.5616438356164384,44.06968933669185,0.4931506849315068
2025-05-24_nicusor-dan-e-un-deficit-de-implicare-in-politica-statul-est,2025-05-24,video-transcript,2025Q2 campanie + investitură,9,227,108,25.555555555555557,11.886032886450288,37,4.621145374449339,5.6,10,0.47577092511013214,39.75601092896175,0.6211453744493393
2025-05-26_live-investirea-lui-nicusor-dan-juramantul-de-la-parlament-s,2025-05-26,video-transcript,2025Q2 campanie + investitură,118,2586,683,22.110169491525422,21.06107678934253,62,4.736272235112143,4.630252100840337,17,0.26411446249033255,41.846473494623865,0.5359628770301624
2025-05-26_nicusor-dan-oficial-presedintele-romaniei-ceremonia-de-inves,2025-05-26,video-transcript,2025Q2 campanie + investitură,113,2395,630,21.336283185840706,16.939287923276503,54,5.0897703549060545,4.8584070796460175,15,0.2630480167014614,41.22389497935927,0.5227557411273487
2025-05-26_nicusor-dan-reformele-fiscale-sunt-inevitabile-e-obligatoriu,2025-05-26,video-transcript,2025Q2 campanie + investitură,47,920,284,19.893617021276597,17.95675244502407,53,4.5271739130434785,4.446808510638298,15,0.30869565217391304,38.845219244821166,0.5695652173913044
2025-05-26_stirile-kanal-d-exclusiv-nicusor-dan-primul-discurs-ca-prese,2025-05-26,video-transcript,2025Q2 campanie + investitură,37,794,303,21.45945945945946,13.158424835220368,46,5.405541561712846,5.027027027027027,11,0.38161209068010077,40.593290441886325,0.4811083123425693
2025-05-27_nicusor-dan-despre-fetita-sa-mi-a-zis-ca-m-am-plictisit-la-d,2025-05-27,video-transcript,2025Q2 campanie + investitură,11,90,65,8.272727272727273,5.255300354706838,14,4.655555555555556,2.909090909090909,5,0.7222222222222222,90.0,0.4
2025-05-28_mesajul-lui-nicusor-dan-inainte-de-consultarile-de-la-cotroc,2025-05-28,video-transcript,2025Q2 campanie + investitură,6,48,37,8.333333333333334,4.96655480858378,11,4.458333333333333,3.0,6,0.7708333333333334,0.0,0.5416666666666666
2025-05-29_nicusor-dan-explica-de-ce-nu-vrea-un-premier-tehnocrat-in-vi,2025-05-29,video-transcript,2025Q2 campanie + investitură,28,383,150,13.821428571428571,12.878502246217147,35,4.402088772845953,3.75,10,0.391644908616188,51.82332126714165,0.5744125326370757
2025-05-30_nicusor-dan-dupa-decizia-ccr-privind-declaratiile-de-avere-d,2025-05-30,video-transcript,2025Q2 campanie + investitură,5,73,49,14.6,11.058933040759403,20,4.589041095890411,4.4,6,0.6712328767123288,44.8964700307984,0.5068493150684932
2025-05-30_nicusor-dan-primele-discutii-cu-partidele-privind-formarea-g,2025-05-30,video-transcript,2025Q2 campanie + investitură,5,81,53,16.2,6.1400325732035,21,4.518518518518518,4.0,5,0.654320987654321,46.06875000000001,0.5555555555555556
2025-05-30_presedintele-nicusor-dan-l-am-invitat-pe-donald-trump-in-rom,2025-05-30,video-transcript,2025Q2 campanie + investitură,4,50,36,12.5,13.025615788386615,12,4.62,3.0,4,0.72,25.065279962018934,0.44
2025-06-02_briefing-nicusor-dan-avem-un-stat-disfunctional-si-trebuie-s,2025-06-02,video-transcript,2025Q3 deficit + reforma economică,69,1223,408,17.942028985507246,16.149926295562114,35,4.308258381030253,4.333333333333333,15,0.3336058871627146,51.17138845553822,0.5519215044971382
2025-06-02_conferinta-presa-nicusor-dan-concluzii-summit-si-situatia-di,2025-06-02,video-transcript,2025Q3 deficit + reforma economică,77,1544,436,20.493506493506494,16.240481727868996,56,4.47279792746114,4.3896103896103895,11,0.2823834196891192,47.47248135040352,0.5563471502590673
2025-06-03_nicusor-dan-anunturi-de-ultima-ora-despre-situatia-economica,2025-06-03,video-transcript,2025Q3 deficit + reforma economică,8,151,71,19.125,12.900027685463092,24,4.311258278145695,3.6666666666666665,7,0.47019867549668876,32.49576802507837,0.6026490066225165
2025-06-03_nicusor-dan-cere-implicarea-serviciilor-secrete-pentru-a-com,2025-06-03,video-transcript,2025Q3 deficit + reforma economică,5,152,93,31.0,14.071247279470288,38,4.7631578947368425,6.0,7,0.6118421052631579,60.24242424242425,0.48026315789473684
2025-06-03_romania-lui-vitalie-nicusor-dan-cere-implicarea-serviciilor,2025-06-03,video-transcript,2025Q3 deficit + reforma economică,150,3497,847,23.54,20.605475912579468,62,4.669144981412639,4.592105263157895,14,0.2422076065198742,50.251910933687554,0.5387474978553045
2025-06-04_conferinta-de-presa-sustinuta-de-presedintele-romaniei-nicus_74PzSE,2025-06-04,video-transcript,2025Q3 deficit + reforma economică,235,4652,755,20.038297872340426,16.40755706113228,51,4.516337059329321,4.582978723404255,19,0.1622957867583835,44.41379499995613,0.5599742046431643
2025-06-04_nicusor-dan-amenintarea-ruseasca-vizeaza-toata-europa-relati,2025-06-04,video-transcript,2025Q3 deficit + reforma economică,7,182,98,26.0,10.661457061146317,32,4.851648351648351,5.714285714285714,9,0.5384615384615384,63.13039171999566,0.510989010989011
2025-06-04_nicusor-dan-despre-cheltuielile-statului-platim-o-pizza-medi,2025-06-04,video-transcript,2025Q3 deficit + reforma economică,3,64,48,21.333333333333332,18.44812546936228,26,4.0625,4.666666666666667,7,0.75,53.00687268232386,0.46875
2025-06-04_nicusor-dan-despre-situatia-bugetului,2025-06-04,video-transcript,2025Q3 deficit + reforma economică,8,116,73,14.5,9.621404708847278,24,4.198275862068965,3.75,6,0.6293103448275862,54.840184930651006,0.5
2025-06-04_nicusor-dan-luni-vom-avea-o-prima-schita-a-programului-de-gu,2025-06-04,video-transcript,2025Q3 deficit + reforma economică,5,56,42,11.2,4.969909455915671,10,5.017857142857143,2.8333333333333335,5,0.75,62.720000000000006,0.5
2025-06-04_zamfir-si-buzaianu-au-comentat-conferinta-de-presa-a-lui-nic,2025-06-04,video-transcript,2025Q3 deficit + reforma economică,12,109,63,9.083333333333334,7.366488411390566,22,4.018348623853211,2.8333333333333335,5,0.5779816513761468,45.01578285880021,0.5412844036697247
2025-06-05_alocutiunea-presedintelui-romaniei-nicusor-dan-la-forumul-na,2025-06-05,video-transcript,2025Q3 deficit + reforma economică,13,411,168,31.692307692307693,33.97397193780511,50,4.822384428223844,6.3076923076923075,11,0.40875912408759124,46.67048217179902,0.5401459854014599
2025-06-09_nicusor-dan-taxele-pe-tranzactii-bancare-doar-scenarii-guver,2025-06-09,video-transcript,2025Q3 deficit + reforma economică,13,112,61,8.615384615384615,5.694126528544736,17,4.133928571428571,3.076923076923077,6,0.5446428571428571,33.57337534897863,0.5446428571428571
2025-06-10_conferinta-sustinuta-de-presedinta-moldovei-maia-sandu-si-pr,2025-06-10,video-transcript,2025Q3 deficit + reforma economică,38,890,327,23.68421052631579,26.304973595241883,71,5.061797752808989,4.605263157894737,13,0.36741573033707864,58.63462001978975,0.501123595505618
2025-06-10_nicusor-dan-a-confirmat-continuarea-sprijinului-romaniei-pen,2025-06-10,video-transcript,2025Q3 deficit + reforma economică,8,135,85,17.0,8.94427190999916,27,5.37037037037037,4.25,7,0.6296296296296297,65.0739503816794,0.48148148148148145
2025-06-10_studio-politic-nicusor-dan-romania-sprijina-aderarea-republi,2025-06-10,video-transcript,2025Q3 deficit + reforma economică,19,553,223,29.263157894736842,35.99975633445803,88,5.112115732368897,5.315789473684211,13,0.40325497287522605,60.14040767386091,0.49005424954792043
2025-06-11_editie-speciala-nicusor-dan-prezinta-prioritatile-partidelor,2025-06-11,video-transcript,2025Q3 deficit + reforma economică,13,233,83,18.23076923076923,10.725000747116106,36,4.92274678111588,3.923076923076923,6,0.3562231759656652,53.72748447204969,0.5622317596566524
2025-06-11_taxele-ultima-optiune-nicusor-dan-prioritatea-taierea-unor-c,2025-06-11,video-transcript,2025Q3 deficit + reforma economică,6,124,76,20.666666666666668,11.129540272026812,24,4.935483870967742,4.333333333333333,6,0.6129032258064516,52.3125,0.5403225806451613
2025-06-20_declaratie-de-presa-sustinuta-de-presedintele-romaniei-nicus,2025-06-20,video-transcript,2025Q3 deficit + reforma economică,14,291,127,20.785714285714285,11.205620646172799,35,4.914089347079038,5.142857142857143,10,0.436426116838488,47.30659448818898,0.5463917525773195
2025-06-25_nicusor-dan-crestem-cheltuielile-de-aparare-pentru-ca-orice,2025-06-25,video-transcript,2025Q3 deficit + reforma economică,2,64,45,32.0,18.384776310850235,19,4.78125,5.5,7,0.703125,48.0,0.546875
2025-06-26_declaratia-presedintelui-romaniei-nicusor-dan-dupa-participa,2025-06-26,video-transcript,2025Q3 deficit + reforma economică,28,535,193,19.357142857142858,18.88996262120939,35,4.45607476635514,4.678571428571429,10,0.36074766355140186,48.92650484765856,0.5626168224299065
2025-06-26_nicusor-dan-declaratie-de-la-summitul-nato-digi24v-stiriledi,2025-06-26,video-transcript,2025Q3 deficit + reforma economică,3,66,46,22.0,6.0,22,5.7272727272727275,4.0,6,0.696969696969697,62.26696832579186,0.4090909090909091
2025-07-14_conferinta-de-presa-sustinuta-de-presedintele-romaniei-nicus_cp-szg,2025-07-14,video-transcript,2025Q3 deficit + reforma economică,315,6665,1039,21.60952380952381,18.282372163866633,58,4.517629407351838,4.598101265822785,14,0.15588897224306075,44.947936928385616,0.5536384096024006
2025-07-14_nicusor-dan-despre-cresterea-tva-digi24-stiriledigi24,2025-07-14,video-transcript,2025Q3 deficit + reforma economică,3,89,55,30.0,36.51027252705737,18,4.606741573033708,4.666666666666667,8,0.6179775280898876,53.65203911725235,0.550561797752809
2025-07-14_nicusor-dan-despre-introducerea-femicidului-in-legislatia-ro,2025-07-14,video-transcript,2025Q3 deficit + reforma economică,6,130,72,21.666666666666668,16.548917386544254,41,4.523076923076923,3.7142857142857144,6,0.5538461538461539,27.0136831599958,0.5846153846153846
2025-07-14_nicusor-dan-despre-primele-de-pensionare-de-la-ccr-si-pensii,2025-07-14,video-transcript,2025Q3 deficit + reforma economică,8,189,96,23.625,18.585228389388018,35,4.777777777777778,5.125,9,0.5079365079365079,45.06377880497587,0.5661375661375662
2025-07-14_nicusor-dan-nu-ne-dorim-sa-avem-rusia-ca-vecin-vom-ajuta-ucr,2025-07-14,video-transcript,2025Q3 deficit + reforma economică,4,84,59,21.0,10.954451150103322,19,4.464285714285714,5.0,7,0.7023809523809523,84.0,0.5476190476190477
2025-07-15_nicusor-dan-masura-cresterii-tva-putea-sa-nu-fie-luata,2025-07-15,video-transcript,2025Q3 deficit + reforma economică,6,105,62,17.5,14.842506526863986,28,4.857142857142857,4.0,6,0.5904761904761905,43.75,0.5333333333333333
2025-07-16_nicusor-dan-despre-femicid-digi24-stiriledigi24,2025-07-16,video-transcript,2025Q3 deficit + reforma economică,2,87,59,43.5,30.405591591021544,22,4.816091954022989,5.0,11,0.6781609195402298,49.1622905027933,0.5287356321839081
2025-07-16_nicusor-dan-despre-femicid-trebuie-sa-ajungem-sa-transmitem,2025-07-16,video-transcript,2025Q3 deficit + reforma economică,14,344,150,24.785714285714285,15.685262909096313,38,5.229651162790698,5.071428571428571,11,0.436046511627907,40.611111111111114,0.5116279069767442
2025-07-18_declaratia-presedintelui-romaniei-nicusor-dan-si-cancelarul,2025-07-18,video-transcript,2025Q3 deficit + reforma economică,30,885,298,29.6,25.104746082405793,64,4.815819209039548,5.21875,12,0.3367231638418079,50.00244236029699,0.5209039548022599
2025-07-18_nicusor-dan-despre-interferentele-rusesti-in-alegerile-prezi,2025-07-18,video-transcript,2025Q3 deficit + reforma economică,72,1499,394,21.26388888888889,15.836304391372781,60,4.2895263509006005,4.916666666666667,11,0.2628418945963976,38.88346342155519,0.5923949299533022
2025-07-21_nicusor-dan-despre-influenta-rusiei-in-alegeri-anuntul-impor,2025-07-21,video-transcript,2025Q3 deficit + reforma economică,4,147,95,37.5,13.076696830622021,40,5.380952380952381,6.25,8,0.6462585034013606,90.04505356017643,0.47619047619047616
2025-07-30_nicusor-dan-propune-reguli-noi-privind-cererile-de-pensionar,2025-07-30,video-transcript,2025Q3 deficit + reforma economică,164,3573,707,22.182926829268293,18.344440022106824,54,4.580184718723761,4.751515151515152,16,0.1978729359082004,53.51179263653394,0.5745871816400784
2025-07-30_ora-14-presedintele-nicusor-dan-sustine-o-conferinta-de-pres,2025-07-30,video-transcript,2025Q3 deficit + reforma economică,374,7423,1152,20.184491978609625,17.19329238663813,48,4.540347568368584,4.430079155672823,16,0.15519331806547218,51.022370563714034,0.5694463155058601
2025-07-31_conferinta-de-presa-sustinuta-de-presedintele-romaniei-nicus_nGAQ5B,2025-07-31,video-transcript,2025Q3 deficit + reforma economică,361,7418,1156,20.900277008310248,19.775434394182312,55,4.541655432731194,4.44141689373297,16,0.1558371528713939,52.78891520093721,0.5675384200593152
2025-07-31_nicusor-dan-despre-valul-de-pensionari-din-justitie-ce-este,2025-07-31,video-transcript,2025Q3 deficit + reforma economică,7,98,67,14.142857142857142,12.401996767034081,18,4.908163265306122,4.0,7,0.6836734693877551,54.63848421782866,0.5408163265306123
2025-08-24_nicusor-dan-mesaj-pentru-ucraina-ucraina-celebreaza-ziua-ind,2025-08-24,video-transcript,2025Q3 deficit + reforma economică,4,99,75,24.75,13.375973484822204,24,5.898989898989899,3.75,5,0.7575757575757576,114.345,0.09090909090909091
2025-08-26_discursul-presedintelui-romaniei-nicusor-dan-cu-ocazia-reuni,2025-08-26,video-transcript,2025Q3 deficit + reforma economică,42,874,286,20.928571428571427,17.08999544326654,46,4.949656750572083,4.651162790697675,11,0.32723112128146453,64.56756460120152,0.5205949656750573
2025-08-29_editie-speciala-nicusor-dan-reactioneaza-in-cazul-livratorul,2025-08-29,video-transcript,2025Q3 deficit + reforma economică,21,512,204,24.666666666666668,21.100552915346398,56,4.216796875,4.571428571428571,11,0.3984375,42.08722695182318,0.572265625
2025-08-31_nicusor-dan-sunteti-mai-europeni-decat-europenii-si-locul-du,2025-08-31,video-transcript,2025Q3 deficit + reforma economică,2,53,40,26.5,36.062445840513924,1,5.09433962264151,4.0,8,0.7547169811320755,60.50153846153848,0.5849056603773585
2025-09-01_nicusor-dan-2025-si-2026-vor-fi-ani-dificili-pentru-romani,2025-09-01,video-transcript,2025Q4 stabilizare + diplomație,7,169,80,25.0,16.206994374857626,37,4.195266272189349,6.285714285714286,11,0.47337278106508873,41.82111527005581,0.6272189349112426
2025-09-02_conferinta-presedintele-romaniei-nicusor-dan-si-presedinta-c,2025-09-02,video-transcript,2025Q4 stabilizare + diplomație,15,375,164,25.533333333333335,20.68424751442738,48,4.936,5.0,11,0.43733333333333335,46.20291381879851,0.504
2025-09-03_nicusor-dan-coalitia-de-guvernare-functioneaza-si-va-merge-i,2025-09-03,video-transcript,2025Q4 stabilizare + diplomație,3,44,32,15.0,6.557438524302,16,4.5227272727272725,3.6666666666666665,4,0.7272727272727273,0.0,0.6363636363636364
2025-09-03_nicusor-dan-energia-nucleara-reprezinta-20-din-necesarul-de,2025-09-03,video-transcript,2025Q4 stabilizare + diplomație,13,310,147,24.23076923076923,17.45543776856678,41,5.04516129032258,5.0,12,0.47419354838709676,53.270114942528735,0.5290322580645161
2025-09-05_nicusor-dan-despre-pensiile-specialilor-au-fost-suprasolicit,2025-09-05,video-transcript,2025Q4 stabilizare + diplomație,9,184,96,20.555555555555557,18.92162196477294,47,4.717391304347826,4.555555555555555,8,0.5217391304347826,51.17681571030849,0.592391304347826
2025-09-05_nicusor-dan-romania-nu-va-trimite-trupe-de-mentinere-a-pacii,2025-09-05,video-transcript,2025Q4 stabilizare + diplomație,4,102,62,25.5,22.708295107001465,19,4.303921568627451,4.0,9,0.6078431372549019,51.0,0.5784313725490197
2025-09-10_alocutiunea-presedintelui-romaniei-nicusor-dan-sustinuta-in,2025-09-10,video-transcript,2025Q4 stabilizare + diplomație,23,467,202,20.652173913043477,21.24876187976431,44,4.781584582441114,3.9166666666666665,9,0.43254817987152033,53.83989043824701,0.5588865096359743
2025-09-10_nicusor-dan-daca-se-va-intampla-si-la-noi-vom-reactiona-la-f,2025-09-10,video-transcript,2025Q4 stabilizare + diplomație,6,68,46,11.5,8.826097665446492,15,4.544117647058823,2.8333333333333335,4,0.6764705882352942,49.38403041825095,0.5441176470588235
2025-09-11_ce-spune-nicusor-dan-despre-vizita-in-sua-sper-sa-fie-o-vizi,2025-09-11,video-transcript,2025Q4 stabilizare + diplomație,5,123,78,24.8,12.091319200153471,32,4.959349593495935,5.0,8,0.6341463414634146,70.38668646694215,0.5691056910569106
2025-09-11_nicusor-dan-daca-ucraina-cedeaza-romania-ar-fi-vecina-direct,2025-09-11,video-transcript,2025Q4 stabilizare + diplomație,21,520,210,24.857142857142858,22.55722880649508,56,4.380769230769231,5.0476190476190474,12,0.40384615384615385,47.17332906939559,0.5634615384615385
2025-09-11_nicusor-dan-de-zece-ani-romania-e-in-razboiul-hibrid-al-fede,2025-09-11,video-transcript,2025Q4 stabilizare + diplomație,46,868,265,18.97826086956522,19.700523546833054,61,4.313364055299539,3.891304347826087,11,0.3052995391705069,30.51661909805118,0.554147465437788
2025-09-11_nicusor-dan-despre-cresterea-aur-in-sondaje-arata-ca-cei-40,2025-09-11,video-transcript,2025Q4 stabilizare + diplomație,25,464,206,18.8,15.732132722552274,37,4.543103448275862,4.48,12,0.44396551724137934,53.68918918918919,0.5495689655172413
2025-09-12_nicusor-dan-romania-de-10-ani-sub-atacul-hibrid-al-rusiei-ab,2025-09-12,video-transcript,2025Q4 stabilizare + diplomație,3,76,44,25.333333333333332,20.5993527406405,23,4.2631578947368425,4.333333333333333,5,0.5789473684210527,20.22514568764569,0.5657894736842105
2025-09-16_nicusor-dan-reactie-dupa-incidentul-din-spatiul-aerian-roman,2025-09-16,video-transcript,2025Q4 stabilizare + diplomație,7,154,76,22.142857142857142,17.14087290103756,33,4.136363636363637,4.428571428571429,6,0.4935064935064935,38.79389312977099,0.6233766233766234
2025-09-16_nicusor-dan-we-don-t-know-if-the-russian-drone-was-armed,2025-09-16,video-transcript,2025Q4 stabilizare + diplomație,8,100,54,12.5,8.96022958889527,22,3.72,3.2222222222222223,7,0.54,31.32045088566828,0.66
2025-09-25_nicusor-dan-au-fost-80-000-de-atacuri-cibernetice-in-perioad,2025-09-25,video-transcript,2025Q4 stabilizare + diplomație,8,133,79,17.125,12.977315372823236,33,4.2330827067669174,3.2222222222222223,6,0.5939849624060151,57.2979704797048,0.5338345864661654
2025-09-25_nicusor-dan-georgescu-nu-a-fost-un-calaret-singuratic-in-jur,2025-09-25,video-transcript,2025Q4 stabilizare + diplomație,5,93,53,18.8,16.813684902483452,21,4.032258064516129,4.0,8,0.5698924731182796,23.569954128440365,0.6129032258064516
2025-09-25_nicusor-dan-nu-vad-rusia-capabila-sa-atace-nato-dar-provocar,2025-09-25,video-transcript,2025Q4 stabilizare + diplomație,6,126,82,21.0,11.575836902790225,33,4.634920634920635,4.333333333333333,6,0.6507936507936508,76.7759319286872,0.5317460317460317
2025-09-25_nicusor-dan-primul-interviu-dupa-sedinta-csat-la-digi24,2025-09-25,video-transcript,2025Q4 stabilizare + diplomație,109,2142,520,19.954128440366972,16.263675340338754,51,4.421101774042951,4.336363636363636,11,0.24276377217553688,44.47796040162126,0.5714285714285714
2025-09-25_nicusor-dan-primul-interviu-dupa-sedinta-csat-rusia-ramane-i,2025-09-25,video-transcript,2025Q4 stabilizare + diplomație,318,6944,1151,22.20754716981132,17.6193811668519,55,4.393145161290323,4.652037617554859,15,0.16575460829493088,43.967231917041474,0.568836405529954
2025-09-26_nicusor-dan-despre-influenta-sri-in-romania-stiri-b1tv-26-se,2025-09-26,video-transcript,2025Q4 stabilizare + diplomație,6,134,76,22.5,14.761436244485155,41,4.440298507462686,4.0,8,0.5671641791044776,36.617937306501545,0.5373134328358209
2025-09-26_nicusor-dan-sri-a-intervenit-in-viata-politica-si-economica,2025-09-26,video-transcript,2025Q4 stabilizare + diplomație,5,157,82,31.6,14.656056768449009,42,4.445859872611465,5.4,8,0.5222929936305732,47.57598606105779,0.5605095541401274
2025-09-30_nicusor-dan-a-anuntat-cand-va-desecretiza-sedinta-csat-si-ac,2025-09-30,video-transcript,2025Q4 stabilizare + diplomație,10,174,93,17.9,14.332945731193337,32,5.086206896551724,4.8,9,0.5344827586206896,58.537803138373754,0.5229885057471264
2025-09-30_nicusor-dan-avem-dovada-cu-peschir-banuim-ca-au-fost-20-de-m,2025-09-30,video-transcript,2025Q4 stabilizare + diplomație,13,221,100,17.692307692307693,14.659380474543795,31,4.131221719457014,4.461538461538462,10,0.45248868778280543,40.75108033785111,0.5701357466063348
2025-09-30_nicusor-dan-despre-aderarea-moldovei-la-ue-poate-fi-facuta-c,2025-09-30,video-transcript,2025Q4 stabilizare + diplomație,8,137,76,17.625,15.426669856360538,27,4.8321167883211675,4.25,8,0.5547445255474452,51.89393939393939,0.5109489051094891
2025-09-30_nicusor-dan-despre-anularea-alegerilor-avem-dovada-ca-au-fos,2025-09-30,video-transcript,2025Q4 stabilizare + diplomație,16,361,152,22.9375,20.99672593525,47,4.692520775623269,4.625,9,0.42105263157894735,44.315728120516496,0.554016620498615
2025-09-30_nicusor-dan-despre-stagiul-militar-voluntar-romania-sa-aiba,2025-09-30,video-transcript,2025Q4 stabilizare + diplomație,7,193,101,27.857142857142858,37.83044880969372,29,4.678756476683938,5.142857142857143,14,0.5233160621761658,37.66310679611651,0.5284974093264249
2025-10-02_nicusor-dan-amenin-area-nu-mai-este-o-chestiune-de-vecinatat,2025-10-02,video-transcript,2025Q4 stabilizare + diplomație,3,84,49,28.0,17.0,28,4.226190476190476,6.0,10,0.5833333333333334,38.20360627433095,0.6428571428571429
2025-10-02_nicusor-dan-zidul-anti-drone-ar-putea-fi-operational-in-cate,2025-10-02,video-transcript,2025Q4 stabilizare + diplomație,1,27,24,27.0,0.0,27,4.925925925925926,8.0,8,0.8888888888888888,0.0,0.4074074074074074
2025-10-14_studio-politic-nicusor-dan-vrea-sa-implice-sri-in-lupta-anti,2025-10-14,video-transcript,2025Q4 stabilizare + diplomație,7,127,76,18.428571428571427,17.299876134981844,38,4.984251968503937,4.0,8,0.5984251968503937,59.17059710220516,0.49606299212598426
2025-10-21_nicusor-dan-in-principiu-imi-doresc-un-al-doilea-mandat-la-c,2025-10-21,video-transcript,2025Q4 stabilizare + diplomație,2,79,47,41.0,43.840620433565945,10,4.379746835443038,3.6666666666666665,7,0.5949367088607594,47.80286069651743,0.5949367088607594
2025-10-23_nicusor-dan-avem-un-razboi-hibrid-de-cel-putin-10-ani,2025-10-23,video-transcript,2025Q4 stabilizare + diplomație,32,581,214,18.46875,10.586005293051583,35,4.6247848537005165,4.6875,11,0.3683304647160069,59.41701003118442,0.5283993115318416
2025-10-23_nicusor-dan-trebuie-sa-ne-echipam-ca-sa-descurajam-rusia-de,2025-10-23,video-transcript,2025Q4 stabilizare + diplomație,4,80,57,20.25,8.99536917900909,27,4.4375,5.25,6,0.7125,71.63179916317992,0.575
2025-10-24_nicusor-dan-a-society-is-defined-by-the-institutions-it-has,2025-10-24,video-transcript,2025Q4 stabilizare + diplomație,15,307,140,20.866666666666667,13.373036126403578,40,5.100977198697068,5.266666666666667,12,0.4560260586319218,57.597268130325006,0.5309446254071661
2025-10-27_nicusor-dan-catedrala-nationala-simbol-de-speranta-intr-o-pe,2025-10-27,video-transcript,2025Q4 stabilizare + diplomație,7,221,134,31.571428571428573,13.818552057013099,43,5.773755656108597,6.857142857142857,12,0.6063348416289592,69.5,0.42081447963800905
2025-11-02_nicusor-dan-reactie-despre-reducerea-numarului-de-militari-a,2025-11-02,video-transcript,2025Q4 stabilizare + diplomație,38,623,224,16.605263157894736,21.329511941406583,46,4.622792937399679,3.8461538461538463,10,0.3595505617977528,46.81812042463754,0.5489566613162119
2025-11-06_rutte-nato-isi-va-juca-rolul-sau-nicusor-dan-reinarmarea-nu,2025-11-06,video-transcript,2025Q4 stabilizare + diplomație,27,768,324,28.62962962962963,22.27304018512783,42,5.23828125,5.666666666666667,10,0.421875,67.60032343768049,0.4739583333333333
2025-11-07_nicusor-dan-despre-intalnirea-lui-bolojan-nu-cred-ca-premier,2025-11-07,video-transcript,2025Q4 stabilizare + diplomație,7,98,61,14.0,11.045361017187261,24,4.581632653061225,3.2857142857142856,6,0.6224489795918368,58.14035736092811,0.5408163265306123
2025-11-07_nicusor-dan-despre-salariul-minim-sa-inghete,2025-11-07,video-transcript,2025Q4 stabilizare + diplomație,3,88,59,29.333333333333332,33.85754470326124,15,4.590909090909091,3.75,9,0.6704545454545454,57.302077266550185,0.5568181818181818
2025-11-11_nicusor-dan-declaratia-oanei-gheorghiu-e-nefericita-reactia,2025-11-11,video-transcript,2025Q4 stabilizare + diplomație,4,57,41,14.25,7.135591542869215,18,4.228070175438597,4.25,7,0.7192982456140351,46.36567164179105,0.5087719298245614
2025-11-11_posibile-fragmente-de-drona-cazute-in-tulcea-nicusor-dan-a-f,2025-11-11,video-transcript,2025Q4 stabilizare + diplomație,1,6,6,6.0,0.0,6,4.666666666666667,3.0,3,1.0,0.0,0.5
2025-11-11_presedintele-romaniei-nicusor-dan-despre-pensii-si-justitie,2025-11-11,video-transcript,2025Q4 stabilizare + diplomație,5,111,60,22.2,20.7533129885327,43,4.63063063063063,4.6,8,0.5405405405405406,30.82063210227273,0.5135135135135135
2025-11-12_ce-l-a-socat-pe-nicusor-dan-dupa-ce-a-ajuns-presedinte,2025-11-12,video-transcript,2025Q4 stabilizare + diplomație,8,144,89,18.125,22.560632589915176,34,4.694444444444445,4.5,13,0.6180555555555556,61.068825910931174,0.5694444444444444
2025-11-12_conferinta-de-presa-sustinuta-de-presedintele-romaniei-nicus_6l2Eup,2025-11-12,video-transcript,2025Q4 stabilizare + diplomație,308,6378,1061,20.9512987012987,20.288173853451696,64,4.525870178739416,4.612903225806452,14,0.16635308874255253,47.97462614725448,0.5490749451238632
2025-11-12_nicusor-dan-conferinta-de-presa-presedintele-prezinta-strate,2025-11-12,video-transcript,2025Q4 stabilizare + diplomație,264,5406,943,20.776515151515152,19.89132206549071,62,4.516648168701443,4.518796992481203,15,0.17443581206067332,46.844926843995594,0.5554938956714761
2025-11-12_nicusor-dan-e-mai-bine-sa-fii-vecin-cu-ucraina-decat-cu-rusi,2025-11-12,video-transcript,2025Q4 stabilizare + diplomație,5,192,88,39.0,24.228082879171435,52,4.265625,6.333333333333333,10,0.4583333333333333,38.4,0.609375
2025-11-12_nicusor-dan-nu-ne-dorim-sa-fim-vecini-cu-rusia,2025-11-12,video-transcript,2025Q4 stabilizare + diplomație,14,329,143,23.714285714285715,22.3173908435985,61,4.358662613981763,4.642857142857143,10,0.43465045592705165,50.91666666666667,0.5653495440729484
2025-11-12_nicusor-dan-nu-vrem-sa-aparam-statul-vrem-sa-aparam-cetateni,2025-11-12,video-transcript,2025Q4 stabilizare + diplomație,78,1827,494,23.576923076923077,23.23260093604989,70,4.948549534756431,4.8354430379746836,14,0.27038861521620144,52.04988422672448,0.5396825396825397
2025-11-12_nicusor-dan-serviciile-de-informatii-vor-fi-implicate-in-lup,2025-11-12,video-transcript,2025Q4 stabilizare + diplomație,7,95,66,13.857142857142858,7.358183005529092,19,4.873684210526315,4.142857142857143,6,0.6947368421052632,68.28366860938773,0.49473684210526314
2025-11-21_nicusor-dan-despre-aducerea-in-tara-a-mercenarului-horatiu-p,2025-11-21,video-transcript,2025Q4 stabilizare + diplomație,3,85,55,28.666666666666668,8.962886439832502,24,4.811764705882353,6.0,11,0.6470588235294118,53.62043572500417,0.47058823529411764
2025-11-21_nicusor-dan-orice-plan-de-pace-trebuie-aprobat-de-ucraina,2025-11-21,video-transcript,2025Q4 stabilizare + diplomație,27,403,185,15.037037037037036,15.288209336915319,46,4.235732009925559,3.7777777777777777,10,0.45905707196029777,38.686412865113226,0.5310173697270472
2025-11-21_prima-reactie-a-lui-nicusor-dan-dupa-informatiile-aparute-cu,2025-11-21,video-transcript,2025Q4 stabilizare + diplomație,11,163,72,15.090909090909092,17.996969441850734,21,4.558282208588957,3.6363636363636362,10,0.44171779141104295,31.222891753377855,0.5521472392638037
2025-11-26_nicusor-dan-declaratii-din-parlament-despre-problemele-inter,2025-11-26,video-transcript,2025Q4 stabilizare + diplomație,42,1047,373,25.071428571428573,21.03353055636417,53,5.2464183381088825,4.930232558139535,11,0.3562559694364852,62.94309488325882,0.4976122254059217
2025-11-26_nicusor-dan-declaratii-dupa-sustinerea-discursului-in-parlam,2025-11-26,video-transcript,2025Q4 stabilizare + diplomație,14,267,133,19.5,14.495357346936453,37,4.5767790262172285,4.642857142857143,11,0.49812734082397003,42.75106658047835,0.5355805243445693
2025-11-26_nicusor-dan-drone-care-din-cand-in-cand-intra-pe-teritoriul,2025-11-26,video-transcript,2025Q4 stabilizare + diplomație,5,128,78,25.8,19.917329138215294,41,4.390625,4.666666666666667,10,0.609375,57.95465994962217,0.5546875
2025-11-26_nicusor-dan-vom-sustine-in-continuare-ucraina-si-republica-m,2025-11-26,video-transcript,2025Q4 stabilizare + diplomație,5,49,32,9.8,5.890670590009257,9,5.938775510204081,3.0,5,0.6530612244897959,0.0,0.4489795918367347
2025-12-01_nicusor-dan-mesaj-de-ziua-nationala-e-o-zi-de-sarbatoare-sa,2025-12-01,video-transcript,2025Q4-2026Q1 reformă judiciară,4,71,46,17.75,24.45914961727002,11,3.704225352112676,3.75,6,0.647887323943662,41.677046249867445,0.5492957746478874
2025-12-01_nicusor-dan-suntem-membri-ai-ue-dar-de-multe-ori-vocea-roman,2025-12-01,video-transcript,2025Q4-2026Q1 reformă judiciară,3,76,50,25.666666666666668,23.58671942711265,28,4.631578947368421,4.0,7,0.6578947368421053,44.20162408397702,0.4605263157894737
2025-12-02_nicusor-dan-mesaj-de-1-decembrie-digi24-stiriledigi24,2025-12-02,video-transcript,2025Q4-2026Q1 reformă judiciară,7,161,81,23.571428571428573,11.559370554621372,28,4.279503105590062,5.857142857142857,9,0.5031055900621118,47.85665112147457,0.4658385093167702
2025-12-02_nicusor-dan-mesaj-de-1-decembrie-totusi-suntem-mai-putin-cor,2025-12-02,video-transcript,2025Q4-2026Q1 reformă judiciară,41,1188,292,29.390243902439025,17.588175074152076,55,4.484006734006734,5.634146341463414,11,0.24579124579124578,47.252705953096815,0.5134680134680135
2025-12-03_nicusor-dan-despre-criza-apei-potabile-din-prahova-vinova-ia,2025-12-03,video-transcript,2025Q4-2026Q1 reformă judiciară,46,789,262,17.347826086956523,12.024451738583618,39,4.52851711026616,3.891304347826087,8,0.3320659062103929,42.1368549511855,0.5424588086185045
2025-12-03_nicusor-dan-despre-criza-apei-potabile-din-prahova-vinova-ia_cxJ5Wc,2025-12-03,video-transcript,2025Q4-2026Q1 reformă judiciară,6,85,55,14.333333333333334,5.428320796219275,19,4.6117647058823525,3.6666666666666665,6,0.6470588235294118,35.516412466843505,0.5411764705882353
2025-12-03_nicusor-dan-dupa-amenintarile-lui-putin-sunt-declaratii-pent,2025-12-03,video-transcript,2025Q4-2026Q1 reformă judiciară,7,79,51,11.285714285714286,6.600865744084526,19,5.012658227848101,3.25,6,0.6455696202531646,39.23801893418457,0.4050632911392405
2025-12-03_nicusor-dan-vinovatia-este-la-apele-romane,2025-12-03,video-transcript,2025Q4-2026Q1 reformă judiciară,15,289,138,19.4,16.70671379159545,39,4.484429065743945,3.6666666666666665,8,0.47750865051903113,57.05515463917526,0.5778546712802768
2025-12-04_nicusor-dan-despre-alegerile-anulate-au-aparut-suficiente-in,2025-12-04,video-transcript,2025Q4-2026Q1 reformă judiciară,8,148,90,18.625,15.936817212264902,41,4.466216216216216,4.5,9,0.6081081081081081,60.04427961568635,0.5540540540540541
2025-12-04_nicusor-dan-despre-demisia-lui-mosteanu-intensitatea-critici,2025-12-04,video-transcript,2025Q4-2026Q1 reformă judiciară,9,137,75,15.444444444444445,14.405824439364023,21,4.423357664233577,3.2222222222222223,5,0.5474452554744526,37.09024390243903,0.5255474452554745
2025-12-04_nicusor-dan-vinovatia-este-la-apele-romane-newsroom-din-3-de,2025-12-04,video-transcript,2025Q4-2026Q1 reformă judiciară,32,655,243,20.625,17.267814550626802,49,4.551145038167939,4.25,8,0.3709923664122137,41.41294796537785,0.5435114503816794
2025-12-07_presedintele-nicusor-dan-de-mult-nu-am-mai-votat-pentru-altc,2025-12-07,video-transcript,2025Q4-2026Q1 reformă judiciară,3,109,62,37.0,30.512292604784715,28,4.2110091743119265,4.0,9,0.5688073394495413,32.41119429964198,0.5963302752293578
2025-12-09_nicusor-dan-nu-vad-vreun-motiv-pentru-care-un-ministru-trebu,2025-12-09,video-transcript,2025Q4-2026Q1 reformă judiciară,5,109,64,21.8,31.66543857267731,30,4.825688073394495,4.6,12,0.5871559633027523,33.02214121446396,0.6422018348623854
2025-12-10_nicusor-dan-nu-toti-votantii-aur-sunt-extremisti-stiri-b1tv,2025-12-10,video-transcript,2025Q4-2026Q1 reformă judiciară,7,163,86,23.285714285714285,14.556948921555021,35,4.392638036809816,5.571428571428571,8,0.5276073619631901,37.42798913043478,0.5766871165644172
2025-12-10_romania-lui-vitalie-nicusor-dan-despre-strategia-de-securita,2025-12-10,video-transcript,2025Q4-2026Q1 reformă judiciară,129,2862,754,22.325581395348838,20.44740310173033,54,4.517819706498952,4.658914728682171,11,0.2634521313766597,50.55051767675292,0.5391334730957372
2025-12-11_nicusor-dan-judecatorii-sa-se-implice-in-rezolvarea-probleme,2025-12-11,video-transcript,2025Q4-2026Q1 reformă judiciară,1,39,36,39.0,0.0,39,4.641025641025641,8.0,8,0.9230769230769231,0.0,0.5128205128205128
2025-12-15_nicusor-dan-anunturi-majore-in-scandalurile-momentului,2025-12-15,video-transcript,2025Q4-2026Q1 reformă judiciară,11,330,150,30.09090909090909,16.158307742177367,46,4.581818181818182,6.818181818181818,14,0.45454545454545453,61.061619718309856,0.5515151515151515
2025-12-16_nicusor-dan-declara-ca-rusia-va-continua-sa-fie-o-amenintare,2025-12-16,video-transcript,2025Q4-2026Q1 reformă judiciară,35,861,292,25.142857142857142,20.451007248519364,64,4.488966318234611,5.057142857142857,10,0.33914053426248547,47.81910205951647,0.5632984901277585
2025-12-16_nicusor-dan-sunt-destul-de-pesimist-cu-privire-la-intentia-r,2025-12-16,video-transcript,2025Q4-2026Q1 reformă judiciară,3,85,53,28.333333333333332,9.291573243177568,24,4.694117647058824,6.666666666666667,9,0.6235294117647059,45.32514450867052,0.5764705882352941
2025-12-16_nicusor-dan-trebuie-sa-fim-calmi-dar-sa-investim-in-aparare,2025-12-16,video-transcript,2025Q4-2026Q1 reformă judiciară,4,60,50,15.0,17.511900715418264,9,4.516666666666667,4.25,7,0.8333333333333334,100.80000000000004,0.55
2025-12-17_declaratia-presedintelui-romaniei-nicusor-dan-in-regatul-mar,2025-12-17,video-transcript,2025Q4-2026Q1 reformă judiciară,43,878,308,20.697674418604652,14.482394704180084,42,4.4157175398633255,4.674418604651163,9,0.35079726651480636,50.75759959713483,0.5569476082004556
2025-12-17_nicusor-dan-despre-cresterea-impozitelor-nu-e-nici-fericire,2025-12-17,video-transcript,2025Q4-2026Q1 reformă judiciară,3,87,52,29.333333333333332,25.794056162870806,22,4.471264367816092,3.5,8,0.5977011494252874,41.18617021276596,0.5632183908045977
2025-12-17_nicusor-dan-sunt-probleme-la-modul-in-care-se-fac-promovaril,2025-12-17,video-transcript,2025Q4-2026Q1 reformă judiciară,34,652,230,19.41176470588235,13.790900924399224,46,4.552147239263804,4.470588235294118,10,0.35276073619631904,50.15384615384615,0.5306748466257669
2025-12-18_nicusor-dan-avem-atacuri-cibernetice-campanie-de-dezinformar,2025-12-18,video-transcript,2025Q4-2026Q1 reformă judiciară,10,261,123,26.3,15.76952053100467,36,4.291187739463601,5.4,7,0.47126436781609193,52.2,0.5900383141762452
2025-12-18_nicusor-dan-problema-fundamentala-este-de-ce-nu-reusim-in-15,2025-12-18,video-transcript,2025Q4-2026Q1 reformă judiciară,3,51,35,17.666666666666668,12.662279942148386,20,4.196078431372549,4.666666666666667,8,0.6862745098039216,51.0,0.6274509803921569
2025-12-18_nicusor-dan-problema-fundamentala-este-de-ce-nu-reusim-in-15_wynkjt,2025-12-18,video-transcript,2025Q4-2026Q1 reformă judiciară,6,198,115,33.333333333333336,31.430346270231684,38,4.707070707070707,5.166666666666667,12,0.5808080808080808,67.54531722054381,0.5505050505050505
2025-12-18_nicusor-dan-sustinem-oricare-dintre-variantele-de-ajutor-fin,2025-12-18,video-transcript,2025Q4-2026Q1 reformă judiciară,14,363,173,26.428571428571427,11.47381155712223,40,4.674931129476584,5.714285714285714,10,0.4765840220385675,48.23309539886178,0.5289256198347108
2025-12-19_nicusor-dan-anunt-inainte-de-intalnirea-cu-magistratii,2025-12-19,video-transcript,2025Q4-2026Q1 reformă judiciară,4,92,56,23.0,9.83192080250175,27,5.260869565217392,5.0,8,0.6086956521739131,56.63615023474179,0.4782608695652174
2025-12-21_declaratia-presedintelui-romaniei-nicusor-dan-pe-tema-proble,2025-12-21,video-transcript,2025Q4-2026Q1 reformă judiciară,44,1375,375,31.886363636363637,22.392083224222514,59,4.629818181818182,6.25,13,0.2727272727272727,50.833274032066484,0.5723636363636364
2025-12-21_nicusor-dan-exista-magistrati-care-actioneaza-in-interesul-u_i-HYCW,2025-12-21,video-transcript,2025Q4-2026Q1 reformă judiciară,3,113,70,38.0,28.687976575562104,24,5.053097345132743,7.0,10,0.6194690265486725,52.03006329113924,0.48672566371681414
2025-12-21_nicusor-dan-magistratii-intimidati-inainte-de-discutiile-de,2025-12-21,video-transcript,2025Q4-2026Q1 reformă judiciară,12,292,133,24.916666666666668,13.317509549689108,46,4.910958904109589,5.333333333333333,10,0.4554794520547945,47.79387852702057,0.5308219178082192
2025-12-21_nicusor-dan-magistratii-intimidati-inainte-de-discutiile-de__MoX2e,2025-12-21,video-transcript,2025Q4-2026Q1 reformă judiciară,3,133,83,45.0,54.147945482723536,21,4.075187969924812,8.0,16,0.6240601503759399,66.5,0.631578947368421
2025-12-21_nicusor-dan-voi-face-un-referendum-daca-csm-nu-actioneaza-in,2025-12-21,video-transcript,2025Q4-2026Q1 reformă judiciară,4,124,72,31.0,12.987173159185437,29,5.653225806451613,6.25,10,0.5806451612903226,50.68071266968326,0.4435483870967742
2025-12-21_nicusor-dan-voi-initia-in-ianuarie-un-referendum-in-cadrul-c,2025-12-21,video-transcript,2025Q4-2026Q1 reformă judiciară,5,184,95,36.8,19.357169214531343,38,5.0,7.4,12,0.5163043478260869,47.35592036808501,0.5271739130434783
2025-12-22_discutii-publice-la-cotroceni-intre-presedintele-romaniei-ni_7lGgIp,2025-12-22,video-transcript,2025Q4-2026Q1 reformă judiciară,556,12102,1770,21.98381294964029,19.839666078840743,57,4.620475954387705,4.581850533807829,17,0.14625681705503224,53.257869355410826,0.5506527846636919
2025-12-22_nicusor-dan-anunta-un-referendum-printre-magistrati-digi24,2025-12-22,video-transcript,2025Q4-2026Q1 reformă judiciară,5,150,80,30.0,9.246621004453464,30,5.546666666666667,5.166666666666667,11,0.5333333333333333,49.329149136224,0.4533333333333333
2025-12-22_nicusor-dan-multe-dintre-cele-semnalate-necesita-verificari,2025-12-22,video-transcript,2025Q4-2026Q1 reformă judiciară,2,52,39,27.0,29.698484809834994,6,5.076923076923077,4.5,7,0.75,58.24,0.4807692307692308
2026-01-01_nicusor-dan-mesaj-de-condoleante-dupa-incediul-din-elvetia,2026-01-01,video-transcript,2025Q4-2026Q1 reformă judiciară,4,75,58,18.75,11.729592206608606,19,5.373333333333333,4.5,6,0.7733333333333333,92.6470588235294,0.44
2026-01-06_declaratia-presedintelui-romaniei-nicusor-dan-dupa-participa_iZQQF2,2026-01-06,video-transcript,2025Q4-2026Q1 reformă judiciară,110,2579,608,23.927272727272726,21.43593360165306,53,4.456378441256301,4.747747747747748,16,0.23575029081039162,46.275288401524776,0.5513765025203567
2026-01-06_nicusor-dan-declaratii-la-bordul-avionului-spartan-cu-care-a,2026-01-06,video-transcript,2025Q4-2026Q1 reformă judiciară,3,50,33,16.666666666666668,14.6401275039985,19,4.7,2.3333333333333335,4,0.66,26.204555025266703,0.46
2026-01-06_nicusor-dan-suntem-intr-un-context-international-dificil,2026-01-06,video-transcript,2025Q4-2026Q1 reformă judiciară,6,95,58,16.0,8.87693640846886,25,5.368421052631579,4.0,6,0.6105263157894737,30.782860824742272,0.4105263157894737
2026-01-07_garantii-de-securitate-pentru-ucraina-si-mize-interne-nicuso,2026-01-07,video-transcript,2025Q4-2026Q1 reformă judiciară,101,2458,580,24.85148514851485,22.45323412723159,72,4.430024410089504,4.8431372549019605,16,0.23596419853539463,46.85729847494554,0.5545158665581774
2026-01-07_nicusor-dan-e-nevoie-de-un-avion-prezidential,2026-01-07,video-transcript,2025Q4-2026Q1 reformă judiciară,14,201,99,14.5,15.386057624705856,27,4.129353233830845,3.2666666666666666,7,0.4925373134328358,29.325227963525837,0.5472636815920398
2026-01-07_nicusor-dan-mi-ar-fi-placut-mai-degraba-ca-taxele-sa-scada,2026-01-07,video-transcript,2025Q4-2026Q1 reformă judiciară,6,130,69,22.333333333333332,5.715476066494082,23,3.8384615384615386,5.5,7,0.5307692307692308,43.975674648422654,0.6461538461538462
2026-01-15_nicusor-dan-despre-taierile-pentru-romani-dureroase-dar-obli,2026-01-15,video-transcript,2025Q4-2026Q1 reformă judiciară,1,28,23,28.0,0.0,28,5.0,5.0,5,0.8214285714285714,0.0,0.5
2026-01-15_nicusor-dan-ne-asteapta-o-perioada-complicata-si-dificil-de,2026-01-15,video-transcript,2025Q4-2026Q1 reformă judiciară,5,84,64,16.8,9.57601169589929,20,5.940476190476191,4.2,6,0.7619047619047619,98.78399999999999,0.4642857142857143
2026-01-15_nicusor-dan-romania-sustine-pacea-in-ucraina-si-integrarea-r,2026-01-15,video-transcript,2025Q4-2026Q1 reformă judiciară,89,2081,697,23.584269662921347,15.047507335680706,42,5.633829889476213,5.438202247191011,11,0.33493512734262376,94.91870996909012,0.4478616049975973
2026-01-20_nicusor-dan-anunta-azi-daca-merge-la-davos-pentru-consiliul,2026-01-20,video-transcript,2025Q4-2026Q1 reformă judiciară,3,45,39,15.0,10.535653752852738,14,5.088888888888889,4.0,5,0.8666666666666667,0.0,0.4444444444444444
2026-01-22_nicusor-dan-despre-pozitia-romaniei-cu-privire-la-groenlanda,2026-01-22,video-transcript,2025Q4-2026Q1 reformă judiciară,11,261,128,23.90909090909091,29.17346241176918,47,4.977011494252873,4.909090909090909,10,0.4904214559386973,34.95535714285714,0.4942528735632184
2026-01-23_nicusor-dan-explica-ce-inseamna-ca-nu-a-mers-teleleu-la-davo,2026-01-23,video-transcript,2025Q4-2026Q1 reformă judiciară,13,123,73,9.615384615384615,5.05863060419948,14,4.341463414634147,3.1538461538461537,5,0.5934959349593496,38.02444927528821,0.5040650406504065
2026-01-24_discursul-lui-nicusor-dan-de-la-iasi-bruiat-de-simpatizantii,2026-01-24,video-transcript,2025Q4-2026Q1 reformă judiciară,23,468,163,20.73913043478261,19.318425945911535,33,4.555555555555555,4.6521739130434785,16,0.3482905982905983,40.13271060570898,0.5876068376068376
2026-01-24_huiduieli-si-aplauze-la-focsani-nicusor-dan-este-un-drept-pe,2026-01-24,video-transcript,2025Q4-2026Q1 reformă judiciară,21,366,139,17.666666666666668,11.837792587021168,34,4.603825136612022,4.238095238095238,9,0.3797814207650273,32.15659898477158,0.6065573770491803
2026-01-24_iasi-nicusor-dan-prezent-la-ceremonia-de-ziua-unirii-princip,2026-01-24,video-transcript,2025Q4-2026Q1 reformă judiciară,1,2,2,2.0,0.0,2,4.0,1.0,1,1.0,0.0,0.0
2026-01-24_nicusor-dan-e-democratie-e-libertate-sa-spuna-fiecare-ce-vre,2026-01-24,video-transcript,2025Q4-2026Q1 reformă judiciară,87,1523,425,17.79310344827586,17.99879707287599,44,4.479973736047275,4.067415730337078,13,0.27905449770190416,45.19164982565014,0.5554826001313198
2026-01-24_nicusor-dan-la-multi-ani-dragi-focsaneni-care-huiduiti-autor,2026-01-24,video-transcript,2025Q4-2026Q1 reformă judiciară,8,97,51,12.375,7.0089228844380935,23,5.11340206185567,3.625,6,0.5257731958762887,24.25,0.5567010309278351
2026-01-24_nicusor-dan-mae-analizeaza-participarea-romaniei-la-consiliu,2026-01-24,video-transcript,2025Q4-2026Q1 reformă judiciară,3,55,41,19.0,3.605551275463989,20,5.036363636363636,4.0,5,0.7454545454545455,60.50000000000001,0.5454545454545454
2026-01-24_nicusor-dan-nu-facem-comedii-din-relatia-intre-guvern-si-par,2026-01-24,video-transcript,2025Q4-2026Q1 reformă judiciară,11,118,60,11.090909090909092,7.408839928822129,13,4.822033898305085,3.0833333333333335,5,0.5084745762711864,27.05049900199601,0.5169491525423728
2026-01-24_ziua-unirii-principatelor-umbrita-de-proteste-discursul-lui,2026-01-24,video-transcript,2025Q4-2026Q1 reformă judiciară,11,189,92,17.454545454545453,12.667783044902816,27,4.597883597883598,4.545454545454546,11,0.48677248677248675,36.09819697134764,0.5978835978835979
2026-01-30_nicusor-dan-despre-numirile-la-sri-si-sie-digi24-stiriledigi,2026-01-30,video-transcript,2025Q4-2026Q1 reformă judiciară,10,169,92,16.9,8.974655672751153,26,4.384615384615385,4.9,9,0.5443786982248521,61.62019716885743,0.591715976331361
2026-01-30_nicusor-dan-despre-tensiunile-din-coalitie-nu-exista-alterna,2026-01-30,video-transcript,2025Q4-2026Q1 reformă judiciară,256,4879,898,19.3125,15.83951375763888,51,4.472842795654847,4.313953488372093,12,0.18405410944865752,52.10895037094038,0.5415044066407051
2026-01-30_nicusor-dan-despre-tensiunile-din-coalitie-nu-exista-alterna_9sksTM,2026-01-30,video-transcript,2025Q4-2026Q1 reformă judiciară,8,85,60,10.75,6.135377506140689,19,4.435294117647059,3.111111111111111,6,0.7058823529411765,85.0,0.5058823529411764
2026-01-30_nicusor-dan-despre-vizita-in-sua-digi24-stiriledigi24,2026-01-30,video-transcript,2025Q4-2026Q1 reformă judiciară,5,100,62,20.0,17.549928774784245,22,4.64,3.6666666666666665,8,0.62,39.00709219858156,0.51
2026-01-30_nicusor-dan-nu-exista-risc-de-crestere-de-taxe-in-viitorul-a,2026-01-30,video-transcript,2025Q4-2026Q1 reformă judiciară,6,121,71,20.333333333333332,14.678782874157744,29,3.9421487603305785,5.166666666666667,10,0.5867768595041323,36.4963221060782,0.5619834710743802
2026-01-30_nicusor-dan-un-guvern-minoritar-putin-probabil-bolojan-a-rap,2026-01-30,video-transcript,2025Q4-2026Q1 reformă judiciară,7,129,83,18.714285714285715,19.1112033958643,29,4.8604651162790695,3.25,7,0.6434108527131783,53.606740743475214,0.49612403100775193
2026-02-09_participa-sau-nu-romania-la-consiliul-pentru-pace-al-lui-tru,2026-02-09,video-transcript,2025Q4-2026Q1 reformă judiciară,2,54,39,27.0,29.698484809834994,6,4.518518518518518,3.5,5,0.7222222222222222,42.559322033898304,0.6296296296296297
2026-02-12_ce-spune-nicusor-dan-despre-participarea-romaniei-la-prima-e,2026-02-12,video-transcript,2025Q4-2026Q1 reformă judiciară,5,100,57,20.0,10.793516572461451,30,4.74,5.0,7,0.57,46.04430379746835,0.58
2026-02-12_declaratii-de-presa-sustinute-de-presedintele-romaniei-nicus,2026-02-12,video-transcript,2025Q4-2026Q1 reformă judiciară,35,695,239,20.085714285714285,16.633367294779045,51,4.717985611510791,4.277777777777778,10,0.34388489208633094,51.51263231475934,0.5266187050359712
2026-02-12_nicusor-dan-anunt-de-la-consiliul-european-il-refuza-din-nou,2026-02-12,video-transcript,2025Q4-2026Q1 reformă judiciară,74,1896,476,25.986486486486488,20.716939824821964,64,4.588080168776371,5.378378378378378,12,0.2510548523206751,52.27514587621643,0.5290084388185654
2026-02-12_nicusor-dan-despre-candidatii-la-sefia-parchetelor-sunt-pers,2026-02-12,video-transcript,2025Q4-2026Q1 reformă judiciară,8,152,79,19.125,17.537205348303686,38,4.157894736842105,3.875,9,0.5197368421052632,47.55446355446355,0.6578947368421053
2026-02-12_nicusor-dan-dupa-summitul-din-belgia-comisia-europeana-va-pr,2026-02-12,video-transcript,2025Q4-2026Q1 reformă judiciară,123,3082,672,25.43089430894309,19.611840393494063,61,4.5515898767034395,5.008064516129032,12,0.218040233614536,51.992566562362235,0.5467229072031149
2026-02-12_nicusor-dan-este-evidenta-tergiversarea-ccr-imi-doresc-o-asu,2026-02-12,video-transcript,2025Q4-2026Q1 reformă judiciară,3,59,40,19.666666666666668,16.165807537309522,29,4.796610169491525,4.333333333333333,7,0.6779661016949152,51.51269035532995,0.6610169491525424
2026-02-12_nicusor-dan-pretul-energiei-este-o-chestiune-foarte-importan,2026-02-12,video-transcript,2025Q4-2026Q1 reformă judiciară,3,116,68,39.0,13.74772708486752,42,5.051724137931035,7.0,8,0.5862068965517241,40.09469696969697,0.5086206896551724
2026-02-12_nicusor-dan-romania-poate-fi-cel-mult-observator-in-consiliu,2026-02-12,video-transcript,2025Q4-2026Q1 reformă judiciară,4,179,84,45.75,26.712980614924522,50,4.569832402234637,5.6,9,0.4692737430167598,49.052247900073986,0.6033519553072626
2026-02-13_declaratiile-presedintelui-romaniei-nicusor-dan-dupa-reuniun,2026-02-13,video-transcript,2025Q4-2026Q1 reformă judiciară,104,2540,610,24.73076923076923,19.045795993699166,61,4.488976377952756,4.990384615384615,12,0.24015748031496062,49.67082398288656,0.5531496062992126
2026-02-13_nicusor-dan-despre-propunerile-privind-scaderea-pretului-ene,2026-02-13,video-transcript,2025Q4-2026Q1 reformă judiciară,4,90,59,23.0,8.906926143924924,30,4.833333333333333,4.6,8,0.6555555555555556,57.618593922374885,0.5
2026-02-13_nicusor-dan-in-ciuda-atacurilor-coalitia-functioneaza-mai-bi,2026-02-13,video-transcript,2025Q4-2026Q1 reformă judiciară,5,142,85,28.4,19.48845812269406,34,4.429577464788732,3.8333333333333335,8,0.5985915492957746,60.260335258806215,0.5633802816901409
2026-02-17_nicusor-dan-prezenta-la-consiliul-de-pace-necesara-dupa-anul,2026-02-17,video-transcript,2025Q4-2026Q1 reformă judiciară,7,168,105,24.142857142857142,13.909571901255282,37,5.059523809523809,4.75,9,0.625,87.04894520643319,0.4880952380952381
2026-02-19_declaratii-de-presa-sustinute-de-presedintele-romaniei-nicus,2026-02-19,video-transcript,2025Q4-2026Q1 reformă judiciară,36,909,301,25.36111111111111,19.990215860733723,58,4.7227722772277225,4.5675675675675675,11,0.3311331133113311,48.44441069258809,0.5313531353135313
2026-02-19_interviu-exclusiv-cu-nicusor-dan-dupa-intalnirea-cu-trump,2026-02-19,video-transcript,2025Q4-2026Q1 reformă judiciară,60,1453,413,24.4,20.323819206011553,56,4.5306262904335854,4.833333333333333,12,0.2842395044735031,54.97095355200455,0.5581555402615279
2026-02-19_nicusor-dan-discurs-la-consiliul-pentru-pace-in-sua-avem-bur,2026-02-19,video-transcript,2025Q4-2026Q1 reformă judiciară,13,188,94,14.846153846153847,13.421662551302116,27,4.74468085106383,4.538461538461538,10,0.5,44.341628959276015,0.48404255319148937
2026-02-19_prima-reactie-a-lui-nicusor-dan-dupa-ce-donald-trump-l-a-num,2026-02-19,video-transcript,2025Q4-2026Q1 reformă judiciară,7,33,28,4.714285714285714,2.3603873774083293,7,4.757575757575758,2.2857142857142856,3,0.8484848484848485,0.0,0.2727272727272727
2026-02-20_nicusor-dan-nu-alegem-intre-sua-si-ue-romania-trebuie-sa-fie,2026-02-20,video-transcript,2025Q4-2026Q1 reformă judiciară,9,121,68,13.444444444444445,7.747759532779639,18,4.892561983471074,3.888888888888889,6,0.5619834710743802,53.4382152612108,0.48760330578512395
2026-02-20_presedintele-nicusor-dan-problema-legitimitatii-administrati,2026-02-20,video-transcript,2025Q4-2026Q1 reformă judiciară,46,832,280,18.195652173913043,13.780210553491218,38,4.612980769230769,4.130434782608695,9,0.33653846153846156,46.40721384811248,0.5192307692307693
2026-02-24_nicusor-dan-explica-de-ce-nu-a-promulgat-legea-pensiilor-spe,2026-02-24,video-transcript,2025Q4-2026Q1 reformă judiciară,7,80,62,11.428571428571429,9.710083124552245,22,5.1375,3.4285714285714284,7,0.775,99.55555555555559,0.5
2026-03-05_acum-nicusor-dan-anunta-daca-romania-va-gazdui-arme-nucleare,2026-03-05,video-transcript,2026Q2 cotitură UE + criză guvern,27,541,226,20.296296296296298,15.294078328190682,41,4.844731977818854,4.703703703703703,9,0.4177449168207024,47.63990635468164,0.4898336414048059
2026-03-05_nicusor-dan-conferinta-de-presa-in-polonia-stiri-b1tv-5-mar,2026-03-05,video-transcript,2026Q2 cotitură UE + criză guvern,44,843,302,19.272727272727273,11.767838781964539,39,4.994068801897983,4.704545454545454,13,0.3582443653618031,60.52307692307692,0.505338078291815
2026-03-05_nicusor-dan-despre-propunerile-pentru-sefia-parchetelor-stir,2026-03-05,video-transcript,2026Q2 cotitură UE + criză guvern,3,149,78,49.666666666666664,38.37099599089569,36,4.308724832214765,6.666666666666667,9,0.5234899328859061,58.98913597200381,0.610738255033557
2026-03-05_nicusor-dan-despre-scumpirile-la-pompa-nu-putem-umbla-la-acc,2026-03-05,video-transcript,2026Q2 cotitură UE + criză guvern,8,199,103,25.125,19.305347149725865,27,4.597989949748744,5.0,9,0.5175879396984925,46.342465753424655,0.5175879396984925
2026-03-05_nicusor-dan-despre-situatia-din-orient-nu-o-sa-plangem-iranu,2026-03-05,video-transcript,2026Q2 cotitură UE + criză guvern,5,92,61,18.4,9.071934744033381,25,4.445652173913044,3.8333333333333335,7,0.6630434782608695,62.659459459459455,0.5217391304347826
2026-03-05_nicusor-dan-despre-umbrela-nucleara-propusa-de-franta-stiri,2026-03-05,video-transcript,2026Q2 cotitură UE + criză guvern,6,172,96,28.666666666666668,27.947569959956567,32,4.8604651162790695,4.666666666666667,7,0.5581395348837209,70.83768427664576,0.5116279069767442
2026-03-05_nicusor-dan-dezbaterea-pe-buget-este-o-dezbatere-legitima,2026-03-05,video-transcript,2026Q2 cotitură UE + criză guvern,5,114,67,23.0,24.21776207662467,29,4.482456140350878,5.2,9,0.5877192982456141,46.225785185261486,0.6140350877192983
2026-03-05_nicusor-dan-nu-o-sa-plangem-republica-islamica-iran,2026-03-05,video-transcript,2026Q2 cotitură UE + criză guvern,7,145,84,20.857142857142858,12.562226069034253,31,4.724137931034483,5.0,10,0.5793103448275863,56.81240063593005,0.5310344827586206
2026-03-05_nicusor-dan-polonia-participa-la-brigada-multinationala-care,2026-03-05,video-transcript,2026Q2 cotitură UE + criză guvern,7,153,78,22.0,10.16530045465127,27,5.379084967320262,4.857142857142857,10,0.5098039215686274,37.80097312326228,0.49673202614379086
2026-03-05_nicusor-dan-polonia-si-romania-impreuna-au-multe-oportunitat,2026-03-05,video-transcript,2026Q2 cotitură UE + criză guvern,74,1842,513,25.054054054054053,23.769954496468046,71,4.66829533116178,4.972972972972973,15,0.2785016286644951,54.744244556168965,0.5309446254071661
2026-03-05_nicusor-dan-romania-este-acoperita-de-o-umbrela-nucleara,2026-03-05,video-transcript,2026Q2 cotitură UE + criză guvern,4,65,49,16.25,5.315072906367325,19,4.969230769230769,4.25,6,0.7538461538461538,73.9375,0.49230769230769234
2026-03-05_pretul-carburantilor-nicusor-dan-exclude-modificarea-taxelor,2026-03-05,video-transcript,2026Q2 cotitură UE + criză guvern,7,158,87,22.714285714285715,13.098527725337249,27,4.677215189873418,4.714285714285714,9,0.5506329113924051,43.24274070300561,0.5316455696202531
2026-03-06_declaratii-de-presa-sustinute-de-presedintele-romaniei-nicus_Ry-ZYl,2026-03-06,video-transcript,2026Q2 cotitură UE + criză guvern,80,1897,524,23.9,22.494218666531218,71,4.677385345282024,4.85,15,0.27622561939905116,53.009107336179895,0.5303110173958883
2026-03-06_nicusor-dan-romania-nu-va-gazdui-focoase-nucleare-in-viitoru,2026-03-06,video-transcript,2026Q2 cotitură UE + criză guvern,4,108,65,27.0,31.31559781748812,23,4.648148148148148,3.25,5,0.6018518518518519,56.12216394347729,0.5092592592592593
2026-03-07_nicusor-dan-imi-voi-asuma-in-justitie-vin-din-societatea-civ,2026-03-07,video-transcript,2026Q2 cotitură UE + criză guvern,10,154,78,15.7,7.30372811955952,24,4.077922077922078,4.9,9,0.5064935064935064,33.011702127659575,0.6038961038961039
2026-03-11_ce-trimite-sua-in-tara-noastra-declaratiile-lui-nicusor-dan,2026-03-11,video-transcript,2026Q2 cotitură UE + criză guvern,8,151,83,18.875,8.838834764831844,25,4.814569536423841,4.75,7,0.5496688741721855,44.9094827586207,0.5099337748344371
2026-03-11_declaratie-sustinuta-de-presedintele-romaniei-nicusor-dan-du,2026-03-11,video-transcript,2026Q2 cotitură UE + criză guvern,23,541,223,23.869565217391305,14.366325359945948,47,4.99815157116451,5.304347826086956,10,0.4121996303142329,51.17300789395294,0.5101663585951941
2026-03-12_nicusor-dan-we-will-produce-drones-in-romania-together-with,2026-03-12,video-transcript,2026Q2 cotitură UE + criză guvern,17,376,149,22.235294117647058,10.304910308711484,40,5.191489361702128,5.235294117647059,8,0.3962765957446808,44.89325842696629,0.5292553191489362
2026-03-13_conferinta-sustinuta-de-presedintii-romaniei-si-ucrainei-nic,2026-03-13,video-transcript,2026Q2 cotitură UE + criză guvern,39,899,280,23.384615384615383,14.737377086877085,56,4.927697441601779,4.923076923076923,8,0.3114571746384872,48.91971454058876,0.525027808676307
2026-03-19_conferinta-presedintelui-romaniei-nicusor-dan-si-a-secretaru,2026-03-19,video-transcript-diarizat,2026Q2 cotitură UE + criză guvern,4,40,35,10.0,3.9157800414902435,12,4.675,4.0,5,0.875,0.0,0.475
2026-03-19_nicusor-dan-romania-has-taken-a-clear-position-on-the-transa,2026-03-19,video-transcript,2026Q2 cotitură UE + criză guvern,6,155,80,25.833333333333332,8.931218655181759,34,4.851612903225806,5.0,7,0.5161290322580645,39.5790412044374,0.5419354838709678
2026-03-19_nicusor-dan-romania-has-taken-a-clear-position-on-the-transa_BurJvC,2026-03-19,video-transcript,2026Q2 cotitură UE + criză guvern,14,329,146,23.571428571428573,17.028095723128995,50,4.911854103343465,4.4375,9,0.44376899696048633,46.17369901547117,0.5045592705167173
2026-03-26_ce-a-spus-nicusor-dan-despre-o-eventuala-rationalizare-a-car,2026-03-26,video-transcript,2026Q2 cotitură UE + criză guvern,5,93,58,18.6,12.381437719424994,26,4.236559139784946,3.5,7,0.6236559139784946,50.83231145122626,0.6129032258064516
2026-03-26_nicusor-dan-a-anuntat-ca-va-promulga-legea-bugetului-asa-cum,2026-03-26,video-transcript,2026Q2 cotitură UE + criză guvern,8,67,48,8.375,7.130167299179292,12,4.432835820895522,2.5555555555555554,5,0.7164179104477612,67.0,0.5074626865671642
2026-03-27_nicusor-dan-if-the-measures-are-not-sufficient-the-governmen,2026-03-27,video-transcript,2026Q2 cotitură UE + criză guvern,7,175,92,25.0,14.094916341243982,36,4.274285714285714,4.25,7,0.5257142857142857,45.798707506756635,0.6
2026-03-30_nicusor-dan-despre-iesirea-psd-de-la-guvernare-un-guvern-min,2026-03-30,video-transcript,2026Q2 cotitură UE + criză guvern,4,66,47,16.5,8.962886439832502,16,4.242424242424242,5.75,8,0.7121212121212122,66.0,0.7575757575757576
2026-03-30_o-posibila-iesire-a-psd-de-la-guvernare-nicusor-dan-nu-cred,2026-03-30,video-transcript,2026Q2 cotitură UE + criză guvern,33,569,200,17.363636363636363,10.457707031832378,34,4.434094903339192,4.393939393939394,10,0.351493848857645,46.99117326400537,0.6010544815465729
2026-03-31_carburantii-s-ar-putea-ieftini-nicusor-dan-cred-ca-va-fi-o-s,2026-03-31,video-transcript,2026Q2 cotitură UE + criză guvern,4,81,57,20.25,11.757976016304847,29,4.493827160493828,4.0,8,0.7037037037037037,70.72081218274111,0.6172839506172839
2026-03-31_carburantii-s-ar-putea-ieftini-nicusor-dan-cred-ca-va-fi-o-s_eIg4Ys,2026-03-31,video-transcript,2026Q2 cotitură UE + criză guvern,7,141,84,20.142857142857142,13.813382055438986,31,4.468085106382978,4.142857142857143,8,0.5957446808510638,42.920138888888886,0.5815602836879432
2026-04-01_presedintele-nicusor-dan-trecerea-romaniei-la-euro-esentiala,2026-04-01,video-transcript,2026Q2 cotitură UE + criză guvern,6,105,62,18.0,8.78635305459552,21,4.095238095238095,4.833333333333333,7,0.5904761904761905,52.5,0.5238095238095238
2026-04-07_declaratiile-presedintelui-nicusor-dan-dupa-vizita-la-centru,2026-04-07,video-transcript,2026Q2 cotitură UE + criză guvern,117,2155,545,18.726495726495727,18.60275467719023,55,4.484454756380511,4.35042735042735,13,0.2529002320185615,49.45087754496113,0.545707656612529
2026-04-07_nicusor-dan-despre-demisia-lui-bolojan-in-ce-calitate-sa-i-o,2026-04-07,video-transcript,2026Q2 cotitură UE + criză guvern,5,81,63,16.2,10.497618777608569,25,4.493827160493828,4.4,7,0.7777777777777778,102.06000000000002,0.5432098765432098
2026-04-07_nicusor-dan-intrebat-daca-ii-va-cere-demisia-lui-bolojan-eu,2026-04-07,video-transcript,2026Q2 cotitură UE + criză guvern,80,1516,435,19.2375,19.28680518982809,55,4.437994722955145,4.3625,10,0.2869393139841689,40.635318781173055,0.5488126649076517
2026-04-07_nicusor-dan-nu-sunt-riscuri-acum-dar-avem-un-plan-de-criza-p,2026-04-07,video-transcript,2026Q2 cotitură UE + criză guvern,6,128,69,21.333333333333332,15.18771433319269,32,4.4765625,4.333333333333333,8,0.5390625,46.648066377502516,0.5234375
2026-04-08_nicusor-dan-anunta-numiri-in-fruntea-parchetelor-astept-o-di,2026-04-08,video-transcript,2026Q2 cotitură UE + criză guvern,183,3675,756,20.338797814207652,17.483586421303954,52,4.456598639455782,4.437837837837838,14,0.2057142857142857,49.76377417405318,0.5654421768707483
2026-04-08_nicusor-dan-i-was-happy-that-the-head-of-the-iasi-dna-is-run,2026-04-08,video-transcript,2026Q2 cotitură UE + criză guvern,74,2158,530,29.743243243243242,26.142423827638055,88,4.457831325301205,5.213333333333333,16,0.24559777571825764,40.121744763549984,0.5472659870250232
2026-04-08_nicusor-dan-if-i-make-a-mistake-romanians-will-penalize-me,2026-04-08,video-transcript,2026Q2 cotitură UE + criză guvern,54,957,311,17.98148148148148,13.805236551916362,42,4.338557993730408,4.425925925925926,12,0.32497387669801464,50.5286013586439,0.5799373040752351
2026-04-08_nicusor-dan-respinge-acuzatiile-nu-sunt-propunerile-psd,2026-04-08,video-transcript,2026Q2 cotitură UE + criză guvern,3,98,60,32.666666666666664,27.501515109777742,33,4.969387755102041,5.0,7,0.6122448979591837,40.83333333333333,0.5510204081632653
2026-04-09_conferinta-de-presa-sustinuta-de-presedintele-romaniei-nicus_yJJ1E7,2026-04-09,video-transcript,2026Q2 cotitură UE + criză guvern,264,5556,976,21.37121212121212,19.084524936746458,59,4.427645788336933,4.530075187969925,15,0.17566594672426206,45.79362675706513,0.5604751619870411
2026-04-17_nicusor-dan-calin-georgescu-a-fost-sustinut-de-o-infrastruct,2026-04-17,video-transcript,2026Q2 cotitură UE + criză guvern,7,68,44,9.714285714285714,13.412858081138483,12,4.279411764705882,3.0,6,0.6470588235294118,34.41435026701356,0.5735294117647058
2026-04-20_nicusor-dan-lack-of-financial-education-led-to-unhealthy-dec,2026-04-20,video-transcript,2026Q2 cotitură UE + criză guvern,20,474,194,23.85,18.559364213248255,53,4.732067510548523,4.6,9,0.4092827004219409,57.578866389571004,0.5506329113924051
2026-04-20_nicusor-dan-traim-un-razboi-informational-ce-a-anuntat-prese,2026-04-20,video-transcript,2026Q2 cotitură UE + criză guvern,10,276,130,27.7,22.504567437645978,49,4.688405797101449,5.1,9,0.47101449275362317,48.02628859535814,0.5507246376811594
2026-04-20_we-will-enter-political-turbulence-nicusor-dan-i-do-not-supp,2026-04-20,video-transcript,2026Q2 cotitură UE + criză guvern,82,1333,363,16.48780487804878,15.723100801866499,41,4.667666916729182,3.682926829268293,11,0.27231807951987996,56.320501927537386,0.5258814703675919
2026-04-22_declaratie-de-presa-sustinuta-de-presedintele-romaniei-nicus,2026-04-22,video-transcript,2026Q2 cotitură UE + criză guvern,15,288,143,19.2,15.717142597449813,51,4.864583333333333,4.266666666666667,7,0.4965277777777778,64.52922034132762,0.5138888888888888
2026-04-22_kelemen-hunor-at-the-end-of-discussions-with-nicusor-dan-we,2026-04-22,video-transcript,2026Q2 cotitură UE + criză guvern,9,175,85,19.666666666666668,15.20690632574555,37,4.1257142857142854,3.7777777777777777,5,0.4857142857142857,36.01646915301499,0.6228571428571429
2026-04-23_nicusor-dan-despre-situatia-demisiilor-ministrilor-psd-aprec,2026-04-23,video-transcript,2026Q2 cotitură UE + criză guvern,29,482,196,16.96551724137931,15.635314329657467,42,4.572614107883817,3.8666666666666667,10,0.4066390041493776,45.45099766874094,0.5601659751037344
2026-04-24_nicusor-dan-reacts-to-george-simion-s-new-discriminatory-sta,2026-04-24,video-transcript,2026Q2 cotitură UE + criză guvern,68,1787,494,26.63235294117647,28.116975491665997,86,4.490207050923336,4.753623188405797,17,0.27644096250699496,49.37425871870714,0.5685506435366536
2026-04-24_nicusor-dan-simion-s-statement-to-me-is-below-any-level-of-d,2026-04-24,video-transcript,2026Q2 cotitură UE + criză guvern,6,86,57,14.333333333333334,10.911767348448492,27,4.8023255813953485,3.8333333333333335,7,0.6627906976744186,56.68361894232542,0.5348837209302325
2026-04-25_nicusor-dan-a-semnat-demisiile-ministrilor-psd-anuntul-facut,2026-04-25,video-transcript,2026Q2 cotitură UE + criză guvern,4,80,49,20.0,11.916375287812984,19,4.325,4.0,7,0.6125,48.26985079936851,0.6
2026-04-29_nicusor-dan-i-wish-romania-would-be-governed-by-pro-western,2026-04-29,video-transcript,2026Q2 cotitură UE + criză guvern,5,120,72,24.2,21.428952377566198,36,5.05,3.2857142857142856,7,0.6,55.20281060364101,0.475
2026-05-04_nicusor-dan-europa-isi-consolideaza-apararea-pe-fondul-reori,2026-05-04,video-transcript,2026Q2 cotitură UE + criză guvern,6,149,87,25.5,16.28189178197669,40,4.489932885906041,5.0,8,0.5838926174496645,50.9694294735976,0.5704697986577181
2026-05-04_nicusor-dan-regardless-of-what-happens-romania-will-continue,2026-05-04,video-transcript,2026Q2 cotitură UE + criză guvern,74,1419,422,19.37837837837838,20.59970920309626,57,4.767441860465116,4.2631578947368425,13,0.2973925299506695,47.00214105793451,0.53276955602537
2026-05-04_nicusor-dan-the-state-will-function-regardless-of-the-outcom,2026-05-04,video-transcript,2026Q2 cotitură UE + criză guvern,6,55,34,9.166666666666666,4.3089055068157,13,4.072727272727272,2.5,4,0.6181818181818182,45.406976744186046,0.6363636363636364
2026-05-05_declaratii-de-presa-sustinute-de-presedintele-romaniei-nicus,2026-05-05,video-transcript,2026Q2 cotitură UE + criză guvern,22,244,126,11.363636363636363,7.306523207742612,22,5.200819672131147,3.727272727272727,8,0.5163934426229508,33.54738274579827,0.4426229508196721
2026-05-05_nicusor-dan-vom-avea-un-nou-guvern-pro-occidental-in-termen,2026-05-05,video-transcript,2026Q2 cotitură UE + criză guvern,12,142,84,11.833333333333334,7.625714074859819,17,5.014084507042254,3.9166666666666665,8,0.5915492957746479,28.523095418881297,0.5
2026-05-06_usr-attack-on-nicusor-dan-he-was-totally-disinterested-in-th,2026-05-06,video-transcript,2026Q2 cotitură UE + criză guvern,3,79,56,26.333333333333332,19.5021366350801,26,4.658227848101266,3.75,7,0.7088607594936709,79.0,0.4810126582278481
2026-05-09_mesajul-presedintelui-romaniei-nicusor-dan-cu-prilejul-zilei,2026-05-09,video-transcript,2026Q2 cotitură UE + criză guvern,35,765,273,22.257142857142856,15.33420409170461,40,4.767320261437908,4.685714285714286,8,0.3568627450980392,45.64508626522327,0.48104575163398694
2026-05-09_nicusor-dan-we-will-continue-discussions-for-a-pro-western-g,2026-05-09,video-transcript,2026Q2 cotitură UE + criză guvern,5,101,63,20.2,14.889593681494468,26,4.98019801980198,5.0,7,0.6237623762376238,46.61223798881754,0.504950495049505
2026-05-12_nicusor-dan-daca-ne-referim-la-europa-asa-ca-la-o-icoana-nu,2026-05-12,video-transcript,2026Q2 cotitură UE + criză guvern,28,576,196,20.714285714285715,20.233556914117337,54,4.203125,4.214285714285714,10,0.3402777777777778,44.30769230769231,0.5625
2026-05-12_nicusor-dan-i-will-convene-the-parties-for-formal-consultati,2026-05-12,video-transcript,2026Q2 cotitură UE + criză guvern,8,103,62,12.875,12.299099850918243,21,4.553398058252427,2.888888888888889,6,0.6019417475728155,51.5,0.5825242718446602
2026-05-12_nicusor-dan-suntem-intr-o-perioada-cu-provocari-statele-care,2026-05-12,video-transcript,2026Q2 cotitură UE + criză guvern,19,415,175,22.105263157894736,13.690608041208824,46,4.787951807228915,4.631578947368421,9,0.42168674698795183,40.16913191531687,0.5132530120481927
2026-05-13_nicusor-dan-am-discutat-cu-secretarul-general-al-nato-despre,2026-05-13,video-transcript,2026Q2 cotitură UE + criză guvern,26,564,226,21.76923076923077,18.59098209844266,37,5.083333333333333,5.0,12,0.40070921985815605,48.02577762502148,0.48936170212765956
2026-05-13_nicusor-dan-moldova-e-un-stat-pe-flancul-estic-amenintat-int,2026-05-13,video-transcript,2026Q2 cotitură UE + criză guvern,3,94,63,31.333333333333332,21.548395145191982,39,5.414893617021277,6.333333333333333,10,0.6702127659574468,62.597980917825716,0.4787234042553192
2026-05-13_summit-b9-la-bucuresti-nicusor-dan-trebuie-sa-sporim-cheltui,2026-05-13,video-transcript,2026Q2 cotitură UE + criză guvern,11,127,80,11.545454545454545,7.594256202731593,20,5.905511811023622,3.727272727272727,8,0.6299212598425197,42.826624293785315,0.4330708661417323
2026-05-13_summit-b9-la-bucuresti-nicusor-dan-trebuie-sa-sporim-cheltui_VSRZ5y,2026-05-13,video-transcript,2026Q2 cotitură UE + criză guvern,13,262,129,20.307692307692307,15.928928690617246,28,5.583969465648855,4.0,9,0.49236641221374045,40.83851468048359,0.4770992366412214
2026-05-15_nicusor-dan-i-would-not-like-to-appoint-a-government-that-wo,2026-05-15,video-transcript,2026Q2 cotitură UE + criză guvern,6,144,73,24.0,12.083045973594572,35,5.097222222222222,5.0,8,0.5069444444444444,31.236528177704646,0.625
2026-05-15_nicusor-dan-majoritatea-parlamentara-va-fi-cheia-consultaril,2026-05-15,video-transcript,2026Q2 cotitură UE + criză guvern,80,1683,446,21.35,18.350387158334275,47,4.626856803327391,4.378048780487805,11,0.2650029708853238,46.52631186769328,0.5864527629233511
