id,label,wc,delta_to_scris_centroid,delta_to_vorbit_centroid,closer_to,pc1,pc2
2025-02-21_discutiile-internationale-despre-reconfigurarea-securitatii,scris,85,0.5827764115494735,0.6815087587557312,scris,-0.5913390266331628,0.43542365272760347
2025-02-21_ultimul-dintre-studiile-de-fundamentare-necesare-pentru-actu,scris,242,0.44693655998797843,0.6014548694348547,scris,-3.0270942523367697,-2.099919845554982
2025-02-22_bucurestiul-este-finalist-la-premiile-saptamanii-europene-a,scris,67,0.5195704743250492,0.6571205751632531,scris,-3.677686394172531,-1.0463200265776746
2025-02-23_am-discutat-in-acest-week-end-cu-oameni-din-ploiesti-brasov,scris,160,0.5045243256019051,0.6060909606898446,scris,-0.45399231268210793,-0.7171371151949759
2025-02-23_felicit-blocul-de-centru-dreapta-pro-european-cdu-csu-pentru,scris,122,0.41077481645531416,0.5420629662558752,scris,-2.7681344486785235,-1.722477993302684
2025-02-23_grup-de-suport-pentru-femeile-afectate-de-violenta-domestica,scris,84,0.5155466097965107,0.6352479903395322,scris,-2.4868951251647755,-1.7692800411820402
2025-02-24_proiectul-politic-care-va-avea-cei-mai-multi-cei-mai-entuzia,scris,58,0.8522378214616814,0.9305141039184817,scris,-0.022038154448698832,8.558676695003532
2025-02-25_cifrele-vorbesc-clar-suntem-pe-drumul-cel-bun-si-romania-one,scris,75,0.6116164404002356,0.7005516277799869,scris,-0.8771886859658174,1.4470480178408944
2025-02-26_suntem-aproape-de-100-000-de-semnaturi-pentru-depunerea-cand,scris,80,0.6172028847176542,0.7251669951011129,scris,-0.8292707108053171,1.0822264040964968
2025-02-27_500-de-copii-vor-fi-ajutati-sa-ramana-alaturi-de-familiile-l,scris,187,0.44341606447554677,0.6276336313644673,scris,-3.3735781229890978,-1.3956291497731945
2025-02-27_in-sibiu-am-descoperit-aceleasi-probleme-ca-la-bucuresti-cup,scris,59,0.6374464612163039,0.6906516072656183,scris,1.1870676346215856,0.9263398957441147
2025-02-27_toata-viata-mea-am-luptat-pentru-dreptate-pentru-protectia-c,scris,105,0.502965280686433,0.5493441409802923,scris,1.326054777133654,-0.7364367324390994
2025-02-28_este-profund-ingrijorator-ca-romania-a-fost-retrogradata-in,scris,166,0.4535614910178179,0.5836101122090566,scris,-1.8585546859504687,0.013897702002687775
2025-02-28_sust-in-ferm-ucraina-i-n-lupta-sa-pentru-o-pace-justa-s-i-su,scris,66,0.7507345363059388,0.8377332114829737,scris,0.18794974141980175,-3.5354103584794134
2025-03-02_91-de-statii-stb-vor-primi-denumiri-noi-mai-precise-care-ref,scris,119,0.49248958688945293,0.6098323426574472,scris,-1.391128118384445,-2.144395735129334
2025-03-02_marim-capacitatea-de-cazare-a-adapostului-de-caini-aspa-miha,scris,83,0.5664089637636054,0.7018669932937879,scris,-3.405642242106478,-4.192431785938876
2025-03-03_am-avut-onoarea-sa-primesc-astazi-la-sediul-primariei-capita,scris,153,0.4757153731259374,0.6453758771520921,scris,-3.9022897629409274,0.32280467580281397
2025-03-04_astazi-se-implinesc-48-de-ani-de-la-cutremurul-devastator-ca,scris,208,0.39842078801514796,0.5581162539295663,scris,-3.043993430590501,0.3993513327349484
2025-03-04_azi-serviciul-de-informatii-externe-al-rusiei-a-dat-un-comun,scris,121,0.5399781449278229,0.6840340552834293,scris,-2.6549212158750004,3.416632351403385
2025-03-05_astazi-am-avut-o-intalnire-extrem-de-interesanta-cu-reprezen,scris,256,0.43108460781533886,0.6119007011003921,scris,-2.6521345104947653,-0.763648400319503
2025-03-05_interventia-presedintelui-trump-de-azi-noapte-din-congres-es,scris,134,0.4653098432796285,0.616209237115219,scris,-1.7764251759548202,-1.513221153671941
2025-03-05_organizam-cursuri-de-initiere-in-lumea-digitala-pentru-senio,scris,209,0.4889848866782027,0.6019389880827065,scris,-1.8778520965120065,-2.7204308069538583
2025-03-06_o-afacere-de-familie-infiintata-in-1995-in-bacau-a-crescut-s,scris,87,0.3985841678311065,0.5264237437893113,scris,-2.19520416400902,-1.2944564728541341
2025-03-07_acum-trei-luni-romanii-au-spus-clar-nu-se-mai-poate-au-cerut,scris,90,0.49607574792063963,0.5953586581231672,scris,-0.8948529393986571,-0.5303773482627625
2025-03-07_candidez-pentru-toti-romanii-onesti-din-tara-si-din-diaspora,scris,170,0.40958881119762663,0.5462047534599982,scris,-1.7958179733245185,0.34647698032139385
2025-03-07_vrei-sa-fii-parte-din-schimbare-alatura-te-echipei-de-volunt,scris,59,0.5351522735638237,0.649543967054645,scris,-1.2562716681795643,1.1531500227453335
2025-03-08_am-avut-ieri-placerea-de-a-oferi-flori-doamnelor-care-lucrea,scris,113,0.4195808377476098,0.5426650786451114,scris,-1.4276873200089966,-0.6289033228160713
2025-03-08_de-8-martie-femeile-sunt-sarbatorite-cu-flori-si-complimente,scris,141,0.4386952436319568,0.5725108768863908,scris,-1.5817848436749078,-0.09990205161382112
2025-03-08_peste-15-000-de-puieti-si-arbori-forestieri-sunt-plantati-in,scris,91,0.5879867380505244,0.7320279105768406,scris,-2.0487905240306956,-2.2680528047466995
2025-03-09_interventii-pentru-repararea-strazilor-administratia-strazil,scris,162,0.5946532699838599,0.7174949657879212,scris,-0.8629952617865115,-1.927636640868608
2025-03-09_sa-nu-uitam-niciodata-am-depus-astazi-o-coroana-de-flori-la,scris,54,0.4778347897365462,0.6077189120842774,scris,-2.0257927092003287,1.4827620878626517
2025-03-11_facem-curatenia-de-primavara-in-parcurile-pe-care-le-adminis,scris,131,0.5470207282495746,0.6892720025097779,scris,-3.503428294030684,-1.8851383915397824
2025-03-11_partidele-politice-corupte-care-au-promovat-incompetenti-in,scris,99,0.4317606995761873,0.48177089140549223,scris,0.4492080253619701,-0.6341638403707982
2025-03-12_am-semnat-un-acord-cadru-pe-patru-ani-prin-administratia-str,scris,150,0.4336861552006666,0.5597456694814624,scris,-2.420666066614403,-0.4564343275623755
2025-03-13_34-4-milioane-de-euro-pentru-modernizarea-sistemului-de-term,scris,186,0.43351770012756036,0.6086539459044804,scris,-3.3722318335351305,-2.084978827389708
2025-03-13_niciodata-nu-am-suportat-nedreptatea-am-luptat-peste-10-ani,scris,55,0.6829105111629039,0.7838100926090219,scris,-2.1404636852024495,0.18442471736226942
2025-03-13_tomograful-sonic-picus-detecteaza-in-mod-non-invaziv-eventua,scris,149,0.6699279500161073,0.7539775246539534,scris,0.5392909240087618,-3.04486845779182
2025-03-14_am-avut-o-intalnire-importanta-la-sediul-primariei-capitalei,scris,187,0.3576738885189394,0.478758446262632,scris,-1.8754358275496543,0.17287637576310494
2025-03-14_arcul-de-triumf-va-fi-deschis-permanent-pentru-vizitare-ince,scris,149,0.5372169131760451,0.6544038826122425,scris,-1.82617469240804,-2.1222215555551616
2025-03-15_anul-acesta-se-implinesc-35-de-ani-de-la-citirea-proclamatie,scris,116,0.4761925390123541,0.5409281236862385,scris,-0.577385030884405,-0.4571001449998819
2025-03-15_de-ziua-internationala-a-raurilor-angajatii-alpab-impreuna-c,scris,203,0.4774086087494631,0.6322991469439941,scris,-3.162499933664967,-0.8506299326078974
2025-03-15_la-constanta-am-simtit-ca-oamenii-vor-cu-adevarat-o-schimbar,scris,80,0.5133776263809533,0.6242133346963166,scris,-2.5619200934850155,-0.6066397361620403
2025-03-15_romania-trebuie-sa-se-dezvolte-mult-mai-echilibrat-si-sa-imp,scris,147,0.47787454795813467,0.5725773877001981,scris,-0.27022720379741877,-0.14586568091602414
2025-03-16_in-zgomotul-electoral-a-fost-tratata-prea-discret-stirea-ca,scris,199,0.5303330141414986,0.5946108983376578,scris,0.7560867401655305,0.020111721291216456
2025-03-16_o-noua-actiune-de-informare-si-control-pentru-verificarea-ca,scris,132,0.4796886313701918,0.5953896239637446,scris,-1.7729332462538696,0.24246601319900452
2025-03-17_un-bloc-de-locuinte-situat-pe-calea-victoriei-nr-101-va-fi-c,scris,109,0.455987145010751,0.5963378360837989,scris,-3.4968175313600725,-1.964970583203096
2025-03-17_unii-ma-considera-incapatanat-altii-ma-vad-perseverent-acest,scris,52,0.82355363730179,0.896544216681269,scris,2.0510108157550584,-0.8166626384974128
2025-03-18_am-acordat-un-interviu-pentru-cotidianul-le-monde-in-care-am,scris,53,0.5404177990594485,0.6439510649842218,scris,-1.7130206049394185,1.6687080063739188
2025-03-18_am-semnat-autorizatia-de-construire-pentru-restaurarea-palat,scris,78,0.4779369010943213,0.5806335940764625,scris,-1.6517518014839954,1.6766085852588821
2025-03-18_transparenta-cheltuirii-banilor-cetatenilor-trebuie-sa-devin,scris,94,0.5075410932020589,0.5140697803386165,scris,1.7777928209482632,-0.33455381499156556
2025-03-19_deschidem-inca-doua-noi-santiere-pentru-modernizarea-a-21-5,scris,186,0.4575527103316029,0.6367993688740152,scris,-4.168547824311613,-1.1077357442785112
2025-03-20_am-o-mare-admiratie-pentru-romanii-care-au-plecat-din-tara-a,scris,98,0.5301390652844521,0.6155329307124277,scris,-0.5477238786116384,1.602285613653654
2025-03-20_daca-voi-fi-ales-presedinte-voi-pune-in-practica-toata-exper,scris,69,0.6479429246783485,0.7224541054874021,scris,0.5653533181178783,-1.6845552000878512
2025-03-21_am-atribuit-contractul-pentru-realizarea-unui-nou-plan-integ,scris,166,0.5073237574725847,0.6797172877224708,scris,-4.264358337279208,-2.4626095265204926
2025-03-21_combaterea-ferma-a-evaziunii-fiscale-si-recuperarea-justa-a,scris,110,0.420190795700645,0.5393477023602344,scris,-0.9421845278613853,-0.07533830171434683
2025-03-21_increderea-cetatenilor-se-castiga-greu-si-se-pierde-usor-ale,scris,60,0.5890887054390346,0.7371480835231167,scris,-2.353352537949724,-1.4510287531561115
2025-03-22_luna-sanatatii-orale-campanie-educationala-pentru-copii-in-s,scris,130,0.5964024221651348,0.7564879970582106,scris,-3.6150488784407613,1.9611065227347284
2025-03-23_romania-se-confrunta-cu-o-criza-de-datorie-si-cheltuieli-far,scris,140,0.5543334443876239,0.7235620127757487,scris,-4.646548548233092,-3.0605445876453583
2025-03-24_tramvaiele-imperio-de-la-astra-arad-sunt-exemplul-perfect-ca,scris,108,0.42827561356480837,0.5111252148916432,scris,-0.5879764538251588,0.9267055265130828
2025-03-24_una-dintre-cele-mai-importante-lupte-in-activitatea-mea-publ,scris,124,0.4954653371572693,0.6457917297164377,scris,-2.7740284468738037,-1.080115031184161
2025-03-26_incepem-modernizarea-liniei-de-tramvai-pe-bulevardul-expozit,scris,163,0.431931225686339,0.5387681540487921,scris,-1.8493419785249832,-0.6423282287455202
2025-03-27_astazi-27-martie-marcam-107-ani-de-la-un-moment-esential-in,scris,148,0.5624253713969914,0.6879676122299172,scris,-2.571056386202321,0.3592020227746768
2025-03-28_vom-relua-lucrarile-pentru-finalizarea-proiectului-prelungir,scris,145,0.47134262355927775,0.598254174658017,scris,-2.7510914252033802,-0.4317266705442355
2025-03-29_aderarea-republicii-moldova-la-uniunea-europeana-este-o-prio,scris,64,0.5540046529980378,0.6458070876166248,scris,-1.591725437953349,-1.9078245029345602
2025-03-29_am-deschis-astazi-oficial-sediul-de-campanie-pentru-candidat,scris,176,0.4604935540539586,0.5878919576020213,scris,-1.2897962091834971,1.3696346618798247
2025-03-29_primul-transplant-hepatic-din-2025-a-fost-realizat-cu-succes,scris,167,0.4580519754387574,0.60550586198503,scris,-2.3078346652028463,-1.5000948418750244
2025-03-30_astazi-am-discutat-cu-sustinatorii-din-chisinau-despre-impor,scris,193,0.42505202205153,0.5938291161487693,scris,-3.286045981276752,-0.599376569215448
2025-03-31_am-vizitat-ieri-la-chisinau-cramele-cricova-un-adevarat-simb,scris,71,0.6157465571522014,0.7699459519642359,scris,-3.5921580977311987,-1.428094994445121
2025-04-01_psd-care-a-cheltuit-peste-50-de-milioane-de-euro-din-bani-pu,scris,130,0.4850311126594611,0.5928679674355464,scris,-0.47384230407099165,0.600940967994985
2025-04-01_situatia-financiara-actuala-a-romaniei-este-similara-cu-cea,scris,64,0.7072886900843486,0.8156622508135847,scris,-0.20915005849667465,3.629012869615098
2025-04-03_am-avut-astazi-o-intalnire-cu-directori-ai-teatrelor-aflate,scris,155,0.4144520607436031,0.5694324840020762,scris,-1.9336897104674247,-1.6459147288140155
2025-04-03_am-semnat-astazi-un-protocol-de-colaborare-cu-untold-univers,scris,189,0.4380396297974903,0.6003333757427824,scris,-2.6344596778976563,-0.9537583548326097
2025-04-03_in-cateva-ore-incepe-oficial-campania-electorala-voluntarii,scris,88,0.7768088494125551,0.8552444826474855,scris,0.5274150013388305,2.974592187106648
2025-04-03_madrid-londra-roma-paris-berlin-bruxelles-new-york-acolo-und,scris,86,0.5513287551063595,0.6572729624816896,scris,-0.5339130487175251,1.7574096436307216
2025-04-03_tarifele-impuse-de-statele-unite-vor-afecta-intreaga-lume-ia,scris,226,0.38839013677271983,0.5212342858619466,scris,-1.5365570932729429,-0.3750658861205192
2025-04-04_aniversam-azi-intr-un-context-geopolitic-foarte-complicat-76,scris,270,0.425932208429219,0.61654547703372,scris,-3.5819632922714346,-0.35734564131260715
2025-04-05_dupa-o-zi-lunga-la-madrid-am-ajuns-in-camera-de-hotel-si-am,scris,115,0.8535879281434409,0.9674799953806036,scris,-0.048424576285195704,-2.7725805379724027
2025-04-05_forta-antreprenorilor-romani-din-regiunea-madrid-am-avut-o-d,scris,167,0.4560778577053039,0.5730642806039351,scris,-1.543864942316868,0.89437919443531
2025-04-05_intalnire-romaneasca-la-arganda-del-rey-regiunea-madrid-am-f,scris,196,0.5493026170761848,0.6097469275890768,scris,0.38744564946193794,2.614732346073635
2025-04-05_interviu-la-radio-romanul-alaturi-de-romanii-din-diaspora-am,scris,189,0.4191749974377361,0.5734291517326825,scris,-1.9341989530119437,-0.025886877271638166
2025-04-05_prima-pajiste-urbana-cu-flori-de-camp-salbatice-din-bucurest,scris,199,0.3920866170385008,0.5332304545051325,scris,-2.262408824446053,-1.6899192375301688
2025-04-05_sunt-incantat-sa-anunt-bucurestenii-ca-incepand-cu-12-aprili,scris,166,0.5854720256278569,0.7026067990785145,scris,-2.183210206602914,-1.7520260817409121
2025-04-05_vizita-in-diaspora-romaneasca-din-spania-cubas-de-la-sagra-l,scris,220,0.41755766752912843,0.5226485456759459,scris,-1.6042576340686354,0.2881587286060942
2025-04-06_traditii-si-flori-de-sarbatori-revine-in-bucuresti-primaria,scris,189,0.4306176332055429,0.622708210382179,scris,-4.1608942375121805,-0.5410833465388577
2025-04-06_zi-reusita-la-targul-de-adoptii-aspa-din-parcul-carol-de-ier,scris,89,0.5351597790761106,0.6748437423199333,scris,-1.8251347426088702,0.7878776595385871
2025-04-07_asa-arata-stabilitatea-psd-pnl-riscam-sa-pierdem-miliarde-de,scris,166,0.46795369103219137,0.5719465128299744,scris,0.472058139976122,-0.8519290925229844
2025-04-07_ieri-m-am-intalnit-cu-una-dintre-cele-mai-puternice-comunita,scris,166,0.48970258773684994,0.6065310316132454,scris,-1.2996208959883129,2.1396608388520897
2025-04-07_marcel-ciolacu-prim-ministru-al-guvernului-romaniei-conduce,scris,126,0.5438700642766515,0.6591959404067699,scris,-1.7096878094606824,-2.462993660662207
2025-04-08_astazi-de-ziua-internationala-a-romilor-gandurile-mele-se-in,scris,153,0.5769110927386024,0.6565483652275012,scris,0.34297221159427843,-0.4468828151975626
2025-04-08_consider-ca-propunerea-presedintelui-interimar-domnul-ilie-b,scris,132,0.5504084304658022,0.6397596151587132,scris,-0.5288217002195758,-1.5684701190261259
2025-04-10_later-edit-steven-seagal-este-emisar-special-al-ministerului,scris,207,0.4283151519159428,0.5000252177250456,scris,0.22853069624934275,0.32909034889714706
2025-04-11_indemnizatiile-persoanelor-cu-dizabilitati-din-bucuresti-au,scris,114,0.3829806319123187,0.4757919841955173,scris,-0.6082111374009118,1.054768505918397
2025-04-11_la-finalul-anului-trecut-coalitia-stabilitatii-psd-pnl-infii,scris,209,0.5447455316663773,0.6602343063621862,scris,-0.9471972049282468,-1.25601855924247
2025-04-12_am-fost-onorat-sa-particip-astazi-alaturi-de-e-s-katae-takas,scris,193,0.4703067664920612,0.5293188987692496,scris,-0.03853144077104662,1.3535753272473754
2025-04-12_domnul-ciolacu-se-teme-ca-va-fi-obligat-sa-poarte-fusta-daca,scris,59,0.670400467576838,0.6651398366057005,vorbit,3.6805332376985387,0.21290391990723484
2025-04-13_condamn-cu-fermitate-atacul-criminal-de-azi-al-rusiei-care-a,scris,91,0.6291713313260044,0.7227777453820745,scris,0.19916439991172455,-1.5731325760703072
2025-04-13_coruptia-e-motivul-principal-pentru-care-oamenii-o-duc-greu,scris,50,0.7192530901351644,0.8013634280098946,scris,0.6631551408997023,2.3218740629339205
2025-04-13_primul-week-end-strazi-deschise-bucuresti-promenada-urbana-c,scris,131,0.5283601926059959,0.657577092155245,scris,-2.495278422793351,0.6497268396701487
2025-04-13_targul-de-paste-traditii-si-flori-de-sarbatori-s-a-deschis-i,scris,100,0.5869205951411649,0.7105128324095169,scris,-2.363095730902071,1.4875703491282308
2025-04-14_de-la-ce-functie-in-sus-considera-biroul-electoral-central-c,scris,240,0.5475501214236863,0.6673245903170907,scris,-0.878432511906867,1.0747127861464756
2025-04-14_presedintele-absent-iohannis-si-tandemul-psd-pnl-au-tolerat,scris,59,0.47322363042642684,0.5721430625995206,scris,-1.7386339176425485,-0.7853792190230979
2025-04-15_activitatea-suspecta-asupra-conturilor-mele-de-social-media,scris,54,0.6063414471901988,0.7468320646322162,scris,-3.640953874151671,-0.8530010722739609
2025-04-15_avem-o-scadere-a-productiei-industriale-cu-3-9-in-primele-lu,scris,156,0.5503402224772281,0.6687424655115344,scris,-1.3468433256970722,-1.2705896923215203
2025-04-15_pe-conturile-mele-de-instagram-nicusor-dan-pg-si-tiktok-nicu,scris,201,0.6634147160866469,0.6668071367178112,scris,3.1933702197613787,-1.6321405573700178
2025-04-16_astazi-a-mai-venit-o-veste-ingrozitoare-moartea-unui-tanar-d,scris,220,0.44348067793395285,0.5853929261324636,scris,-2.300649634162535,-2.10727451900276
2025-04-16_trei-pasaje-importante-din-bucuresti-vor-fi-reabilitate-prim,scris,144,0.5637974760784717,0.6710580307626097,scris,-1.1246632575711115,-1.4715071915468871
2025-04-17_am-lansat-oficial-planul-de-actiune-pentru-oras-verde-paov-u,scris,182,0.47639528600356834,0.6215768013525917,scris,-2.441104549965233,-0.052160425479545795
2025-04-17_o-veste-buna-astazi-primaria-capitalei-a-atras-555-de-milioa,scris,117,0.39917764328887695,0.48538818002314876,scris,-0.1372203925349492,0.0952953978940948
2025-04-18_am-vizitat-o-fabrica-de-panificatie-unde-in-prag-de-paste-mi,scris,136,0.5643138481948564,0.6223973491905405,scris,1.2215493459212572,-0.810127037765086
2025-04-21_cu-profunda-tristete-am-aflat-vestea-trecerii-la-cele-vesnic,scris,66,0.4720255346016,0.5786988809289265,scris,-1.7602913602785581,1.2051375119548515
2025-04-23_sanatatea-e-un-drept-fundamental-in-romania-onesta-pe-care-o,scris,91,0.7200613334372383,0.7938278613974754,scris,0.03800653650246822,2.013102011829592
2025-04-24_am-semnat-astazi-declaratia-universitatii-din-bucuresti-un-a,scris,193,0.3962040889452081,0.5651563647885882,scris,-2.6077915178937774,-1.8848790076510256
2025-04-24_educatia-este-temelia-unei-romanii-puternice-fiecare-copil-d,scris,82,0.6510383738063181,0.7489120807192744,scris,-0.5435428844006036,0.5095984372708778
2025-04-24_in-loc-sa-cheltuim-pe-lucruri-care-dau-bine-in-bucuresti-am,scris,65,0.5399265739120882,0.6245287322927193,scris,0.44491207036241115,-0.9302776882674211
2025-04-25_bucurestiul-a-facut-un-pas-important-spre-un-urbanism-respon,scris,285,0.4070421678975422,0.532628652701172,scris,-1.5612112417903594,-0.610868893117064
2025-04-25_la-bebe-bucuresti-familiile-gasesc-haine-si-jucarii-donate-c,scris,60,0.5910740847053945,0.7167069466531351,scris,-1.52162712205359,-0.7350143664762085
2025-04-26_o-veste-foarte-buna-toti-cateii-27-care-au-participat-astazi,scris,115,0.5850998934242626,0.6692655944220267,scris,-1.0526366710407853,3.9190490697432243
2025-04-28_dezbaterea-s-a-incheiat-voi-cum-ati-perceput-aceasta-dezbate,scris,109,0.5790839493163419,0.696224210437781,scris,-1.0799966770887075,1.940766940175686
2025-04-28_voi-participa-la-toate-cele-trei-dezbateri-cu-candidatii-la,scris,71,0.701202362895955,0.8142500691690658,scris,-1.0464397663552796,1.4548407856698164
2025-04-29_de-ziua-veteranilor-de-razboi-cinstim-curajul-celor-care-au,scris,54,0.6197311558444097,0.715377540031735,scris,-1.2262281461297078,1.1834143865398
2025-04-29_domnul-crin-antonescu-cere-documentele-pe-care-de-altfel-i-l,scris,136,0.5072415993934323,0.5757098762342646,scris,0.16891551203848898,1.38600305812312
2025-05-01_este-incalificabil-sa-folosesti-romanii-bolnavi-de-cancer-ca,scris,152,0.4443525908321035,0.49183971190848447,scris,0.5995423373362199,-0.10849896785698901
2025-05-03_romania-are-nevoie-de-o-presa-onesta-de-ziua-internationala,scris,68,0.5814669543775771,0.7005544184648462,scris,-2.5722373821234514,3.745041212123726
2025-05-04_o-prezenta-mare-la-urne-le-strica-planurile-alegerea-ta-poat,scris,88,0.5029212197006132,0.5765288257125626,scris,-0.45356478169431247,3.6261189632217437
2025-05-05_prin-votul-romanilor-de-ieri-s-a-incheiat-o-epoca-politica-s,scris,68,0.5431843770997338,0.637614466045728,scris,-1.394935522522929,-1.3707351829616632
2025-05-05_romania-are-o-sansa-le-multumesc-tuturor-celor-care-au-votat,scris,153,0.4571105244473609,0.5596620198130325,scris,-0.668425810670104,1.0362383318697654
2025-05-06_6-mai-1990-podul-de-flori-ziua-in-care-prutul-a-unit-nu-a-de,scris,133,0.5934541891370163,0.6798023923377287,scris,-0.22809299382068216,0.8017374577495641
2025-05-06_curajul-si-puterea-femeilor-care-aleg-sa-plece-din-relatii-t,scris,101,0.4655622966020243,0.5848300554611405,scris,-0.9904078555053866,-0.510136395621338
2025-05-07_am-vorbit-azi-in-cadrul-unui-eveniment-organizat-de-romanian,scris,124,0.5828526803548258,0.6679079749587552,scris,1.280736557775457,-0.6529038050082333
2025-05-08_salut-alegerea-noului-papa-leon-al-xiv-lea-si-sunt-alaturi-d,scris,57,0.44651374176347663,0.5993774730382482,scris,-3.8712224180718526,-2.157563344498345
2025-05-09_la-multi-ani-europa-astazi-de-ziua-europei-celebram-nu-doar,scris,229,0.48386389219612075,0.6690217936680684,scris,-2.6798076459435416,-0.5617924373424885
2025-05-10_astazi-10-mai-celebram-ziua-independentei-de-stat-a-romaniei,scris,150,0.4487885432698637,0.5761952213209116,scris,-1.577400731254015,1.4035573372132146
2025-05-10_george-simion-si-a-dezvaluit-adevarata-fata-un-suveranist-de,scris,69,0.6792309758436729,0.7601488173809797,scris,0.3076951651699764,3.459642230524861
2025-05-10_o-tara-care-isi-doreste-sa-fie-sigura-si-in-care-legea-este,scris,110,0.4901447491892032,0.5672529054942139,scris,-0.4697180713509276,-0.4593994502529583
2025-05-10_romania-nu-si-permite-sa-faca-un-experiment-sa-vada-cum-ar-f,scris,57,0.5949083588345979,0.6871396637388313,scris,0.6329290291629046,-1.0290737528247356
2025-05-11_atacurile-botilor-continua-si-nu-intamplator-sunt-vizate-pos,scris,55,0.8352012363072184,0.9047067955369441,scris,1.0799930087016267,-4.249808754175064
2025-05-11_romania-are-nevoie-de-noi-toti-traim-vremuri-care-ne-pun-la,scris,89,0.6497486105308228,0.7038534937104697,scris,1.9158623214945822,0.8096034241382137
2025-05-14_am-primit-cu-multa-emotie-si-recunostinta-mesajul-presedinte,scris,113,0.5877758118101183,0.6910143277988372,scris,-1.5026511300414336,3.903936171995033
2025-05-14_ii-multumesc-prim-ministrului-poloniei-donald-tusk-pentru-ac,scris,67,0.7158172895352354,0.8222874011348908,scris,-1.013669999495772,2.797126929460455
2025-05-15_contracandidatul-meu-minte-ca-o-gazeta-ruseasca-nu-exista-ni,scris,114,0.7073753639965074,0.8416036926952357,scris,-1.9220627255724785,-0.7752534885761646
2025-05-15_este-intolerabil-sa-jignesti-sute-de-mii-de-copii-si-adulti,scris,133,0.5615621448827094,0.6901827423049263,scris,-0.4092237391032273,0.39342177680211265
2025-05-15_simion-si-partidul-lui-despre-femei-felul-in-care-un-barbat,scris,62,0.8046500889337345,0.8641743380791906,scris,1.9051364251036322,2.2162478818913547
2025-05-16_in-timp-ce-contracandidatul-meu-jignea-poporul-francez-chiar,scris,79,0.492821090320651,0.6121477096404933,scris,-2.32912592181233,3.6654005057976535
2025-05-16_romania-care-munceste-merita-respect-si-sustinere-am-fost-la,scris,58,0.6112598112475336,0.7164927546461353,scris,0.2041838513416888,2.2764510637302444
2025-05-18_a-fost-o-mobilizare-fara-precedent-si-de-aceea-victoria-este,scris,73,0.5871370372897572,0.695157739137601,scris,-0.40860801642831834,2.684194588940354
2025-05-18_am-votat-astazi-la-fagaras-in-orasul-meu-natal-in-scoala-in,scris,187,0.561738773424958,0.624074444343702,scris,0.46784926460783294,0.6153746715003141
2025-05-21_prioritatea-principala-in-aceasta-perioada-este-corectarea-d,scris,70,0.5823600362172044,0.6686974828854996,scris,-0.7624815510898306,-3.867965140403436
2025-05-22_am-fost-bucuros-sa-particip-la-gala-repatriot-un-eveniment-d,scris,66,0.4350862902837577,0.5235336406069223,scris,0.22246269137304583,-0.3763898325950699
2025-05-22_astazi-am-primit-validarea-mandatului-de-presedinte-al-roman,scris,82,0.4983317178289611,0.5843334048053461,scris,-0.1529178861074559,1.3719588363765856
2025-05-23_dragi-bucuresteni-orasul-apartine-oamenilor-nu-functiilor-ia,scris,184,0.3881326518661605,0.5180880335582981,scris,-1.7765776875989923,0.24251219580517747
2025-05-24_investitia-in-educatia-tinerilor-ii-va-ajuta-pe-ei-sa-creasc,scris,161,0.3837199529188502,0.5352128364625076,scris,-2.5338410168665275,0.2660087627872392
2025-05-24_romania-continuam-pe-drumul-democratic-pro-european-si-trans,scris,271,0.6595125925899182,0.7303651358265639,scris,0.7856476835952365,5.478378347365146
2025-05-25_am-avut-astazi-o-discutie-utila-si-foarte-placuta-cu-o-parte,scris,85,0.5343226796716403,0.6879824011915919,scris,-3.114877610370108,3.186009627843512
2025-05-25_am-participat-astazi-cu-emotie-si-speranta-la-marsul-milionu,scris,102,0.3989558988796941,0.5069259532247772,scris,-1.3169338022016448,0.831829624089648
2025-05-25_cu-ocazia-zilei-romanilor-de-pretutindeni-gandurile-mele-se,scris,89,0.4760701724793694,0.6319723573577908,scris,-2.7506870454342027,1.4177681101042285
2025-05-26_astazi-am-depus-juramantul-in-fata-parlamentului-romaniei-ca,scris,109,0.5714310138451093,0.6362080160068927,scris,0.9859979800895048,1.4898289652820047
2025-05-28_am-fost-onorat-sa-port-o-discutie-cu-presedintele-donald-tru,scris,74,0.5097069196433255,0.6422313973415025,scris,-2.5132765179871597,4.003412627315954
2025-05-29_decizia-surprinzatoare-a-curtii-constitutionale-anuntata-ast,scris,72,0.539639648379262,0.6500895397748994,scris,-2.9463536735271485,-2.9101201201898177
2025-05-29_gandurile-mele-se-indreapta-catre-familiile-lovite-de-inunda,scris,115,0.5225831543547678,0.6485389250809338,scris,-0.9650335227582443,-0.07866216953457873
2025-05-31_am-fost-astazi-in-comuna-bacel-grav-afectata-de-inundatii-am,scris,79,0.5784910609791825,0.6671903937317536,scris,-0.5001548097919172,-1.3188721993510184
2025-05-31_astazi-am-fost-la-praid-alaturi-de-o-comunitate-profund-afec,scris,126,0.48214756535130815,0.5932953496755775,scris,-0.6732395884134279,-1.5018335167380856
2025-06-01_astazi-de-1-iunie-celebram-inocenta-bucuria-si-speranta-pe-c,scris,145,0.5278847928681618,0.5971034025437959,scris,0.10524537867524864,2.1283908277222423
2025-06-02_am-incheiat-astazi-un-summit-b9-important-la-vilnius-alaturi,scris,127,0.47756959243004105,0.5460357687602844,scris,-0.07732155193761482,0.33716209425882787
2025-06-04_astazi-am-prezentat-principalele-teme-care-se-afla-pe-agenda,scris,218,0.5159890241311836,0.6512930206882314,scris,-2.5456271415067424,0.2188235080796332
2025-06-08_astazi-romania-a-celebrat-o-pe-una-dintre-cele-mai-mari-spor,scris,51,0.6496506090291198,0.7686026197168908,scris,-2.344726290851908,3.0335160642150933
2025-06-10_i-am-urat-un-calduros-bun-venit-in-romania-majestatii-sale-f,scris,145,0.385269764907509,0.5482168780504045,scris,-2.983860802954754,0.635153134414274
2025-06-10_ma-bucur-sa-ma-aflu-astazi-la-chisinau-in-prima-mea-vizita-o,scris,68,0.6045222976487886,0.691014852440973,scris,-2.7015219126096417,0.37374924859282155
2025-06-11_astazi-la-odesa-am-avut-o-discutie-foarte-buna-cu-reprezenta,scris,76,0.6924733428114611,0.7810434818820943,scris,-0.4265152181885365,2.429211196878314
2025-06-11_astazi-la-odesa-in-marja-summitului-ucraina-europa-de-sud-es,scris,112,0.5168892532500438,0.6932958072772151,scris,-5.366527887181573,0.009393574664123454
2025-06-13_mineriada-din-13-15-iunie-1990-ramane-unul-dintre-cele-mai-d,scris,104,0.5391844341309318,0.6764447695068059,scris,-2.1528282336432714,2.0930802812005673
2025-06-16_i-am-invitat-astazi-la-palatul-cotroceni-pe-reprezentantii-s,scris,101,0.5075650570591335,0.6348954026332501,scris,-1.6981384077789565,1.2688710576361455
2025-06-18_romania-se-confrunta-cu-un-nivel-ingrijorator-de-violenta-im,scris,230,0.45250606000339166,0.5423818404575683,scris,-0.6790260655872766,-1.9816263659858526
2025-06-20_l-am-desemnat-astazi-pe-domnul-ilie-bolojan-in-functia-de-pr,scris,155,0.42125234216199453,0.49149296625689404,scris,-0.07667139862031903,0.17052330320952286
2025-06-25_a-fost-o-reala-onoare-sa-ma-intalnesc-cu-prim-ministrul-rega,scris,76,0.6278908054833076,0.7707364311253678,scris,-4.161147476032864,-0.7977533869842911
2025-06-25_am-avut-o-intalnire-productiva-si-consistenta-cu-presedintel,scris,93,0.488233012594103,0.6247024827453663,scris,-3.3376831994486977,1.765237263900163
2025-06-25_am-avut-o-intrevedere-foarte-buna-cu-presedintele-petr-pavel,scris,66,0.5255515522474201,0.6690303896756042,scris,-3.5060424682058335,2.089673124936692
2025-06-26_am-avut-o-prima-intalnire-cu-membrii-romani-ai-parlamentului,scris,70,0.49995992300523473,0.6233585733879896,scris,-1.7971758448350421,0.18131316047565782
2025-07-02_am-aflat-cu-profunda-tristete-vestea-disparitiei-lui-mihai-l,scris,85,0.5690684707301675,0.6972383235885521,scris,-2.5345984766519725,0.6414005320753443
2025-07-08_l-am-numit-astazi-pe-dacian-cosmin-dragos-in-functia-de-jude,scris,184,0.39048449056092727,0.5182739763264186,scris,-2.6376730025438153,-1.6801131919455294
2025-07-14_masurile-fiscale-adoptate-acum-reprezinta-o-situatie-provizo,scris,225,0.43364966041410796,0.5243799048970592,scris,-0.649275409602037,-1.6356593134958406
2025-07-18_am-avut-o-intalnire-foarte-buna-cu-cancelarul-federal-al-ger,scris,115,0.42265526655968577,0.5833174369357995,scris,-3.649913117763108,1.342560669423873
2025-07-21_ii-indemn-pe-cei-care-inca-se-indoiesc-de-interferentele-rus,scris,158,0.4360513519934807,0.5378492982960805,scris,-0.6694753114897618,0.24396002057778346
2025-07-22_ma-ingrijoreaza-profund-rezultatele-studiului-prezentat-asta,scris,223,0.3512229910892462,0.4527285673078581,scris,-1.2918290233626035,-0.8190901518584243
2025-07-24_ieri-am-avut-o-intalnire-cu-ministrul-mediului-diana-buzoian,scris,143,0.39376292555469944,0.5507869041889553,scris,-2.992471904039795,-0.3656207587756024
2025-07-25_am-avut-o-intalnire-constructiva-cu-reprezentanti-ai-mediulu,scris,76,0.43635396534353055,0.5936857200500397,scris,-2.7086602266132864,-0.8458082033493531
2025-07-26_in-cadrul-intalnirii-de-astazi-cu-cancelarul-federal-al-aust,scris,90,0.3810059113660295,0.5339662355661272,scris,-2.4825700926745857,-0.5335475483898424
2025-07-28_astazi-am-avut-placerea-de-a-l-primi-la-palatul-cotroceni-pe,scris,93,0.551153857517812,0.7084043063185603,scris,-4.278657500568255,-0.5616271231987853
2025-07-29_sunt-profund-afectat-de-pierderile-de-vieti-omenesti-si-de-d,scris,148,0.5143322272361975,0.6652525980611204,scris,-1.4842925396791087,-1.0386560165374885
2025-07-30_astazi-comemorand-ziua-internationala-pentru-lupta-impotriva,scris,152,0.5191523717364863,0.6612343992642744,scris,-2.303084053190685,-1.7723824709310405
2025-07-30_este-total-aberant-ca-pensia-pe-care-o-ia-un-magistrat-sa-fi,scris,231,0.4282644126386333,0.5493263489848977,scris,-0.7752763094627781,-0.7865333132477729
2025-07-31_astazi-in-ziua-europeana-de-comemorare-a-holocaustului-impot,scris,122,0.3808880495595712,0.4861832622945412,scris,-1.6925905668432644,0.3708617603201592
2025-08-12_salut-eforturile-presedintelui-donald-trump-de-a-contribui-l,scris,97,0.6252546024631231,0.7528871312272996,scris,-2.3301577107187845,-1.7044483362720841
2025-08-13_am-participat-astazi-la-videoconferinta-coalitiei-de-vointa,scris,128,0.44475199230816304,0.5892850573580527,scris,-2.0718242871425168,-1.0809533573735803
2025-08-17_astazi-in-cadrul-unei-noi-videoconferinte-a-coalitiei-de-voi,scris,210,0.4257401095317706,0.5611613217358241,scris,-1.7320708193856627,-0.7165120096484504
2025-08-18_o-veste-buna-agentia-de-rating-fitch-a-confirmat-vineri-rati,scris,74,0.554817757204199,0.6920520038135898,scris,-3.287883846107508,-1.5800586562603447
2025-08-19_videoconferintele-coalitiei-de-vointa-si-ale-consiliului-eur,scris,164,0.511258195142732,0.6462324511638344,scris,-1.7110209150605156,-1.259454184184175
2025-08-26_m-am-intalnit-astazi-la-palatul-cotroceni-cu-diplomatii-roma,scris,255,0.3958202803764911,0.506534326398837,scris,-1.21715866453681,0.6104957181190629
2025-08-28_condamn-cu-fermitate-agresiunea-asupra-unui-tanar-venit-la-m,scris,181,0.3629958286020042,0.4710963035254384,scris,-0.826205190246385,0.47039762733967483
2025-08-31_astazi-am-avut-onoarea-de-a-fi-prezent-la-marea-dictare-nati,scris,91,0.45413205300443843,0.5955563897670421,scris,-2.7703457441905512,1.1386522073502507
2025-09-01_astazi-i-am-urat-bun-venit-pe-tarmul-marii-negre-doamnei-pre,scris,130,0.4434867278440658,0.6112517584809335,scris,-4.499838481577024,0.20842412590029316
2025-09-01_ii-multumesc-lui-manfred-weber-pentru-vizita-de-astazi-de-la,scris,60,0.5846094067256201,0.7162058226314647,scris,-2.730196279181942,5.075745132926926
2025-09-02_ieri-la-malul-marii-negre-am-intampinat-o-pe-ursula-von-der,scris,55,0.5747691622405529,0.6559422796287633,scris,-0.7484952600213646,2.285302030449237
2025-09-03_am-semnat-astazi-cu-respect-si-consideratie-decretul-de-deco,scris,85,0.5606598584715118,0.7269301491061956,scris,-4.096364300279693,-1.0421503953224855
2025-09-03_astazi-am-marcat-un-moment-important-pentru-securitatea-ener,scris,254,0.3772910019269677,0.5140205574300667,scris,-1.911590362266473,-0.8172266625533816
2025-09-03_m-am-bucurat-sa-il-primesc-astazi-la-palatul-cotroceni-pe-pr,scris,103,0.5645017682906359,0.7056095303300216,scris,-2.95067024173818,2.6427089225606477
2025-09-10_am-avut-astazi-o-intalnire-importanta-cu-reprezentantii-inve,scris,83,0.5197458218732884,0.6053168067068045,scris,-1.402965515837812,1.3198868642609252
2025-09-15_am-avut-astazi-o-discutie-excelenta-cu-secretarul-general-al,scris,143,0.5168433008003596,0.6229241597022671,scris,-1.5354930776961784,-0.878175418009673
2025-09-16_cercetarea-prezentata-azi-de-procurorul-general-reprezinta-o,scris,114,0.4067463240790331,0.49326623604757136,scris,-0.8545345805316319,1.5004674072810853
2025-09-17_curtea-constitutionala-a-admis-astazi-sesizarea-pe-care-am-f,scris,165,0.5308167906078207,0.6135795208585398,scris,0.3623111127937597,-2.890280910088385
2025-09-23_am-avut-astazi-o-intalnire-cu-liderii-coalitiei-de-guvernare,scris,138,0.33926004310133245,0.48038458236972054,scris,-1.7114370127834246,0.48030981910610837
2025-09-24_astazi-am-avut-o-intalnire-foarte-buna-la-palatul-cotroceni,scris,87,0.4313203941308044,0.5621377455206611,scris,-2.440858761777457,-1.227959849286561
2025-09-24_legatura-dintre-romania-si-republica-moldova-nu-este-doar-un,scris,86,0.6263693188111044,0.7258278061466832,scris,-2.2520218442737474,1.3389917433686274
2025-09-26_sunt-profund-indurerat-de-tragedia-petrecuta-la-spitalul-de,scris,188,0.44407998512610886,0.566484882524007,scris,-1.4492204815475067,-3.0366252301501393
2025-09-29_cu-ocazia-implinirii-a-30-de-ani-de-la-infiintarea-aliantei,scris,158,0.45680117191996045,0.6149309747773875,scris,-2.213930690032248,0.4150174650224432
2025-09-29_felicit-cetatenii-republicii-moldova-pentru-mobilizare-si-pe,scris,78,0.5291622135064215,0.5923637619652904,scris,-0.6209161961627896,0.19599333288400667
2025-09-30_am-vizitat-azi-la-timisoara-doua-companii-care-folosesc-inte,scris,102,0.7712694037305154,0.8328559846351324,scris,0.5907848448595228,0.9985691986302148
2025-09-30_in-luna-iulie-am-spus-ca-administratia-prezidentiala-va-cont,scris,139,0.5305758809448744,0.5781109914112101,scris,1.2422728320149061,-1.433512959348615
2025-09-30_marile-orase-europene-sunt-motoarele-dezvoltarii-insa-de-pre,scris,136,0.4099370360789084,0.5006803643295009,scris,-0.5922409995735471,-0.6290239993200394
2025-10-01_am-trimis-inapoi-parlamentului-o-lege-care-ar-fi-anulat-una,scris,183,0.5032771785009491,0.611530950131742,scris,-1.1909877703758,-0.916844914045384
2025-10-01_astazi-si-maine-sunt-la-copenhaga-pentru-a-participa-la-reun,scris,51,0.5395970684135326,0.6596367229465487,scris,-3.6279592195433374,0.4954862776591796
2025-10-02_a-doua-zi-a-vizitei-mele-la-copenhaga-este-dedicata-particip,scris,52,0.5446872106619894,0.6802640794579123,scris,-3.4850177724542597,0.427102208714534
2025-10-02_am-avut-discutie-foarte-productiva-cu-premierul-suediei-ulf,scris,74,0.5179790251207437,0.6517646445337394,scris,-2.7225993870395615,2.1863492867804695
2025-10-02_le-am-prezentat-colegilor-europeni-principalele-concluzii-di,scris,124,0.5280304475757049,0.6837645917112204,scris,-3.2912245274487617,-1.6584316256332123
2025-10-02_romania-s-a-alaturat-initiativei-lansate-de-presedintele-emm,scris,60,0.6506851162841223,0.8212083240410409,scris,-4.6166535180986905,-1.8599120596373928
2025-10-03_am-promulgat-astazi-legea-privind-activitatea-anre-asf-si-an,scris,173,0.548761306319457,0.6841773402121594,scris,-2.5073843474968145,-2.8612814813659027
2025-10-06_am-anuntat-astazi-numirea-urmatorilor-consilieri-prezidentia,scris,316,0.6686609418393161,0.802739684489756,scris,-3.2276593984904607,1.2352286948904578
2025-10-09_am-participat-astazi-la-ceremonia-dedicata-comemorarii-victi,scris,159,0.5455882098086167,0.669909135768833,scris,-1.1714297432048177,0.4009572051038509
2025-10-12_la-usa-inimii-cuiva-trebuie-sa-ne-rugam-sa-navalim-sau-sa-ci,scris,190,0.5863620133394701,0.6132114621198645,scris,1.9535361232216295,1.0956590952209972
2025-10-13_am-primit-astazi-la-palatul-cotroceni-o-delegatie-condusa-de,scris,131,0.4365211003880477,0.6073900969940994,scris,-2.9586305399643416,-0.5717061284404232
2025-10-13_am-promulgat-astazi-legea-de-aprobare-a-ordonantei-de-urgent,scris,149,0.4881605084041767,0.6471280461530919,scris,-2.076302066253539,-2.665115423964338
2025-10-14_fenomenul-coruptiei-trebuie-atacat-frontal-acest-flagel-care,scris,56,0.5670993666490408,0.6742470050963909,scris,-1.2682217809909497,0.06945102897928307
2025-10-16_am-promulgat-astazi-legea-care-sanctioneaza-coruperea-functi,scris,145,0.5269993862737784,0.6040669231843103,scris,-1.0212335321119375,-2.1841621458483877
2025-10-17_explozia-produsa-astazi-intr-un-bloc-de-pe-calea-rahovei-din,scris,196,0.5349241214402966,0.6206819199051947,scris,-0.15504335507438988,-0.5144327651011369
2025-10-20_am-avut-astazi-la-palatul-cotroceni-un-dialog-constructiv-cu,scris,170,0.42717916247937865,0.5577074213748694,scris,-2.297132056021208,0.44225428244496967
2025-10-20_reforma-pensiilor-magistratilor-ramane-o-prioritate-nu-este,scris,75,0.6753335325689285,0.7464060308949204,scris,-0.04502532583651323,2.2105982006288962
2025-10-21_am-semnat-astazi-decretul-pentru-trecerea-in-rezerva-a-doamn,scris,113,0.517255056363688,0.6886525813041942,scris,-3.160529169085484,-1.03709545715956
2025-10-22_am-promulgat-o-lege-care-aduce-noi-reglementari-in-domeniul,scris,145,0.5452370922911366,0.695521037476746,scris,-2.3973840686446235,-1.7301186671119624
2025-10-23_am-promulgat-saptamana-aceasta-legea-care-ne-va-permite-sa-f,scris,174,0.4621155620591623,0.5770293772313773,scris,-1.474915707067593,-1.4529048610797057
2025-10-23_zi-extrem-de-incarcata-la-reuniunea-liderilor-ue-de-la-bruxe,scris,115,0.5654095380835795,0.6818978673605361,scris,-1.7391841085222153,-1.0032617543682585
2025-10-24_165-de-ani-de-traditie-si-excelenta-universitara-la-iasi-ast,scris,204,0.4276766092110062,0.5821496557637302,scris,-2.5248333669627323,-1.0104210275502048
2025-10-24_antibiotice-iasi-un-simbol-al-industriei-farmaceutice-romane,scris,83,0.5791901757854686,0.7177843092161994,scris,-3.13577464821501,-0.9291609035980506
2025-10-25_astazi-am-onorat-la-brigada-15-mecanizata-podu-inalt-din-ias,scris,93,0.48172279584166794,0.5966788937728416,scris,-1.8704432168714618,1.7052529051897842
2025-10-25_cea-mai-mica-inima-artificiala-complet-implantabila-cu-aplic,scris,164,0.39677952645496367,0.5062634987588495,scris,-1.463055661526809,-0.4995110338788296
2025-10-28_am-avut-o-discutie-constructiva-astazi-cu-valdis-dombrovskis,scris,171,0.5565114695843625,0.6500020374747244,scris,-0.9592775209271074,0.7040098034587579
2025-10-28_cu-profund-respect-si-in-semn-de-recunoastere-pentru-devotam,scris,112,0.5919705200615786,0.7723052568485413,scris,-4.358681404875666,1.1187368256829635
2025-10-29_prin-redimensionarea-fortei-rotationale-care-opera-si-in-rom,scris,108,0.5412452367021159,0.6736743588421582,scris,-1.9533452081708365,-1.625124149582845
2025-10-30_se-implinesc-astazi-10-ani-de-la-tragedia-care-a-schimbat-ro,scris,325,0.5469565122921725,0.6102411175975516,scris,0.577984213780254,-0.02190832440096234
2025-11-04_am-aflat-cu-profunda-tristete-vestea-ca-romanul-prins-sub-da,scris,73,0.6011643378893191,0.7187245108315934,scris,-1.7168406149201731,1.5234648168756253
2025-11-05_i-am-urat-astazi-bun-venit-in-romania-domnului-mark-rutte-in,scris,253,0.44810038770279415,0.5651437253588538,scris,-1.3028556024711413,0.22327481007248018
2025-11-05_multumim-emeric-ienei-pentru-toata-bucuria-pe-care-ne-ai-adu,scris,172,0.4720151651954448,0.6156361270397526,scris,-2.2345729127681535,1.9546070677508138
2025-11-06_romania-este-mai-aparata-ca-oricand-si-pregatita-sa-si-asume,scris,285,0.40519551088262046,0.5665656445497258,scris,-1.9885947956753052,-0.6359751384805452
2025-11-07_competitivitate-si-crestere-economica-acestea-sunt-doua-cuvi,scris,233,0.3969133741808789,0.5047265817469964,scris,-1.1460979004512772,-0.4768130501794216
2025-11-07_in-semn-de-profund-respect-si-consideratie-pentru-memoria-ul,scris,173,0.4765375942375959,0.634155059384246,scris,-2.8630703786333322,-1.4296794305473735
2025-11-09_astazi-odata-cu-repatrierea-ramasitelor-pamantesti-ale-ultim,scris,292,0.48714866961894876,0.5733654147415952,scris,0.15073632011171362,0.0946002480667674
2025-11-10_am-semnat-sesizarea-catre-curtea-constitutionala-in-legatura,scris,203,0.4994444781209875,0.6575719956637883,scris,-2.8868954702406704,-2.4887953524978195
2025-11-10_romania-are-toate-datele-pentru-a-deveni-un-hub-de-inovatie,scris,169,0.3828289559722044,0.5072412624456861,scris,-1.8251122033743465,-0.1577928287600669
2025-11-11_in-urma-cu-trei-decenii-trecea-la-cele-vesnice-marele-om-pol,scris,201,0.4095402189158467,0.5886952614854445,scris,-2.8778555674879986,0.2067816060769889
2025-11-12_am-pus-astazi-in-dezbatere-strategia-nationala-de-aparare-ce,scris,372,0.3581631512714679,0.5139652768997776,scris,-2.2375967920775386,-1.2349927486955088
2025-11-13_astazi-s-a-incheiat-la-baza-militara-de-la-cincu-exercitiulu,scris,305,0.3826368970609172,0.5761265766603424,scris,-3.213266236410257,-0.32452573652371514
2025-11-13_l-am-primit-astazi-la-palatul-cotroceni-in-prima-sa-vizita-e,scris,71,0.7192624285869564,0.8521924347421096,scris,-3.046169910334056,2.976746101893254
2025-11-17_l-am-primit-astazi-la-palatul-cotroceni-pe-enrico-letta-fost,scris,173,0.4272811706813712,0.5650404224417529,scris,-1.985129720733931,0.05917118114590702
2025-11-18_am-avut-astazi-o-discutie-cu-fatih-birol-presedintele-agenti,scris,203,0.46379340472516056,0.609867310714866,scris,-1.9727405820574502,0.09049432403870288
2025-11-18_ne-a-parasit-dumitru-lupescu-era-presedinte-de-asociatie-de,scris,50,0.5147594270380155,0.5943896667832015,scris,0.04102188608459825,1.4674247791793267
2025-11-18_ne-luam-astazi-ramas-bun-de-la-un-patriot-care-a-crezut-si-a,scris,126,0.4458699837369584,0.5560309987384069,scris,-0.4985133273169804,0.94091937033357
2025-11-19_am-sesizat-curtea-constitutionala-in-legatura-cu-legea-de-ap,scris,188,0.500885029567098,0.6078696209829366,scris,-1.5536865180075876,-0.5329201016086994
2025-11-20_operatiunea-de-readucere-in-tara-sub-escorta-a-lui-horatiu-p,scris,56,0.5746043210631802,0.7023171062241532,scris,-2.782942018804825,-0.307093083539114
2025-11-20_romania-a-facut-inca-un-pas-decisiv-spre-aderarea-la-ocde-am,scris,260,0.35564982111979293,0.48752921312417385,scris,-1.812293686777766,-1.5754893895557898
2025-11-21_am-avut-astazi-la-palatul-cotroceni-o-discutie-importanta-cu,scris,313,0.4273597989004447,0.58750451940272,scris,-3.71256757236592,-0.06718989179013318
2025-11-21_romania-are-in-acest-moment-maturitatea-si-expertiza-pentru,scris,170,0.5956634475326416,0.7412462802749856,scris,-1.9788119736257397,-2.0284920898984433
2025-11-23_am-promulgat-saptamana-aceasta-legea-care-introduce-amendare,scris,61,0.6619634325986483,0.8113323625135389,scris,-3.502452031641256,-0.9405685514717477
2025-11-25_a-fost-o-onoare-sa-gazduiesc-astazi-la-palatul-cotroceni-sum,scris,238,0.4514853063698216,0.5127668665762734,scris,0.7331121110583125,-0.1480734035444209
2025-11-26_parlamentul-romaniei-a-votat-astazi-strategia-nationala-de-a,scris,183,0.4267178264706544,0.5179617209161047,scris,-0.7096837881560315,0.3114244878934144
2025-12-01_cu-prilejul-zilei-nationale-a-romaniei-l-am-decorat-pe-veter,scris,205,0.3965004036550277,0.5212613971330123,scris,-2.0215198155954064,1.9364638671203396
2025-12-01_ziua-nationala-este-inainte-de-toate-o-sarbatoare-a-oamenilo,scris,184,0.4898560803285053,0.6256930335838793,scris,-0.9388606565705804,2.9211446003906305
2025-12-02_am-promulgat-recent-legea-pentru-modificarea-statutului-depu,scris,198,0.4480901961013378,0.5891477286973857,scris,-2.459871788769527,-2.010666344285321
2025-12-03_astazi-am-avut-o-discutie-substantiala-cu-ambasadorii-statel,scris,151,0.4690040937234617,0.6549742895625896,scris,-4.300392458706732,1.453099973331016
2025-12-03_situatia-dezastruoasa-de-la-barajul-paltinu-care-a-generat-o,scris,169,0.5730329842127422,0.6746680717394233,scris,-0.41887335504226897,-3.1407190899038024
2025-12-04_am-avut-astazi-onoarea-sa-l-felicit-pe-domnul-victor-rebengi,scris,202,0.4089497385346196,0.510374185441163,scris,-0.41245173285623715,0.6387663085062573
2025-12-04_am-transmis-parlamentului-cererea-de-reexaminare-a-legii-car,scris,144,0.4894419384836872,0.6529729963326472,scris,-2.8464972996868987,-2.7660948888496644
2025-12-05_am-semnat-astazi-decretul-de-promulgare-a-legii-care-introdu,scris,169,0.4410819353640784,0.5918185401829127,scris,-2.4524326045495837,-2.6109151793479644
2025-12-07_dragi-bucuresteni-va-invit-sa-mergeti-la-vot-indiferent-de-o,scris,81,0.5990535162462884,0.6636487979328436,scris,1.229880997858052,1.789689142808596
2025-12-08_felicitari-si-succes-alesilor-locali-confirmati-prin-votul-d,scris,138,0.47472009228105366,0.608291291573053,scris,-2.3190485066021544,0.7084652678369802
2025-12-09_a-fost-o-reala-placere-sa-il-intalnesc-pe-presedintele-repub,scris,135,0.4173676556488848,0.5966379425667079,scris,-4.33273540949494,1.0302203269988488
2025-12-09_am-avut-in-franta-o-intalnire-cu-reprezentantii-companiilor,scris,185,0.42981141577655313,0.560636833451723,scris,-1.948811130483675,-0.4158537190041507
2025-12-09_am-avut-o-excelenta-intrevedere-cu-primarul-parisului-anne-h,scris,210,0.4267769269549586,0.5626480601362398,scris,-2.0619491521215005,0.850295634487607
2025-12-10_am-vazut-cap-coada-documentarul-recorder-despre-justitie-cel,scris,336,0.44405189879856666,0.5115557088703401,scris,0.6257037098580231,0.7363341372436483
2025-12-11_cand-200-de-magistrati-spun-ca-este-o-problema-de-integritat,scris,109,0.5333593975328461,0.5969260092789822,scris,0.4141221317370803,0.9977263872690574
2025-12-15_plec-la-summitul-de-la-helsinki-dar-iau-cu-mine-ingrijoraril,scris,91,0.5015448163067909,0.6134914924945033,scris,-0.38592845088633015,0.30876461954316625
2025-12-16_actiunile-rusiei-reprezinta-o-amenintare-majora-pentru-regiu,scris,111,0.4561754934156151,0.6230621286944574,scris,-3.760260925973548,0.017148269903746044
2025-12-16_am-trimis-curtii-constitutionale-o-sesizare-de-neconstitutio,scris,180,0.49196510582656683,0.6758504727907116,scris,-3.5726101261321017,-1.660014440585977
2025-12-16_foarte-utile-si-aplicate-discutiile-pe-care-le-am-purtat-cu,scris,204,0.41238247987002147,0.5767379962870067,scris,-3.0038256320099004,-0.7498911744770556
2025-12-17_la-londra-intr-unul-dintre-cele-mai-competitive-ecosisteme-e,scris,156,0.4933878400410095,0.6878749349842279,scris,-3.631071088124116,0.05006358126390737
2025-12-18_a-inceput-ultima-reuniune-a-consiliului-european-din-acest-a,scris,113,0.5183909005184423,0.6221053754176891,scris,-1.7114941785967024,-0.014323349202973002
2025-12-18_dialog-cu-antreprenorii-romani-si-britanici-intalniri-cu-oam,scris,54,0.5407841533290323,0.6806680779601253,scris,-3.437180699437017,0.8936485978807994
2025-12-20_am-primit-de-la-magistrati-sute-de-pagini-de-materiale-relev,scris,129,0.4451921071524356,0.5903085081623911,scris,-1.8185631538211524,0.5051519892039384
2025-12-20_curtea-constitutionala-a-decis-recent-o-schimbare-esentiala,scris,86,0.5360381938188431,0.6261625776825965,scris,-1.535696310558379,-2.305505700301561
2025-12-21_libertate-acesta-a-fost-strigatul-limpede-al-natiunii-romane,scris,457,0.3743506654213114,0.517073687839014,scris,-1.2614754380330735,0.4481100698362035
2025-12-21_voi-initia-in-ianuarie-imediat-dupa-sarbatori-un-referendum,scris,264,0.4518721272260433,0.5237974418267828,scris,0.08685591886091963,-0.9653154363001317
2025-12-25_nasterea-lui-hristos-este-pentru-noi-crestinii-sarbatoarea-s,scris,126,0.4467094152918788,0.574400560974221,scris,-0.7837983750594715,1.8010722237134305
2025-12-26_in-cadrul-vizitelor-externe-din-ultimele-saptamani-am-avut-b,scris,125,0.5360749962068876,0.6862083839647393,scris,-3.021493310150982,2.0266480369417614
2025-12-26_o-intalnire-speciala-la-paris-cu-un-regizor-si-scenarist-de,scris,68,0.5561846416081105,0.6446627682492364,scris,-1.4567858488411163,1.7101405427509382
2025-12-27_l-am-revazut-cu-mare-emotie-la-paris-pe-profesorul-emerit-la,scris,96,0.41105324236025714,0.5589245109916859,scris,-2.367148218542796,0.830553651647608
2025-12-27_pe-fiul-marelui-ion-ratiu-nicolae-ratiu-l-am-revazut-la-lond,scris,58,0.5215448199285293,0.6611206016396618,scris,-2.0966661453558206,2.678937787191641
2025-12-28_a-fost-o-veritabila-placere-sa-il-revad-la-londra-pe-sir-geo,scris,74,0.5743116403701033,0.7074464863985965,scris,-2.517403633160468,0.5374456368945202
2025-12-28_redactia-romana-a-bbc-a-ramas-pana-astazi-un-reper-de-jurnal,scris,65,0.5456075997693233,0.6821658964396916,scris,-2.81776616112687,3.009733681797146
2026-01-01_2025-a-fost-un-an-al-provocarilor-dar-si-al-curajului-de-a-n,scris,168,0.45071502507215305,0.5716849441223917,scris,-1.8662605853845533,0.6298649656072041
2026-01-08_puteti-asculta-inregistrarea-convorbirii-dintre-pilotul-roma,scris,109,0.39580732307381955,0.5251057819003558,scris,-2.3213487627571214,-0.5337150070295926
2026-01-09_romania-a-votat-in-favoarea-acordului-comercial-dintre-uniun,scris,483,0.4020357340551868,0.5525484562604256,scris,-2.073357870281108,-1.626903290845967
2026-01-13_parteneriatul-strategic-dintre-romania-si-statele-unite-ale,scris,279,0.4160183856081939,0.5993746780714422,scris,-3.0740679297820726,-0.19426896164015567
2026-01-15_reuniunea-anuala-cu-sefii-misiunilor-diplomatice-acreditati,scris,462,0.31217757844045324,0.4916808096134682,scris,-2.483693679813211,-0.19444660277905992
2026-01-15_ziua-culturii-nationale-ne-reaminteste-ca-identitatea-romani,scris,272,0.42539637988132756,0.6065737623057383,scris,-2.6076280200731654,0.32940651080527744
2026-01-16_decizia-comisiei-europene-de-a-aproba-aplicatia-romaniei-pen,scris,209,0.4046039589245914,0.5433132367918967,scris,-2.4389812839321197,0.18445186797218546
2026-01-17_am-promulgat-legea-care-permite-politistilor-locali-sa-utili,scris,147,0.456849177811516,0.5905223627694042,scris,-1.802706147022031,-2.370513631109913
2026-01-17_am-promulgat-legea-de-adoptare-a-unei-ordonante-a-guvernului,scris,137,0.455406845546677,0.6176627764538344,scris,-3.2545750903182733,-0.5800444626554243
2026-01-19_l-am-primit-astazi-la-palatul-cotroceni-pe-generalul-alexus,scris,239,0.3786802352545036,0.5731114276535919,scris,-2.95093760243289,-0.048663078134335645
2026-01-23_relatia-transatlantica-are-o-istorie-care-a-adus-stabilitate,scris,251,0.4463843361371815,0.5794162578817681,scris,-2.3609807536149443,-0.9986171836967154
2026-01-24_am-ales-sa-fiu-astazi-atat-la-iasi-cat-si-la-focsani-pentru,scris,323,0.4237251490454448,0.513878567103505,scris,-0.9493092685818566,0.21016268685785283
2026-01-24_la-implinirea-a-160-de-ani-de-la-infiintare-am-acordat-coleg,scris,237,0.3758346827090626,0.46764417390471913,scris,-0.3822228465677452,-0.11666475625944808
2026-01-24_traim-momente-complicate-dar-intr-o-zi-de-sarbatoare-cred-ca,scris,257,0.5301667839860268,0.5039729400039002,vorbit,2.098947285116698,1.490791949324806
2026-01-26_ziua-internationala-de-comemorare-a-victimelor-holocaustului,scris,187,0.5324230404132353,0.7235792234185068,scris,-2.7120086161945514,-0.5333576356102674
2026-02-04_am-avut-astazi-o-convorbire-consistenta-cu-antonio-costa-pre,scris,236,0.45044849648546703,0.5603029568892605,scris,-1.0078910806458836,-0.49528303643846316
2026-02-04_romania-nu-este-subiectul-raportului-preliminar-al-comitetul,scris,332,0.3655665933373895,0.5443281207848544,scris,-2.611261876754713,-1.0398350587612573
2026-02-05_exercitiile-militare-desfasurate-in-ultimele-zile-la-smardan,scris,100,0.5180676112427495,0.6711221895098965,scris,-3.3480853738816827,-1.3162729447334491
2026-02-08_am-primit-invitatia-de-a-participa-la-prima-reuniune-a-consi,scris,140,0.5495466961825306,0.6687683939861077,scris,-1.1910951108116021,-3.0422587993874344
2026-02-11_am-avut-ieri-o-discutie-cu-liderii-marilor-companii-american,scris,133,0.5025468998936031,0.6380369790379927,scris,-1.711249709420219,-0.7158807060605044
2026-02-12_o-importanta-dezbatere-la-care-particip-astazi-in-belgia-ala,scris,244,0.5542059497394584,0.6624622445642335,scris,-0.33429671540033684,-1.7398658542576373
2026-02-13_va-invit-sa-privim-cu-echilibru-datele-publicate-azi-de-ins,scris,215,0.5450106980138518,0.6402324320808855,scris,0.28078456721567707,-0.4175856233238615
2026-02-15_voi-participa-s-pt-mana-viitoare-la-prima-reuniune-a-consili,scris,115,0.5169533488509108,0.6753363841788814,scris,-3.9032553159778827,-1.258213646420158
2026-02-19_am-avut-o-interventie-astazi-la-washington-in-cadrul-reuniun,scris,299,0.4449361309703788,0.6098347064321061,scris,-2.7001885650112722,-1.1720185866005535
2026-02-20_pacea-si-securitatea-sunt-temelia-unei-tari-prospere-pentru,scris,95,0.45744404663802124,0.5734536672523879,scris,-1.7778932286121985,-0.5880241860044482
2026-02-24_am-avut-o-discutie-aplicat-cu-premierul-ilie-bolojan-inainte,scris,124,0.5454241721290124,0.7359712947240068,scris,-3.9850209902901517,-2.2928842950808974
2026-02-24_in-urma-cu-patru-ani-unul-dintre-cele-mai-teribile-scenarii,scris,169,0.46458879635805966,0.5669091173336843,scris,-1.201539140167289,0.7163332259099007
2026-02-27_am-promulgat-in-aceasta-dimineata-legea-privind-pensiile-mag,scris,86,0.5524803411689013,0.6559782210650651,scris,-2.0588026912570694,-2.093834993618755
2026-02-27_referitor-la-informatia-privind-plangerea-penala-a-aep-in-le,scris,217,0.6427103412461489,0.7121363497038176,scris,1.6868486803069154,-1.0609931442141203
2026-03-01_romania-este-in-deplina-siguranta-si-nu-se-afla-sub-niciun-f,scris,161,0.49468947665417723,0.6354440123082115,scris,-1.737524000271485,-0.36611603410347904
2026-03-03_m-am-bucurat-sa-l-primesc-astazi-la-palatul-cotroceni-pe-dar,scris,98,0.4759175315681559,0.5852732053548352,scris,-1.139631460881692,3.108249047819897
2026-03-05_am-avut-astazi-un-dialog-substantial-cu-premierul-polonez-do,scris,161,0.4719013517569855,0.6351284439876325,scris,-3.048813199313418,0.2468584368450583
2026-03-05_am-raspuns-cu-placere-invitatiei-presedintelui-karol-nawrock,scris,233,0.36248701915733084,0.5316017585798575,scris,-2.9133027258470956,0.5575039069302807
2026-03-06_pe-5-martie-cu-ocazia-zilei-solidaritatii-romano-polone-sarb,scris,67,0.6002451304841725,0.7382060249885491,scris,-3.9534721274533235,1.4429225933995065
2026-03-08_la-multi-ani-tuturor-doamnelor-si-domnisoarelor-de-ziua-inte,scris,121,0.5053067450646123,0.6586062730326695,scris,-1.8868844966607774,1.5048990387346626
2026-03-09_am-avut-astazi-o-convorbire-cu-antonio-costa-presedintele-co,scris,240,0.43018873115162104,0.5421394159626189,scris,-0.8411113997429223,-0.19643473787290963
2026-03-09_ziua-detinutilor-politici-anticomunisti-marcata-in-fiecare-a,scris,249,0.43943247417432346,0.5764091535700501,scris,-1.3752789655569702,1.5067837316853772
2026-03-10_am-avut-in-aceasta-seara-un-dialog-aplicat-cu-liderii-europe,scris,181,0.4538121249793668,0.5919211867163561,scris,-2.560073630062361,-1.86794742852383
2026-03-11_am-convocat-astazi-sedinta-csat-pentru-analiza-evolutiei-sit,scris,243,0.40120098003374893,0.547112263936765,scris,-2.3527200081937094,-0.49946825291129116
2026-03-12_am-semnat-astazi-cu-presedintele-zelenski-doua-documente-ofi,scris,135,0.46076605603917903,0.598629074470377,scris,-2.212328351484017,0.15945060819759688
2026-03-12_i-am-urat-bun-venit-la-bucuresti-presedintelui-volodimir-zel,scris,280,0.44077771177264696,0.549015928574105,scris,-1.4954557355391316,0.8879267617676788
2026-03-16_aderarea-romaniei-in-2026-la-organizatia-pentru-cooperare-si,scris,178,0.4659858376227144,0.6204693678391638,scris,-3.675372627627989,-0.7787103644893003
2026-03-16_astazi-am-discutat-cu-alfred-stern-presedintele-consiliului,scris,241,0.4179286956085199,0.5671413739360359,scris,-2.2750299193529995,0.1311539158653164
2026-03-17_donarea-de-sange-salveaza-vieti-impreuna-prin-gesturi-simple,scris,167,0.5255951682020032,0.6765213866355545,scris,-2.7429829344357257,-1.297959907185436
2026-03-19_romania-este-aparata-este-parte-din-nato-are-un-parteneriat,scris,219,0.43484999727800494,0.5533555875049154,scris,-1.7571374240378608,1.0945174543704914
2026-03-20_am-decis-sa-ne-alaturam-declaratiei-regatului-unit-frantei-g,scris,119,0.490299033347334,0.6286231022854722,scris,-2.524560251585372,-1.4550821852397853
2026-03-20_o-onoare-si-o-bucurie-sa-ma-intalnesc-astazi-la-bruxelles-cu,scris,61,0.44552286934437213,0.5521286504638475,scris,-1.7778352062773013,1.6420149647518785
2026-03-21_cea-mai-mare-expozitie-din-europa-dedicata-lui-constantin-br,scris,305,0.37019578867916025,0.5404688765425205,scris,-2.858390635445881,-0.41088332397623084
2026-03-22_am-avut-zilele-trecute-la-bruxelles-o-discutie-cu-oana-gheor,scris,112,0.4630306710948278,0.5521601528216611,scris,-0.7830511256836601,-0.787685947845226
2026-03-23_francofonia-si-valorile-pe-care-le-promoveaza-fac-parte-din,scris,207,0.38081051315665426,0.5669969559092485,scris,-3.482518548168345,0.6065641961666834
2026-03-26_razboiul-informational-afecteaza-si-profesia-medicala-este-u,scris,220,0.5019146171620398,0.5110881483182087,scris,1.6691183357793566,1.5631573352484436
2026-03-27_l-am-primit-astazi-la-palatul-cotroceni-pe-prim-ministrul-sl,scris,117,0.4481923342151608,0.5607801679619655,scris,-1.8243900924227685,1.9953545380875262
2026-03-27_m-am-intalnit-astazi-la-palatul-cotroceni-cu-numan-kurtulmus,scris,176,0.40477692505977686,0.5603530633930697,scris,-3.2923594703675403,-0.08062108910755565
2026-03-30_proiectul-european-trebuie-sa-se-concentreze-inainte-de-toat,scris,161,0.41757387682812935,0.5727729351197717,scris,-2.5661069184964913,1.8021493047206292
2026-03-31_aderarea-romaniei-la-uniunea-europeana-a-fost-o-poveste-de-m,scris,309,0.40178758671506054,0.48093097080376673,scris,-0.8734101576105603,-0.3469724613160243
2026-03-31_discutia-aplicata-pe-care-am-avut-o-astazi-cu-prim-ministrul,scris,149,0.5063009419223389,0.6190401866817504,scris,-1.1289913695622775,1.2981558864193778
2026-03-31_transportul-si-asigurarea-unor-rute-sigure-pentru-marfuri-ca,scris,232,0.38776796101384875,0.5318401256174343,scris,-2.926655983379365,0.20774095706560453
2026-04-02_ma-bucur-ca-bratarile-dacice-si-coiful-de-la-cotofenesti-au,scris,117,0.38734947975732886,0.5404070590584374,scris,-2.3654420197699007,0.19430527049157081
2026-04-05_tuturor-credinciosilor-care-celebreaza-invierea-le-doresc-ca,scris,128,0.53506688596939,0.655631942038455,scris,-1.7794469121745622,0.3649100458291439
2026-04-07_de-ziua-mondiala-a-sanatatii-transmit-un-gand-de-recunostint,scris,228,0.4016737327102851,0.49244151614497206,scris,-0.9044857849620297,0.021196657108954357
2026-04-08_fbi-impreuna-cu-mai-multi-parteneri-printre-care-sri-a-anunt,scris,82,0.7283372181142515,0.8061026741218378,scris,1.283415920132239,-0.8658201193234397
2026-04-12_hristos-a-inviat-este-certitudinea-care-ne-reaminteste-in-fi,scris,134,0.5676192654835228,0.6629857336296073,scris,-0.3693302937883089,1.6113832106331283
2026-04-20_am-trecut-astazi-in-revista-impreuna-cu-ministrul-dragos-pas,scris,146,0.49027704461715294,0.5646222147879826,scris,-0.2907062089798902,0.5793967456751422
2026-04-22_am-avut-azi-consultari-cu-partidele-pro-occidentale-din-actu,scris,179,0.5419743464667143,0.5967330577841,scris,0.3751552943028014,-0.8422433771923865
2026-04-23_am-promulgat-astazi-legea-pentru-prevenirea-si-combaterea-fe,scris,179,0.5343492056339332,0.6813568343705734,scris,-1.8409437369500028,0.9242498242415977
2026-04-23_particip-in-aceste-zile-in-cipru-la-reuniunea-informala-a-co,scris,263,0.3841307614552504,0.5232225061495014,scris,-2.1345359901855048,-1.1881544159230852
2026-04-24_subiectul-cel-mai-important-pentru-romania-pe-care-l-am-abor,scris,200,0.48435331590023817,0.5631316275288758,scris,0.013014301891871945,0.6365050516950574
2026-04-25_am-semnat-asear-demisiile-ministrilor-social-democrati-si-pr,scris,61,0.5872523264488809,0.7334532535047628,scris,-3.661448190876428,2.2504079093087035
2026-04-28_astazi-la-dubrovnik-in-marja-summitului-initiativei-celor-tr,scris,156,0.44227846359909484,0.6220665129474553,scris,-3.7936525216429375,-0.43315329883738757
2026-04-28_in-marja-summitului-initiativei-celor-trei-mari-de-la-dubrov,scris,86,0.5082963411151868,0.6644244500223239,scris,-3.9093286329286028,0.8790244958451562
2026-04-28_romania-a-participat-activ-si-cu-succes-la-efortul-transatla,scris,130,0.48889154251929384,0.6252184395498127,scris,-3.127554747141457,-0.10613786698057529
2026-04-29_am-participat-astazi-la-sesiunea-speciala-a-forumului-de-afa,scris,95,0.5333934039389271,0.6425075451326626,scris,-0.9760178921684036,2.403172664937507
2026-05-03_felicitari-elevilor-romani-din-lotul-national-de-robotica-ca,scris,136,0.5028419935376194,0.6218580285474673,scris,-2.5261686962593144,0.1233691187397671
2026-05-03_in-drum-spre-armenia-unde-voi-participa-alaturi-de-doamna-pr,scris,92,0.5642873630583276,0.6972095970695462,scris,-3.156143738202611,-1.3390469359863102
2026-05-04_am-avut-placerea-de-a-ma-intalni-cu-principele-albert-al-ii,scris,63,0.44889320691212925,0.5854366785187454,scris,-1.998386098698209,1.253849878772362
2026-05-04_am-organizat-astazi-in-marja-reuniunii-comunitatii-politice,scris,100,0.5732673184121944,0.6938348729146314,scris,-2.319005535258679,-1.2332037492123014
2026-05-04_multumesc-prietenilor-europeni-pentru-participarea-la-discut,scris,72,0.4283667472576713,0.5565970827987973,scris,-1.8602278864513286,1.8278046267498391
2026-05-12_abordarea-strategica-a-romaniei-in-ceea-ce-priveste-politica,scris,183,0.6923207942661889,0.7985139142089825,scris,-0.23495993769134854,-1.478922304020987
2026-05-12_am-avut-o-discutie-substantiala-cu-presedintele-poloniei-kar,scris,143,0.4087910777479349,0.56758681332864,scris,-3.1164495484828034,0.9873384074272928
2026-05-12_intalnire-de-lucru-alaturi-de-secretarul-general-al-nato-mar,scris,121,0.44143585753741965,0.6082295415833032,scris,-3.9500935144821683,-0.9881227663370131
2026-05-13_am-avut-astazi-o-intrevedere-excelenta-cu-presedintele-curti,scris,67,0.6211744923831677,0.7763335098141719,scris,-6.025705651082139,-1.1099709157406803
2026-05-13_le-am-urat-bun-venit-la-bucuresti-liderilor-statelor-membre,scris,211,0.36332275713877826,0.5289159539013364,scris,-2.7570861923298513,1.4562000255796954
2026-05-13_o-participare-ampla-astazi-la-bucuresti-a-statelor-din-forma,scris,250,0.35796793231629925,0.48957652416636627,scris,-2.0613005818795007,-0.24485434622489538
2026-05-13_presedintele-volodimir-zelenski-a-fost-invitatul-special-al,scris,132,0.36953417484546075,0.5132260466781606,scris,-2.8383325033199887,-0.7333355226022092
2026-05-13_zi-foarte-importanta-astazi-la-palatul-cotroceni-unde-are-lo,scris,70,0.5895359635543838,0.7527518489589439,scris,-4.642880029382752,1.4116984594235573
2026-05-15_investitiile-in-tot-ce-tine-de-apararea-cetatenilor-nostri-a,scris,189,0.42654720889497105,0.5584987195341462,scris,-1.8434926870946307,-0.30265226662423184
2026-05-21_t,scris,131,0.43769373912814236,0.5692182012478163,scris,-1.8463019233765543,-1.2823474587823616
2025-05-08_dezbatere-euronews-simion,vorbit,62,0.6967585112835429,0.7507812635165193,scris,1.8741229712052354,1.327186826976139
2024-12-16_anunt-candidatura,vorbit,122,0.5720965120872564,0.6074920897595921,scris,0.5958802014600924,0.8464588544126503
2025-02-03_lansare-campanie-romania-onesta,vorbit,191,0.4239627302606218,0.5234828415456204,scris,-0.39252870242203614,1.0684145850745383
2025-05-19_discurs-victorie,vorbit,268,0.4159002513049148,0.4779603186861942,scris,-0.20604841749352393,1.3547621557376648
2025-05-26_discurs-investitura,vorbit,1030,0.3295202752628041,0.4489802605813076,scris,-1.150782484170812,0.05125155813474316
2025-06-04_conferinta-presa-cotroceni,vorbit,111,0.6208690591784181,0.6737843006804748,scris,0.7301475063483136,-1.8095218200010075
2025-09-04_autoevaluare-100-zile,vorbit,168,0.5372304955120363,0.5142641578219525,vorbit,2.4163069427647215,-0.14343980771375264
2025-12-31_mesaj-anul-nou,vorbit,293,0.40427330854712445,0.5082427631393659,scris,-0.7374042757351486,0.25240590153967174
2024-12-04_political-studio-nicusor-dan-the-signal-is-good-even-if-it-i,vorbit,2478,0.49074478774638225,0.2960545942016465,vorbit,3.641207624242061,0.2212519768785365
2024-12-16_nicusor-dan-despre-calin-georgescu-in-ceea-ce-priveste-conte,vorbit,70,0.7990561427154355,0.8171534694341444,scris,2.2326335665263106,-0.43524131762902557
2024-12-16_nicusor-dan-intentionez-sa-candidez-ca-independent-la-aleger,vorbit,716,0.37603306030974565,0.3523224735118222,vorbit,1.2795901486169934,0.38358011001005504
2024-12-16_nicusor-dan-si-a-anuntat-candidatura-la-alegerile-prezidenti,vorbit,2551,0.3783002385652597,0.2130108957190579,vorbit,2.3562362245516963,0.8670070044028232
2024-12-18_nicusor-dan-iesirea-unui-partid-din-coalitie-ne-ar-lasa-cu-u,vorbit,4318,0.43763078088838675,0.2465926581455086,vorbit,3.606200366405454,-0.02066988544517506
2024-12-19_nicusor-dan-dupa-retragerea-psd-de-la-negocieri-sunt-surprin,vorbit,527,0.5608927792290401,0.49706019573512883,vorbit,3.904003390855206,-0.7258292003463039
2024-12-23_nicusor-dan-despre-candidatura-lui-crin-antonescu-partidele,vorbit,569,0.46048839264525504,0.411286092158794,vorbit,2.2705761957266466,-0.2607696092277321
2024-12-25_mesajul-lui-nicusor-dan-pentru-romani-stiri-b1tv-25-dec-2024,vorbit,206,0.5108560334816967,0.5622433745399067,scris,0.4587218614011112,0.005498084306103359
2024-12-30_nicusor-dan-candidez-indiferent-de-ce-va-fi-stiri-b1tv-30-de,vorbit,223,0.6899751206002945,0.6798661089522673,vorbit,3.204675132767018,-1.4224949432499998
2024-12-30_nicusor-dan-despre-calin-georgescu-stiri-b1tv-30-dec-2024,vorbit,643,0.5530321803814552,0.4431367400773775,vorbit,3.2519317294193284,0.023961729821170608
2025-01-09_nicusor-dan-critica-decizia-coalitiei-privind-data-alegerilo,vorbit,534,0.5262981199368769,0.46021106621767793,vorbit,2.6491946232050614,-0.10079022074786985
2025-01-13_nicusor-dan-explicatiile-privind-anularea-prezidentialelor-s,vorbit,132,0.7693235869281473,0.7096535511874191,vorbit,4.597362596709974,1.3744557154564352
2025-01-18_nicusor-dan-cere-explicatii-pentru-anulare-stiri-b1tv-18-ian,vorbit,219,0.609994180483688,0.5789559364298081,vorbit,4.206631815845927,-1.622129301532194
2025-01-30_nicusor-dan-despre-alegerile-prezidentiale-daca-va-castiga-g,vorbit,170,0.7911724999258861,0.738460212077467,vorbit,5.317786104444578,-2.6613804166857045
2025-02-04_nicusor-dan-declara-iar-ca-nu-se-retrage-din-cursa-in-turul,vorbit,92,0.734871545420712,0.7086517384818398,vorbit,4.487532766017084,-2.540327758881497
2025-02-05_nicusor-dan-cand-statul-se-imprumuta-ca-sa-plateasca-deficit,vorbit,383,0.6258252455286089,0.5319712732972566,vorbit,3.610260771016197,0.8609341294577655
2025-02-05_nicusor-dan-despre-scandalul-nordis-mult-din-ce-se-construie,vorbit,5459,0.41583423630950267,0.22954262991464097,vorbit,3.0869493300439017,0.13094663198203363
2025-02-08_nicusor-dan-reactie-in-scandalul-cu-lasconi-stiri-b1tv-8-feb,vorbit,113,0.5228339569692517,0.5189750828088634,vorbit,2.6811223599369858,1.3238647032109951
2025-02-16_nicusor-dan-vrem-sa-cumparam-inca-250-de-tramvaie-si-sa-mode,vorbit,318,0.5461739035263632,0.5320484749169835,vorbit,0.8789571141140485,1.3540550758959906
2025-02-24_nicusor-dan-despre-demisia-lui-ciolacu-stiri-b1tv-24-febr-20,vorbit,173,0.6388008065194682,0.603243756827204,vorbit,2.7470958150308626,-0.4587235817339446
2025-02-26_nicusor-dan-despre-dovezile-pe-care-vrea-sa-le-vada-in-legat,vorbit,214,0.7586768627369035,0.7147181952089423,vorbit,5.314995013106183,0.9488945609689361
2025-02-27_nicusor-dan-despre-inculparea-lui-calin-georgescu-trebuie-sa,vorbit,558,0.5644212494557366,0.47717968373894043,vorbit,3.1502404452493526,-0.1913291972538087
2025-02-27_sume-uriase-si-tehnologie-avansata-nicusor-dan-despre-campan,vorbit,139,0.8423854218507455,0.8239339455426515,vorbit,5.045363976173652,0.07468732036857578
2025-03-07_nicusor-dan-candidatura-mea-este-candidatura-celor-240-de-mi,vorbit,132,0.5382355734826924,0.5026492107367101,vorbit,2.4721000792274133,0.6047033728673992
2025-03-07_nicusor-dan-fata-de-aceasta-decizie-a-ccr-ne-invartim-in-cee,vorbit,158,0.5046324306814574,0.5005388146244871,vorbit,1.9194699594914943,-0.6355860712521036
2025-03-07_nicusor-dan-primul-candidat-care-s-a-inscris-oficial-la-prez,vorbit,90,0.5795735566632093,0.5818553108003957,scris,2.3492931071514263,0.3949997745143617
2025-03-14_buna-romania-nicusor-dan-romania-e-un-stat-bolnav-bec-trebui,vorbit,3085,0.3944740427710962,0.21418913751299512,vorbit,2.6285841631307023,0.4393081937184043
2025-03-14_nicusor-dan-despre-premierul-ciolacu-este-evident-ca-toata-l,vorbit,435,0.5819187924848513,0.47900893869993,vorbit,3.536983346923221,0.3581591837818214
2025-03-19_nicusor-dan-am-discutat-cu-bolojan-la-cotroceni-despre-alege,vorbit,1363,0.464854757612971,0.3365612652699763,vorbit,3.021948977277117,0.22896563158458955
2025-04-01_nicusor-dan-criticat-dur-dupa-declaratia-despre-introducerea,vorbit,1184,0.43141560994725453,0.31599590575025605,vorbit,2.521536076187112,0.4924042865123583
2025-04-02_nicusor-dan-ar-putea-fi-un-presedinte-care-sa-aduca-prestigi,vorbit,71,0.6315063025176283,0.6619278241836571,scris,2.321339610036457,-0.13935713258479113
2025-04-08_crin-antonescu-il-troleaza-pe-nicusor-dan-nu-mananc-medenele,vorbit,57,0.6579417366584885,0.6722767919098556,scris,3.5017037500950665,2.2548547082060355
2025-04-11_lasconi-arata-mesajul-de-la-nicusor-dan-cand-ii-cere-sa-se-v,vorbit,142,0.718063772931947,0.6874699186591771,vorbit,3.386923850800557,1.1543706172383885
2025-05-02_nicusor-dan-mesaj-pentru-romani-sa-aleaga-pe-cei-care-au-dov,vorbit,205,0.5477096423363634,0.5164647900259881,vorbit,2.647292079913348,0.508289716064013
2025-05-04_nicusor-dan-am-votat-pentru-speranta-si-pentru-un-nou-incepu,vorbit,146,0.5931845988460771,0.6386225741834219,scris,0.16811147006760643,4.833205222056257
2025-05-04_nicusor-dan-o-sa-fie-o-disputa-intre-un-candidat-pro-occiden,vorbit,679,0.4496976230886622,0.3858495269163491,vorbit,2.228433881971812,0.7700261109896114
2025-05-04_nicusor-dan-sa-ne-raportam-cu-pruden-a-la-rezultatele-exit-p,vorbit,242,0.4626039428275336,0.5393431836712218,scris,-0.6330718496315004,4.084216140003103
2025-05-05_exclusiv-nicusor-dan-dupa-turul-i-al-prezidentialelor-urmeaz,vorbit,171,0.5823092236736452,0.6550337320670485,scris,-0.036847871766580095,-0.6805616550349349
2025-05-05_nicusor-dan-despre-turul-doi-ii-chem-pe-toti-romanii-sa-fie,vorbit,249,0.5066664310340654,0.5322439239629586,scris,1.4483558170841644,2.0915100379683844
2025-05-06_apelul-lui-nicusor-dan-dupa-evolutiile-pietei-financiare-din,vorbit,213,0.5910531832396126,0.6191654061161099,scris,0.36741919524546096,1.487339840617751
2025-05-07_editie-speciala-nicusor-dan-anunta-ca-accepta-invitatia-lui,vorbit,3786,0.44227432120047033,0.23813089479914665,vorbit,3.334285820779411,-0.20230306953625418
2025-05-07_interviu-nicusor-dan-despre-criza-economica-in-care-poate-in,vorbit,1991,0.40770868757244894,0.27008672547841267,vorbit,2.5491338422749177,-0.07441642700730916
2025-05-07_nicusor-dan-despre-planul-lui-simion-de-concediere-a-bugetar,vorbit,72,0.783202856240538,0.8077750016656096,scris,3.827330523676751,-2.5663796971104262
2025-05-07_nicusor-dan-interviu-exclusiv-pentru-euronews-romania,vorbit,140,0.6577159377614522,0.6524063597797077,vorbit,1.8318395070597928,1.8442550035405862
2025-05-07_nicusor-dan-romania-are-nevoie-de-schimbare-dar-nu-una-care,vorbit,100,0.5475436170725146,0.6017524255451955,scris,1.3131480210162094,-0.44576806665034546
2025-05-07_nicusor-dan-romania-are-nevoie-de-schimbare-dar-nu-una-care_yMbfqR,vorbit,99,0.56063619234601,0.6119041675021649,scris,1.4098321656897772,-0.3584653916358682
2025-05-10_nicusor-dan-nu-poti-sa-dai-afara-500-000-de-oameni-e-imposib,vorbit,212,0.6869393245583811,0.677039234015629,vorbit,3.3688724338243494,-2.028141525118262
2025-05-14_nicusor-dan-dau-in-scris-ca-tva-nu-va-creste,vorbit,98,0.5395030126193412,0.5669997345694002,scris,1.722059517876984,-1.0424681892456256
2025-05-15_educatia-e-o-problema-de-securitate-nationala-nicusor-dan-ce,vorbit,274,0.4077424462437396,0.43097603122249745,scris,0.36622664604954136,1.251444848895312
2025-05-15_nicusor-dan-nu-sunt-izolationist-sunt-suveranist-ce-a-spus-c,vorbit,94,0.7091574043721819,0.686905753266601,vorbit,4.379149551225024,-1.7003232951409646
2025-05-15_nicusor-dan-prima-reactie-dupa-jignirea-lui-simion-n-dan-con,vorbit,80,0.6010109694414951,0.6907831320116002,scris,-0.4855304823060744,-1.351045870764677
2025-05-15_nicusor-dan-vs-george-simion-cele-mai-importante-momente-din,vorbit,534,0.6079443019788879,0.5109489825015399,vorbit,3.582554742461048,1.398002272361204
2025-05-16_fiul-lui-ratiu-mesaj-pentru-nicusor-dan-b1tv-16-mai-2025,vorbit,59,0.6949171735167249,0.7350446082938733,scris,1.9218308194291502,1.4999716149281845
2025-05-18_alegeri-prezidentiale-2025-mesajul-lui-nicusor-dan-dupa-apar,vorbit,364,0.43764484416343613,0.4834457139780504,scris,0.2588949005183437,1.7713021631475552
2025-05-18_nicusor-dan-am-votat-pentru-o-directie-europeana-nu-pentru-i,vorbit,52,0.750592414988677,0.7924432614357947,scris,2.60112649167255,0.5460997152050006
2025-05-18_nicusor-dan-dupa-ce-a-castigat-alegerile-prezidentiale-e-vic,vorbit,234,0.48010362111236793,0.5361936222985699,scris,-0.06021779283909534,1.0053318973639092
2025-05-18_nicusor-dan-incepem-o-noua-etapa-de-maine-la-munca-sustinato,vorbit,330,0.43405270583017275,0.45806449520663123,scris,0.4387327154755674,1.1260944064039893
2025-05-18_romania-alege-cu-l-chiriac-discursul-presedintelui-nicusor-d,vorbit,445,0.45601446216617597,0.4787736165274985,scris,0.8371605479826217,1.6234468736841363
2025-05-19_nicusor-dan-despre-scenariul-unei-victorii-a-lui-george-simi,vorbit,290,0.5594839354883204,0.5085208199539679,vorbit,3.0637290184208443,-0.8329479245870662
2025-05-19_nicusor-dan-despre-viitorul-premier-bolojan-ramane-optiunea,vorbit,221,0.607577973346876,0.5866357291652375,vorbit,3.0928051523482063,-0.6167330410127404
2025-05-20_nicusor-dan-despre-planurile-pentru-romania-stiri-b1tv-20-ma,vorbit,205,0.4852309214472381,0.5430432466020848,scris,1.1105916376025287,-0.8386121121265899
2025-05-22_ce-spune-nicusor-dan-despre-relatiile-romaniei-cu-sua-si-ue,vorbit,1769,0.3450044337464779,0.2215928552093665,vorbit,1.6471058975370505,-0.17453466438948065
2025-05-22_nicusor-dan-daca-sunt-amenintari-institutiile-isi-vor-face-d,vorbit,64,0.9190328126776235,0.9260640307816154,scris,4.561512627149753,-4.967847313206766
2025-05-22_nicusor-dan-despre-cum-va-evita-romania-atacurile-hibride-tr,vorbit,75,0.46721170848894494,0.5825341269860304,scris,-1.08447319976802,-1.5496990221000393
2025-05-22_nicusor-dan-despre-subventiile-pentru-partide-b1tv-22-mai-20,vorbit,434,0.4965050444380206,0.3973821142064748,vorbit,2.3775785704697,1.1600365103904862
2025-05-22_nicusor-dan-o-tinta-realista-de-deficit-este-7-5-din-pib,vorbit,133,0.5880920631475768,0.6035000688480755,scris,1.6429994256195424,-2.6833144728669387
2025-05-22_nicusor-dan-statul-roman-trebuie-sa-rezolve-obstacolele-pe-c,vorbit,291,0.5457543396807256,0.498958692642109,vorbit,2.21519137821946,0.5597178529728019
2025-05-22_nicusor-dan-trebuie-sa-lamurim-anularea-alegerilor-de-anul-t,vorbit,84,0.5408001856438626,0.5846354055474889,scris,0.8593692432945093,-0.8007474363898485
2025-05-22_nicusor-dan-urmeaza-un-nou-capitol-in-istoria-recenta-si-con,vorbit,92,0.5298468311405041,0.5804486174845341,scris,0.9974244723085945,0.890155532190151
2025-05-23_nicusor-dan-propune-o-tinta-de-deficit-bugetar-de-7-5-din-pi,vorbit,152,0.5433459782390045,0.5706477360170503,scris,0.9290458195809065,-2.334765327513196
2025-05-24_nicusor-dan-e-un-deficit-de-implicare-in-politica-statul-est,vorbit,230,0.6363214806313308,0.5685628696564344,vorbit,3.1931449698203944,0.8443912265906298
2025-05-26_live-investirea-lui-nicusor-dan-juramantul-de-la-parlament-s,vorbit,2601,0.35322935705115355,0.22759709958442037,vorbit,1.6801373787595975,0.649152648096244
2025-05-26_nicusor-dan-oficial-presedintele-romaniei-ceremonia-de-inves,vorbit,2411,0.31864174554921787,0.279839259728732,vorbit,0.7666669582740288,0.6075963012226626
2025-05-26_nicusor-dan-reformele-fiscale-sunt-inevitabile-e-obligatoriu,vorbit,935,0.47801766301270876,0.33787566960694143,vorbit,3.189480134558904,0.5639220302708238
2025-05-26_stirile-kanal-d-exclusiv-nicusor-dan-primul-discurs-ca-prese,vorbit,794,0.35143292518739416,0.4657580854230429,scris,-1.1167460864620442,-0.3840521585672926
2025-05-27_nicusor-dan-despre-fetita-sa-mi-a-zis-ca-m-am-plictisit-la-d,vorbit,91,0.7410662743111213,0.7954314639462804,scris,0.010622653472916372,2.34068623186232
2025-05-28_mesajul-lui-nicusor-dan-inainte-de-consultarile-de-la-cotroc,vorbit,51,0.6081090796764065,0.6465123822601454,scris,1.8569992904945856,2.1355229556372994
2025-05-29_nicusor-dan-explica-de-ce-nu-vrea-un-premier-tehnocrat-in-vi,vorbit,387,0.5469009288497988,0.4975772949238615,vorbit,2.5097992070118553,0.029855294517271556
2025-05-30_nicusor-dan-dupa-decizia-ccr-privind-declaratiile-de-avere-d,vorbit,73,0.7806922001619686,0.804722328958854,scris,3.9822738213054034,-1.9349258671259826
2025-05-30_nicusor-dan-primele-discutii-cu-partidele-privind-formarea-g,vorbit,81,0.5929723556018481,0.5874936756039107,vorbit,3.0324180792503777,-1.2699961112897475
2025-05-30_presedintele-nicusor-dan-l-am-invitat-pe-donald-trump-in-rom,vorbit,50,0.8404271535658431,0.8448523744245051,scris,7.016957290301461,-1.7854169323244133
2025-06-02_briefing-nicusor-dan-avem-un-stat-disfunctional-si-trebuie-s,vorbit,1238,0.46497552512427953,0.356272885841706,vorbit,2.897911959187554,0.5215175422359487
2025-06-02_conferinta-presa-nicusor-dan-concluzii-summit-si-situatia-di,vorbit,1579,0.41577579552347127,0.2647300530302444,vorbit,2.5514821582527056,-0.5601753395532898
2025-06-03_nicusor-dan-anunturi-de-ultima-ora-despre-situatia-economica,vorbit,154,0.773800293069909,0.7368194741536438,vorbit,4.176360162728448,-0.6689461080347504
2025-06-03_nicusor-dan-cere-implicarea-serviciilor-secrete-pentru-a-com,vorbit,155,0.4330078397301013,0.5255284578860769,scris,-0.5177303619125585,-0.8793148368211665
2025-06-03_romania-lui-vitalie-nicusor-dan-cere-implicarea-serviciilor,vorbit,3526,0.3736218363697306,0.23323243147244724,vorbit,2.2936295876687667,-0.0392854788618459
2025-06-04_conferinta-de-presa-sustinuta-de-presedintele-romaniei-nicus_74PzSE,vorbit,4650,0.3933903394373007,0.22938251255788702,vorbit,3.088451904906593,-0.24466336630967733
2025-06-04_nicusor-dan-amenintarea-ruseasca-vizeaza-toata-europa-relati,vorbit,182,0.4864281720346675,0.5390447602409804,scris,0.629548134541534,0.2978773243059182
2025-06-04_nicusor-dan-despre-cheltuielile-statului-platim-o-pizza-medi,vorbit,64,0.6316357924509916,0.6469455215469243,scris,3.3327674141166126,-2.548709853833948
2025-06-04_nicusor-dan-despre-situatia-bugetului,vorbit,116,0.6608624468597024,0.6287375754805388,vorbit,3.769162490054617,0.22349601915086842
2025-06-04_nicusor-dan-luni-vom-avea-o-prima-schita-a-programului-de-gu,vorbit,56,0.6640789639051221,0.6932061912659573,scris,1.059213145953583,0.6767894054419973
2025-06-04_zamfir-si-buzaianu-au-comentat-conferinta-de-presa-a-lui-nic,vorbit,109,0.7519513647322158,0.7847201387068291,scris,2.5135139012724568,1.7245073775594664
2025-06-05_alocutiunea-presedintelui-romaniei-nicusor-dan-la-forumul-na,vorbit,412,0.5539421311361606,0.48898874576376195,vorbit,2.9412387948915284,1.0007020022316593
2025-06-09_nicusor-dan-taxele-pe-tranzactii-bancare-doar-scenarii-guver,vorbit,112,0.6208001938737555,0.628067255997564,scris,2.7539549043808207,0.3301985222272165
2025-06-10_conferinta-sustinuta-de-presedinta-moldovei-maia-sandu-si-pr,vorbit,900,0.41520835488369506,0.41687720832814423,scris,0.5845805575126609,1.3783987600493544
2025-06-10_nicusor-dan-a-confirmat-continuarea-sprijinului-romaniei-pen,vorbit,136,0.45727964421977924,0.5561647903323615,scris,-1.0132595183052193,0.419793397177549
2025-06-10_studio-politic-nicusor-dan-romania-sprijina-aderarea-republi,vorbit,556,0.41150042302923895,0.4590826641026593,scris,-0.22455461689770687,1.804975232973706
2025-06-11_editie-speciala-nicusor-dan-prezinta-prioritatile-partidelor,vorbit,237,0.7296720777683704,0.7851845893606189,scris,1.1668616460596175,-1.2542560054914782
2025-06-11_taxele-ultima-optiune-nicusor-dan-prioritatea-taierea-unor-c,vorbit,124,0.6867827863531697,0.7340076055104255,scris,1.7511882029142103,-1.2805946934474892
2025-06-20_declaratie-de-presa-sustinuta-de-presedintele-romaniei-nicus,vorbit,291,0.4056137375006415,0.42401440384325506,scris,0.3159830046813541,1.6851365174750959
2025-06-25_nicusor-dan-crestem-cheltuielile-de-aparare-pentru-ca-orice,vorbit,64,0.8267159290952667,0.8651769067373662,scris,2.7802594305935235,-3.0969992592592175
2025-06-26_declaratia-presedintelui-romaniei-nicusor-dan-dupa-participa,vorbit,542,0.5349452765813999,0.4346162985423476,vorbit,3.171141901419707,0.8702225533284851
2025-06-26_nicusor-dan-declaratie-de-la-summitul-nato-digi24v-stiriledi,vorbit,67,0.5153325562765371,0.607573364141576,scris,-1.3642404784275866,-1.2995110830499423
2025-07-14_conferinta-de-presa-sustinuta-de-presedintele-romaniei-nicus_cp-szg,vorbit,6807,0.3853820376688595,0.16513036023501212,vorbit,2.723936357030186,0.06926983704915068
2025-07-14_nicusor-dan-despre-cresterea-tva-digi24-stiriledigi24,vorbit,90,0.5873417772834914,0.6060228984029232,scris,2.1253686820836806,-2.9568582334549296
2025-07-14_nicusor-dan-despre-introducerea-femicidului-in-legislatia-ro,vorbit,131,0.6792175314632335,0.6905104876204265,scris,3.807429979341819,-2.2145753901358725
2025-07-14_nicusor-dan-despre-primele-de-pensionare-de-la-ccr-si-pensii,vorbit,189,0.4898225190089892,0.48112267821919275,vorbit,1.832897323807243,-0.6342110891613333
2025-07-14_nicusor-dan-nu-ne-dorim-sa-avem-rusia-ca-vecin-vom-ajuta-ucr,vorbit,84,0.635111528755344,0.6419146694261546,scris,2.591003240610195,-0.41960719385687417
2025-07-15_nicusor-dan-masura-cresterii-tva-putea-sa-nu-fie-luata,vorbit,105,0.5649858734385319,0.5936111899346058,scris,1.9648286743640924,-1.983903627315676
2025-07-16_nicusor-dan-despre-femicid-digi24-stiriledigi24,vorbit,88,0.7626511551365066,0.7479610805971164,vorbit,5.639529292234662,0.7794572345015942
2025-07-16_nicusor-dan-despre-femicid-trebuie-sa-ajungem-sa-transmitem,vorbit,347,0.5443775475131701,0.5142839677730405,vorbit,2.8444358504919234,-0.4175468982870286
2025-07-18_declaratia-presedintelui-romaniei-nicusor-dan-si-cancelarul,vorbit,888,0.3438915624229213,0.3915487136960804,scris,-0.8385573330462051,0.09393842185078917
2025-07-18_nicusor-dan-despre-interferentele-rusesti-in-alegerile-prezi,vorbit,1510,0.4708240041547873,0.2994493655470852,vorbit,3.6502107571731783,0.003715211206082029
2025-07-21_nicusor-dan-despre-influenta-rusiei-in-alegeri-anuntul-impor,vorbit,150,0.4342317247500123,0.5315569582804525,scris,-0.5133161220944127,0.4793601314074596
2025-07-30_nicusor-dan-propune-reguli-noi-privind-cererile-de-pensionar,vorbit,3638,0.3564071880215272,0.21746070490550534,vorbit,2.405371044293931,-0.27773851432991087
2025-07-30_ora-14-presedintele-nicusor-dan-sustine-o-conferinta-de-pres,vorbit,7533,0.3610814269063883,0.16211896328430034,vorbit,2.7385974574063234,-0.12048669818830125
2025-07-31_conferinta-de-presa-sustinuta-de-presedintele-romaniei-nicus_nGAQ5B,vorbit,7537,0.35943364593886146,0.1647784518675001,vorbit,2.709471893018753,-0.14202467047011036
2025-07-31_nicusor-dan-despre-valul-de-pensionari-din-justitie-ce-este,vorbit,99,0.5963483348809607,0.6644913727060949,scris,1.523165636597418,-2.660784785344261
2025-08-26_discursul-presedintelui-romaniei-nicusor-dan-cu-ocazia-reuni,vorbit,879,0.4341388963680033,0.39177302860792196,vorbit,1.5666972595981967,0.7384072590827597
2025-08-29_editie-speciala-nicusor-dan-reactioneaza-in-cazul-livratorul,vorbit,518,0.6877224683974059,0.5723679944283703,vorbit,4.898795393249923,-0.9320842802317337
2025-08-31_nicusor-dan-sunteti-mai-europeni-decat-europenii-si-locul-du,vorbit,53,0.718957222559337,0.7909366485790228,scris,0.6674391266832517,-0.08055335931039335
2025-09-01_nicusor-dan-2025-si-2026-vor-fi-ani-dificili-pentru-romani,vorbit,175,0.5912945080898486,0.5715811132674766,vorbit,2.7912949354436263,1.161989366441519
2025-09-02_conferinta-presedintele-romaniei-nicusor-dan-si-presedinta-c,vorbit,383,0.361569962522858,0.45064044350902543,scris,-0.7349982968716405,0.6198965437820049
2025-09-03_nicusor-dan-energia-nucleara-reprezinta-20-din-necesarul-de,vorbit,316,0.39648283212138885,0.3664379981201959,vorbit,1.088677160810932,-0.12488673536948337
2025-09-05_nicusor-dan-despre-pensiile-specialilor-au-fost-suprasolicit,vorbit,185,0.5593705336943025,0.5165863369164029,vorbit,2.6883493141159693,0.019143741922859017
2025-09-05_nicusor-dan-romania-nu-va-trimite-trupe-de-mentinere-a-pacii,vorbit,103,0.4883845992562065,0.5407334985741398,scris,1.1122373848565814,0.19310273018163776
2025-09-10_alocutiunea-presedintelui-romaniei-nicusor-dan-sustinuta-in,vorbit,475,0.6100605324586064,0.568242257720537,vorbit,2.5933139881883185,0.18753868484928884
2025-09-10_nicusor-dan-daca-se-va-intampla-si-la-noi-vom-reactiona-la-f,vorbit,69,0.6253455971730251,0.6819163901124814,scris,1.1725063197678829,-0.11354818934915553
2025-09-11_ce-spune-nicusor-dan-despre-vizita-in-sua-sper-sa-fie-o-vizi,vorbit,124,0.5832039847662991,0.6375143981824833,scris,0.9645840414459906,0.639542943802773
2025-09-11_nicusor-dan-daca-ucraina-cedeaza-romania-ar-fi-vecina-direct,vorbit,522,0.5507653784085373,0.4245904660829868,vorbit,3.0215668346703857,0.39177493828361026
2025-09-11_nicusor-dan-de-zece-ani-romania-e-in-razboiul-hibrid-al-fede,vorbit,873,0.4670466301090561,0.3067833924103247,vorbit,3.195835469823381,-0.4360226341928527
2025-09-11_nicusor-dan-despre-cresterea-aur-in-sondaje-arata-ca-cei-40,vorbit,470,0.5039178983174548,0.4442297128438584,vorbit,2.5665083656585272,-0.6962283813500094
2025-09-12_nicusor-dan-romania-de-10-ani-sub-atacul-hibrid-al-rusiei-ab,vorbit,76,0.5509423432902606,0.6006466475539157,scris,0.2489395239510984,0.4704010909371872
2025-09-16_nicusor-dan-reactie-dupa-incidentul-din-spatiul-aerian-roman,vorbit,155,0.6472005617183838,0.600320484577446,vorbit,3.6341306025372395,1.287244722492904
2025-09-16_nicusor-dan-we-don-t-know-if-the-russian-drone-was-armed,vorbit,101,0.6852374467387343,0.6864192656502537,scris,2.751881705504476,1.8304324145043933
2025-09-25_nicusor-dan-au-fost-80-000-de-atacuri-cibernetice-in-perioad,vorbit,138,0.7602100651645425,0.7417060664920595,vorbit,4.013837860481544,-0.8662630780172228
2025-09-25_nicusor-dan-georgescu-nu-a-fost-un-calaret-singuratic-in-jur,vorbit,94,0.8402898713705933,0.8124638615021861,vorbit,6.007851957558356,0.5667081571567714
2025-09-25_nicusor-dan-nu-vad-rusia-capabila-sa-atace-nato-dar-provocar,vorbit,126,0.5302716995717301,0.5381034157351482,scris,1.781294354727386,-0.33576172020971107
2025-09-25_nicusor-dan-primul-interviu-dupa-sedinta-csat-la-digi24,vorbit,2174,0.4563247584112881,0.278375624995744,vorbit,3.3470339182808204,0.03217317261769395
2025-09-25_nicusor-dan-primul-interviu-dupa-sedinta-csat-rusia-ramane-i,vorbit,7052,0.4208537747951538,0.2002426862208659,vorbit,3.3464820868854996,-0.024184169652897703
2025-09-26_nicusor-dan-despre-influenta-sri-in-romania-stiri-b1tv-26-se,vorbit,136,0.48536671960591754,0.49477412861574066,scris,1.92347496476217,-0.4955952084078006
2025-09-26_nicusor-dan-sri-a-intervenit-in-viata-politica-si-economica,vorbit,158,0.42463869866703857,0.4293367332896926,scris,0.9784156207348598,0.25688105759723784
2025-09-30_nicusor-dan-a-anuntat-cand-va-desecretiza-sedinta-csat-si-ac,vorbit,179,0.5904340266969921,0.5826096352854722,vorbit,3.0384733386003053,-0.6128304740799783
2025-09-30_nicusor-dan-avem-dovada-cu-peschir-banuim-ca-au-fost-20-de-m,vorbit,230,0.6448582484370323,0.6185612044155903,vorbit,2.834193442780143,1.3076945852335735
2025-09-30_nicusor-dan-despre-aderarea-moldovei-la-ue-poate-fi-facuta-c,vorbit,141,0.47698075520158123,0.5273314890776474,scris,0.7632985633360226,-0.0005952079702103973
2025-09-30_nicusor-dan-despre-anularea-alegerilor-avem-dovada-ca-au-fos,vorbit,367,0.5075679529265673,0.42327451279363265,vorbit,2.515361234959661,1.1915422380360199
2025-09-30_nicusor-dan-despre-stagiul-militar-voluntar-romania-sa-aiba,vorbit,195,0.5753979890784366,0.5669226412262615,vorbit,1.249411916804476,0.003701976628464232
2025-10-02_nicusor-dan-amenin-area-nu-mai-este-o-chestiune-de-vecinatat,vorbit,84,0.5355038116336989,0.5537603378546062,scris,1.732535804579223,0.5070799722298154
2025-10-14_studio-politic-nicusor-dan-vrea-sa-implice-sri-in-lupta-anti,vorbit,129,0.46646029530340244,0.49853803494656695,scris,0.6388626944176984,1.9913298938962973
2025-10-21_nicusor-dan-in-principiu-imi-doresc-un-al-doilea-mandat-la-c,vorbit,83,0.5556173425153039,0.6076628483668768,scris,1.4457606893680424,-0.9507916410811326
2025-10-23_nicusor-dan-avem-un-razboi-hibrid-de-cel-putin-10-ani,vorbit,591,0.4313560082369214,0.4070089559218449,vorbit,1.686418596163489,-0.4553074491472606
2025-10-23_nicusor-dan-trebuie-sa-ne-echipam-ca-sa-descurajam-rusia-de,vorbit,81,0.606446819445817,0.6449559286440948,scris,2.26660971386743,0.6651400309011761
2025-10-24_nicusor-dan-a-society-is-defined-by-the-institutions-it-has,vorbit,313,0.48829284095834546,0.4695847020657063,vorbit,2.1624929637374883,-0.8916795535842347
2025-10-27_nicusor-dan-catedrala-nationala-simbol-de-speranta-intr-o-pe,vorbit,221,0.42745595540741066,0.5862744976829837,scris,-3.151711909261355,-1.1054311894553235
2025-11-02_nicusor-dan-reactie-despre-reducerea-numarului-de-militari-a,vorbit,631,0.494845949455288,0.41054891179365277,vorbit,2.426129483462263,-0.6118236848572496
2025-11-06_rutte-nato-isi-va-juca-rolul-sau-nicusor-dan-reinarmarea-nu,vorbit,773,0.2998321964779417,0.4370408925722174,scris,-1.4998403002126444,0.19378705004279284
2025-11-07_nicusor-dan-despre-intalnirea-lui-bolojan-nu-cred-ca-premier,vorbit,98,0.618748827302308,0.6295533286266949,scris,3.62971681669012,0.8213901935620328
2025-11-07_nicusor-dan-despre-salariul-minim-sa-inghete,vorbit,89,0.582575375845462,0.6272179594916548,scris,0.9731311771580439,-0.47241214718997093
2025-11-11_nicusor-dan-declaratia-oanei-gheorghiu-e-nefericita-reactia,vorbit,57,0.6362866213729852,0.6681727812710218,scris,2.6888608369007057,-3.4644973829313424
2025-11-11_presedintele-romaniei-nicusor-dan-despre-pensii-si-justitie,vorbit,111,0.5393832365141257,0.547572506875772,scris,3.114417714572317,-0.9712295127177133
2025-11-12_ce-l-a-socat-pe-nicusor-dan-dupa-ce-a-ajuns-presedinte,vorbit,145,0.8070310516161895,0.8073264826934126,scris,3.339146766369905,-1.4374481280135025
2025-11-12_conferinta-de-presa-sustinuta-de-presedintele-romaniei-nicus_6l2Eup,vorbit,6453,0.38890077996833433,0.1769779507345546,vorbit,2.9995653730061203,-0.22521259360636536
2025-11-12_nicusor-dan-conferinta-de-presa-presedintele-prezinta-strate,vorbit,5484,0.3899126626860645,0.19136057944328447,vorbit,2.7642832064230247,-0.23861057425572044
2025-11-12_nicusor-dan-e-mai-bine-sa-fii-vecin-cu-ucraina-decat-cu-rusi,vorbit,196,0.5169912890564498,0.5098542472975988,vorbit,2.4125275184810473,0.30133662517196025
2025-11-12_nicusor-dan-nu-ne-dorim-sa-fim-vecini-cu-rusia,vorbit,332,0.47255997197625027,0.41225413617119605,vorbit,2.441660179246299,-0.10456806093552479
2025-11-12_nicusor-dan-nu-vrem-sa-aparam-statul-vrem-sa-aparam-cetateni,vorbit,1839,0.3875589839321336,0.32132009733015165,vorbit,1.5773484227710826,-0.47979561888953054
2025-11-12_nicusor-dan-serviciile-de-informatii-vor-fi-implicate-in-lup,vorbit,97,0.48781383983083676,0.5652928831956776,scris,-0.27214139555896444,-0.3310897040386542
2025-11-21_nicusor-dan-despre-aducerea-in-tara-a-mercenarului-horatiu-p,vorbit,87,0.6119048241076843,0.6201028939934262,scris,3.013167868882301,-0.13888334764786556
2025-11-21_nicusor-dan-orice-plan-de-pace-trebuie-aprobat-de-ucraina,vorbit,406,0.5270799898752865,0.45120175414859687,vorbit,2.543107061298004,-0.307867717261349
2025-11-21_prima-reactie-a-lui-nicusor-dan-dupa-informatiile-aparute-cu,vorbit,166,0.6906645133364323,0.6425479616666954,vorbit,3.1423817624854955,-0.5295183605699356
2025-11-26_nicusor-dan-declaratii-din-parlament-despre-problemele-inter,vorbit,1054,0.37372924388158874,0.3454363619441371,vorbit,0.4977378033252789,-0.6922546490543758
2025-11-26_nicusor-dan-declaratii-dupa-sustinerea-discursului-in-parlam,vorbit,273,0.43480136671585456,0.43050891619821835,vorbit,1.0621002447873424,-0.8501986452770954
2025-11-26_nicusor-dan-drone-care-din-cand-in-cand-intra-pe-teritoriul,vorbit,130,0.44952140168302873,0.4513569751708766,scris,1.4605536280294424,0.23604215151168514
2025-12-01_nicusor-dan-mesaj-de-ziua-nationala-e-o-zi-de-sarbatoare-sa,vorbit,71,0.5814714923866755,0.6103222387825828,scris,1.7320119933966214,1.5696392741863505
2025-12-01_nicusor-dan-suntem-membri-ai-ue-dar-de-multe-ori-vocea-roman,vorbit,77,0.4941032845634994,0.5865353164518321,scris,-1.1569284252928562,0.3009368428316197
2025-12-02_nicusor-dan-mesaj-de-1-decembrie-digi24-stiriledigi24,vorbit,165,0.5065534101032712,0.563682279159599,scris,1.1188305889833663,-1.021152386196824
2025-12-02_nicusor-dan-mesaj-de-1-decembrie-totusi-suntem-mai-putin-cor,vorbit,1205,0.34754203511432785,0.32825748038182145,vorbit,0.7256883103215951,0.5646456585431464
2025-12-03_nicusor-dan-despre-criza-apei-potabile-din-prahova-vinova-ia,vorbit,798,0.47458106629934066,0.3839501629987603,vorbit,2.352258820944719,-0.8104824330513778
2025-12-03_nicusor-dan-despre-criza-apei-potabile-din-prahova-vinova-ia_cxJ5Wc,vorbit,86,0.5002127372115415,0.5123849534814907,scris,0.8328809003842297,-1.3071849006263534
2025-12-03_nicusor-dan-dupa-amenintarile-lui-putin-sunt-declaratii-pent,vorbit,80,0.7709997998052915,0.8242290099379601,scris,2.465118223607098,-1.1479929055899503
2025-12-03_nicusor-dan-vinovatia-este-la-apele-romane,vorbit,291,0.604426116541926,0.5488656219121283,vorbit,3.044503716617033,-0.7566081093267831
2025-12-04_nicusor-dan-despre-alegerile-anulate-au-aparut-suficiente-in,vorbit,149,0.6568119162474007,0.6230835309583388,vorbit,3.4790357341978106,0.10182584512157454
2025-12-04_nicusor-dan-despre-demisia-lui-mosteanu-intensitatea-critici,vorbit,139,0.45749762132571903,0.5123814975770552,scris,0.15844244973047508,0.3922969341639447
2025-12-04_nicusor-dan-vinovatia-este-la-apele-romane-newsroom-din-3-de,vorbit,660,0.46465398132815877,0.39899269968349416,vorbit,2.1940509663705394,-0.598510467086067
2025-12-07_presedintele-nicusor-dan-de-mult-nu-am-mai-votat-pentru-altc,vorbit,112,0.6442144207406727,0.6238676589044065,vorbit,3.856890265499819,0.8381981538358019
2025-12-09_nicusor-dan-nu-vad-vreun-motiv-pentru-care-un-ministru-trebu,vorbit,109,0.9019315735917014,0.837106040329174,vorbit,5.837339037588517,-0.8968174006336664
2025-12-10_nicusor-dan-nu-toti-votantii-aur-sunt-extremisti-stiri-b1tv,vorbit,163,0.6178055517522933,0.6121940301257898,vorbit,2.4981256069253064,0.1976205591978382
2025-12-10_romania-lui-vitalie-nicusor-dan-despre-strategia-de-securita,vorbit,2880,0.4347798866501271,0.29591797417594834,vorbit,2.864302620166971,-0.2340708597427149
2025-12-15_nicusor-dan-anunturi-majore-in-scandalurile-momentului,vorbit,331,0.5453694212932964,0.5180189363508102,vorbit,1.626821290170075,0.6447412433121233
2025-12-16_nicusor-dan-declara-ca-rusia-va-continua-sa-fie-o-amenintare,vorbit,880,0.3944949230005114,0.27377116193161977,vorbit,1.9975761486373829,0.2582584908080206
2025-12-16_nicusor-dan-sunt-destul-de-pesimist-cu-privire-la-intentia-r,vorbit,85,0.5677694016544939,0.6187132674941881,scris,0.1557655117511869,-0.5532683570812281
2025-12-16_nicusor-dan-trebuie-sa-fim-calmi-dar-sa-investim-in-aparare,vorbit,60,0.5884111972027806,0.5916292155631704,scris,2.5799364208726687,-0.5884445182842314
2025-12-17_declaratia-presedintelui-romaniei-nicusor-dan-in-regatul-mar,vorbit,890,0.48583844288432393,0.3301123683983709,vorbit,3.2494582573736728,-0.8019537378151566
2025-12-17_nicusor-dan-despre-cresterea-impozitelor-nu-e-nici-fericire,vorbit,88,0.6658773018149396,0.6846032059886105,scris,2.238478362879764,0.7742849961494706
2025-12-17_nicusor-dan-sunt-probleme-la-modul-in-care-se-fac-promovaril,vorbit,660,0.4980315828718947,0.40335521994163065,vorbit,3.020365239426579,-1.0526807641448452
2025-12-18_nicusor-dan-avem-atacuri-cibernetice-campanie-de-dezinformar,vorbit,263,0.5095023183289706,0.4473136775835959,vorbit,2.2903955831788347,0.407323693820324
2025-12-18_nicusor-dan-problema-fundamentala-este-de-ce-nu-reusim-in-15,vorbit,53,0.49406887656341003,0.48668608778825595,vorbit,2.5525897361960177,-0.38960627869133363
2025-12-18_nicusor-dan-problema-fundamentala-este-de-ce-nu-reusim-in-15_wynkjt,vorbit,200,0.48706563348402704,0.4755368709997214,vorbit,1.6486190422744502,-0.12064138573582338
2025-12-18_nicusor-dan-sustinem-oricare-dintre-variantele-de-ajutor-fin,vorbit,370,0.46302343876144264,0.4450670238419205,vorbit,1.1311931371463686,-0.426714248766073
2025-12-19_nicusor-dan-anunt-inainte-de-intalnirea-cu-magistratii,vorbit,93,0.5557114833290108,0.6022553458123979,scris,0.859424939919702,0.7387126899572791
2025-12-21_declaratia-presedintelui-romaniei-nicusor-dan-pe-tema-proble,vorbit,1403,0.3515337113564288,0.26792552832834887,vorbit,1.6032124267181,-0.07449826565129276
2025-12-21_nicusor-dan-exista-magistrati-care-actioneaza-in-interesul-u_i-HYCW,vorbit,114,0.46824892663280915,0.5540365569410068,scris,-1.1593069154611315,0.11408837832291663
2025-12-21_nicusor-dan-magistratii-intimidati-inainte-de-discutiile-de,vorbit,299,0.534421120828657,0.5278485908068616,vorbit,1.3355521449341416,-0.4518160260228081
2025-12-21_nicusor-dan-magistratii-intimidati-inainte-de-discutiile-de__MoX2e,vorbit,135,0.6305067523567406,0.6124500803000584,vorbit,3.2627532789863407,0.12479708403674188
2025-12-21_nicusor-dan-voi-face-un-referendum-daca-csm-nu-actioneaza-in,vorbit,124,0.5951538795486546,0.6521286986087822,scris,0.6115801342188021,-1.8178382265745254
2025-12-21_nicusor-dan-voi-initia-in-ianuarie-un-referendum-in-cadrul-c,vorbit,184,0.5769660535519018,0.5867656073606876,scris,2.1750088061078094,-0.17074362769562185
2025-12-22_discutii-publice-la-cotroceni-intre-presedintele-romaniei-ni_7lGgIp,vorbit,12220,0.3827975217531079,0.2106632579974846,vorbit,2.366613005044973,-0.04502800587533659
2025-12-22_nicusor-dan-anunta-un-referendum-printre-magistrati-digi24,vorbit,151,0.5988379742300466,0.6222707253107548,scris,0.4993828267498391,-0.7469188988185275
2025-12-22_nicusor-dan-multe-dintre-cele-semnalate-necesita-verificari,vorbit,54,0.7596570144393254,0.802043109311608,scris,1.3519396511280954,2.8363100499463547
2026-01-01_nicusor-dan-mesaj-de-condoleante-dupa-incediul-din-elvetia,vorbit,75,0.5894052641686638,0.6620387566216235,scris,-0.060757580800547245,2.006641513172808
2026-01-06_declaratia-presedintelui-romaniei-nicusor-dan-dupa-participa_iZQQF2,vorbit,2632,0.44775367657536674,0.271737537075633,vorbit,3.127094154148246,-0.23242117470154255
2026-01-06_nicusor-dan-declaratii-la-bordul-avionului-spartan-cu-care-a,vorbit,50,0.71836462470591,0.7812747754041218,scris,1.6751450012965752,-3.741086291594818
2026-01-06_nicusor-dan-suntem-intr-un-context-international-dificil,vorbit,96,0.5767005966645905,0.6235488228793999,scris,0.6003572098625215,-3.1930870447221147
2026-01-07_garantii-de-securitate-pentru-ucraina-si-mize-interne-nicuso,vorbit,2510,0.445387975778046,0.2642559753459276,vorbit,3.090263865557337,-0.22439976241204052
2026-01-07_nicusor-dan-e-nevoie-de-un-avion-prezidential,vorbit,204,0.5509661514235006,0.6026112476900152,scris,1.7324422433306996,-0.5567907039167067
2026-01-07_nicusor-dan-mi-ar-fi-placut-mai-degraba-ca-taxele-sa-scada,vorbit,134,0.6277929538747228,0.5964337730964209,vorbit,2.85087730355418,0.8417321199495535
2026-01-15_nicusor-dan-ne-asteapta-o-perioada-complicata-si-dificil-de,vorbit,84,0.4890529381558948,0.5969659946594716,scris,-1.5392424721731426,-1.5498799898529678
2026-01-15_nicusor-dan-romania-sustine-pacea-in-ucraina-si-integrarea-r,vorbit,2099,0.2182943403730195,0.3762565004490385,scris,-1.797939792398067,-0.7242237252190737
2026-01-22_nicusor-dan-despre-pozitia-romaniei-cu-privire-la-groenlanda,vorbit,263,0.5758632080640681,0.5656212336641697,vorbit,2.0433509523715188,-1.4675950218608267
2026-01-23_nicusor-dan-explica-ce-inseamna-ca-nu-a-mers-teleleu-la-davo,vorbit,125,0.722965130111621,0.742046959730743,scris,3.78638385685153,4.190876218816573
2026-01-24_discursul-lui-nicusor-dan-de-la-iasi-bruiat-de-simpatizantii,vorbit,477,0.515199578948609,0.4844763604943135,vorbit,2.270457304980398,1.210488812516032
2026-01-24_huiduieli-si-aplauze-la-focsani-nicusor-dan-este-un-drept-pe,vorbit,371,0.5272526508372897,0.48384345711383,vorbit,2.2617686477023438,2.14191665911441
2026-01-24_nicusor-dan-e-democratie-e-libertate-sa-spuna-fiecare-ce-vre,vorbit,1548,0.4303367493474631,0.2546760136187813,vorbit,3.0797166737137327,-0.05191697435791145
2026-01-24_nicusor-dan-la-multi-ani-dragi-focsaneni-care-huiduiti-autor,vorbit,99,0.7408907692954654,0.7651399437641119,scris,1.9300365497783947,2.1714221953686805
2026-01-24_nicusor-dan-mae-analizeaza-participarea-romaniei-la-consiliu,vorbit,57,0.6650419454769307,0.667262452364117,scris,2.5008948577471157,0.7484051172597783
2026-01-24_nicusor-dan-nu-facem-comedii-din-relatia-intre-guvern-si-par,vorbit,123,0.5537827305955292,0.5650488287701169,scris,1.5749324658596893,-1.0483436877438854
2026-01-24_ziua-unirii-principatelor-umbrita-de-proteste-discursul-lui,vorbit,192,0.4783664090448185,0.49728552025235906,scris,1.040629863785443,2.359056395453066
2026-01-30_nicusor-dan-despre-numirile-la-sri-si-sie-digi24-stiriledigi,vorbit,169,0.6614312032654469,0.6224523072389045,vorbit,3.036139602758006,-1.4633682350331576
2026-01-30_nicusor-dan-despre-tensiunile-din-coalitie-nu-exista-alterna,vorbit,4944,0.42516024424091525,0.2071451941019666,vorbit,2.8505744417261885,-0.24928863157075976
2026-01-30_nicusor-dan-despre-tensiunile-din-coalitie-nu-exista-alterna_9sksTM,vorbit,87,0.6010673896863037,0.6163442405075952,scris,1.7831761568454627,-0.5703857854405235
2026-01-30_nicusor-dan-despre-vizita-in-sua-digi24-stiriledigi24,vorbit,101,0.7008056884882795,0.6782481480826996,vorbit,2.6336034532759722,-0.6500926665394693
2026-01-30_nicusor-dan-nu-exista-risc-de-crestere-de-taxe-in-viitorul-a,vorbit,122,0.9044669417022584,0.8792685567425828,vorbit,4.52483725037625,-2.3214644277145786
2026-01-30_nicusor-dan-un-guvern-minoritar-putin-probabil-bolojan-a-rap,vorbit,132,0.6955664138122508,0.7197775296485618,scris,1.583801820481159,2.557253484667855
2026-02-09_participa-sau-nu-romania-la-consiliul-pentru-pace-al-lui-tru,vorbit,54,0.8535902706481338,0.9207382016005069,scris,1.00113014902649,-3.9961871726289773
2026-02-12_ce-spune-nicusor-dan-despre-participarea-romaniei-la-prima-e,vorbit,100,0.5886897785704723,0.5916989619410082,scris,2.19090534672395,-1.6446306810805904
2026-02-12_declaratii-de-presa-sustinute-de-presedintele-romaniei-nicus,vorbit,702,0.5091813578449991,0.42337239939348903,vorbit,2.2031538501696364,-0.501618789605425
2026-02-12_nicusor-dan-anunt-de-la-consiliul-european-il-refuza-din-nou,vorbit,1923,0.3623059932515416,0.26429321195958455,vorbit,1.7273547055938925,0.12888957591141725
2026-02-12_nicusor-dan-despre-candidatii-la-sefia-parchetelor-sunt-pers,vorbit,153,0.8722084268321147,0.8368248573151956,vorbit,4.688534983414875,0.3749105891768245
2026-02-12_nicusor-dan-dupa-summitul-din-belgia-comisia-europeana-va-pr,vorbit,3128,0.3663013597174323,0.21233826450432147,vorbit,2.2247519790899943,0.19602987928913163
2026-02-12_nicusor-dan-este-evidenta-tergiversarea-ccr-imi-doresc-o-asu,vorbit,59,0.6443347131675656,0.6283084659620877,vorbit,2.715352009404511,0.054354834700511126
2026-02-12_nicusor-dan-pretul-energiei-este-o-chestiune-foarte-importan,vorbit,117,0.5759329054385709,0.6378239541287372,scris,0.37078836831878775,-0.4942113108718305
2026-02-12_nicusor-dan-romania-poate-fi-cel-mult-observator-in-consiliu,vorbit,184,0.5130939389368436,0.4755654735119149,vorbit,2.2485414501106464,0.4377519715393732
2026-02-13_declaratiile-presedintelui-romaniei-nicusor-dan-dupa-reuniun,vorbit,2572,0.38013918759311416,0.20991490592834303,vorbit,2.3673555749762105,0.1685885404759305
2026-02-13_nicusor-dan-despre-propunerile-privind-scaderea-pretului-ene,vorbit,93,0.7369793642034328,0.7318679316440384,vorbit,3.6837949128256535,0.08898432151833464
2026-02-13_nicusor-dan-in-ciuda-atacurilor-coalitia-functioneaza-mai-bi,vorbit,143,0.6604208595467983,0.6201464291831886,vorbit,2.6047420808508606,0.6801345229763873
2026-02-17_nicusor-dan-prezenta-la-consiliul-de-pace-necesara-dupa-anul,vorbit,170,0.6648703350503653,0.6819295102833867,scris,2.1031831844860225,-2.7314766262663785
2026-02-19_declaratii-de-presa-sustinute-de-presedintele-romaniei-nicus,vorbit,913,0.4391513115385158,0.36135193567425467,vorbit,1.7015622897669362,-0.75838800319367
2026-02-19_interviu-exclusiv-cu-nicusor-dan-dupa-intalnirea-cu-trump,vorbit,1463,0.42602189524823586,0.27555579522486984,vorbit,2.2690931655959874,0.3993009254714145
2026-02-19_nicusor-dan-discurs-la-consiliul-pentru-pace-in-sua-avem-bur,vorbit,193,0.47775870932013115,0.5710756985488872,scris,-1.56497421704567,-2.0418193729774825
2026-02-20_nicusor-dan-nu-alegem-intre-sua-si-ue-romania-trebuie-sa-fie,vorbit,121,0.5522083139699318,0.6176925524646829,scris,0.09750540178318833,0.29148363178949294
2026-02-20_presedintele-nicusor-dan-problema-legitimitatii-administrati,vorbit,837,0.4328370589814163,0.31981778623582113,vorbit,2.4074185447827423,0.48051388001964085
2026-02-24_nicusor-dan-explica-de-ce-nu-a-promulgat-legea-pensiilor-spe,vorbit,80,0.6729847204935275,0.6977058661387479,scris,2.183026527391938,-0.5143184385539861
2026-03-05_acum-nicusor-dan-anunta-daca-romania-va-gazdui-arme-nucleare,vorbit,548,0.3513416156123645,0.4245899407710697,scris,-0.3636895879988488,0.08141695913941314
2026-03-05_nicusor-dan-conferinta-de-presa-in-polonia-stiri-b1tv-5-mar,vorbit,848,0.38927404058541926,0.3472650991640348,vorbit,0.8802934887775231,0.41984445316263924
2026-03-05_nicusor-dan-despre-propunerile-pentru-sefia-parchetelor-stir,vorbit,149,0.6772222850030621,0.6702864653834932,vorbit,2.7559845970692707,-0.1662330466036008
2026-03-05_nicusor-dan-despre-scumpirile-la-pompa-nu-putem-umbla-la-acc,vorbit,201,0.5288985658924097,0.5470397372461566,scris,1.4321712061401022,-0.540910140968676
2026-03-05_nicusor-dan-despre-situatia-din-orient-nu-o-sa-plangem-iranu,vorbit,93,0.5773482199840312,0.5902092423983085,scris,3.2341923013416585,-1.2658821034374113
2026-03-05_nicusor-dan-despre-umbrela-nucleara-propusa-de-franta-stiri,vorbit,172,0.6333928559204086,0.603340962343072,vorbit,2.401130174154742,-0.06585458332926233
2026-03-05_nicusor-dan-dezbaterea-pe-buget-este-o-dezbatere-legitima,vorbit,115,0.6973738252459522,0.7040343303257032,scris,3.291707310573071,1.6729316549552393
2026-03-05_nicusor-dan-nu-o-sa-plangem-republica-islamica-iran,vorbit,146,0.4523711580093346,0.48707800278880553,scris,1.3605173488269284,-0.33245535346797744
2026-03-05_nicusor-dan-polonia-participa-la-brigada-multinationala-care,vorbit,154,0.4405010926739154,0.5004595110172163,scris,-0.8389940100672061,-0.5777232150749242
2026-03-05_nicusor-dan-polonia-si-romania-impreuna-au-multe-oportunitat,vorbit,1854,0.4022010983096551,0.30200189417810075,vorbit,1.9444370831497864,0.29234071923292737
2026-03-05_nicusor-dan-romania-este-acoperita-de-o-umbrela-nucleara,vorbit,65,0.7365185829227973,0.7557840285843845,scris,2.6406295480523174,-1.4915195605041112
2026-03-05_pretul-carburantilor-nicusor-dan-exclude-modificarea-taxelor,vorbit,159,0.5422725380372946,0.5858879843160536,scris,1.134437561674787,-0.3612983825699779
2026-03-06_declaratii-de-presa-sustinute-de-presedintele-romaniei-nicus_Ry-ZYl,vorbit,1912,0.3893936736834393,0.29674333707400863,vorbit,1.8390426534004156,0.4433164352691324
2026-03-06_nicusor-dan-romania-nu-va-gazdui-focoase-nucleare-in-viitoru,vorbit,108,0.6081752417021253,0.6367357742157964,scris,1.6332346396099802,-0.045009767626738875
2026-03-07_nicusor-dan-imi-voi-asuma-in-justitie-vin-din-societatea-civ,vorbit,157,0.588655114723204,0.5910820093155558,scris,2.7117313890857035,2.6428567145907875
2026-03-11_ce-trimite-sua-in-tara-noastra-declaratiile-lui-nicusor-dan,vorbit,151,0.47106916724237385,0.4880149463682056,scris,0.6281086158823282,-0.7870135806953007
2026-03-11_declaratie-sustinuta-de-presedintele-romaniei-nicusor-dan-du,vorbit,549,0.43596125840311906,0.43707009236758537,scris,-0.18768961389820416,-0.8080716826294846
2026-03-12_nicusor-dan-we-will-produce-drones-in-romania-together-with,vorbit,378,0.4457500356481509,0.5110781440201566,scris,-0.8040225666960239,2.094186658413311
2026-03-13_conferinta-sustinuta-de-presedintii-romaniei-si-ucrainei-nic,vorbit,911,0.35509667964695824,0.3628933872905572,scris,0.23167668551940904,0.3022072864867318
2026-03-19_nicusor-dan-romania-has-taken-a-clear-position-on-the-transa,vorbit,155,0.5013687916394763,0.569076066739261,scris,-0.2854726157781125,3.4843441348717694
2026-03-19_nicusor-dan-romania-has-taken-a-clear-position-on-the-transa_BurJvC,vorbit,331,0.4816420950146614,0.5079894082572256,scris,0.08986031820325133,3.2519857760142163
2026-03-26_ce-a-spus-nicusor-dan-despre-o-eventuala-rationalizare-a-car,vorbit,94,0.6958166741714051,0.7059157339024371,scris,3.9932127601298197,-2.033371955174524
2026-03-26_nicusor-dan-a-anuntat-ca-va-promulga-legea-bugetului-asa-cum,vorbit,68,0.6414791056571808,0.6470527963127312,scris,3.2151289457454646,4.503715152618567
2026-03-27_nicusor-dan-if-the-measures-are-not-sufficient-the-governmen,vorbit,176,0.6429640717663716,0.610325940506933,vorbit,3.180396863028291,-2.5578411090669047
2026-03-30_nicusor-dan-despre-iesirea-psd-de-la-guvernare-un-guvern-min,vorbit,66,0.9374302544750992,0.8874757434210236,vorbit,6.518470643472381,0.3204214947599035
2026-03-30_o-posibila-iesire-a-psd-de-la-guvernare-nicusor-dan-nu-cred,vorbit,570,0.5445473113981324,0.41257322201382657,vorbit,3.7546779442174683,0.36365053105877665
2026-03-31_carburantii-s-ar-putea-ieftini-nicusor-dan-cred-ca-va-fi-o-s,vorbit,82,0.6819374834535981,0.6937793302280921,scris,2.737244493262358,0.09679505856857677
2026-03-31_carburantii-s-ar-putea-ieftini-nicusor-dan-cred-ca-va-fi-o-s_eIg4Ys,vorbit,141,0.6304065221389202,0.588034897690608,vorbit,3.693751183011258,-0.653877372865147
2026-04-01_presedintele-nicusor-dan-trecerea-romaniei-la-euro-esentiala,vorbit,108,0.5736889366905751,0.6027277680844323,scris,1.5498544299676018,0.46638752972174913
2026-04-07_declaratiile-presedintelui-nicusor-dan-dupa-vizita-la-centru,vorbit,2191,0.375057360824342,0.21343385090596934,vorbit,2.18742787825928,0.4582789131669837
2026-04-07_nicusor-dan-despre-demisia-lui-bolojan-in-ce-calitate-sa-i-o,vorbit,81,0.6364753442594777,0.6291662870240087,vorbit,3.712188461774251,0.7180300964084095
2026-04-07_nicusor-dan-intrebat-daca-ii-va-cere-demisia-lui-bolojan-eu,vorbit,1539,0.3924984823705033,0.22962696988436482,vorbit,2.548796997517402,0.27144285622440517
2026-04-07_nicusor-dan-nu-sunt-riscuri-acum-dar-avem-un-plan-de-criza-p,vorbit,128,0.715210586385485,0.7092745633823888,vorbit,2.3243115846714746,-1.0992396736141008
2026-04-08_nicusor-dan-anunta-numiri-in-fruntea-parchetelor-astept-o-di,vorbit,3684,0.4557171218685982,0.25640635974868053,vorbit,3.313141208203565,-0.013090867552372185
2026-04-08_nicusor-dan-i-was-happy-that-the-head-of-the-iasi-dna-is-run,vorbit,2197,0.3901521120027324,0.2864461766350686,vorbit,2.1142950518652897,-0.049120290215702606
2026-04-08_nicusor-dan-if-i-make-a-mistake-romanians-will-penalize-me,vorbit,971,0.5846433460364286,0.4270087648811694,vorbit,4.262888740799594,0.3210164414927283
2026-04-08_nicusor-dan-respinge-acuzatiile-nu-sunt-propunerile-psd,vorbit,98,0.49856286025791036,0.5476600640656484,scris,1.0640136009540344,-0.9513657271157
2026-04-09_conferinta-de-presa-sustinuta-de-presedintele-romaniei-nicus_yJJ1E7,vorbit,5594,0.42299529810290315,0.21830951914130697,vorbit,2.9600563652126426,0.03160474734374288
2026-04-17_nicusor-dan-calin-georgescu-a-fost-sustinut-de-o-infrastruct,vorbit,68,0.8801123501306539,0.828152067170935,vorbit,5.301925791119934,-0.5444165309634835
2026-04-20_nicusor-dan-lack-of-financial-education-led-to-unhealthy-dec,vorbit,477,0.4267215144137736,0.36705104363870317,vorbit,1.638242240059167,-0.02839344979773275
2026-04-20_nicusor-dan-traim-un-razboi-informational-ce-a-anuntat-prese,vorbit,277,0.48325267075026496,0.4511650057001914,vorbit,1.6826364184266116,0.5462373731117321
2026-04-20_we-will-enter-political-turbulence-nicusor-dan-i-do-not-supp,vorbit,1352,0.4720961868292482,0.33209707451819576,vorbit,2.8994077348256355,-0.2935469780001556
2026-04-22_declaratie-de-presa-sustinuta-de-presedintele-romaniei-nicus,vorbit,288,0.5144336216259822,0.5152945982609815,scris,1.241004453837695,0.3647305979654026
2026-04-22_kelemen-hunor-at-the-end-of-discussions-with-nicusor-dan-we,vorbit,177,0.7643797301232236,0.7401731181180307,vorbit,3.945522983230781,0.4196654891095277
2026-04-23_nicusor-dan-despre-situatia-demisiilor-ministrilor-psd-aprec,vorbit,483,0.5000096013945297,0.4447848469996124,vorbit,1.9223425859678487,0.5537157455132456
2026-04-24_nicusor-dan-reacts-to-george-simion-s-new-discriminatory-sta,vorbit,1810,0.39442555002289537,0.23274952976531652,vorbit,2.386709469876117,-0.24467425359542166
2026-04-24_nicusor-dan-simion-s-statement-to-me-is-below-any-level-of-d,vorbit,86,0.7065175295523544,0.7269367477383397,scris,3.6615153676696757,-0.6903195652523734
2026-04-25_nicusor-dan-a-semnat-demisiile-ministrilor-psd-anuntul-facut,vorbit,81,0.6156972036622802,0.6144737522967203,vorbit,2.5331442796051347,-2.947921495515647
2026-04-29_nicusor-dan-i-wish-romania-would-be-governed-by-pro-western,vorbit,122,0.5986812858089519,0.6101837027279184,scris,3.860048733699157,-1.1136455437029913
2026-05-04_nicusor-dan-europa-isi-consolideaza-apararea-pe-fondul-reori,vorbit,153,0.6061447746572763,0.6022345798910012,vorbit,2.2122577034678828,-0.767451646517304
2026-05-04_nicusor-dan-regardless-of-what-happens-romania-will-continue,vorbit,1434,0.3590458061216365,0.28904149193530737,vorbit,1.1428737323954377,0.14504794599028972
2026-05-04_nicusor-dan-the-state-will-function-regardless-of-the-outcom,vorbit,55,0.8024384926574393,0.8156881673379912,scris,4.576540467873619,-0.6112111226248595
2026-05-05_declaratii-de-presa-sustinute-de-presedintele-romaniei-nicus,vorbit,250,0.5142461463654692,0.5859517574629473,scris,0.000984805844508337,1.0547995366530816
2026-05-05_nicusor-dan-vom-avea-un-nou-guvern-pro-occidental-in-termen,vorbit,142,0.5090262894518705,0.5570891332196822,scris,0.37933695786222377,-0.34273062434154705
2026-05-06_usr-attack-on-nicusor-dan-he-was-totally-disinterested-in-th,vorbit,80,0.4364211109886183,0.4864418061573997,scris,0.32626632840838204,-0.6151744639369812
2026-05-09_mesajul-presedintelui-romaniei-nicusor-dan-cu-prilejul-zilei,vorbit,780,0.41498884076918563,0.39108471583829557,vorbit,0.9834277576007922,0.46759651406145064
2026-05-09_nicusor-dan-we-will-continue-discussions-for-a-pro-western-g,vorbit,101,0.7043345426223583,0.7752691840286318,scris,-0.1094572675344901,4.710037828056363
2026-05-12_nicusor-dan-daca-ne-referim-la-europa-asa-ca-la-o-icoana-nu,vorbit,580,0.6072869417538658,0.5126056599579745,vorbit,3.5164477651732295,1.0329625716895283
2026-05-12_nicusor-dan-i-will-convene-the-parties-for-formal-consultati,vorbit,104,0.6647309335572419,0.6743544010965117,scris,2.9723697926677173,0.4712305145744132
2026-05-12_nicusor-dan-suntem-intr-o-perioada-cu-provocari-statele-care,vorbit,420,0.5253653681565486,0.5025668851398043,vorbit,1.835152473135935,-1.4440454163415821
2026-05-13_nicusor-dan-am-discutat-cu-secretarul-general-al-nato-despre,vorbit,566,0.3582123554100537,0.353503680021865,vorbit,0.07849490492294606,0.5815746148113485
2026-05-13_nicusor-dan-moldova-e-un-stat-pe-flancul-estic-amenintat-int,vorbit,94,0.434215470775624,0.5355859342770927,scris,-1.8156774891631935,-0.0619860135247171
2026-05-13_summit-b9-la-bucuresti-nicusor-dan-trebuie-sa-sporim-cheltui,vorbit,127,0.5190715027751506,0.6306089061192538,scris,-1.6525221798676546,2.897748195389732
2026-05-13_summit-b9-la-bucuresti-nicusor-dan-trebuie-sa-sporim-cheltui_VSRZ5y,vorbit,265,0.4296062967262098,0.5313109276338945,scris,-1.3587226941320358,1.7181422269030164
2026-05-15_nicusor-dan-i-would-not-like-to-appoint-a-government-that-wo,vorbit,144,0.729349469009398,0.7233613716189098,vorbit,2.6844126430860467,1.1095053136833566
2026-05-15_nicusor-dan-majoritatea-parlamentara-va-fi-cheia-consultaril,vorbit,1709,0.4352333036201188,0.2708226915767147,vorbit,2.9563432006745605,0.17219744827267838
